account_id,customer_id,account_type,currency,balance,created_at,status
ACC0000001,CUST005543,CHECKING,EUR,1990.33,5/1/2023 21:28,CLOSED
ACC0000002,CUST008987,SAVINGS,EUR,928.98,7/5/2026 11:22,ACTIVE
ACC0000003,CUST006842,BUSINESS,GBP,2385.65,5/23/2024 15:36,ACTIVE
ACC0000004,CUST005868,BUSINESS,EUR,6820.14,9/27/2025 11:43,ACTIVE
ACC0000005,CUST003570,BUSINESS,EUR,828,3/7/2025 20:08,ACTIVE
ACC0000006,CUST008257,SAVINGS,EUR,828.02,3/27/2026 7:11,SUSPENDED
ACC0000007,CUST000854,SAVINGS,EUR,7295.81,7/30/2024 1:27,CLOSED
ACC0000008,CUST000495,SAVINGS,JPY,2754.31,4/27/2023 15:50,SUSPENDED
ACC0000009,CUST008575,SAVINGS,JPY,624.3,2/23/2026 14:27,SUSPENDED
ACC0000010,CUST003830,CHECKING,EUR,2102.9,8/16/2023 3:00,ACTIVE
ACC0000011,CUST005483,SAVINGS,AUD,628.85,4/6/2023 15:11,ACTIVE
ACC0000012,CUST004256,CHECKING,EUR,627.11,6/7/2024 2:01,ACTIVE
ACC0000013,CUST000417,BUSINESS,EUR,1466.09,11/3/2024 1:46,SUSPENDED
ACC0000014,CUST009896,CHECKING,EUR,110.39,9/21/2022 1:17,ACTIVE
ACC0000015,CUST003278,BUSINESS,JPY,138.39,12/4/2023 1:22,ACTIVE
ACC0000016,CUST001374,SAVINGS,PKR,558.5,8/10/2022 3:42,SUSPENDED
ACC0000017,CUST007363,SAVINGS,JPY,325.25,8/7/2024 2:12,ACTIVE
ACC0000018,CUST000145,SAVINGS,EUR,1598.94,5/9/2022 11:53,ACTIVE
ACC0000019,CUST005271,SAVINGS,CAD,368.84,8/11/2025 21:22,ACTIVE
ACC0000020,CUST000947,BUSINESS,INR,201.39,5/15/2026 15:40,ACTIVE
ACC0000021,CUST008196,BUSINESS,PKR,6366.33,1/24/2025 11:20,ACTIVE
ACC0000022,CUST008189,BUSINESS,EUR,836.37,8/24/2023 19:27,ACTIVE
ACC0000023,CUST005641,SAVINGS,JPY,1189.2,6/29/2022 13:52,ACTIVE
ACC0000024,CUST007149,CHECKING,PKR,198.4,4/11/2026 7:30,SUSPENDED
ACC0000025,CUST000453,CHECKING,INR,570.63,8/9/2026 0:36,SUSPENDED
ACC0000026,CUST004255,CHECKING,EUR,1252.76,3/6/2023 7:46,ACTIVE
ACC0000027,CUST007813,CHECKING,PKR,275.56,8/2/2025 15:11,ACTIVE
ACC0000028,CUST002134,SAVINGS,GBP,1721.3,1/21/2026 21:08,CLOSED
ACC0000029,CUST003380,CHECKING,AUD,533.38,11/18/2024 3:07,ACTIVE
ACC0000030,CUST002885,CHECKING,CAD,772.76,5/29/2026 4:27,CLOSED
ACC0000031,CUST002413,SAVINGS,EUR,532.7,10/5/2024 7:43,ACTIVE
ACC0000032,CUST001744,CHECKING,USD,10124.71,2/26/2025 17:09,ACTIVE
ACC0000033,CUST006079,BUSINESS,CAD,1079.01,1/3/2026 21:39,ACTIVE
ACC0000034,CUST006979,BUSINESS,USD,308.2,8/21/2025 4:12,ACTIVE
ACC0000035,CUST008058,CHECKING,INR,2942.61,6/27/2026 19:02,ACTIVE
ACC0000036,CUST002694,CHECKING,PKR,253.4,12/1/2024 14:19,ACTIVE
ACC0000037,CUST002583,BUSINESS,EUR,1409,7/6/2025 22:51,SUSPENDED
ACC0000038,CUST006095,CHECKING,CAD,104.42,5/16/2023 1:50,ACTIVE
ACC0000039,CUST004395,BUSINESS,EUR,222.78,8/9/2025 15:52,ACTIVE
ACC0000040,CUST009456,BUSINESS,AUD,1388.85,9/24/2024 15:28,ACTIVE
ACC0000041,CUST000531,SAVINGS,GBP,2660.21,11/27/2024 11:08,ACTIVE
ACC0000042,CUST001697,SAVINGS,JPY,1347.01,3/12/2026 22:01,SUSPENDED
ACC0000043,CUST000129,CHECKING,EUR,954.53,1/29/2026 0:57,SUSPENDED
ACC0000044,CUST002936,CHECKING,EUR,764.08,12/4/2021 17:05,ACTIVE
ACC0000045,CUST002953,BUSINESS,PKR,186.01,1/20/2026 5:31,ACTIVE
ACC0000046,CUST009317,BUSINESS,PKR,462.29,5/23/2024 0:10,ACTIVE
ACC0000047,CUST001568,SAVINGS,INR,630.95,2/13/2025 6:32,ACTIVE
ACC0000048,CUST006513,SAVINGS,EUR,3899.28,5/12/2025 12:49,ACTIVE
ACC0000049,CUST001269,CHECKING,EUR,1656.3,8/13/2024 9:09,ACTIVE
ACC0000050,CUST008952,CHECKING,AED,132.2,11/12/2022 21:50,ACTIVE
ACC0000051,CUST007383,SAVINGS,EUR,1617.93,8/28/2022 11:45,ACTIVE
ACC0000052,CUST003540,CHECKING,PKR,690.84,11/20/2024 20:10,ACTIVE
ACC0000053,CUST003179,SAVINGS,EUR,486.72,7/4/2023 18:33,ACTIVE
ACC0000054,CUST005611,BUSINESS,GBP,2284.75,3/27/2024 7:40,ACTIVE
ACC0000055,CUST000540,SAVINGS,EUR,3778.94,2/13/2026 18:47,SUSPENDED
ACC0000056,CUST003249,CHECKING,PKR,3352.75,9/12/2025 7:34,ACTIVE
ACC0000057,CUST006771,SAVINGS,AUD,400.59,5/7/2026 23:54,ACTIVE
ACC0000058,CUST004159,SAVINGS,CAD,756.68,11/13/2024 18:33,ACTIVE
ACC0000059,CUST009463,CHECKING,PKR,1631.93,12/9/2023 1:24,ACTIVE
ACC0000060,CUST007219,CHECKING,EUR,3535.66,1/31/2026 5:55,SUSPENDED
ACC0000061,CUST004566,SAVINGS,PKR,617.08,11/7/2021 10:33,ACTIVE
ACC0000062,CUST003960,BUSINESS,EUR,877.62,9/17/2022 17:51,ACTIVE
ACC0000063,CUST008847,CHECKING,GBP,290.73,2/1/2022 6:15,SUSPENDED
ACC0000064,CUST000533,BUSINESS,SGD,261.01,6/15/2024 2:04,ACTIVE
ACC0000065,CUST005327,SAVINGS,EUR,2907.45,8/21/2022 20:51,ACTIVE
ACC0000066,CUST002561,SAVINGS,EUR,5583.04,6/9/2022 19:29,SUSPENDED
ACC0000067,CUST009012,SAVINGS,EUR,1005.85,12/13/2025 12:13,ACTIVE
ACC0000068,CUST009890,CHECKING,EUR,3656.42,1/26/2024 12:25,CLOSED
ACC0000069,CUST009908,CHECKING,EUR,1692.5,10/30/2022 11:02,ACTIVE
ACC0000070,CUST007570,BUSINESS,CAD,505.66,11/3/2024 0:23,ACTIVE
ACC0000071,CUST008082,CHECKING,USD,1692.01,3/28/2024 5:51,SUSPENDED
ACC0000072,CUST001426,CHECKING,EUR,6944.07,9/13/2022 16:35,SUSPENDED
ACC0000073,CUST001932,SAVINGS,JPY,1050.49,9/9/2021 9:27,ACTIVE
ACC0000074,CUST005703,BUSINESS,AUD,7169.37,12/26/2022 3:20,ACTIVE
ACC0000075,CUST004891,BUSINESS,GBP,47.29,11/23/2022 9:04,ACTIVE
ACC0000076,CUST000975,CHECKING,SGD,2940.35,1/29/2022 8:34,ACTIVE
ACC0000077,CUST006878,SAVINGS,EUR,1217.38,10/4/2024 16:57,ACTIVE
ACC0000078,CUST005426,CHECKING,USD,766.01,3/13/2026 0:33,ACTIVE
ACC0000079,CUST002724,BUSINESS,EUR,1224.29,9/7/2023 23:05,CLOSED
ACC0000080,CUST004977,SAVINGS,USD,100.98,5/22/2024 3:05,ACTIVE
ACC0000081,CUST009636,SAVINGS,INR,842.52,7/26/2026 15:57,ACTIVE
ACC0000082,CUST009608,SAVINGS,INR,1683.34,5/25/2024 6:43,ACTIVE
ACC0000083,CUST007417,BUSINESS,INR,6460.57,9/13/2025 22:44,ACTIVE
ACC0000084,CUST008285,BUSINESS,EUR,588.79,5/9/2026 1:10,ACTIVE
ACC0000085,CUST004938,CHECKING,EUR,415.64,2/6/2026 2:21,ACTIVE
ACC0000086,CUST008113,SAVINGS,SGD,600.58,10/31/2021 2:07,ACTIVE
ACC0000087,CUST000356,CHECKING,EUR,3289.47,3/8/2026 3:19,ACTIVE
ACC0000088,CUST008940,CHECKING,AUD,1627.01,7/20/2023 10:16,CLOSED
ACC0000089,CUST001693,BUSINESS,EUR,580.73,8/5/2024 18:00,ACTIVE
ACC0000090,CUST009749,CHECKING,AUD,2030.26,10/16/2022 0:07,ACTIVE
ACC0000091,CUST003051,CHECKING,EUR,1232.12,11/6/2024 21:42,ACTIVE
ACC0000092,CUST004904,CHECKING,SGD,3506.5,2/14/2023 3:15,SUSPENDED
ACC0000093,CUST000534,SAVINGS,USD,472.26,6/15/2025 23:42,ACTIVE
ACC0000094,CUST008884,BUSINESS,EUR,740.11,9/23/2023 11:37,ACTIVE
ACC0000095,CUST009582,CHECKING,EUR,685.04,3/26/2026 17:40,ACTIVE
ACC0000096,CUST002571,SAVINGS,EUR,189.39,3/8/2023 9:29,ACTIVE
ACC0000097,CUST004052,CHECKING,JPY,1564.54,5/29/2025 9:09,ACTIVE
ACC0000098,CUST000108,CHECKING,EUR,1500.07,1/8/2025 4:33,ACTIVE
ACC0000099,CUST005858,CHECKING,INR,1103.38,10/14/2021 21:33,ACTIVE
ACC0000100,CUST002523,SAVINGS,EUR,827.57,5/12/2025 1:26,CLOSED
ACC0000101,CUST005430,SAVINGS,PKR,200.65,7/11/2025 19:35,ACTIVE
ACC0000102,CUST001860,BUSINESS,CAD,661.97,12/15/2021 9:16,CLOSED
ACC0000103,CUST003707,SAVINGS,EUR,726.87,1/12/2025 20:29,ACTIVE
ACC0000104,CUST005384,BUSINESS,EUR,418.75,11/19/2022 16:40,CLOSED
ACC0000105,CUST000548,CHECKING,EUR,903.66,10/6/2024 2:10,ACTIVE
ACC0000106,CUST009518,BUSINESS,EUR,1780.88,9/8/2021 7:31,SUSPENDED
ACC0000107,CUST009180,SAVINGS,INR,10545.17,5/2/2022 14:57,CLOSED
ACC0000108,CUST003411,BUSINESS,USD,1352.21,8/28/2025 23:54,ACTIVE
ACC0000109,CUST004024,CHECKING,EUR,1493.77,1/28/2023 15:54,ACTIVE
ACC0000110,CUST004826,CHECKING,EUR,1002.91,1/29/2025 17:50,ACTIVE
ACC0000111,CUST002675,BUSINESS,SGD,109.67,6/27/2022 5:00,ACTIVE
ACC0000112,CUST002167,CHECKING,GBP,1062.29,6/14/2022 0:06,SUSPENDED
ACC0000113,CUST000437,SAVINGS,JPY,1178.83,3/26/2026 4:23,SUSPENDED
ACC0000114,CUST008821,BUSINESS,GBP,21076.01,3/3/2022 10:38,ACTIVE
ACC0000115,CUST002007,CHECKING,EUR,870.59,6/3/2024 1:03,ACTIVE
ACC0000116,CUST004428,CHECKING,USD,1574.76,5/14/2025 21:58,ACTIVE
ACC0000117,CUST009500,CHECKING,EUR,1051.89,2/28/2022 3:30,ACTIVE
ACC0000118,CUST005462,BUSINESS,SGD,269.77,11/6/2024 12:37,ACTIVE
ACC0000119,CUST005130,BUSINESS,AUD,4321.63,7/10/2026 16:31,SUSPENDED
ACC0000120,CUST002194,CHECKING,SGD,2703.55,9/2/2023 8:34,ACTIVE
ACC0000121,CUST002338,CHECKING,EUR,2833.42,3/9/2023 20:58,ACTIVE
ACC0000122,CUST006578,CHECKING,USD,368.24,9/25/2023 22:25,ACTIVE
ACC0000123,CUST007883,SAVINGS,INR,5903.81,10/29/2022 17:38,ACTIVE
ACC0000124,CUST009634,SAVINGS,EUR,203.93,4/20/2023 9:09,ACTIVE
ACC0000125,CUST002623,CHECKING,USD,2217.71,4/26/2025 7:32,ACTIVE
ACC0000126,CUST006291,CHECKING,EUR,15192.34,10/26/2025 16:04,SUSPENDED
ACC0000127,CUST004395,BUSINESS,EUR,334.07,9/10/2023 18:32,ACTIVE
ACC0000128,CUST009280,CHECKING,EUR,555.82,1/18/2025 12:50,ACTIVE
ACC0000129,CUST005602,BUSINESS,EUR,1235.93,7/17/2024 3:40,ACTIVE
ACC0000130,CUST009601,CHECKING,EUR,599.34,10/28/2023 12:44,ACTIVE
ACC0000131,CUST006481,SAVINGS,PKR,170.58,1/20/2022 17:02,ACTIVE
ACC0000132,CUST003754,CHECKING,AUD,1190.67,5/7/2022 2:17,ACTIVE
ACC0000133,CUST006102,CHECKING,EUR,306.51,6/9/2026 0:32,CLOSED
ACC0000134,CUST006567,CHECKING,PKR,1935.87,9/14/2025 5:55,ACTIVE
ACC0000135,CUST004491,SAVINGS,PKR,363.83,6/21/2023 10:30,ACTIVE
ACC0000136,CUST002477,BUSINESS,EUR,7043.93,8/31/2022 4:31,SUSPENDED
ACC0000137,CUST006532,SAVINGS,EUR,428.42,3/30/2022 2:45,ACTIVE
ACC0000138,CUST001686,CHECKING,AUD,745.11,5/31/2022 9:04,CLOSED
ACC0000139,CUST000417,BUSINESS,EUR,2910.91,2/5/2023 2:03,ACTIVE
ACC0000140,CUST001974,SAVINGS,AUD,250.38,11/3/2021 15:16,ACTIVE
ACC0000141,CUST000434,CHECKING,GBP,1440.8,11/8/2022 18:36,SUSPENDED
ACC0000142,CUST009718,CHECKING,GBP,5263.6,8/6/2025 15:19,CLOSED
ACC0000143,CUST008734,SAVINGS,GBP,159.34,2/1/2023 23:37,ACTIVE
ACC0000144,CUST002252,SAVINGS,AED,1368.62,3/1/2023 1:01,ACTIVE
ACC0000145,CUST003131,CHECKING,AUD,1497.96,8/13/2022 6:02,CLOSED
ACC0000146,CUST001735,CHECKING,EUR,2802.28,1/1/2025 16:31,ACTIVE
ACC0000147,CUST003773,SAVINGS,USD,248.55,9/16/2023 13:32,ACTIVE
ACC0000148,CUST000163,SAVINGS,PKR,224.85,3/22/2022 9:22,ACTIVE
ACC0000149,CUST004439,CHECKING,PKR,2051.51,10/21/2025 5:18,CLOSED
ACC0000150,CUST002287,CHECKING,AUD,1566.16,2/29/2024 3:20,SUSPENDED
ACC0000151,CUST001722,SAVINGS,AED,1481.18,6/18/2022 7:43,ACTIVE
ACC0000152,CUST000809,BUSINESS,SGD,1661.93,7/18/2023 7:46,ACTIVE
ACC0000153,CUST007949,BUSINESS,GBP,484.91,4/23/2026 4:09,ACTIVE
ACC0000154,CUST002289,SAVINGS,EUR,1449.11,6/27/2026 8:00,ACTIVE
ACC0000155,CUST009920,CHECKING,EUR,1558.82,9/27/2022 19:31,ACTIVE
ACC0000156,CUST004118,CHECKING,EUR,465.34,6/24/2025 6:19,ACTIVE
ACC0000157,CUST001531,BUSINESS,INR,10290.02,9/18/2023 2:02,SUSPENDED
ACC0000158,CUST003871,BUSINESS,GBP,1936.43,7/22/2023 4:40,ACTIVE
ACC0000159,CUST005265,BUSINESS,EUR,262.55,1/9/2024 19:11,SUSPENDED
ACC0000160,CUST001794,BUSINESS,CAD,2411.16,10/13/2021 8:39,ACTIVE
ACC0000161,CUST000122,SAVINGS,EUR,340.49,7/2/2024 19:06,SUSPENDED
ACC0000162,CUST007916,SAVINGS,GBP,2820.03,3/27/2026 5:26,ACTIVE
ACC0000163,CUST007069,SAVINGS,GBP,4404.2,1/3/2025 18:37,CLOSED
ACC0000164,CUST006263,BUSINESS,GBP,409.6,9/23/2023 19:48,ACTIVE
ACC0000165,CUST003424,CHECKING,JPY,3484.4,5/16/2024 8:17,ACTIVE
ACC0000166,CUST009649,BUSINESS,EUR,1799.63,2/14/2024 10:43,SUSPENDED
ACC0000167,CUST007046,SAVINGS,EUR,2940.9,5/12/2025 18:26,ACTIVE
ACC0000168,CUST005865,BUSINESS,EUR,10680.25,8/18/2026 9:41,ACTIVE
ACC0000169,CUST002719,SAVINGS,EUR,816.91,3/23/2023 20:02,ACTIVE
ACC0000170,CUST008895,BUSINESS,EUR,443.86,10/9/2023 22:39,ACTIVE
ACC0000171,CUST007100,SAVINGS,EUR,377.13,11/1/2022 10:15,ACTIVE
ACC0000172,CUST008516,SAVINGS,EUR,412,11/28/2024 11:46,CLOSED
ACC0000173,CUST008249,SAVINGS,EUR,999.72,4/20/2025 12:04,CLOSED
ACC0000174,CUST008640,BUSINESS,EUR,1651.41,10/31/2022 14:12,ACTIVE
ACC0000175,CUST008872,CHECKING,EUR,1528.48,11/4/2023 8:33,ACTIVE
ACC0000176,CUST007164,BUSINESS,JPY,2959.04,12/11/2022 11:35,ACTIVE
ACC0000177,CUST002212,SAVINGS,SGD,1113.88,8/6/2026 1:36,ACTIVE
ACC0000178,CUST000295,BUSINESS,EUR,6274.45,4/5/2025 21:49,SUSPENDED
ACC0000179,CUST004361,SAVINGS,AUD,798.24,11/7/2024 1:19,ACTIVE
ACC0000180,CUST002054,BUSINESS,AED,28687.11,7/19/2023 4:38,SUSPENDED
ACC0000181,CUST002758,SAVINGS,INR,2323.43,10/17/2021 20:08,ACTIVE
ACC0000182,CUST003551,BUSINESS,INR,392.06,6/18/2025 16:22,ACTIVE
ACC0000183,CUST006116,CHECKING,GBP,303.36,1/3/2024 18:32,SUSPENDED
ACC0000184,CUST006420,CHECKING,EUR,1956.61,10/8/2022 7:47,SUSPENDED
ACC0000185,CUST002606,CHECKING,AED,838.69,12/4/2024 6:22,ACTIVE
ACC0000186,CUST005741,CHECKING,EUR,2583.24,4/1/2025 2:11,ACTIVE
ACC0000187,CUST008738,CHECKING,EUR,1935.04,5/20/2023 5:56,ACTIVE
ACC0000188,CUST006648,CHECKING,JPY,1004.86,6/11/2023 14:06,ACTIVE
ACC0000189,CUST007328,CHECKING,EUR,396.96,12/1/2025 11:08,SUSPENDED
ACC0000190,CUST006737,CHECKING,USD,178.07,5/13/2022 20:33,SUSPENDED
ACC0000191,CUST004128,CHECKING,SGD,641.74,2/18/2023 7:13,CLOSED
ACC0000192,CUST000209,CHECKING,USD,3064.62,11/28/2022 15:54,ACTIVE
ACC0000193,CUST002663,CHECKING,INR,1417.87,2/20/2026 2:27,ACTIVE
ACC0000194,CUST001429,SAVINGS,USD,245.95,11/17/2021 9:02,SUSPENDED
ACC0000195,CUST009395,CHECKING,EUR,1349.94,9/23/2021 8:24,SUSPENDED
ACC0000196,CUST000188,CHECKING,EUR,1741.29,3/23/2023 22:55,SUSPENDED
ACC0000197,CUST006841,SAVINGS,USD,379.7,7/17/2023 18:41,ACTIVE
ACC0000198,CUST007265,CHECKING,PKR,1318.79,9/1/2025 5:24,ACTIVE
ACC0000199,CUST006716,SAVINGS,CAD,1175.97,2/12/2022 17:53,ACTIVE
ACC0000200,CUST004298,SAVINGS,AUD,278.23,2/19/2025 13:04,ACTIVE
ACC0000201,CUST009515,SAVINGS,USD,1684.7,10/30/2021 18:56,ACTIVE
ACC0000202,CUST003182,CHECKING,EUR,2149.39,4/24/2023 20:09,ACTIVE
ACC0000203,CUST007819,SAVINGS,EUR,4022.51,4/4/2022 1:41,CLOSED
ACC0000204,CUST000645,CHECKING,EUR,3883.77,1/30/2024 11:37,CLOSED
ACC0000205,CUST003795,BUSINESS,INR,209.93,3/19/2022 15:19,ACTIVE
ACC0000206,CUST000818,BUSINESS,EUR,355.89,7/19/2025 5:45,ACTIVE
ACC0000207,CUST009420,CHECKING,INR,2034.58,9/26/2023 12:02,ACTIVE
ACC0000208,CUST006075,CHECKING,INR,2031.53,10/7/2023 19:32,SUSPENDED
ACC0000209,CUST002911,CHECKING,EUR,2034.61,12/17/2024 19:05,ACTIVE
ACC0000210,CUST004881,SAVINGS,JPY,111667.14,8/10/2022 3:47,ACTIVE
ACC0000211,CUST001423,BUSINESS,USD,2175.62,1/4/2023 15:26,ACTIVE
ACC0000212,CUST006264,CHECKING,EUR,4284.16,8/23/2023 4:35,CLOSED
ACC0000213,CUST000767,SAVINGS,CAD,3445.42,7/2/2023 9:48,ACTIVE
ACC0000214,CUST008666,CHECKING,JPY,2396.27,5/14/2023 13:41,ACTIVE
ACC0000215,CUST007961,BUSINESS,EUR,751.2,4/22/2026 5:23,ACTIVE
ACC0000216,CUST005249,SAVINGS,EUR,2726.47,6/3/2022 23:51,ACTIVE
ACC0000217,CUST006558,CHECKING,EUR,433.81,4/23/2026 23:59,CLOSED
ACC0000218,CUST006849,CHECKING,EUR,825.36,11/1/2023 16:45,ACTIVE
ACC0000219,CUST007143,CHECKING,AED,612.51,7/27/2024 2:04,ACTIVE
ACC0000220,CUST004611,CHECKING,EUR,1209.85,1/11/2024 10:02,CLOSED
ACC0000221,CUST008614,BUSINESS,JPY,17634.11,8/11/2026 2:49,ACTIVE
ACC0000222,CUST000170,CHECKING,EUR,116.66,5/28/2025 20:15,SUSPENDED
ACC0000223,CUST005335,CHECKING,GBP,2498.67,8/20/2024 20:12,ACTIVE
ACC0000224,CUST002843,CHECKING,GBP,158.34,5/4/2022 17:57,ACTIVE
ACC0000225,CUST006942,CHECKING,EUR,622.46,7/6/2024 5:32,ACTIVE
ACC0000226,CUST006974,BUSINESS,AED,4051.09,12/28/2022 15:14,ACTIVE
ACC0000227,CUST003653,BUSINESS,EUR,1184.57,9/13/2023 21:00,ACTIVE
ACC0000228,CUST003369,CHECKING,AED,300.88,2/27/2026 5:03,ACTIVE
ACC0000229,CUST001879,CHECKING,USD,464.81,7/20/2024 22:44,CLOSED
ACC0000230,CUST004244,SAVINGS,JPY,2478.77,6/2/2026 22:06,CLOSED
ACC0000231,CUST001527,SAVINGS,EUR,456.49,7/16/2026 17:36,ACTIVE
ACC0000232,CUST002249,CHECKING,EUR,1421.9,5/21/2025 14:39,CLOSED
ACC0000233,CUST001625,SAVINGS,PKR,1158.27,12/7/2022 12:30,ACTIVE
ACC0000234,CUST004523,SAVINGS,USD,501.74,8/10/2024 20:29,ACTIVE
ACC0000235,CUST003222,SAVINGS,JPY,14367.63,10/29/2021 21:15,ACTIVE
ACC0000236,CUST007601,SAVINGS,SGD,2346.55,11/26/2024 0:14,CLOSED
ACC0000237,CUST006363,BUSINESS,SGD,96.53,7/15/2025 8:23,ACTIVE
ACC0000238,CUST007809,SAVINGS,EUR,1371.62,4/17/2022 21:13,ACTIVE
ACC0000239,CUST006914,BUSINESS,EUR,495.64,7/24/2023 10:16,ACTIVE
ACC0000240,CUST004113,BUSINESS,INR,3050.07,11/8/2022 18:15,ACTIVE
ACC0000241,CUST002951,BUSINESS,SGD,423.68,10/12/2022 15:59,ACTIVE
ACC0000242,CUST004546,SAVINGS,EUR,955.58,7/10/2023 10:51,ACTIVE
ACC0000243,CUST007756,SAVINGS,USD,2010.19,6/24/2025 23:37,ACTIVE
ACC0000244,CUST001640,BUSINESS,EUR,3099.22,10/14/2021 12:02,SUSPENDED
ACC0000245,CUST007232,CHECKING,GBP,259.73,7/30/2026 11:45,ACTIVE
ACC0000246,CUST008101,BUSINESS,PKR,734.07,10/14/2021 15:39,SUSPENDED
ACC0000247,CUST009251,CHECKING,USD,620.21,9/4/2023 14:03,ACTIVE
ACC0000248,CUST004912,BUSINESS,AUD,500.7,7/16/2022 11:09,ACTIVE
ACC0000249,CUST000675,CHECKING,CAD,9122.92,9/9/2023 13:40,ACTIVE
ACC0000250,CUST009181,CHECKING,AED,1782.87,4/11/2024 15:23,ACTIVE
ACC0000251,CUST005041,SAVINGS,GBP,241.52,12/23/2024 20:21,ACTIVE
ACC0000252,CUST001275,SAVINGS,CAD,3299.2,4/21/2024 18:36,ACTIVE
ACC0000253,CUST003589,SAVINGS,EUR,13996.85,2/17/2024 10:36,ACTIVE
ACC0000254,CUST007019,SAVINGS,EUR,3785.59,8/2/2023 2:11,ACTIVE
ACC0000255,CUST008209,SAVINGS,INR,177.11,9/25/2021 11:52,SUSPENDED
ACC0000256,CUST004187,SAVINGS,JPY,613.34,5/12/2022 2:52,SUSPENDED
ACC0000257,CUST000177,CHECKING,PKR,5015.52,6/12/2024 17:30,ACTIVE
ACC0000258,CUST004808,BUSINESS,JPY,469.09,7/31/2023 6:27,ACTIVE
ACC0000259,CUST003693,SAVINGS,AED,1867.92,7/14/2023 20:20,ACTIVE
ACC0000260,CUST006849,BUSINESS,EUR,2778.21,7/26/2026 12:56,SUSPENDED
ACC0000261,CUST000680,SAVINGS,PKR,360.57,7/2/2024 15:13,CLOSED
ACC0000262,CUST007662,CHECKING,AED,1021.03,6/1/2026 21:30,ACTIVE
ACC0000263,CUST008450,SAVINGS,EUR,22.43,7/23/2023 19:36,CLOSED
ACC0000264,CUST004362,CHECKING,EUR,320.77,4/4/2023 20:17,CLOSED
ACC0000265,CUST000199,CHECKING,JPY,809.91,10/14/2022 13:20,SUSPENDED
ACC0000266,CUST005553,CHECKING,GBP,245.34,4/2/2025 12:40,SUSPENDED
ACC0000267,CUST005525,BUSINESS,GBP,7776.75,9/19/2024 11:39,ACTIVE
ACC0000268,CUST007893,BUSINESS,EUR,197.12,12/25/2021 1:31,ACTIVE
ACC0000269,CUST002858,CHECKING,CAD,646.74,10/5/2021 0:37,ACTIVE
ACC0000270,CUST004564,CHECKING,JPY,1282.91,8/27/2022 10:36,ACTIVE
ACC0000271,CUST009667,BUSINESS,EUR,6182.81,2/18/2023 9:54,ACTIVE
ACC0000272,CUST000533,BUSINESS,SGD,195.77,2/20/2026 7:59,ACTIVE
ACC0000273,CUST007815,BUSINESS,EUR,4428.41,4/1/2022 18:10,ACTIVE
ACC0000274,CUST004291,BUSINESS,EUR,1110.18,12/12/2025 8:39,ACTIVE
ACC0000275,CUST000818,SAVINGS,EUR,337.71,4/9/2024 10:32,ACTIVE
ACC0000276,CUST006727,BUSINESS,EUR,1909.36,3/9/2026 7:12,ACTIVE
ACC0000277,CUST004811,CHECKING,EUR,1392.52,7/16/2023 3:33,ACTIVE
ACC0000278,CUST008278,BUSINESS,EUR,533.65,12/11/2024 9:05,ACTIVE
ACC0000279,CUST004519,CHECKING,EUR,1192.45,3/13/2024 11:25,ACTIVE
ACC0000280,CUST000840,SAVINGS,USD,690.64,6/26/2024 15:11,CLOSED
ACC0000281,CUST006147,CHECKING,CAD,1256.67,3/7/2022 5:10,SUSPENDED
ACC0000282,CUST007396,BUSINESS,EUR,2427.35,10/1/2023 11:24,ACTIVE
ACC0000283,CUST006810,SAVINGS,EUR,7355.62,2/3/2022 15:04,ACTIVE
ACC0000284,CUST007658,CHECKING,SGD,248.3,2/19/2022 7:11,CLOSED
ACC0000285,CUST006353,CHECKING,EUR,14180.74,12/11/2024 5:43,ACTIVE
ACC0000286,CUST009068,CHECKING,INR,105.37,8/11/2025 11:56,ACTIVE
ACC0000287,CUST004865,BUSINESS,EUR,914.02,7/17/2026 23:25,ACTIVE
ACC0000288,CUST008511,SAVINGS,GBP,2221.59,3/24/2022 14:13,SUSPENDED
ACC0000289,CUST009977,BUSINESS,EUR,1536.39,5/17/2023 21:21,ACTIVE
ACC0000290,CUST000980,CHECKING,USD,519.44,1/24/2024 20:48,ACTIVE
ACC0000291,CUST007789,BUSINESS,EUR,854.28,2/14/2025 3:54,ACTIVE
ACC0000292,CUST009452,CHECKING,INR,606.92,5/28/2026 0:58,ACTIVE
ACC0000293,CUST008471,SAVINGS,EUR,540.64,12/26/2021 1:00,ACTIVE
ACC0000294,CUST000672,BUSINESS,INR,3039.73,11/23/2024 6:07,ACTIVE
ACC0000295,CUST009210,SAVINGS,EUR,1683.14,11/19/2021 0:26,ACTIVE
ACC0000296,CUST004753,CHECKING,AUD,477.47,11/30/2024 7:20,ACTIVE
ACC0000297,CUST006749,SAVINGS,CAD,3227.68,8/6/2024 21:13,ACTIVE
ACC0000298,CUST005529,CHECKING,JPY,1585.67,1/5/2025 7:02,ACTIVE
ACC0000299,CUST004063,SAVINGS,INR,2908.62,3/14/2022 2:37,ACTIVE
ACC0000300,CUST006961,BUSINESS,USD,2334.5,11/18/2022 3:29,SUSPENDED
ACC0000301,CUST004025,CHECKING,GBP,405.53,8/9/2022 2:27,ACTIVE
ACC0000302,CUST006494,SAVINGS,AED,559.91,11/4/2025 0:28,CLOSED
ACC0000303,CUST007210,BUSINESS,AUD,2688.54,4/17/2024 20:54,ACTIVE
ACC0000304,CUST000365,SAVINGS,USD,2281.17,8/30/2025 17:46,ACTIVE
ACC0000305,CUST001971,BUSINESS,EUR,1069.47,10/30/2022 9:54,ACTIVE
ACC0000306,CUST002999,BUSINESS,INR,1262.43,2/27/2025 9:07,ACTIVE
ACC0000307,CUST006892,SAVINGS,AED,5080.67,10/10/2025 8:10,ACTIVE
ACC0000308,CUST009415,BUSINESS,USD,539.21,3/7/2023 6:52,ACTIVE
ACC0000309,CUST001332,BUSINESS,EUR,2114.38,6/14/2023 12:40,ACTIVE
ACC0000310,CUST008387,SAVINGS,USD,860.38,3/26/2024 5:43,SUSPENDED
ACC0000311,CUST008308,SAVINGS,USD,844.53,12/23/2021 13:25,ACTIVE
ACC0000312,CUST003573,BUSINESS,JPY,4099.14,5/5/2025 3:15,ACTIVE
ACC0000313,CUST009795,CHECKING,PKR,2952.77,3/28/2026 10:35,ACTIVE
ACC0000314,CUST007713,CHECKING,EUR,2910.88,4/19/2026 6:59,SUSPENDED
ACC0000315,CUST006795,CHECKING,EUR,5253.1,5/22/2025 20:30,ACTIVE
ACC0000316,CUST002772,BUSINESS,USD,1124.62,11/13/2025 23:10,SUSPENDED
ACC0000317,CUST008253,SAVINGS,SGD,2485.78,12/1/2022 19:32,ACTIVE
ACC0000318,CUST000395,BUSINESS,EUR,755.73,9/29/2025 3:22,ACTIVE
ACC0000319,CUST005287,CHECKING,PKR,1618.09,7/11/2024 23:37,CLOSED
ACC0000320,CUST004960,BUSINESS,EUR,938.07,5/4/2023 1:06,ACTIVE
ACC0000321,CUST002278,CHECKING,CAD,1232,4/24/2026 5:30,CLOSED
ACC0000322,CUST007462,CHECKING,EUR,2239.9,3/15/2025 3:56,ACTIVE
ACC0000323,CUST009192,SAVINGS,SGD,410.81,12/17/2024 12:29,CLOSED
ACC0000324,CUST001274,BUSINESS,EUR,13505.67,4/28/2026 8:42,ACTIVE
ACC0000325,CUST007255,CHECKING,EUR,327.92,10/14/2025 2:06,ACTIVE
ACC0000326,CUST006403,CHECKING,INR,255.44,2/13/2022 8:06,ACTIVE
ACC0000327,CUST001003,CHECKING,SGD,4401.64,6/7/2025 0:30,ACTIVE
ACC0000328,CUST002669,BUSINESS,AUD,2835.56,6/3/2023 4:04,CLOSED
ACC0000329,CUST000243,SAVINGS,GBP,2319.12,3/13/2024 3:51,ACTIVE
ACC0000330,CUST009507,BUSINESS,EUR,2330.91,9/18/2022 6:15,ACTIVE
ACC0000331,CUST008339,BUSINESS,INR,1080.63,7/9/2022 0:49,ACTIVE
ACC0000332,CUST009284,BUSINESS,AED,373.64,3/22/2026 3:33,ACTIVE
ACC0000333,CUST008037,CHECKING,USD,1201.07,10/14/2021 20:56,SUSPENDED
ACC0000334,CUST002522,SAVINGS,AUD,486.58,12/28/2025 4:28,CLOSED
ACC0000335,CUST005290,CHECKING,CAD,3533.85,5/22/2023 0:34,ACTIVE
ACC0000336,CUST007597,CHECKING,EUR,919.23,7/29/2022 1:10,ACTIVE
ACC0000337,CUST000100,BUSINESS,EUR,407.24,1/11/2025 4:05,ACTIVE
ACC0000338,CUST005046,BUSINESS,PKR,745.71,12/11/2025 17:06,ACTIVE
ACC0000339,CUST002812,SAVINGS,PKR,1799.96,10/18/2022 5:33,SUSPENDED
ACC0000340,CUST004784,CHECKING,USD,557.54,5/7/2023 2:41,ACTIVE
ACC0000341,CUST003380,BUSINESS,AUD,408.84,11/20/2025 22:41,CLOSED
ACC0000342,CUST009689,BUSINESS,EUR,1469.13,7/21/2026 12:22,CLOSED
ACC0000343,CUST003841,CHECKING,EUR,1471.39,10/23/2024 8:17,CLOSED
ACC0000344,CUST003890,SAVINGS,JPY,596.85,9/23/2023 18:22,ACTIVE
ACC0000345,CUST009856,BUSINESS,EUR,623.13,3/18/2024 22:51,ACTIVE
ACC0000346,CUST001851,SAVINGS,CAD,1448.76,10/15/2022 2:53,ACTIVE
ACC0000347,CUST009267,BUSINESS,AUD,192.92,11/24/2021 4:42,ACTIVE
ACC0000348,CUST007367,CHECKING,JPY,202.56,6/14/2024 1:55,ACTIVE
ACC0000349,CUST009811,CHECKING,CAD,463.06,2/21/2025 16:55,ACTIVE
ACC0000350,CUST005571,BUSINESS,EUR,848.83,2/7/2025 9:48,ACTIVE
ACC0000351,CUST003111,CHECKING,JPY,1592.55,12/3/2025 18:19,ACTIVE
ACC0000352,CUST004235,BUSINESS,PKR,6440.93,11/4/2021 20:50,SUSPENDED
ACC0000353,CUST002661,SAVINGS,SGD,3069.26,7/13/2025 12:48,ACTIVE
ACC0000354,CUST009199,BUSINESS,JPY,905.13,7/23/2023 1:16,CLOSED
ACC0000355,CUST004554,BUSINESS,INR,1071.89,9/12/2024 1:34,ACTIVE
ACC0000356,CUST000890,BUSINESS,EUR,329.3,2/10/2023 9:40,ACTIVE
ACC0000357,CUST001235,SAVINGS,AUD,1072.54,1/6/2025 18:56,CLOSED
ACC0000358,CUST008828,CHECKING,USD,775.58,6/24/2025 23:38,ACTIVE
ACC0000359,CUST007725,BUSINESS,GBP,1615.28,5/6/2024 21:36,ACTIVE
ACC0000360,CUST006331,BUSINESS,PKR,406.39,12/14/2024 12:33,ACTIVE
ACC0000361,CUST004442,BUSINESS,AED,2045.13,8/24/2024 19:10,ACTIVE
ACC0000362,CUST001867,SAVINGS,GBP,6900.07,2/24/2023 17:18,CLOSED
ACC0000363,CUST008646,BUSINESS,AUD,962.46,3/27/2026 9:50,ACTIVE
ACC0000364,CUST001687,SAVINGS,GBP,1775.88,9/17/2021 18:54,CLOSED
ACC0000365,CUST004139,BUSINESS,EUR,2510.34,10/31/2024 4:13,CLOSED
ACC0000366,CUST002326,BUSINESS,USD,677.59,9/18/2023 22:57,SUSPENDED
ACC0000367,CUST001527,SAVINGS,EUR,1434.99,12/22/2021 14:15,ACTIVE
ACC0000368,CUST003273,SAVINGS,SGD,1113.33,4/21/2023 21:06,ACTIVE
ACC0000369,CUST001875,SAVINGS,EUR,1233.01,1/10/2025 17:01,ACTIVE
ACC0000370,CUST009816,CHECKING,PKR,433.72,8/28/2022 12:22,ACTIVE
ACC0000371,CUST004889,CHECKING,USD,1129.37,9/22/2021 10:09,ACTIVE
ACC0000372,CUST000786,CHECKING,CAD,1993.4,10/15/2021 18:49,ACTIVE
ACC0000373,CUST008408,BUSINESS,EUR,6256.48,12/8/2023 10:14,SUSPENDED
ACC0000374,CUST000516,BUSINESS,USD,3467.28,5/7/2025 10:40,CLOSED
ACC0000375,CUST001075,SAVINGS,PKR,14527.79,10/27/2021 7:40,ACTIVE
ACC0000376,CUST006589,CHECKING,EUR,436.67,6/22/2024 20:53,SUSPENDED
ACC0000377,CUST002714,BUSINESS,AED,3123.74,7/30/2022 3:33,ACTIVE
ACC0000378,CUST009016,CHECKING,EUR,1366.5,9/1/2021 4:52,CLOSED
ACC0000379,CUST004850,SAVINGS,SGD,15180.45,11/4/2021 21:10,SUSPENDED
ACC0000380,CUST005346,CHECKING,SGD,415.73,6/23/2022 11:17,CLOSED
ACC0000381,CUST000316,SAVINGS,EUR,400.35,6/12/2026 11:54,ACTIVE
ACC0000382,CUST008460,BUSINESS,USD,534.18,7/21/2024 15:43,CLOSED
ACC0000383,CUST009494,SAVINGS,EUR,85.74,9/4/2021 15:04,SUSPENDED
ACC0000384,CUST003013,BUSINESS,EUR,583.53,1/16/2022 20:59,CLOSED
ACC0000385,CUST007651,BUSINESS,JPY,441,5/24/2026 1:29,ACTIVE
ACC0000386,CUST001456,CHECKING,SGD,1313.53,8/22/2025 16:05,ACTIVE
ACC0000387,CUST008845,CHECKING,EUR,1652.6,2/3/2023 9:10,ACTIVE
ACC0000388,CUST009705,BUSINESS,JPY,10419.19,1/4/2025 12:58,ACTIVE
ACC0000389,CUST009828,SAVINGS,EUR,3430.66,12/16/2023 20:43,ACTIVE
ACC0000390,CUST002810,SAVINGS,EUR,548.79,3/17/2025 14:13,ACTIVE
ACC0000391,CUST006422,CHECKING,EUR,373.12,11/13/2022 22:42,ACTIVE
ACC0000392,CUST009134,CHECKING,EUR,1978.91,6/22/2025 13:53,SUSPENDED
ACC0000393,CUST002187,CHECKING,JPY,224.91,7/7/2022 17:02,ACTIVE
ACC0000394,CUST001967,SAVINGS,EUR,9874.89,3/15/2025 2:31,ACTIVE
ACC0000395,CUST002871,SAVINGS,USD,4515.76,7/10/2025 21:09,ACTIVE
ACC0000396,CUST004335,SAVINGS,JPY,624.52,8/20/2024 0:19,ACTIVE
ACC0000397,CUST003578,SAVINGS,PKR,140.36,10/3/2022 1:58,SUSPENDED
ACC0000398,CUST006251,BUSINESS,EUR,5567.2,9/23/2021 20:49,CLOSED
ACC0000399,CUST003013,BUSINESS,EUR,955.8,9/20/2024 21:49,ACTIVE
ACC0000400,CUST005473,BUSINESS,EUR,4843.44,7/12/2026 14:15,CLOSED
ACC0000401,CUST007939,CHECKING,SGD,161.85,9/24/2023 12:17,ACTIVE
ACC0000402,CUST002927,CHECKING,USD,534.19,6/26/2024 3:07,CLOSED
ACC0000403,CUST004838,BUSINESS,AUD,1103.56,11/19/2023 23:08,CLOSED
ACC0000404,CUST002337,SAVINGS,GBP,1160.23,4/25/2022 18:01,ACTIVE
ACC0000405,CUST006127,CHECKING,SGD,639.01,10/15/2024 14:40,ACTIVE
ACC0000406,CUST009776,CHECKING,EUR,2315.59,11/17/2025 15:36,SUSPENDED
ACC0000407,CUST001475,CHECKING,PKR,304.56,12/27/2022 19:04,ACTIVE
ACC0000408,CUST007513,SAVINGS,AED,924.4,8/25/2023 11:54,ACTIVE
ACC0000409,CUST000147,CHECKING,PKR,1266.93,7/29/2026 18:02,SUSPENDED
ACC0000410,CUST004363,BUSINESS,AUD,2033.12,11/13/2025 4:23,ACTIVE
ACC0000411,CUST006637,BUSINESS,SGD,2575.86,11/10/2023 23:01,ACTIVE
ACC0000412,CUST004095,BUSINESS,AUD,284.41,3/23/2023 10:27,ACTIVE
ACC0000413,CUST007355,CHECKING,PKR,174,10/16/2023 17:07,ACTIVE
ACC0000414,CUST004812,CHECKING,USD,5080.74,8/4/2025 1:27,ACTIVE
ACC0000415,CUST005215,CHECKING,EUR,1633.98,1/21/2024 23:02,CLOSED
ACC0000416,CUST005052,CHECKING,EUR,446.67,12/1/2022 22:10,ACTIVE
ACC0000417,CUST005815,CHECKING,USD,7054.23,6/1/2024 6:37,CLOSED
ACC0000418,CUST006962,SAVINGS,CAD,1259.93,4/1/2026 18:19,SUSPENDED
ACC0000419,CUST001297,BUSINESS,EUR,4514.98,6/19/2022 11:29,SUSPENDED
ACC0000420,CUST007203,SAVINGS,EUR,1189.18,8/4/2026 23:54,ACTIVE
ACC0000421,CUST000267,CHECKING,AED,13002.51,5/2/2024 23:18,ACTIVE
ACC0000422,CUST004457,BUSINESS,EUR,9012.87,10/31/2025 4:35,SUSPENDED
ACC0000423,CUST002407,CHECKING,AED,813.42,4/12/2024 14:45,ACTIVE
ACC0000424,CUST009339,SAVINGS,USD,3518.83,4/18/2025 0:56,ACTIVE
ACC0000425,CUST004076,BUSINESS,EUR,2379.04,6/3/2024 6:57,ACTIVE
ACC0000426,CUST004530,BUSINESS,CAD,5666.68,5/30/2022 21:28,ACTIVE
ACC0000427,CUST006736,CHECKING,INR,344.5,7/14/2026 20:53,ACTIVE
ACC0000428,CUST002084,CHECKING,USD,2498.04,3/7/2026 13:07,ACTIVE
ACC0000429,CUST000630,SAVINGS,SGD,3905.38,3/3/2024 11:33,ACTIVE
ACC0000430,CUST007596,BUSINESS,GBP,132.89,4/1/2025 20:03,SUSPENDED
ACC0000431,CUST008667,SAVINGS,EUR,265.1,10/31/2024 11:25,ACTIVE
ACC0000432,CUST009590,CHECKING,USD,94.91,11/13/2024 22:35,ACTIVE
ACC0000433,CUST006109,BUSINESS,CAD,793.7,6/12/2023 19:19,ACTIVE
ACC0000434,CUST009289,SAVINGS,GBP,2594.24,8/2/2022 14:38,CLOSED
ACC0000435,CUST002854,CHECKING,GBP,6653.04,1/6/2025 13:27,CLOSED
ACC0000436,CUST000828,SAVINGS,CAD,1198.61,11/25/2021 9:37,ACTIVE
ACC0000437,CUST009910,BUSINESS,EUR,7741.41,5/20/2023 9:03,ACTIVE
ACC0000438,CUST003024,CHECKING,SGD,209.32,3/22/2023 10:16,ACTIVE
ACC0000439,CUST009236,BUSINESS,EUR,142.02,6/2/2026 4:31,ACTIVE
ACC0000440,CUST000182,SAVINGS,EUR,1025.92,5/12/2026 7:16,ACTIVE
ACC0000441,CUST006524,CHECKING,USD,1738.67,12/31/2025 11:08,ACTIVE
ACC0000442,CUST009326,BUSINESS,INR,1054.44,11/5/2023 5:55,ACTIVE
ACC0000443,CUST002899,CHECKING,SGD,91.75,3/14/2026 4:24,ACTIVE
ACC0000444,CUST006177,BUSINESS,PKR,985.41,7/8/2026 14:45,SUSPENDED
ACC0000445,CUST009844,BUSINESS,EUR,229.21,10/5/2025 15:04,ACTIVE
ACC0000446,CUST009634,BUSINESS,EUR,2449.42,5/25/2026 6:05,SUSPENDED
ACC0000447,CUST008982,CHECKING,EUR,1702.61,3/23/2024 16:59,ACTIVE
ACC0000448,CUST005253,BUSINESS,AUD,355.01,7/18/2022 0:42,CLOSED
ACC0000449,CUST007823,SAVINGS,JPY,591.91,11/6/2025 18:54,SUSPENDED
ACC0000450,CUST008434,SAVINGS,SGD,307.64,9/22/2022 3:47,CLOSED
ACC0000451,CUST008118,SAVINGS,EUR,1017.18,4/24/2025 3:21,SUSPENDED
ACC0000452,CUST003069,SAVINGS,EUR,3450.14,7/30/2023 8:06,ACTIVE
ACC0000453,CUST000203,SAVINGS,CAD,336.01,9/5/2024 9:17,ACTIVE
ACC0000454,CUST004048,SAVINGS,CAD,2007.92,10/14/2022 10:22,SUSPENDED
ACC0000455,CUST002829,CHECKING,JPY,580.38,1/24/2026 5:27,SUSPENDED
ACC0000456,CUST004121,BUSINESS,AED,423.5,5/2/2026 17:13,ACTIVE
ACC0000457,CUST001568,SAVINGS,INR,964.46,10/26/2022 18:22,ACTIVE
ACC0000458,CUST009882,BUSINESS,EUR,316.62,12/2/2025 14:07,CLOSED
ACC0000459,CUST003107,BUSINESS,GBP,564.32,9/26/2021 19:31,ACTIVE
ACC0000460,CUST002536,CHECKING,EUR,260.49,2/24/2026 23:08,ACTIVE
ACC0000461,CUST000162,CHECKING,AUD,11587.36,1/6/2023 14:50,ACTIVE
ACC0000462,CUST001090,SAVINGS,EUR,1144.03,6/23/2023 13:51,ACTIVE
ACC0000463,CUST000814,BUSINESS,SGD,473.58,6/24/2022 2:26,CLOSED
ACC0000464,CUST007642,SAVINGS,AED,1417.68,4/20/2024 20:37,ACTIVE
ACC0000465,CUST001104,SAVINGS,EUR,958.34,4/15/2023 19:15,CLOSED
ACC0000466,CUST003717,CHECKING,GBP,841.21,12/21/2021 19:18,ACTIVE
ACC0000467,CUST009241,CHECKING,SGD,2291.59,12/10/2022 23:30,ACTIVE
ACC0000468,CUST004924,CHECKING,SGD,2721.69,8/14/2024 21:29,ACTIVE
ACC0000469,CUST003345,BUSINESS,EUR,580.21,12/1/2022 10:03,SUSPENDED
ACC0000470,CUST008122,SAVINGS,EUR,549.51,12/26/2021 15:35,ACTIVE
ACC0000471,CUST008906,SAVINGS,PKR,788.35,9/30/2021 10:59,ACTIVE
ACC0000472,CUST000544,BUSINESS,EUR,69.25,9/23/2022 6:08,SUSPENDED
ACC0000473,CUST008850,SAVINGS,PKR,178,7/17/2026 7:08,CLOSED
ACC0000474,CUST005362,BUSINESS,CAD,5654.74,1/16/2026 16:49,ACTIVE
ACC0000475,CUST004869,CHECKING,AED,7894.81,11/27/2021 15:32,CLOSED
ACC0000476,CUST002219,SAVINGS,EUR,813.35,2/12/2024 2:25,ACTIVE
ACC0000477,CUST005399,BUSINESS,EUR,2190.46,1/9/2023 20:46,CLOSED
ACC0000478,CUST002480,CHECKING,EUR,1593.2,3/5/2025 2:46,SUSPENDED
ACC0000479,CUST002993,CHECKING,GBP,44119.49,7/13/2026 12:03,ACTIVE
ACC0000480,CUST003804,CHECKING,INR,4202.73,4/22/2026 1:21,SUSPENDED
ACC0000481,CUST007938,SAVINGS,SGD,940.58,1/13/2022 11:08,ACTIVE
ACC0000482,CUST009972,CHECKING,GBP,348.4,4/6/2026 5:20,SUSPENDED
ACC0000483,CUST004277,BUSINESS,SGD,159.54,9/19/2025 14:20,SUSPENDED
ACC0000484,CUST006565,CHECKING,AED,1399.9,4/9/2026 15:08,SUSPENDED
ACC0000485,CUST008933,CHECKING,USD,442.47,2/14/2023 16:27,CLOSED
ACC0000486,CUST006063,SAVINGS,EUR,199,5/3/2024 1:14,SUSPENDED
ACC0000487,CUST002158,CHECKING,USD,504.77,8/30/2023 5:28,ACTIVE
ACC0000488,CUST007764,BUSINESS,EUR,299.51,11/15/2023 19:55,ACTIVE
ACC0000489,CUST004031,BUSINESS,AED,8304.64,11/9/2024 5:23,ACTIVE
ACC0000490,CUST007350,BUSINESS,AUD,3158.86,11/10/2025 19:17,ACTIVE
ACC0000491,CUST006702,CHECKING,USD,1086.19,8/26/2021 22:38,SUSPENDED
ACC0000492,CUST007056,BUSINESS,AED,6476.48,8/21/2026 19:30,ACTIVE
ACC0000493,CUST007870,CHECKING,SGD,1203.32,8/19/2026 3:16,CLOSED
ACC0000494,CUST004758,CHECKING,EUR,390.12,6/3/2025 13:30,ACTIVE
ACC0000495,CUST004062,SAVINGS,AED,6820.91,12/9/2025 9:50,ACTIVE
ACC0000496,CUST004221,CHECKING,SGD,2093.71,6/13/2024 2:56,CLOSED
ACC0000497,CUST002677,SAVINGS,EUR,315.86,12/18/2021 8:37,ACTIVE
ACC0000498,CUST001189,BUSINESS,EUR,872.7,5/9/2025 11:09,ACTIVE
ACC0000499,CUST007900,BUSINESS,EUR,383.47,4/2/2022 3:38,SUSPENDED
ACC0000500,CUST005174,SAVINGS,EUR,208.65,11/27/2024 19:18,ACTIVE
ACC0000501,CUST000209,CHECKING,USD,3332.28,3/22/2022 18:55,ACTIVE
ACC0000502,CUST008032,SAVINGS,EUR,10843.27,10/8/2023 17:49,ACTIVE
ACC0000503,CUST002779,CHECKING,EUR,204.74,8/26/2022 10:37,ACTIVE
ACC0000504,CUST005729,CHECKING,INR,2155.04,12/8/2022 17:59,ACTIVE
ACC0000505,CUST006866,CHECKING,GBP,502.32,9/5/2022 18:00,SUSPENDED
ACC0000506,CUST002939,CHECKING,EUR,611.22,7/22/2025 13:08,ACTIVE
ACC0000507,CUST005465,BUSINESS,INR,538.68,2/19/2026 21:01,CLOSED
ACC0000508,CUST009566,BUSINESS,EUR,388.86,3/11/2026 4:27,CLOSED
ACC0000509,CUST001163,BUSINESS,GBP,1162.38,3/14/2026 0:10,ACTIVE
ACC0000510,CUST008449,SAVINGS,INR,404.58,1/27/2026 23:42,ACTIVE
ACC0000511,CUST003441,SAVINGS,SGD,1517.09,5/20/2022 20:44,ACTIVE
ACC0000512,CUST003111,SAVINGS,JPY,1032.48,5/6/2025 13:14,CLOSED
ACC0000513,CUST003013,SAVINGS,EUR,823.25,3/19/2023 10:53,ACTIVE
ACC0000514,CUST004507,SAVINGS,CAD,369.05,12/26/2024 9:05,ACTIVE
ACC0000515,CUST009011,BUSINESS,PKR,548.88,3/29/2025 17:27,ACTIVE
ACC0000516,CUST004439,SAVINGS,PKR,2714.79,1/27/2025 6:06,ACTIVE
ACC0000517,CUST000421,SAVINGS,JPY,2000.4,12/20/2025 18:53,CLOSED
ACC0000518,CUST008758,SAVINGS,EUR,339.32,9/13/2025 17:39,ACTIVE
ACC0000519,CUST003695,SAVINGS,EUR,1235.46,12/7/2023 19:01,ACTIVE
ACC0000520,CUST000085,BUSINESS,INR,2701.78,11/3/2022 7:15,ACTIVE
ACC0000521,CUST006776,SAVINGS,EUR,147.93,1/5/2023 5:13,ACTIVE
ACC0000522,CUST009967,CHECKING,GBP,2104.92,8/30/2023 0:42,ACTIVE
ACC0000523,CUST000559,BUSINESS,EUR,495.15,8/2/2023 16:27,SUSPENDED
ACC0000524,CUST005854,CHECKING,AUD,2174.86,2/27/2026 14:03,ACTIVE
ACC0000525,CUST003915,BUSINESS,EUR,438.82,2/4/2024 2:24,ACTIVE
ACC0000526,CUST008819,BUSINESS,GBP,125.73,3/28/2024 14:36,ACTIVE
ACC0000527,CUST001286,SAVINGS,USD,155.55,4/19/2024 16:04,ACTIVE
ACC0000528,CUST006284,CHECKING,SGD,1161.77,1/18/2025 10:55,ACTIVE
ACC0000529,CUST000607,BUSINESS,EUR,1497.67,3/26/2022 0:33,ACTIVE
ACC0000530,CUST009148,SAVINGS,INR,370.49,6/4/2022 17:08,SUSPENDED
ACC0000531,CUST000024,SAVINGS,AED,2359.75,7/26/2025 4:31,ACTIVE
ACC0000532,CUST008923,BUSINESS,JPY,149.33,6/24/2026 22:03,ACTIVE
ACC0000533,CUST001564,SAVINGS,SGD,1013.03,5/6/2024 2:55,ACTIVE
ACC0000534,CUST004270,SAVINGS,EUR,256.41,3/20/2024 9:52,CLOSED
ACC0000535,CUST006430,BUSINESS,EUR,501.6,10/11/2024 20:13,ACTIVE
ACC0000536,CUST004078,BUSINESS,AED,1160.82,7/19/2025 12:18,CLOSED
ACC0000537,CUST001917,SAVINGS,EUR,390.53,3/22/2022 15:31,ACTIVE
ACC0000538,CUST008060,SAVINGS,EUR,691.27,5/11/2022 3:58,ACTIVE
ACC0000539,CUST000829,SAVINGS,EUR,3668.55,5/26/2025 21:19,ACTIVE
ACC0000540,CUST009632,CHECKING,AUD,548.8,9/26/2021 22:55,ACTIVE
ACC0000541,CUST005104,SAVINGS,GBP,2989.41,2/26/2024 14:24,ACTIVE
ACC0000542,CUST001921,BUSINESS,INR,282.69,10/30/2023 0:23,ACTIVE
ACC0000543,CUST000302,CHECKING,EUR,2070.95,4/12/2024 20:08,SUSPENDED
ACC0000544,CUST008945,CHECKING,EUR,6185,4/3/2022 9:13,ACTIVE
ACC0000545,CUST001335,BUSINESS,AED,56.49,9/27/2024 12:35,ACTIVE
ACC0000546,CUST003425,BUSINESS,EUR,421.46,4/15/2023 5:48,ACTIVE
ACC0000547,CUST006450,CHECKING,EUR,2191.82,12/7/2024 4:59,CLOSED
ACC0000548,CUST000654,CHECKING,EUR,859.5,9/7/2022 9:30,SUSPENDED
ACC0000549,CUST006091,BUSINESS,PKR,1711.93,11/4/2023 0:47,SUSPENDED
ACC0000550,CUST006543,BUSINESS,EUR,531.24,6/30/2024 23:56,ACTIVE
ACC0000551,CUST000345,BUSINESS,EUR,1216.71,4/6/2022 0:20,ACTIVE
ACC0000552,CUST008752,BUSINESS,GBP,909.77,4/4/2026 11:11,ACTIVE
ACC0000553,CUST002484,SAVINGS,EUR,4453.02,7/5/2023 2:55,ACTIVE
ACC0000554,CUST002580,BUSINESS,PKR,1488.17,4/12/2022 15:41,CLOSED
ACC0000555,CUST005537,CHECKING,EUR,1644.39,8/7/2023 16:44,ACTIVE
ACC0000556,CUST004629,BUSINESS,PKR,668.98,12/8/2022 0:09,ACTIVE
ACC0000557,CUST009836,CHECKING,AED,610.86,6/15/2022 16:10,ACTIVE
ACC0000558,CUST003879,SAVINGS,USD,652.58,2/16/2026 18:01,CLOSED
ACC0000559,CUST006841,CHECKING,USD,1760.48,8/1/2022 12:05,ACTIVE
ACC0000560,CUST000910,CHECKING,PKR,661.7,11/8/2024 17:33,SUSPENDED
ACC0000561,CUST007675,SAVINGS,INR,1552.67,9/3/2025 18:28,ACTIVE
ACC0000562,CUST000339,BUSINESS,EUR,13233.16,12/26/2021 21:42,SUSPENDED
ACC0000563,CUST000876,SAVINGS,GBP,3119.26,3/19/2024 21:36,ACTIVE
ACC0000564,CUST000698,BUSINESS,USD,741.57,8/11/2026 11:27,CLOSED
ACC0000565,CUST009915,BUSINESS,PKR,4635.3,7/14/2022 9:26,ACTIVE
ACC0000566,CUST000698,BUSINESS,USD,672.03,9/15/2024 11:42,ACTIVE
ACC0000567,CUST000673,BUSINESS,EUR,95.04,12/29/2024 0:31,CLOSED
ACC0000568,CUST001925,BUSINESS,EUR,327.11,7/28/2022 8:30,CLOSED
ACC0000569,CUST001519,BUSINESS,EUR,116.17,9/29/2021 4:46,CLOSED
ACC0000570,CUST004623,CHECKING,JPY,719.23,2/22/2022 18:16,ACTIVE
ACC0000571,CUST001506,CHECKING,EUR,1121.14,10/15/2025 5:31,CLOSED
ACC0000572,CUST002380,SAVINGS,EUR,8198.65,9/26/2022 21:07,ACTIVE
ACC0000573,CUST001643,CHECKING,EUR,1623.46,4/28/2025 3:36,ACTIVE
ACC0000574,CUST008801,SAVINGS,GBP,843.09,3/5/2022 19:09,SUSPENDED
ACC0000575,CUST005547,BUSINESS,JPY,2966.94,8/13/2025 8:57,ACTIVE
ACC0000576,CUST005619,CHECKING,GBP,77.22,11/20/2024 8:46,ACTIVE
ACC0000577,CUST003949,CHECKING,EUR,1454.97,1/3/2026 17:53,CLOSED
ACC0000578,CUST001955,CHECKING,EUR,2765.67,8/22/2024 1:56,SUSPENDED
ACC0000579,CUST006608,CHECKING,GBP,185.99,4/2/2022 10:17,ACTIVE
ACC0000580,CUST007452,BUSINESS,AED,4326.46,3/25/2025 5:42,CLOSED
ACC0000581,CUST002604,CHECKING,EUR,1646.15,2/15/2024 22:45,ACTIVE
ACC0000582,CUST005138,CHECKING,EUR,666.24,2/17/2022 13:46,SUSPENDED
ACC0000583,CUST007707,BUSINESS,EUR,2343.35,4/6/2025 8:49,ACTIVE
ACC0000584,CUST007800,SAVINGS,SGD,16727.87,2/6/2024 1:50,ACTIVE
ACC0000585,CUST005954,BUSINESS,EUR,1364.09,12/6/2021 23:59,ACTIVE
ACC0000586,CUST004855,SAVINGS,JPY,1477.14,2/1/2022 10:14,CLOSED
ACC0000587,CUST000930,BUSINESS,PKR,631.92,7/5/2024 23:46,CLOSED
ACC0000588,CUST002255,BUSINESS,EUR,395.51,5/4/2026 0:56,ACTIVE
ACC0000589,CUST001310,SAVINGS,EUR,2970.25,2/5/2024 20:51,ACTIVE
ACC0000590,CUST004740,SAVINGS,USD,392.56,2/25/2024 22:39,CLOSED
ACC0000591,CUST001204,BUSINESS,USD,1194.97,8/7/2024 17:38,SUSPENDED
ACC0000592,CUST005554,BUSINESS,AUD,618.2,7/11/2022 13:47,ACTIVE
ACC0000593,CUST009447,SAVINGS,EUR,1948.42,10/16/2022 18:12,ACTIVE
ACC0000594,CUST007962,SAVINGS,EUR,1636.63,12/4/2025 1:39,ACTIVE
ACC0000595,CUST002168,SAVINGS,EUR,3808.72,2/8/2023 19:09,ACTIVE
ACC0000596,CUST004067,SAVINGS,EUR,594.65,10/1/2025 21:28,CLOSED
ACC0000597,CUST009441,SAVINGS,PKR,793.26,11/3/2022 19:47,ACTIVE
ACC0000598,CUST005953,CHECKING,EUR,338.82,11/16/2023 3:21,ACTIVE
ACC0000599,CUST002259,BUSINESS,EUR,643.45,1/4/2023 2:42,ACTIVE
ACC0000600,CUST001208,BUSINESS,EUR,1724.62,3/15/2026 15:04,SUSPENDED
ACC0000601,CUST004935,CHECKING,EUR,2720,4/12/2026 10:25,ACTIVE
ACC0000602,CUST006128,SAVINGS,AUD,362.64,4/16/2022 16:19,SUSPENDED
ACC0000603,CUST007347,CHECKING,USD,3113.58,8/2/2022 16:22,ACTIVE
ACC0000604,CUST006362,BUSINESS,GBP,5579,3/30/2025 20:30,ACTIVE
ACC0000605,CUST000794,SAVINGS,AUD,1801.04,4/30/2025 6:27,ACTIVE
ACC0000606,CUST006445,CHECKING,USD,10427.01,1/23/2024 22:56,ACTIVE
ACC0000607,CUST006492,SAVINGS,JPY,433.31,9/11/2025 9:54,ACTIVE
ACC0000608,CUST007111,CHECKING,AUD,246.27,1/11/2023 16:15,ACTIVE
ACC0000609,CUST000722,CHECKING,AED,129.74,12/11/2023 17:49,CLOSED
ACC0000610,CUST008699,BUSINESS,EUR,6602.83,2/10/2026 22:11,ACTIVE
ACC0000611,CUST007028,SAVINGS,EUR,2404.84,9/29/2023 23:07,ACTIVE
ACC0000612,CUST008930,BUSINESS,INR,1025.87,12/19/2022 17:29,ACTIVE
ACC0000613,CUST000180,CHECKING,EUR,1534.5,5/2/2024 0:15,SUSPENDED
ACC0000614,CUST000718,BUSINESS,SGD,284.12,5/20/2024 18:50,ACTIVE
ACC0000615,CUST002702,CHECKING,USD,20638.27,11/11/2025 7:24,CLOSED
ACC0000616,CUST003888,BUSINESS,EUR,1280.58,3/14/2024 16:55,ACTIVE
ACC0000617,CUST002346,SAVINGS,AUD,1250.47,5/4/2026 18:12,ACTIVE
ACC0000618,CUST000382,BUSINESS,EUR,2619.97,10/4/2024 21:14,ACTIVE
ACC0000619,CUST005554,CHECKING,AUD,1953.17,7/28/2022 16:55,CLOSED
ACC0000620,CUST003278,SAVINGS,JPY,1434.63,7/6/2023 14:59,ACTIVE
ACC0000621,CUST009314,SAVINGS,CAD,424.72,5/27/2023 20:33,CLOSED
ACC0000622,CUST009789,SAVINGS,EUR,1930.94,11/23/2025 15:58,ACTIVE
ACC0000623,CUST001837,BUSINESS,EUR,10492.64,8/22/2024 3:23,CLOSED
ACC0000624,CUST003059,SAVINGS,EUR,5511.01,8/4/2026 14:09,ACTIVE
ACC0000625,CUST000812,BUSINESS,AUD,7419.18,7/28/2026 2:57,CLOSED
ACC0000626,CUST008740,SAVINGS,CAD,593.8,5/3/2023 11:38,ACTIVE
ACC0000627,CUST002180,SAVINGS,EUR,334.45,7/21/2023 3:20,ACTIVE
ACC0000628,CUST008078,SAVINGS,EUR,942.99,10/28/2023 17:21,CLOSED
ACC0000629,CUST005271,SAVINGS,CAD,1172.47,10/9/2024 2:28,ACTIVE
ACC0000630,CUST009676,CHECKING,SGD,4076.65,5/6/2026 14:50,ACTIVE
ACC0000631,CUST005227,SAVINGS,CAD,143.89,3/29/2023 13:12,CLOSED
ACC0000632,CUST009124,BUSINESS,AUD,6873.72,5/31/2023 2:44,ACTIVE
ACC0000633,CUST004675,SAVINGS,EUR,907.23,4/24/2026 23:57,ACTIVE
ACC0000634,CUST008419,CHECKING,EUR,657.04,3/8/2026 20:18,ACTIVE
ACC0000635,CUST009134,CHECKING,EUR,325.54,5/27/2022 3:06,CLOSED
ACC0000636,CUST009193,CHECKING,PKR,150.53,12/2/2025 11:48,CLOSED
ACC0000637,CUST008979,BUSINESS,EUR,2944.83,10/21/2025 19:41,ACTIVE
ACC0000638,CUST005700,BUSINESS,EUR,1197.49,8/7/2022 18:42,ACTIVE
ACC0000639,CUST008674,CHECKING,INR,233.24,1/10/2025 20:22,ACTIVE
ACC0000640,CUST004637,SAVINGS,PKR,231.81,10/19/2023 20:01,ACTIVE
ACC0000641,CUST006655,CHECKING,EUR,732.94,11/28/2024 3:30,ACTIVE
ACC0000642,CUST009784,BUSINESS,EUR,8126.01,5/20/2025 18:36,ACTIVE
ACC0000643,CUST002448,CHECKING,EUR,803.11,7/30/2024 20:51,ACTIVE
ACC0000644,CUST008111,CHECKING,INR,180.59,4/29/2025 19:52,ACTIVE
ACC0000645,CUST006675,SAVINGS,GBP,816.57,6/6/2026 5:21,ACTIVE
ACC0000646,CUST003846,SAVINGS,INR,790.55,10/21/2022 22:41,ACTIVE
ACC0000647,CUST006882,CHECKING,EUR,43.11,3/12/2023 19:35,ACTIVE
ACC0000648,CUST008877,SAVINGS,AUD,1027.46,4/14/2024 10:25,ACTIVE
ACC0000649,CUST007335,CHECKING,AED,831.21,7/12/2025 18:45,ACTIVE
ACC0000650,CUST007355,BUSINESS,PKR,2528.67,2/8/2025 11:28,ACTIVE
ACC0000651,CUST006908,SAVINGS,PKR,10084.42,1/24/2026 10:05,ACTIVE
ACC0000652,CUST002148,CHECKING,EUR,4238.13,12/2/2021 23:45,ACTIVE
ACC0000653,CUST001031,SAVINGS,AED,794.2,9/1/2025 5:31,SUSPENDED
ACC0000654,CUST005983,CHECKING,EUR,290.66,10/22/2022 16:02,ACTIVE
ACC0000655,CUST006136,CHECKING,EUR,24053.4,6/15/2024 1:35,CLOSED
ACC0000656,CUST000072,CHECKING,JPY,1177.4,8/21/2025 1:01,ACTIVE
ACC0000657,CUST003775,BUSINESS,USD,1115.12,7/3/2026 2:38,CLOSED
ACC0000658,CUST001478,SAVINGS,EUR,1065.34,5/31/2025 7:12,ACTIVE
ACC0000659,CUST001539,SAVINGS,EUR,1390.89,9/5/2024 22:15,ACTIVE
ACC0000660,CUST000885,SAVINGS,CAD,922.2,4/8/2022 14:51,SUSPENDED
ACC0000661,CUST007210,BUSINESS,AUD,550.93,4/7/2023 0:12,ACTIVE
ACC0000662,CUST006119,CHECKING,EUR,568.94,6/10/2022 7:49,ACTIVE
ACC0000663,CUST004189,SAVINGS,JPY,1054.37,5/27/2024 7:33,ACTIVE
ACC0000664,CUST003428,CHECKING,EUR,571.29,1/7/2024 22:12,SUSPENDED
ACC0000665,CUST005348,SAVINGS,CAD,466.19,3/17/2025 0:04,ACTIVE
ACC0000666,CUST009293,SAVINGS,EUR,1246.03,3/31/2023 9:55,ACTIVE
ACC0000667,CUST006151,SAVINGS,EUR,807.57,4/1/2025 7:23,CLOSED
ACC0000668,CUST005987,CHECKING,AED,6666.11,11/21/2025 19:46,ACTIVE
ACC0000669,CUST005241,BUSINESS,JPY,45.55,3/29/2025 10:08,ACTIVE
ACC0000670,CUST009561,CHECKING,INR,4063.53,12/8/2022 2:47,ACTIVE
ACC0000671,CUST007541,CHECKING,INR,4891.73,7/14/2022 9:05,SUSPENDED
ACC0000672,CUST001310,BUSINESS,EUR,91.1,6/30/2023 20:58,SUSPENDED
ACC0000673,CUST009431,BUSINESS,AUD,726.89,5/4/2025 9:58,ACTIVE
ACC0000674,CUST007123,BUSINESS,CAD,702.24,10/2/2021 15:50,ACTIVE
ACC0000675,CUST006630,BUSINESS,SGD,202.55,5/2/2025 17:41,ACTIVE
ACC0000676,CUST007040,SAVINGS,EUR,431.22,11/26/2022 21:11,ACTIVE
ACC0000677,CUST002017,BUSINESS,SGD,289.26,1/28/2024 9:40,ACTIVE
ACC0000678,CUST003192,SAVINGS,EUR,8979.72,12/29/2023 18:13,CLOSED
ACC0000679,CUST009950,SAVINGS,INR,3370.49,12/1/2023 16:05,ACTIVE
ACC0000680,CUST009168,SAVINGS,GBP,5043.55,8/9/2025 11:14,ACTIVE
ACC0000681,CUST008962,CHECKING,EUR,2607.13,3/17/2023 16:16,ACTIVE
ACC0000682,CUST007680,CHECKING,SGD,282.91,11/21/2025 17:01,ACTIVE
ACC0000683,CUST003980,BUSINESS,JPY,584.39,10/19/2022 9:44,CLOSED
ACC0000684,CUST007836,SAVINGS,EUR,1972.88,4/18/2024 20:12,CLOSED
ACC0000685,CUST001454,BUSINESS,PKR,253.01,8/31/2024 1:02,ACTIVE
ACC0000686,CUST004004,CHECKING,AED,2580.14,5/23/2024 9:00,CLOSED
ACC0000687,CUST001643,BUSINESS,EUR,821.89,10/14/2025 15:57,ACTIVE
ACC0000688,CUST002687,CHECKING,EUR,699.39,12/18/2024 12:28,SUSPENDED
ACC0000689,CUST005897,SAVINGS,EUR,2573.83,8/24/2026 3:54,ACTIVE
ACC0000690,CUST003964,CHECKING,INR,1868.92,8/14/2026 16:30,ACTIVE
ACC0000691,CUST002354,BUSINESS,EUR,711.12,3/12/2026 8:35,CLOSED
ACC0000692,CUST009892,BUSINESS,CAD,4408.09,11/24/2025 9:19,ACTIVE
ACC0000693,CUST003485,BUSINESS,EUR,299.68,4/22/2024 12:19,ACTIVE
ACC0000694,CUST003447,BUSINESS,INR,2296.46,3/22/2022 16:03,ACTIVE
ACC0000695,CUST004737,SAVINGS,EUR,2234.39,7/16/2022 17:12,ACTIVE
ACC0000696,CUST003049,BUSINESS,AUD,756.38,1/28/2024 13:40,ACTIVE
ACC0000697,CUST005279,CHECKING,EUR,1621.91,2/22/2026 11:29,ACTIVE
ACC0000698,CUST006469,SAVINGS,PKR,244.37,10/9/2023 22:11,ACTIVE
ACC0000699,CUST009728,BUSINESS,EUR,3323.7,5/15/2023 22:10,ACTIVE
ACC0000700,CUST004232,CHECKING,EUR,878.41,7/17/2023 18:33,ACTIVE
ACC0000701,CUST007757,CHECKING,EUR,585.66,1/11/2025 9:39,SUSPENDED
ACC0000702,CUST002613,CHECKING,INR,3861.5,6/7/2023 10:12,CLOSED
ACC0000703,CUST008765,SAVINGS,PKR,470.97,6/19/2026 6:14,CLOSED
ACC0000704,CUST002306,CHECKING,EUR,202.32,4/27/2025 10:40,ACTIVE
ACC0000705,CUST003905,BUSINESS,GBP,169.36,11/27/2021 2:56,ACTIVE
ACC0000706,CUST000356,BUSINESS,EUR,2269.27,3/21/2022 18:20,ACTIVE
ACC0000707,CUST004119,BUSINESS,SGD,235.92,4/20/2024 12:05,ACTIVE
ACC0000708,CUST001070,SAVINGS,GBP,9006.96,12/17/2023 12:53,SUSPENDED
ACC0000709,CUST003095,CHECKING,EUR,90.17,11/3/2025 0:20,ACTIVE
ACC0000710,CUST008459,SAVINGS,AED,8397.99,8/12/2022 10:42,ACTIVE
ACC0000711,CUST002266,CHECKING,PKR,1412.65,9/30/2024 19:44,ACTIVE
ACC0000712,CUST008105,BUSINESS,SGD,976.47,7/25/2026 17:52,ACTIVE
ACC0000713,CUST009907,BUSINESS,INR,570.26,7/12/2026 8:36,SUSPENDED
ACC0000714,CUST002447,BUSINESS,PKR,1770.4,7/19/2025 16:09,ACTIVE
ACC0000715,CUST007918,SAVINGS,EUR,1048.21,11/12/2025 14:15,ACTIVE
ACC0000716,CUST001378,SAVINGS,JPY,4121.46,4/16/2022 3:57,ACTIVE
ACC0000717,CUST005605,CHECKING,AUD,1257.74,7/18/2026 2:55,ACTIVE
ACC0000718,CUST000944,SAVINGS,PKR,1313.38,11/6/2023 18:17,ACTIVE
ACC0000719,CUST007151,BUSINESS,EUR,708.87,12/22/2023 10:08,CLOSED
ACC0000720,CUST009984,BUSINESS,EUR,1024.2,6/10/2024 11:21,ACTIVE
ACC0000721,CUST003306,BUSINESS,INR,1586.62,9/28/2024 20:20,ACTIVE
ACC0000722,CUST002037,CHECKING,AUD,140.86,12/27/2024 8:19,ACTIVE
ACC0000723,CUST006445,SAVINGS,USD,217.5,4/26/2022 11:57,ACTIVE
ACC0000724,CUST003498,BUSINESS,SGD,2675.57,11/21/2023 21:27,ACTIVE
ACC0000725,CUST003020,SAVINGS,EUR,1346.2,12/23/2021 12:52,CLOSED
ACC0000726,CUST002467,CHECKING,JPY,879.38,7/6/2025 23:54,ACTIVE
ACC0000727,CUST007363,SAVINGS,JPY,1121.16,7/5/2025 1:28,ACTIVE
ACC0000728,CUST003578,CHECKING,PKR,1664.2,4/11/2024 7:00,ACTIVE
ACC0000729,CUST006786,BUSINESS,INR,573.8,5/14/2022 3:48,SUSPENDED
ACC0000730,CUST000554,SAVINGS,EUR,430.97,12/21/2025 13:51,ACTIVE
ACC0000731,CUST004895,BUSINESS,AED,1387.16,1/17/2024 1:14,ACTIVE
ACC0000732,CUST000464,SAVINGS,EUR,338.98,7/11/2022 19:44,ACTIVE
ACC0000733,CUST003397,BUSINESS,AUD,1789.88,11/10/2022 21:09,ACTIVE
ACC0000734,CUST000858,CHECKING,GBP,142.15,11/19/2024 10:22,ACTIVE
ACC0000735,CUST000567,SAVINGS,USD,3770.59,10/17/2023 12:33,SUSPENDED
ACC0000736,CUST005132,CHECKING,USD,1933.56,11/23/2021 3:04,SUSPENDED
ACC0000737,CUST008249,SAVINGS,EUR,1491.05,6/2/2024 1:51,ACTIVE
ACC0000738,CUST004714,CHECKING,EUR,3566.1,10/1/2023 21:12,CLOSED
ACC0000739,CUST000616,BUSINESS,USD,8091.5,9/23/2024 5:15,ACTIVE
ACC0000740,CUST004875,BUSINESS,EUR,3704.28,10/19/2022 13:55,ACTIVE
ACC0000741,CUST002168,SAVINGS,EUR,120.42,7/13/2023 4:37,ACTIVE
ACC0000742,CUST000304,BUSINESS,JPY,236.16,2/18/2023 0:07,CLOSED
ACC0000743,CUST007117,SAVINGS,USD,518.13,10/18/2022 13:03,ACTIVE
ACC0000744,CUST008296,CHECKING,AUD,1131.51,8/1/2025 14:04,ACTIVE
ACC0000745,CUST007430,SAVINGS,USD,2040.99,2/5/2025 21:52,ACTIVE
ACC0000746,CUST006083,BUSINESS,JPY,459.03,8/23/2026 4:39,ACTIVE
ACC0000747,CUST007041,CHECKING,CAD,1372.13,10/12/2025 11:37,ACTIVE
ACC0000748,CUST000656,CHECKING,AED,442.99,4/9/2023 6:24,CLOSED
ACC0000749,CUST006633,CHECKING,AUD,526.46,2/24/2022 18:10,SUSPENDED
ACC0000750,CUST005847,BUSINESS,INR,202.76,6/1/2024 23:54,ACTIVE
ACC0000751,CUST004299,SAVINGS,EUR,362.17,7/8/2025 18:42,CLOSED
ACC0000752,CUST001163,SAVINGS,GBP,216.58,3/9/2023 11:13,SUSPENDED
ACC0000753,CUST007338,SAVINGS,AED,340,8/30/2022 19:47,ACTIVE
ACC0000754,CUST009749,SAVINGS,AUD,3883.03,12/27/2025 6:25,CLOSED
ACC0000755,CUST009605,CHECKING,EUR,350.98,4/24/2025 19:22,ACTIVE
ACC0000756,CUST008565,CHECKING,USD,25818.81,1/9/2024 8:28,SUSPENDED
ACC0000757,CUST009351,BUSINESS,USD,1982.24,7/8/2024 10:21,ACTIVE
ACC0000758,CUST009410,BUSINESS,EUR,1368.96,7/13/2023 16:32,CLOSED
ACC0000759,CUST004552,BUSINESS,PKR,391.49,10/1/2022 12:30,ACTIVE
ACC0000760,CUST004222,BUSINESS,GBP,2541.15,5/9/2025 13:15,CLOSED
ACC0000761,CUST008292,SAVINGS,EUR,549.62,6/8/2022 2:46,ACTIVE
ACC0000762,CUST009655,BUSINESS,SGD,1269.54,1/25/2025 15:20,SUSPENDED
ACC0000763,CUST005161,SAVINGS,EUR,23673.26,4/19/2022 21:17,ACTIVE
ACC0000764,CUST004622,BUSINESS,EUR,977.24,8/20/2025 15:31,CLOSED
ACC0000765,CUST003401,CHECKING,AUD,4355.21,11/4/2023 1:20,ACTIVE
ACC0000766,CUST007152,SAVINGS,EUR,471.63,7/9/2026 20:33,ACTIVE
ACC0000767,CUST002090,CHECKING,INR,1051.54,6/15/2026 12:41,CLOSED
ACC0000768,CUST003645,BUSINESS,SGD,9181.64,7/16/2023 6:09,ACTIVE
ACC0000769,CUST006243,CHECKING,AED,516.79,1/6/2024 0:21,ACTIVE
ACC0000770,CUST001653,CHECKING,AUD,9652.17,8/2/2024 0:11,CLOSED
ACC0000771,CUST008980,BUSINESS,USD,2563.94,1/13/2023 14:18,CLOSED
ACC0000772,CUST008744,BUSINESS,AED,558.38,1/23/2023 13:06,ACTIVE
ACC0000773,CUST001710,SAVINGS,EUR,2342.3,6/14/2025 7:17,SUSPENDED
ACC0000774,CUST004724,BUSINESS,EUR,3522.99,7/2/2022 8:54,ACTIVE
ACC0000775,CUST003736,SAVINGS,EUR,2312.7,1/18/2026 13:30,ACTIVE
ACC0000776,CUST000067,BUSINESS,PKR,166.62,9/27/2021 22:43,ACTIVE
ACC0000777,CUST002990,BUSINESS,EUR,458.26,8/30/2024 2:05,ACTIVE
ACC0000778,CUST007159,BUSINESS,GBP,814.83,4/27/2024 6:03,CLOSED
ACC0000779,CUST002677,CHECKING,EUR,1002.93,11/23/2023 19:01,ACTIVE
ACC0000780,CUST009693,BUSINESS,AUD,2309.55,10/30/2025 3:27,CLOSED
ACC0000781,CUST004984,SAVINGS,JPY,1357.28,1/30/2022 8:48,ACTIVE
ACC0000782,CUST002829,BUSINESS,JPY,220.87,2/14/2022 7:19,ACTIVE
ACC0000783,CUST005588,SAVINGS,GBP,1730.62,3/9/2025 22:56,CLOSED
ACC0000784,CUST007555,BUSINESS,EUR,2281.76,5/27/2026 9:57,SUSPENDED
ACC0000785,CUST008056,CHECKING,EUR,2146.83,2/24/2026 15:27,SUSPENDED
ACC0000786,CUST008212,BUSINESS,AED,4011.57,10/9/2025 6:15,ACTIVE
ACC0000787,CUST002110,CHECKING,GBP,2983.07,8/30/2023 11:43,ACTIVE
ACC0000788,CUST008616,BUSINESS,AED,1902.68,9/8/2021 12:51,SUSPENDED
ACC0000789,CUST007915,CHECKING,EUR,1008.08,11/5/2022 1:41,ACTIVE
ACC0000790,CUST008957,SAVINGS,SGD,149.43,6/8/2026 11:12,ACTIVE
ACC0000791,CUST006356,BUSINESS,JPY,1836.36,3/14/2025 3:32,ACTIVE
ACC0000792,CUST006299,BUSINESS,JPY,1407.01,9/30/2022 22:57,ACTIVE
ACC0000793,CUST003276,BUSINESS,EUR,1519.13,11/10/2021 19:44,CLOSED
ACC0000794,CUST004185,BUSINESS,JPY,236.96,8/2/2024 8:03,CLOSED
ACC0000795,CUST006064,SAVINGS,EUR,299.69,2/14/2025 14:37,ACTIVE
ACC0000796,CUST007661,BUSINESS,AUD,3880.75,9/29/2023 15:38,SUSPENDED
ACC0000797,CUST009822,BUSINESS,EUR,1045.8,8/18/2023 0:04,ACTIVE
ACC0000798,CUST006413,CHECKING,JPY,2484.44,12/22/2024 6:36,CLOSED
ACC0000799,CUST005318,BUSINESS,CAD,1134.54,11/8/2023 4:43,ACTIVE
ACC0000800,CUST007272,BUSINESS,SGD,1136.5,1/21/2022 8:32,ACTIVE
ACC0000801,CUST009296,SAVINGS,AED,3381.05,7/28/2026 8:16,ACTIVE
ACC0000802,CUST008874,CHECKING,EUR,590.37,7/1/2025 4:54,ACTIVE
ACC0000803,CUST007288,CHECKING,EUR,1230.71,2/13/2025 12:32,ACTIVE
ACC0000804,CUST006472,CHECKING,SGD,629.72,11/24/2022 0:28,ACTIVE
ACC0000805,CUST008897,CHECKING,EUR,651.06,4/10/2026 14:23,SUSPENDED
ACC0000806,CUST002306,SAVINGS,EUR,756.72,1/7/2023 15:50,ACTIVE
ACC0000807,CUST006295,SAVINGS,EUR,1431.62,6/2/2025 17:17,ACTIVE
ACC0000808,CUST000122,CHECKING,EUR,617.39,5/17/2022 1:17,ACTIVE
ACC0000809,CUST005287,SAVINGS,PKR,4948.83,1/2/2023 5:49,ACTIVE
ACC0000810,CUST007367,BUSINESS,JPY,374.83,5/24/2026 9:30,SUSPENDED
ACC0000811,CUST006658,SAVINGS,AED,876.34,4/29/2026 9:12,ACTIVE
ACC0000812,CUST008180,BUSINESS,PKR,646.98,2/24/2023 2:14,SUSPENDED
ACC0000813,CUST006531,SAVINGS,CAD,6225.28,2/19/2025 19:17,ACTIVE
ACC0000814,CUST005874,SAVINGS,INR,1388.34,9/24/2023 18:40,ACTIVE
ACC0000815,CUST001637,CHECKING,EUR,3782.78,9/10/2022 20:04,ACTIVE
ACC0000816,CUST007705,SAVINGS,EUR,184.44,10/25/2021 10:57,ACTIVE
ACC0000817,CUST000094,CHECKING,INR,1510.9,6/26/2026 1:35,ACTIVE
ACC0000818,CUST006332,BUSINESS,GBP,3189.3,2/6/2025 15:43,ACTIVE
ACC0000819,CUST005531,BUSINESS,EUR,1210.44,4/17/2026 22:29,ACTIVE
ACC0000820,CUST008700,CHECKING,EUR,3938.58,7/11/2025 9:08,ACTIVE
ACC0000821,CUST000942,SAVINGS,EUR,589.49,2/12/2023 3:26,ACTIVE
ACC0000822,CUST006795,SAVINGS,EUR,5950.42,10/29/2024 23:22,ACTIVE
ACC0000823,CUST004184,SAVINGS,EUR,17303.74,3/13/2024 21:49,ACTIVE
ACC0000824,CUST002522,CHECKING,AUD,709.52,1/17/2022 0:27,ACTIVE
ACC0000825,CUST004957,SAVINGS,EUR,642.52,5/23/2025 11:03,ACTIVE
ACC0000826,CUST008394,BUSINESS,EUR,6273.32,11/3/2025 18:54,SUSPENDED
ACC0000827,CUST007739,SAVINGS,PKR,7298.96,10/18/2023 12:25,ACTIVE
ACC0000828,CUST002355,CHECKING,INR,585.56,3/27/2026 1:21,ACTIVE
ACC0000829,CUST008672,SAVINGS,EUR,662.34,2/26/2026 22:25,SUSPENDED
ACC0000830,CUST006977,CHECKING,EUR,782,4/10/2022 14:15,SUSPENDED
ACC0000831,CUST003824,SAVINGS,AUD,218.47,3/8/2025 6:37,ACTIVE
ACC0000832,CUST000687,BUSINESS,AED,364.17,12/19/2025 20:28,ACTIVE
ACC0000833,CUST007416,CHECKING,EUR,328.66,12/9/2022 20:13,ACTIVE
ACC0000834,CUST006689,CHECKING,SGD,436.44,9/27/2021 4:57,ACTIVE
ACC0000835,CUST004888,SAVINGS,EUR,1051.93,1/8/2024 22:43,ACTIVE
ACC0000836,CUST003477,BUSINESS,INR,1452.52,6/27/2023 7:04,CLOSED
ACC0000837,CUST006738,CHECKING,PKR,7048.71,1/14/2023 21:34,ACTIVE
ACC0000838,CUST000741,BUSINESS,USD,330.95,1/23/2026 13:53,ACTIVE
ACC0000839,CUST000795,BUSINESS,CAD,3573.09,6/6/2022 6:17,SUSPENDED
ACC0000840,CUST008761,CHECKING,EUR,848.28,10/18/2022 21:54,ACTIVE
ACC0000841,CUST009974,SAVINGS,AED,1033.44,7/29/2025 22:32,CLOSED
ACC0000842,CUST001134,CHECKING,GBP,2464.6,10/11/2025 8:55,ACTIVE
ACC0000843,CUST009477,CHECKING,JPY,285.07,7/3/2023 13:03,SUSPENDED
ACC0000844,CUST007099,BUSINESS,AED,1735.22,8/11/2022 21:37,ACTIVE
ACC0000845,CUST009952,SAVINGS,EUR,1339.09,7/10/2025 0:39,SUSPENDED
ACC0000846,CUST007943,BUSINESS,AED,1980.18,8/5/2025 13:02,ACTIVE
ACC0000847,CUST002211,SAVINGS,JPY,1551.54,3/2/2024 5:07,ACTIVE
ACC0000848,CUST002505,BUSINESS,AUD,20876.1,1/30/2023 9:37,ACTIVE
ACC0000849,CUST001795,CHECKING,SGD,510.15,9/29/2025 3:51,ACTIVE
ACC0000850,CUST006378,BUSINESS,INR,579.87,3/17/2026 23:46,ACTIVE
ACC0000851,CUST008629,CHECKING,EUR,519.17,11/26/2023 8:52,ACTIVE
ACC0000852,CUST005207,CHECKING,EUR,563.08,4/5/2023 16:06,ACTIVE
ACC0000853,CUST003353,SAVINGS,EUR,510.37,9/19/2025 3:43,ACTIVE
ACC0000854,CUST008064,SAVINGS,AUD,4567.95,4/13/2026 14:42,SUSPENDED
ACC0000855,CUST000233,BUSINESS,GBP,6030.62,5/26/2026 12:49,ACTIVE
ACC0000856,CUST008164,BUSINESS,INR,552.86,8/26/2025 0:16,CLOSED
ACC0000857,CUST003650,BUSINESS,GBP,403.9,1/4/2023 16:58,ACTIVE
ACC0000858,CUST000309,SAVINGS,EUR,1930.82,12/12/2023 7:41,SUSPENDED
ACC0000859,CUST008987,CHECKING,EUR,565.29,10/29/2022 23:35,ACTIVE
ACC0000860,CUST007082,CHECKING,USD,2343.78,7/28/2025 11:14,ACTIVE
ACC0000861,CUST004112,SAVINGS,SGD,1398.99,8/14/2024 19:35,ACTIVE
ACC0000862,CUST000726,CHECKING,EUR,177.88,11/29/2025 9:53,ACTIVE
ACC0000863,CUST005797,BUSINESS,USD,7023.42,5/3/2022 17:28,SUSPENDED
ACC0000864,CUST002293,SAVINGS,CAD,9462.13,12/21/2023 1:15,SUSPENDED
ACC0000865,CUST004594,BUSINESS,GBP,525.66,11/11/2021 4:27,ACTIVE
ACC0000866,CUST007679,CHECKING,CAD,688.67,11/25/2024 6:55,ACTIVE
ACC0000867,CUST002517,CHECKING,AED,1545.4,6/8/2024 12:29,ACTIVE
ACC0000868,CUST001579,BUSINESS,PKR,1638.19,2/19/2022 16:13,CLOSED
ACC0000869,CUST007210,BUSINESS,AUD,2416.93,6/20/2024 11:29,ACTIVE
ACC0000870,CUST007720,SAVINGS,EUR,12237.32,4/17/2026 21:31,SUSPENDED
ACC0000871,CUST007157,SAVINGS,EUR,886.84,9/19/2021 11:17,ACTIVE
ACC0000872,CUST009989,SAVINGS,JPY,420.75,7/6/2026 13:31,ACTIVE
ACC0000873,CUST005059,CHECKING,EUR,209.52,10/17/2024 5:44,SUSPENDED
ACC0000874,CUST006970,BUSINESS,GBP,456.18,6/22/2023 12:33,ACTIVE
ACC0000875,CUST008564,BUSINESS,EUR,1053.89,7/25/2022 10:01,ACTIVE
ACC0000876,CUST003301,CHECKING,EUR,9447.16,4/15/2025 0:57,SUSPENDED
ACC0000877,CUST008553,BUSINESS,GBP,589.26,3/7/2024 14:21,ACTIVE
ACC0000878,CUST009935,SAVINGS,AUD,1434.46,5/27/2025 5:14,CLOSED
ACC0000879,CUST008520,SAVINGS,EUR,1075.23,1/19/2022 22:03,CLOSED
ACC0000880,CUST008427,SAVINGS,INR,4564.54,10/29/2024 20:09,ACTIVE
ACC0000881,CUST009348,SAVINGS,INR,22749.97,11/22/2023 5:23,ACTIVE
ACC0000882,CUST004010,BUSINESS,EUR,579.96,4/29/2026 22:49,ACTIVE
ACC0000883,CUST002758,SAVINGS,INR,609.52,5/16/2026 12:16,ACTIVE
ACC0000884,CUST005908,BUSINESS,EUR,3839.1,8/12/2025 21:44,SUSPENDED
ACC0000885,CUST006173,BUSINESS,EUR,2485.6,7/11/2024 18:37,SUSPENDED
ACC0000886,CUST004587,CHECKING,EUR,10057.25,4/10/2023 16:44,ACTIVE
ACC0000887,CUST006882,SAVINGS,EUR,2209.92,12/13/2023 14:12,ACTIVE
ACC0000888,CUST008460,CHECKING,USD,712.55,12/15/2021 0:12,ACTIVE
ACC0000889,CUST007266,CHECKING,AED,2227.84,10/3/2025 22:13,CLOSED
ACC0000890,CUST000041,SAVINGS,EUR,4148.26,6/28/2023 11:01,ACTIVE
ACC0000891,CUST002979,BUSINESS,EUR,2935.34,3/7/2023 20:52,ACTIVE
ACC0000892,CUST001417,SAVINGS,EUR,2015.71,3/22/2026 16:17,ACTIVE
ACC0000893,CUST008678,CHECKING,GBP,3944.23,3/2/2024 18:38,ACTIVE
ACC0000894,CUST008862,BUSINESS,EUR,4461.12,8/1/2024 0:41,ACTIVE
ACC0000895,CUST004832,CHECKING,PKR,5759.41,11/5/2024 21:16,ACTIVE
ACC0000896,CUST005928,SAVINGS,EUR,2388.57,4/8/2026 11:46,SUSPENDED
ACC0000897,CUST005119,SAVINGS,INR,897.36,12/31/2025 16:56,SUSPENDED
ACC0000898,CUST008991,BUSINESS,AUD,1307.74,7/13/2026 16:02,ACTIVE
ACC0000899,CUST006888,CHECKING,AED,4664.85,8/26/2023 3:41,ACTIVE
ACC0000900,CUST002188,SAVINGS,USD,411.45,11/14/2022 12:27,CLOSED
ACC0000901,CUST002367,CHECKING,AED,1706.86,10/29/2022 22:43,CLOSED
ACC0000902,CUST007763,CHECKING,CAD,684.02,2/10/2026 11:01,ACTIVE
ACC0000903,CUST008235,BUSINESS,INR,1135.12,3/16/2022 3:18,ACTIVE
ACC0000904,CUST002483,CHECKING,INR,5085.47,9/24/2025 3:11,ACTIVE
ACC0000905,CUST007726,BUSINESS,INR,1379.28,5/23/2022 3:31,SUSPENDED
ACC0000906,CUST000928,CHECKING,JPY,1159.48,12/13/2021 10:33,CLOSED
ACC0000907,CUST007020,SAVINGS,EUR,214.47,4/26/2026 0:17,ACTIVE
ACC0000908,CUST008883,BUSINESS,EUR,2685.18,3/28/2023 19:04,CLOSED
ACC0000909,CUST007341,CHECKING,EUR,2379.35,11/12/2022 20:01,CLOSED
ACC0000910,CUST009048,SAVINGS,INR,14704.45,4/16/2026 2:30,ACTIVE
ACC0000911,CUST007318,BUSINESS,CAD,757.99,9/1/2022 10:56,ACTIVE
ACC0000912,CUST004252,CHECKING,PKR,1426.5,6/17/2026 5:18,CLOSED
ACC0000913,CUST007294,SAVINGS,EUR,1479.21,12/5/2023 20:39,ACTIVE
ACC0000914,CUST005144,SAVINGS,PKR,7280.42,2/15/2022 19:27,ACTIVE
ACC0000915,CUST009722,BUSINESS,JPY,978.13,6/23/2023 2:34,ACTIVE
ACC0000916,CUST008924,BUSINESS,GBP,1532.76,5/17/2023 20:06,SUSPENDED
ACC0000917,CUST000652,SAVINGS,EUR,2274.41,11/1/2023 12:15,CLOSED
ACC0000918,CUST003443,SAVINGS,EUR,1371.87,6/27/2026 7:23,SUSPENDED
ACC0000919,CUST001087,SAVINGS,EUR,641.8,9/24/2025 18:07,SUSPENDED
ACC0000920,CUST001062,SAVINGS,AUD,1384.24,7/16/2025 18:37,ACTIVE
ACC0000921,CUST009872,CHECKING,EUR,3977.3,9/12/2024 20:51,SUSPENDED
ACC0000922,CUST009520,SAVINGS,EUR,319.96,10/4/2023 12:48,ACTIVE
ACC0000923,CUST008355,BUSINESS,EUR,1286.35,6/12/2023 4:02,CLOSED
ACC0000924,CUST006400,CHECKING,EUR,473.36,11/30/2024 12:00,ACTIVE
ACC0000925,CUST009011,CHECKING,PKR,4601.12,5/31/2025 21:54,SUSPENDED
ACC0000926,CUST004319,BUSINESS,EUR,176.3,4/7/2026 7:51,SUSPENDED
ACC0000927,CUST007263,SAVINGS,EUR,560.76,8/14/2023 18:44,ACTIVE
ACC0000928,CUST008604,CHECKING,EUR,1724.43,9/8/2024 1:50,ACTIVE
ACC0000929,CUST000277,BUSINESS,CAD,7176.94,1/8/2026 19:11,ACTIVE
ACC0000930,CUST006531,CHECKING,CAD,1013.43,5/3/2026 3:06,ACTIVE
ACC0000931,CUST003897,BUSINESS,EUR,563.27,1/18/2024 18:28,ACTIVE
ACC0000932,CUST001783,CHECKING,AUD,10481.72,7/20/2024 10:51,ACTIVE
ACC0000933,CUST009874,CHECKING,EUR,192.94,12/24/2023 11:04,CLOSED
ACC0000934,CUST005468,BUSINESS,EUR,78.37,8/5/2026 1:29,ACTIVE
ACC0000935,CUST008966,BUSINESS,PKR,1859.42,12/3/2021 22:25,ACTIVE
ACC0000936,CUST002535,BUSINESS,EUR,600.36,4/11/2026 18:18,CLOSED
ACC0000937,CUST008848,BUSINESS,EUR,321.99,2/19/2025 18:06,CLOSED
ACC0000938,CUST006341,BUSINESS,EUR,2565.81,10/19/2025 23:15,ACTIVE
ACC0000939,CUST008369,CHECKING,EUR,1469.33,2/11/2026 10:02,ACTIVE
ACC0000940,CUST008003,CHECKING,CAD,557.3,6/14/2022 14:33,ACTIVE
ACC0000941,CUST006358,BUSINESS,INR,235.95,6/7/2023 7:38,SUSPENDED
ACC0000942,CUST000601,CHECKING,GBP,3124.25,12/6/2025 17:43,ACTIVE
ACC0000943,CUST007450,BUSINESS,PKR,2392.85,11/5/2022 19:13,ACTIVE
ACC0000944,CUST003596,SAVINGS,INR,973.59,8/17/2023 9:43,ACTIVE
ACC0000945,CUST009659,BUSINESS,AUD,10056.4,7/16/2022 10:53,ACTIVE
ACC0000946,CUST006351,BUSINESS,EUR,303.66,6/29/2022 8:44,SUSPENDED
ACC0000947,CUST003785,CHECKING,AED,175.8,2/11/2025 6:23,ACTIVE
ACC0000948,CUST008379,BUSINESS,PKR,478.05,11/24/2025 22:27,ACTIVE
ACC0000949,CUST004978,BUSINESS,EUR,1038.26,1/11/2025 5:52,ACTIVE
ACC0000950,CUST000758,CHECKING,USD,1468.52,1/15/2024 22:47,CLOSED
ACC0000951,CUST005181,CHECKING,SGD,820.99,6/29/2025 18:51,ACTIVE
ACC0000952,CUST008042,SAVINGS,SGD,1673.16,5/1/2024 10:21,ACTIVE
ACC0000953,CUST008373,BUSINESS,GBP,244.24,1/30/2026 4:40,ACTIVE
ACC0000954,CUST008497,BUSINESS,EUR,6201.32,10/9/2023 5:03,ACTIVE
ACC0000955,CUST003130,SAVINGS,EUR,993.68,9/21/2023 4:00,ACTIVE
ACC0000956,CUST007309,CHECKING,SGD,4191.25,9/4/2024 20:32,ACTIVE
ACC0000957,CUST007246,CHECKING,SGD,1654.53,11/11/2024 7:42,CLOSED
ACC0000958,CUST001664,CHECKING,INR,1897.14,11/15/2024 21:16,CLOSED
ACC0000959,CUST003573,CHECKING,JPY,2172.69,9/29/2023 11:19,ACTIVE
ACC0000960,CUST005395,SAVINGS,EUR,1876.66,1/22/2026 6:36,CLOSED
ACC0000961,CUST000700,BUSINESS,CAD,2371.47,1/13/2026 13:57,ACTIVE
ACC0000962,CUST007209,BUSINESS,AED,5404.48,1/24/2023 9:13,ACTIVE
ACC0000963,CUST005857,CHECKING,GBP,1388.29,12/27/2025 13:00,CLOSED
ACC0000964,CUST001534,BUSINESS,EUR,2567.8,1/21/2023 10:56,ACTIVE
ACC0000965,CUST009888,BUSINESS,EUR,984.68,3/10/2023 17:03,CLOSED
ACC0000966,CUST003648,BUSINESS,AUD,6174.24,6/12/2025 20:29,ACTIVE
ACC0000967,CUST004591,SAVINGS,USD,487.03,9/21/2021 20:06,ACTIVE
ACC0000968,CUST005099,SAVINGS,SGD,9519.79,1/16/2025 8:53,SUSPENDED
ACC0000969,CUST008805,CHECKING,AUD,1045.04,8/2/2026 21:39,ACTIVE
ACC0000970,CUST001251,SAVINGS,USD,196.97,8/31/2025 8:43,ACTIVE
ACC0000971,CUST005056,SAVINGS,EUR,1278.86,11/23/2025 5:56,ACTIVE
ACC0000972,CUST001678,CHECKING,JPY,484.32,7/12/2025 8:02,ACTIVE
ACC0000973,CUST005288,CHECKING,EUR,3007.22,10/12/2025 13:19,ACTIVE
ACC0000974,CUST006564,BUSINESS,CAD,501.12,8/29/2023 6:00,ACTIVE
ACC0000975,CUST001866,SAVINGS,INR,641.99,12/6/2021 13:07,CLOSED
ACC0000976,CUST006448,BUSINESS,GBP,113.58,3/6/2026 19:59,SUSPENDED
ACC0000977,CUST001224,BUSINESS,INR,637.29,4/21/2024 15:00,ACTIVE
ACC0000978,CUST009549,BUSINESS,EUR,59.82,3/8/2023 15:42,ACTIVE
ACC0000979,CUST007379,BUSINESS,JPY,163.91,7/29/2026 10:36,ACTIVE
ACC0000980,CUST008811,CHECKING,EUR,2731.2,12/13/2025 16:24,ACTIVE
ACC0000981,CUST003804,BUSINESS,INR,2815.68,4/24/2024 12:31,ACTIVE
ACC0000982,CUST004375,SAVINGS,EUR,1827.22,3/1/2022 4:54,ACTIVE
ACC0000983,CUST008395,SAVINGS,AED,343.65,6/25/2025 1:06,ACTIVE
ACC0000984,CUST006751,SAVINGS,SGD,1035.61,5/16/2025 13:26,SUSPENDED
ACC0000985,CUST004808,CHECKING,JPY,1091.9,12/24/2021 14:30,ACTIVE
ACC0000986,CUST006935,BUSINESS,PKR,273.13,11/3/2022 6:52,ACTIVE
ACC0000987,CUST004886,CHECKING,EUR,6661.35,6/15/2023 22:17,ACTIVE
ACC0000988,CUST007078,CHECKING,SGD,3142.69,4/30/2025 1:41,ACTIVE
ACC0000989,CUST005232,SAVINGS,EUR,841.21,3/27/2026 14:10,ACTIVE
ACC0000990,CUST008170,BUSINESS,CAD,1132.59,5/29/2022 20:49,CLOSED
ACC0000991,CUST003413,CHECKING,EUR,1408.19,2/7/2022 12:26,ACTIVE
ACC0000992,CUST009541,SAVINGS,CAD,94.62,11/8/2023 21:26,ACTIVE
ACC0000993,CUST007423,BUSINESS,AED,815.16,3/30/2025 22:03,ACTIVE
ACC0000994,CUST009854,BUSINESS,INR,483.77,8/14/2023 11:26,CLOSED
ACC0000995,CUST002414,BUSINESS,AUD,329.66,12/10/2024 11:15,ACTIVE
ACC0000996,CUST003827,CHECKING,EUR,782.65,9/23/2023 21:54,SUSPENDED
ACC0000997,CUST006448,BUSINESS,GBP,9482.69,11/7/2022 23:27,CLOSED
ACC0000998,CUST003415,BUSINESS,EUR,2366.13,10/23/2021 17:37,ACTIVE
ACC0000999,CUST002240,BUSINESS,INR,552.57,5/25/2022 5:20,ACTIVE
ACC0001000,CUST005431,BUSINESS,SGD,2180.04,7/30/2024 17:02,ACTIVE
ACC0001001,CUST004986,BUSINESS,GBP,5879.5,3/12/2024 0:57,ACTIVE
ACC0001002,CUST003716,CHECKING,EUR,3326.12,11/4/2024 12:16,ACTIVE
ACC0001003,CUST004917,CHECKING,USD,1177.98,4/3/2022 21:16,ACTIVE
ACC0001004,CUST006109,CHECKING,CAD,504.55,10/5/2022 7:25,SUSPENDED
ACC0001005,CUST005685,BUSINESS,JPY,2534.79,4/8/2022 10:38,CLOSED
ACC0001006,CUST004167,BUSINESS,INR,1758.44,10/29/2023 17:11,ACTIVE
ACC0001007,CUST009554,SAVINGS,SGD,3210.66,8/21/2026 8:21,ACTIVE
ACC0001008,CUST000393,SAVINGS,GBP,2350.08,6/4/2022 1:33,ACTIVE
ACC0001009,CUST004914,SAVINGS,PKR,3864.02,2/22/2023 10:09,ACTIVE
ACC0001010,CUST007716,BUSINESS,AED,576.93,3/13/2023 16:59,ACTIVE
ACC0001011,CUST006370,CHECKING,AED,5328.75,3/19/2026 12:07,CLOSED
ACC0001012,CUST002005,SAVINGS,GBP,1390.08,3/5/2025 23:53,CLOSED
ACC0001013,CUST009377,SAVINGS,EUR,13230.94,6/12/2025 14:23,SUSPENDED
ACC0001014,CUST004644,BUSINESS,AED,479.61,4/5/2023 12:56,ACTIVE
ACC0001015,CUST007980,SAVINGS,AED,8805.72,7/14/2022 6:57,CLOSED
ACC0001016,CUST009991,CHECKING,EUR,1390.6,11/11/2023 17:58,ACTIVE
ACC0001017,CUST001043,SAVINGS,EUR,501.85,9/4/2022 9:19,ACTIVE
ACC0001018,CUST005517,CHECKING,INR,613.6,7/22/2026 21:41,ACTIVE
ACC0001019,CUST002713,CHECKING,EUR,746.64,10/29/2023 16:11,SUSPENDED
ACC0001020,CUST001541,SAVINGS,EUR,1824.39,7/14/2026 5:07,SUSPENDED
ACC0001021,CUST009041,CHECKING,EUR,2053.71,12/1/2022 13:43,CLOSED
ACC0001022,CUST004697,CHECKING,EUR,550.9,3/7/2025 19:00,ACTIVE
ACC0001023,CUST004913,SAVINGS,EUR,1065.05,5/12/2024 12:57,CLOSED
ACC0001024,CUST007857,SAVINGS,EUR,14338.8,7/13/2022 9:45,CLOSED
ACC0001025,CUST000960,BUSINESS,CAD,8717.19,8/27/2022 9:45,SUSPENDED
ACC0001026,CUST004181,BUSINESS,EUR,1851.2,3/3/2026 23:36,ACTIVE
ACC0001027,CUST007977,SAVINGS,EUR,1147.8,6/19/2024 6:28,ACTIVE
ACC0001028,CUST000424,BUSINESS,INR,1266.53,12/8/2025 3:12,ACTIVE
ACC0001029,CUST009691,BUSINESS,GBP,2289.8,2/14/2022 0:49,ACTIVE
ACC0001030,CUST008783,SAVINGS,EUR,321.39,2/26/2023 14:40,ACTIVE
ACC0001031,CUST003955,CHECKING,EUR,805.25,9/13/2021 23:41,ACTIVE
ACC0001032,CUST002484,SAVINGS,EUR,148.07,3/11/2023 5:54,CLOSED
ACC0001033,CUST005700,BUSINESS,EUR,1770.59,6/16/2023 20:01,ACTIVE
ACC0001034,CUST009424,BUSINESS,AED,2384.24,6/7/2022 18:24,CLOSED
ACC0001035,CUST009587,SAVINGS,JPY,614.11,5/28/2024 11:05,CLOSED
ACC0001036,CUST003067,CHECKING,SGD,7250.2,1/24/2023 11:01,SUSPENDED
ACC0001037,CUST003091,SAVINGS,EUR,251.91,7/6/2022 20:17,ACTIVE
ACC0001038,CUST007413,SAVINGS,EUR,189.19,4/17/2026 14:16,ACTIVE
ACC0001039,CUST009827,BUSINESS,INR,1435.61,10/5/2021 2:50,ACTIVE
ACC0001040,CUST006808,SAVINGS,AED,3852.66,6/29/2026 10:57,ACTIVE
ACC0001041,CUST001278,CHECKING,SGD,8272.68,2/21/2025 17:34,ACTIVE
ACC0001042,CUST005136,BUSINESS,EUR,632.28,3/30/2022 10:56,ACTIVE
ACC0001043,CUST003941,SAVINGS,EUR,4001.47,12/23/2022 13:52,ACTIVE
ACC0001044,CUST000526,CHECKING,EUR,1047.11,4/16/2024 2:00,ACTIVE
ACC0001045,CUST002190,BUSINESS,EUR,891.45,12/18/2022 0:20,CLOSED
ACC0001046,CUST003608,SAVINGS,AUD,3166.53,3/5/2022 8:20,SUSPENDED
ACC0001047,CUST009641,BUSINESS,EUR,2398.95,8/9/2022 1:19,ACTIVE
ACC0001048,CUST001186,CHECKING,EUR,165.39,4/28/2026 6:20,CLOSED
ACC0001049,CUST007172,SAVINGS,AUD,6450.08,3/6/2024 21:08,SUSPENDED
ACC0001050,CUST003617,SAVINGS,JPY,5745.14,8/14/2023 10:25,ACTIVE
ACC0001051,CUST005867,BUSINESS,CAD,517.66,5/29/2024 19:19,CLOSED
ACC0001052,CUST000265,CHECKING,EUR,1763.34,9/7/2025 23:01,ACTIVE
ACC0001053,CUST007412,BUSINESS,CAD,1983.93,7/24/2023 7:04,ACTIVE
ACC0001054,CUST005365,CHECKING,EUR,1499.38,10/1/2021 19:30,CLOSED
ACC0001055,CUST004988,SAVINGS,EUR,566.59,1/29/2026 7:44,ACTIVE
ACC0001056,CUST001971,SAVINGS,EUR,489.83,2/9/2022 3:04,ACTIVE
ACC0001057,CUST000441,BUSINESS,PKR,1063.52,2/18/2025 18:48,ACTIVE
ACC0001058,CUST003462,CHECKING,AED,4479.54,5/13/2024 17:32,ACTIVE
ACC0001059,CUST001027,SAVINGS,USD,2105.53,8/27/2025 7:55,ACTIVE
ACC0001060,CUST006480,SAVINGS,INR,702.93,11/21/2022 9:53,ACTIVE
ACC0001061,CUST005033,CHECKING,CAD,2768.44,10/3/2025 4:04,ACTIVE
ACC0001062,CUST000861,CHECKING,JPY,35.94,4/3/2023 5:04,SUSPENDED
ACC0001063,CUST006288,CHECKING,EUR,4352.56,1/26/2026 2:22,ACTIVE
ACC0001064,CUST002102,SAVINGS,EUR,135.96,1/20/2022 19:36,ACTIVE
ACC0001065,CUST001090,BUSINESS,EUR,709.86,7/12/2022 17:44,SUSPENDED
ACC0001066,CUST005845,BUSINESS,JPY,286.12,3/10/2025 14:44,CLOSED
ACC0001067,CUST006249,BUSINESS,EUR,231.92,7/11/2024 12:24,CLOSED
ACC0001068,CUST005487,SAVINGS,INR,4416.01,5/8/2026 12:02,SUSPENDED
ACC0001069,CUST002588,BUSINESS,EUR,625.63,4/4/2024 6:05,ACTIVE
ACC0001070,CUST007963,BUSINESS,CAD,1662.05,9/21/2024 9:48,ACTIVE
ACC0001071,CUST006155,SAVINGS,AUD,1036.59,3/17/2025 15:38,ACTIVE
ACC0001072,CUST004893,BUSINESS,AUD,1943.9,4/21/2023 1:08,ACTIVE
ACC0001073,CUST000432,CHECKING,EUR,1202.53,3/14/2023 23:22,SUSPENDED
ACC0001074,CUST005299,CHECKING,EUR,235.19,10/13/2023 1:37,ACTIVE
ACC0001075,CUST005481,SAVINGS,CAD,3624.68,8/4/2024 15:14,ACTIVE
ACC0001076,CUST003413,SAVINGS,EUR,606.37,2/6/2024 19:31,ACTIVE
ACC0001077,CUST004192,BUSINESS,JPY,169.37,9/15/2021 21:41,ACTIVE
ACC0001078,CUST007883,CHECKING,INR,656.07,9/15/2024 5:38,ACTIVE
ACC0001079,CUST008740,BUSINESS,CAD,6640.3,7/29/2023 10:16,ACTIVE
ACC0001080,CUST009383,CHECKING,EUR,3041.99,4/29/2025 0:46,ACTIVE
ACC0001081,CUST007682,CHECKING,EUR,721.71,8/27/2021 19:49,ACTIVE
ACC0001082,CUST001084,SAVINGS,PKR,721.18,1/18/2025 11:41,ACTIVE
ACC0001083,CUST004522,SAVINGS,EUR,745.49,6/7/2024 1:07,CLOSED
ACC0001084,CUST001372,SAVINGS,EUR,13254.57,3/28/2025 18:00,CLOSED
ACC0001085,CUST007901,SAVINGS,USD,1734.24,12/16/2025 9:20,SUSPENDED
ACC0001086,CUST003244,CHECKING,INR,1837.3,7/2/2022 22:11,ACTIVE
ACC0001087,CUST001521,CHECKING,PKR,3775.7,5/18/2024 10:29,ACTIVE
ACC0001088,CUST009640,SAVINGS,EUR,1460.52,11/13/2023 20:00,SUSPENDED
ACC0001089,CUST008472,SAVINGS,AED,803.64,9/20/2021 8:32,SUSPENDED
ACC0001090,CUST005191,CHECKING,EUR,866.43,1/28/2026 20:57,ACTIVE
ACC0001091,CUST002196,BUSINESS,USD,1006.34,10/1/2024 1:46,ACTIVE
ACC0001092,CUST004744,CHECKING,EUR,1048.73,12/28/2022 6:31,SUSPENDED
ACC0001093,CUST005280,SAVINGS,EUR,2625.84,6/21/2022 3:37,ACTIVE
ACC0001094,CUST007223,SAVINGS,EUR,1167.17,6/24/2025 7:34,CLOSED
ACC0001095,CUST007135,SAVINGS,CAD,2641.67,9/1/2025 8:02,ACTIVE
ACC0001096,CUST008419,CHECKING,EUR,995.4,3/13/2023 16:05,ACTIVE
ACC0001097,CUST008657,SAVINGS,PKR,1205.15,6/19/2026 5:46,SUSPENDED
ACC0001098,CUST000846,CHECKING,GBP,99.7,5/13/2025 2:34,ACTIVE
ACC0001099,CUST008781,SAVINGS,GBP,3293.13,10/3/2022 17:41,ACTIVE
ACC0001100,CUST001406,SAVINGS,EUR,1662.02,12/1/2022 10:25,ACTIVE
ACC0001101,CUST009541,CHECKING,CAD,3632.27,7/27/2026 5:41,ACTIVE
ACC0001102,CUST001509,CHECKING,CAD,33.94,3/25/2023 16:34,ACTIVE
ACC0001103,CUST003750,SAVINGS,EUR,13440.79,7/31/2023 5:19,ACTIVE
ACC0001104,CUST008764,SAVINGS,PKR,927.5,1/22/2024 4:58,ACTIVE
ACC0001105,CUST001703,CHECKING,USD,4145.67,2/25/2025 20:42,ACTIVE
ACC0001106,CUST008987,CHECKING,EUR,314.86,9/26/2025 18:32,SUSPENDED
ACC0001107,CUST007473,CHECKING,USD,2287.76,7/24/2022 7:37,ACTIVE
ACC0001108,CUST006642,BUSINESS,JPY,309.79,3/28/2026 5:43,SUSPENDED
ACC0001109,CUST005245,SAVINGS,USD,518.78,3/17/2024 3:59,ACTIVE
ACC0001110,CUST002112,SAVINGS,CAD,10903.48,12/19/2023 1:13,ACTIVE
ACC0001111,CUST000867,SAVINGS,EUR,872.34,3/12/2025 19:04,CLOSED
ACC0001112,CUST008978,BUSINESS,EUR,1423.56,4/13/2022 3:40,ACTIVE
ACC0001113,CUST002340,SAVINGS,EUR,3115.3,5/23/2025 20:54,SUSPENDED
ACC0001114,CUST003243,CHECKING,EUR,1987.87,4/6/2023 14:36,CLOSED
ACC0001115,CUST001182,SAVINGS,GBP,1313.57,11/4/2022 10:32,ACTIVE
ACC0001116,CUST002937,BUSINESS,EUR,1699.27,7/1/2025 13:26,CLOSED
ACC0001117,CUST003215,CHECKING,EUR,19615.96,3/7/2024 4:15,ACTIVE
ACC0001118,CUST000545,CHECKING,CAD,1023.37,9/20/2023 1:05,ACTIVE
ACC0001119,CUST003199,CHECKING,AED,1395.93,11/12/2021 4:15,ACTIVE
ACC0001120,CUST008229,SAVINGS,AED,3869.13,6/4/2025 22:22,ACTIVE
ACC0001121,CUST005491,BUSINESS,EUR,4132.47,1/1/2025 17:10,ACTIVE
ACC0001122,CUST005349,CHECKING,EUR,4557.08,11/30/2024 11:31,ACTIVE
ACC0001123,CUST004724,BUSINESS,EUR,2360.14,6/11/2025 13:01,ACTIVE
ACC0001124,CUST001571,SAVINGS,SGD,278.21,10/17/2023 17:30,ACTIVE
ACC0001125,CUST000448,SAVINGS,EUR,7786.27,9/10/2021 22:29,ACTIVE
ACC0001126,CUST007871,CHECKING,USD,277.1,10/4/2021 11:34,ACTIVE
ACC0001127,CUST005162,CHECKING,USD,1576.82,6/30/2022 16:45,ACTIVE
ACC0001128,CUST005239,BUSINESS,EUR,443.58,1/24/2026 5:27,SUSPENDED
ACC0001129,CUST009280,CHECKING,EUR,1015.4,3/14/2024 6:30,ACTIVE
ACC0001130,CUST001564,SAVINGS,SGD,1627.04,8/6/2025 17:39,ACTIVE
ACC0001131,CUST004094,CHECKING,CAD,1612.64,4/11/2025 15:18,CLOSED
ACC0001132,CUST008509,CHECKING,EUR,1819.48,12/5/2024 16:31,ACTIVE
ACC0001133,CUST002224,CHECKING,EUR,7604.18,8/19/2026 14:18,ACTIVE
ACC0001134,CUST000613,CHECKING,JPY,1889.83,10/4/2024 13:32,ACTIVE
ACC0001135,CUST003803,BUSINESS,AED,818.12,4/11/2023 2:07,ACTIVE
ACC0001136,CUST003018,BUSINESS,EUR,3487.38,7/30/2024 11:58,ACTIVE
ACC0001137,CUST000774,SAVINGS,EUR,4570.44,7/7/2026 2:49,ACTIVE
ACC0001138,CUST002292,BUSINESS,AUD,251.36,11/4/2024 22:09,ACTIVE
ACC0001139,CUST001567,BUSINESS,EUR,2245.94,11/6/2021 10:13,CLOSED
ACC0001140,CUST000760,CHECKING,EUR,2543.78,6/4/2025 3:35,ACTIVE
ACC0001141,CUST003404,SAVINGS,AUD,767.34,5/24/2022 5:46,SUSPENDED
ACC0001142,CUST005026,CHECKING,AED,5714.99,11/21/2022 7:49,ACTIVE
ACC0001143,CUST009436,CHECKING,EUR,915.92,12/23/2023 18:17,ACTIVE
ACC0001144,CUST003733,BUSINESS,PKR,1274.99,2/7/2022 12:43,ACTIVE
ACC0001145,CUST005958,CHECKING,GBP,890.97,4/30/2026 7:10,SUSPENDED
ACC0001146,CUST006207,CHECKING,EUR,1117.33,10/15/2023 4:12,ACTIVE
ACC0001147,CUST002594,CHECKING,USD,294.26,9/8/2025 8:21,CLOSED
ACC0001148,CUST009793,SAVINGS,INR,194.79,11/26/2024 5:05,ACTIVE
ACC0001149,CUST006746,BUSINESS,EUR,7430.93,9/12/2024 19:25,ACTIVE
ACC0001150,CUST005461,CHECKING,EUR,396.88,12/18/2022 15:21,ACTIVE
ACC0001151,CUST004986,CHECKING,GBP,333.73,11/23/2021 9:45,SUSPENDED
ACC0001152,CUST006550,SAVINGS,GBP,82.76,8/7/2024 20:50,ACTIVE
ACC0001153,CUST009985,SAVINGS,CAD,509.41,11/22/2024 19:54,ACTIVE
ACC0001154,CUST000082,CHECKING,AUD,224.14,2/17/2023 11:33,ACTIVE
ACC0001155,CUST009563,BUSINESS,SGD,7866.89,3/21/2023 10:45,ACTIVE
ACC0001156,CUST007036,CHECKING,INR,3684.1,3/7/2024 19:56,ACTIVE
ACC0001157,CUST002849,BUSINESS,JPY,480.21,7/6/2025 6:49,ACTIVE
ACC0001158,CUST009558,SAVINGS,AUD,16365.37,9/17/2022 18:52,ACTIVE
ACC0001159,CUST007165,SAVINGS,EUR,3562.15,3/7/2026 0:10,CLOSED
ACC0001160,CUST007759,BUSINESS,EUR,742.63,2/25/2022 11:24,ACTIVE
ACC0001161,CUST004534,BUSINESS,INR,54.64,3/31/2023 0:33,SUSPENDED
ACC0001162,CUST009014,BUSINESS,EUR,17139.33,1/13/2026 19:17,CLOSED
ACC0001163,CUST005907,CHECKING,EUR,206.96,2/20/2026 10:29,SUSPENDED
ACC0001164,CUST007732,CHECKING,JPY,152.25,3/31/2022 23:45,ACTIVE
ACC0001165,CUST006632,CHECKING,JPY,3740.91,2/15/2024 6:33,ACTIVE
ACC0001166,CUST002910,SAVINGS,EUR,20490.22,9/7/2023 20:37,ACTIVE
ACC0001167,CUST006078,SAVINGS,INR,5774.04,7/13/2025 1:52,SUSPENDED
ACC0001168,CUST001087,SAVINGS,EUR,2157.47,7/12/2022 5:56,ACTIVE
ACC0001169,CUST006392,CHECKING,INR,2238.82,2/28/2022 9:18,ACTIVE
ACC0001170,CUST004036,BUSINESS,GBP,3053.67,2/1/2024 19:54,SUSPENDED
ACC0001171,CUST000993,BUSINESS,AED,2726.34,5/6/2024 9:59,ACTIVE
ACC0001172,CUST006824,SAVINGS,INR,1536.76,2/5/2026 13:23,ACTIVE
ACC0001173,CUST004368,SAVINGS,CAD,1242.7,3/29/2023 16:28,ACTIVE
ACC0001174,CUST003591,CHECKING,USD,1017.28,11/17/2024 14:26,ACTIVE
ACC0001175,CUST009530,BUSINESS,PKR,443.74,2/27/2022 18:58,ACTIVE
ACC0001176,CUST002610,SAVINGS,INR,783.04,1/25/2025 18:05,ACTIVE
ACC0001177,CUST004437,SAVINGS,AUD,143.8,12/14/2021 16:43,ACTIVE
ACC0001178,CUST005207,BUSINESS,EUR,974.57,11/14/2021 17:42,ACTIVE
ACC0001179,CUST005539,CHECKING,JPY,334.85,7/8/2025 14:51,SUSPENDED
ACC0001180,CUST009512,BUSINESS,SGD,291.69,5/1/2024 8:32,CLOSED
ACC0001181,CUST006681,CHECKING,GBP,1360.86,2/12/2022 7:03,CLOSED
ACC0001182,CUST009447,BUSINESS,EUR,5827.85,7/23/2025 15:15,ACTIVE
ACC0001183,CUST004094,CHECKING,CAD,3301,7/26/2026 1:38,ACTIVE
ACC0001184,CUST003319,BUSINESS,PKR,166.57,7/6/2025 2:26,ACTIVE
ACC0001185,CUST008092,BUSINESS,PKR,334.44,7/4/2024 16:07,ACTIVE
ACC0001186,CUST004880,CHECKING,EUR,3391.15,11/18/2022 16:57,ACTIVE
ACC0001187,CUST007780,CHECKING,EUR,337.31,1/7/2023 11:02,ACTIVE
ACC0001188,CUST007499,BUSINESS,SGD,837.52,4/12/2022 12:10,CLOSED
ACC0001189,CUST006855,CHECKING,EUR,2121.89,7/11/2025 6:26,CLOSED
ACC0001190,CUST008963,CHECKING,INR,343.09,12/15/2025 21:11,ACTIVE
ACC0001191,CUST004448,CHECKING,EUR,1244.45,9/22/2021 4:49,CLOSED
ACC0001192,CUST004696,SAVINGS,PKR,221.22,2/27/2025 18:40,SUSPENDED
ACC0001193,CUST005383,BUSINESS,EUR,532.91,2/17/2025 14:34,CLOSED
ACC0001194,CUST007032,CHECKING,AED,1609.6,11/6/2025 17:30,CLOSED
ACC0001195,CUST009466,CHECKING,CAD,162.13,6/4/2025 14:07,ACTIVE
ACC0001196,CUST001660,SAVINGS,EUR,1860.44,3/27/2024 21:01,CLOSED
ACC0001197,CUST008822,CHECKING,CAD,1071.09,11/28/2025 16:05,ACTIVE
ACC0001198,CUST009266,SAVINGS,EUR,2128.11,3/31/2022 17:42,SUSPENDED
ACC0001199,CUST003873,BUSINESS,EUR,1434.68,12/31/2025 19:51,SUSPENDED
ACC0001200,CUST008952,BUSINESS,AED,5636.22,7/26/2026 18:41,ACTIVE
ACC0001201,CUST006804,CHECKING,PKR,1274.45,5/8/2023 23:37,ACTIVE
ACC0001202,CUST003680,BUSINESS,EUR,655.05,9/29/2021 15:08,SUSPENDED
ACC0001203,CUST001365,CHECKING,EUR,1269.98,3/21/2022 23:24,ACTIVE
ACC0001204,CUST008443,BUSINESS,EUR,2104.76,1/15/2025 13:36,ACTIVE
ACC0001205,CUST007568,CHECKING,PKR,1162.85,5/17/2023 16:57,ACTIVE
ACC0001206,CUST004012,CHECKING,CAD,1151.37,4/24/2025 22:21,ACTIVE
ACC0001207,CUST003412,SAVINGS,USD,472.3,12/3/2025 1:54,ACTIVE
ACC0001208,CUST006219,CHECKING,EUR,494.98,12/17/2023 5:36,ACTIVE
ACC0001209,CUST002721,CHECKING,JPY,203.75,9/19/2022 2:02,ACTIVE
ACC0001210,CUST004488,BUSINESS,EUR,8950.75,4/5/2025 1:07,SUSPENDED
ACC0001211,CUST006941,SAVINGS,EUR,246.5,9/14/2023 11:32,SUSPENDED
ACC0001212,CUST000313,BUSINESS,EUR,477.48,6/14/2023 15:41,ACTIVE
ACC0001213,CUST006335,BUSINESS,AUD,463.09,5/14/2025 8:33,ACTIVE
ACC0001214,CUST009402,CHECKING,PKR,3209.62,5/7/2022 7:55,ACTIVE
ACC0001215,CUST002160,CHECKING,SGD,769.75,4/21/2026 7:10,ACTIVE
ACC0001216,CUST006525,CHECKING,EUR,4901.47,8/21/2026 5:24,SUSPENDED
ACC0001217,CUST004880,SAVINGS,EUR,488.73,6/15/2022 13:33,ACTIVE
ACC0001218,CUST003014,SAVINGS,EUR,1532.71,9/4/2023 2:31,CLOSED
ACC0001219,CUST004555,CHECKING,EUR,402.46,5/5/2024 10:10,CLOSED
ACC0001220,CUST009473,BUSINESS,INR,14388.42,7/18/2024 22:36,ACTIVE
ACC0001221,CUST006367,BUSINESS,CAD,263.72,5/9/2025 14:45,ACTIVE
ACC0001222,CUST005644,SAVINGS,USD,1590.47,9/28/2024 20:12,ACTIVE
ACC0001223,CUST003134,BUSINESS,CAD,2346.15,7/16/2025 4:34,ACTIVE
ACC0001224,CUST007537,CHECKING,EUR,1801.83,1/11/2023 5:36,CLOSED
ACC0001225,CUST009586,BUSINESS,EUR,878.01,8/10/2025 7:47,CLOSED
ACC0001226,CUST004925,CHECKING,SGD,938.44,11/18/2022 2:22,ACTIVE
ACC0001227,CUST006479,BUSINESS,PKR,1155.83,4/30/2026 5:48,ACTIVE
ACC0001228,CUST008285,BUSINESS,EUR,919.29,11/2/2025 10:39,ACTIVE
ACC0001229,CUST001800,CHECKING,CAD,3486.5,5/6/2026 23:15,CLOSED
ACC0001230,CUST006777,BUSINESS,USD,15562.63,8/9/2022 16:30,ACTIVE
ACC0001231,CUST004787,BUSINESS,SGD,561.72,12/8/2025 21:21,ACTIVE
ACC0001232,CUST001449,BUSINESS,CAD,211.93,10/28/2023 15:20,ACTIVE
ACC0001233,CUST007398,BUSINESS,EUR,986.4,8/15/2022 22:41,ACTIVE
ACC0001234,CUST006746,BUSINESS,EUR,24237.38,3/27/2024 19:24,SUSPENDED
ACC0001235,CUST003674,CHECKING,AUD,418.05,8/5/2025 22:56,ACTIVE
ACC0001236,CUST003616,BUSINESS,USD,7839.58,11/18/2024 5:03,ACTIVE
ACC0001237,CUST000539,CHECKING,EUR,8211.09,3/22/2023 22:35,ACTIVE
ACC0001238,CUST001761,CHECKING,INR,564.36,9/1/2023 9:57,ACTIVE
ACC0001239,CUST009359,CHECKING,EUR,2170.65,12/24/2025 21:59,ACTIVE
ACC0001240,CUST006576,BUSINESS,AED,7739.37,12/17/2021 22:37,ACTIVE
ACC0001241,CUST009301,BUSINESS,EUR,695.79,12/28/2022 18:32,ACTIVE
ACC0001242,CUST009587,CHECKING,JPY,858.94,12/28/2024 13:32,ACTIVE
ACC0001243,CUST003190,CHECKING,JPY,545.65,10/20/2025 13:26,ACTIVE
ACC0001244,CUST004460,SAVINGS,EUR,324.5,2/21/2022 12:29,ACTIVE
ACC0001245,CUST007803,BUSINESS,SGD,503.14,2/10/2024 14:59,ACTIVE
ACC0001246,CUST007898,BUSINESS,EUR,252.46,2/10/2025 13:23,ACTIVE
ACC0001247,CUST004484,BUSINESS,USD,1142.42,3/29/2022 23:09,ACTIVE
ACC0001248,CUST004612,CHECKING,EUR,435.3,5/22/2026 13:48,SUSPENDED
ACC0001249,CUST008938,BUSINESS,PKR,1451.78,4/9/2025 11:44,ACTIVE
ACC0001250,CUST001452,BUSINESS,EUR,169.51,7/31/2025 14:12,ACTIVE
ACC0001251,CUST001166,SAVINGS,EUR,1631.18,10/6/2025 20:18,ACTIVE
ACC0001252,CUST009839,CHECKING,AED,2981.66,5/24/2022 21:25,ACTIVE
ACC0001253,CUST001211,SAVINGS,INR,100.23,2/10/2025 5:28,SUSPENDED
ACC0001254,CUST001494,CHECKING,EUR,1717.92,1/7/2024 14:29,ACTIVE
ACC0001255,CUST000171,SAVINGS,EUR,4784.82,4/8/2022 4:12,SUSPENDED
ACC0001256,CUST009672,BUSINESS,EUR,256.83,1/23/2026 20:17,CLOSED
ACC0001257,CUST001361,CHECKING,AED,8160.71,9/13/2022 18:38,ACTIVE
ACC0001258,CUST005105,BUSINESS,EUR,1813.15,11/19/2023 21:32,ACTIVE
ACC0001259,CUST000634,CHECKING,AUD,470.59,3/22/2025 6:40,SUSPENDED
ACC0001260,CUST009205,SAVINGS,SGD,1025.65,2/2/2022 20:51,ACTIVE
ACC0001261,CUST001951,SAVINGS,GBP,2143.06,10/28/2023 12:46,SUSPENDED
ACC0001262,CUST000541,BUSINESS,EUR,1201.36,7/20/2026 4:06,ACTIVE
ACC0001263,CUST009867,CHECKING,SGD,2093.32,7/28/2026 4:37,ACTIVE
ACC0001264,CUST004784,CHECKING,USD,363.29,5/22/2022 22:01,ACTIVE
ACC0001265,CUST003287,SAVINGS,SGD,1343.77,12/8/2022 17:35,SUSPENDED
ACC0001266,CUST005393,SAVINGS,EUR,201.05,8/20/2026 4:17,SUSPENDED
ACC0001267,CUST004279,CHECKING,EUR,959.61,7/16/2023 19:44,ACTIVE
ACC0001268,CUST003433,SAVINGS,AED,370.67,4/19/2025 23:42,ACTIVE
ACC0001269,CUST001224,SAVINGS,INR,453.67,5/9/2023 2:19,ACTIVE
ACC0001270,CUST007833,BUSINESS,EUR,4833.43,11/19/2022 10:11,CLOSED
ACC0001271,CUST001576,SAVINGS,CAD,4062.57,11/25/2022 13:45,SUSPENDED
ACC0001272,CUST001634,CHECKING,AED,2277.8,1/23/2026 0:03,SUSPENDED
ACC0001273,CUST006262,CHECKING,JPY,295.66,11/25/2021 4:35,ACTIVE
ACC0001274,CUST005308,SAVINGS,AUD,750.18,1/27/2023 7:09,ACTIVE
ACC0001275,CUST001416,SAVINGS,JPY,4701.88,6/17/2025 3:06,ACTIVE
ACC0001276,CUST003331,CHECKING,EUR,1299.92,12/28/2025 22:27,CLOSED
ACC0001277,CUST001602,BUSINESS,GBP,17733.23,9/8/2021 15:12,CLOSED
ACC0001278,CUST005070,CHECKING,EUR,1758.09,4/9/2022 12:59,ACTIVE
ACC0001279,CUST004972,SAVINGS,AUD,1380.86,6/16/2023 15:19,CLOSED
ACC0001280,CUST000071,CHECKING,AED,756.77,3/6/2024 5:47,SUSPENDED
ACC0001281,CUST009104,BUSINESS,EUR,1287.23,10/12/2025 17:25,ACTIVE
ACC0001282,CUST004741,CHECKING,EUR,913.27,12/7/2022 5:36,ACTIVE
ACC0001283,CUST002172,BUSINESS,AED,2565.04,1/4/2022 0:25,ACTIVE
ACC0001284,CUST004901,SAVINGS,CAD,3456.61,6/15/2026 4:55,ACTIVE
ACC0001285,CUST007940,BUSINESS,AED,427.01,5/4/2025 19:46,ACTIVE
ACC0001286,CUST009955,CHECKING,EUR,221.97,10/25/2025 22:39,ACTIVE
ACC0001287,CUST007806,BUSINESS,SGD,121.09,9/24/2023 0:09,ACTIVE
ACC0001288,CUST008043,SAVINGS,GBP,2017.45,3/24/2026 16:03,ACTIVE
ACC0001289,CUST007024,CHECKING,SGD,291.77,3/28/2025 11:25,SUSPENDED
ACC0001290,CUST001176,CHECKING,JPY,82.81,12/10/2024 20:28,SUSPENDED
ACC0001291,CUST001306,CHECKING,EUR,1748.12,10/3/2025 12:33,CLOSED
ACC0001292,CUST008181,SAVINGS,EUR,21842.21,7/31/2024 21:28,SUSPENDED
ACC0001293,CUST001822,BUSINESS,EUR,1088.67,3/23/2022 5:26,ACTIVE
ACC0001294,CUST002001,BUSINESS,SGD,2999.46,4/25/2025 20:06,ACTIVE
ACC0001295,CUST002775,CHECKING,SGD,1209.78,10/31/2024 14:35,CLOSED
ACC0001296,CUST002487,CHECKING,AUD,973.92,6/8/2023 7:31,ACTIVE
ACC0001297,CUST004653,CHECKING,PKR,3304.01,6/3/2025 17:25,ACTIVE
ACC0001298,CUST003891,CHECKING,GBP,774.08,12/12/2024 16:50,ACTIVE
ACC0001299,CUST003569,SAVINGS,EUR,1511.52,7/16/2025 9:16,ACTIVE
ACC0001300,CUST006734,BUSINESS,EUR,1613.3,11/11/2021 14:35,CLOSED
ACC0001301,CUST007100,BUSINESS,EUR,491.91,9/17/2023 8:31,ACTIVE
ACC0001302,CUST006366,CHECKING,EUR,3606.35,2/14/2023 5:32,ACTIVE
ACC0001303,CUST008977,SAVINGS,EUR,888.96,9/27/2025 19:10,ACTIVE
ACC0001304,CUST005524,CHECKING,EUR,442.79,3/19/2024 19:21,ACTIVE
ACC0001305,CUST002876,BUSINESS,EUR,2087.69,5/19/2022 2:23,ACTIVE
ACC0001306,CUST005110,CHECKING,USD,373.1,3/4/2024 22:42,ACTIVE
ACC0001307,CUST002277,BUSINESS,AUD,1134.35,8/15/2023 9:27,ACTIVE
ACC0001308,CUST004637,SAVINGS,PKR,1084.7,4/13/2026 5:21,CLOSED
ACC0001309,CUST001066,BUSINESS,AUD,4036.26,8/31/2023 7:28,ACTIVE
ACC0001310,CUST009565,BUSINESS,USD,1938.44,5/31/2025 0:21,SUSPENDED
ACC0001311,CUST004521,BUSINESS,EUR,1064.19,5/13/2024 8:17,SUSPENDED
ACC0001312,CUST005881,SAVINGS,SGD,2925.79,8/28/2021 3:26,ACTIVE
ACC0001313,CUST009905,SAVINGS,INR,5815.31,7/25/2024 11:05,SUSPENDED
ACC0001314,CUST009343,BUSINESS,EUR,2141.74,7/8/2023 9:49,ACTIVE
ACC0001315,CUST000957,CHECKING,AED,1110.34,10/7/2021 16:14,ACTIVE
ACC0001316,CUST001737,BUSINESS,CAD,227.19,5/1/2026 14:00,CLOSED
ACC0001317,CUST005583,SAVINGS,EUR,305.47,4/14/2023 0:39,ACTIVE
ACC0001318,CUST005700,BUSINESS,EUR,760.31,6/17/2023 3:17,ACTIVE
ACC0001319,CUST003412,SAVINGS,USD,527.73,11/5/2024 1:34,ACTIVE
ACC0001320,CUST008272,SAVINGS,INR,876.24,12/18/2021 8:50,ACTIVE
ACC0001321,CUST003019,SAVINGS,EUR,1173.77,7/11/2022 2:42,CLOSED
ACC0001322,CUST001416,SAVINGS,JPY,2070.68,2/21/2024 19:46,ACTIVE
ACC0001323,CUST006386,SAVINGS,EUR,1007.68,4/20/2025 15:13,ACTIVE
ACC0001324,CUST005925,SAVINGS,EUR,1966.09,10/25/2025 5:42,ACTIVE
ACC0001325,CUST000425,SAVINGS,AUD,1184.85,8/7/2022 23:19,ACTIVE
ACC0001326,CUST000131,SAVINGS,EUR,102.46,8/18/2024 6:47,ACTIVE
ACC0001327,CUST000702,CHECKING,EUR,355.24,4/17/2022 18:49,ACTIVE
ACC0001328,CUST004497,CHECKING,EUR,922.51,5/9/2022 22:30,ACTIVE
ACC0001329,CUST000084,SAVINGS,EUR,256.82,3/29/2026 17:29,SUSPENDED
ACC0001330,CUST006898,CHECKING,EUR,2252.77,6/3/2026 7:29,ACTIVE
ACC0001331,CUST000664,BUSINESS,USD,6883.63,1/15/2026 7:22,SUSPENDED
ACC0001332,CUST007293,CHECKING,EUR,4733.95,5/20/2026 5:40,ACTIVE
ACC0001333,CUST000057,BUSINESS,EUR,848.84,3/20/2023 4:43,ACTIVE
ACC0001334,CUST006704,BUSINESS,EUR,6560.82,10/19/2025 18:04,SUSPENDED
ACC0001335,CUST000967,BUSINESS,EUR,1310.81,2/4/2022 9:36,ACTIVE
ACC0001336,CUST001644,SAVINGS,AUD,731.79,9/12/2023 17:17,ACTIVE
ACC0001337,CUST008787,CHECKING,EUR,525.27,1/2/2023 1:29,ACTIVE
ACC0001338,CUST007729,SAVINGS,EUR,762.83,2/3/2023 19:17,ACTIVE
ACC0001339,CUST003149,BUSINESS,EUR,688.27,3/4/2024 4:02,CLOSED
ACC0001340,CUST001824,CHECKING,EUR,1345.47,12/13/2025 17:17,ACTIVE
ACC0001341,CUST002644,CHECKING,JPY,1329.67,3/13/2022 10:55,ACTIVE
ACC0001342,CUST002341,BUSINESS,AED,1100.65,8/30/2023 18:23,ACTIVE
ACC0001343,CUST002966,CHECKING,PKR,1852.56,11/7/2024 12:44,SUSPENDED
ACC0001344,CUST002540,SAVINGS,SGD,4576.89,12/24/2021 14:51,ACTIVE
ACC0001345,CUST008783,SAVINGS,EUR,3427.08,4/1/2024 6:43,ACTIVE
ACC0001346,CUST005354,CHECKING,GBP,184.59,4/24/2023 3:56,SUSPENDED
ACC0001347,CUST003156,SAVINGS,GBP,51.18,6/20/2025 22:07,SUSPENDED
ACC0001348,CUST009684,BUSINESS,EUR,3365,12/5/2023 6:14,ACTIVE
ACC0001349,CUST000524,CHECKING,EUR,212.67,7/30/2024 5:31,ACTIVE
ACC0001350,CUST001512,CHECKING,INR,837.38,10/15/2024 10:26,CLOSED
ACC0001351,CUST009081,SAVINGS,EUR,269.31,6/20/2025 14:46,ACTIVE
ACC0001352,CUST009918,CHECKING,AUD,126.17,1/3/2025 22:01,ACTIVE
ACC0001353,CUST006112,CHECKING,EUR,2100.13,5/11/2025 23:50,CLOSED
ACC0001354,CUST001892,CHECKING,EUR,2727.08,10/2/2023 18:10,ACTIVE
ACC0001355,CUST000487,SAVINGS,EUR,549.05,6/30/2026 11:28,ACTIVE
ACC0001356,CUST005222,SAVINGS,PKR,48.95,3/24/2024 19:54,ACTIVE
ACC0001357,CUST002699,BUSINESS,EUR,569.36,10/19/2021 19:54,SUSPENDED
ACC0001358,CUST009701,CHECKING,GBP,1754.9,3/18/2026 3:47,ACTIVE
ACC0001359,CUST007155,SAVINGS,SGD,185.92,5/16/2022 22:12,ACTIVE
ACC0001360,CUST005889,SAVINGS,EUR,1366.53,7/4/2026 14:55,SUSPENDED
ACC0001361,CUST000671,BUSINESS,CAD,1076.67,10/4/2022 5:08,ACTIVE
ACC0001362,CUST008589,CHECKING,PKR,2197.66,11/15/2025 22:42,ACTIVE
ACC0001363,CUST002092,BUSINESS,USD,1265.85,6/20/2024 13:06,ACTIVE
ACC0001364,CUST001193,CHECKING,GBP,341.15,12/17/2025 10:25,ACTIVE
ACC0001365,CUST001677,BUSINESS,EUR,4609.55,12/24/2023 23:35,ACTIVE
ACC0001366,CUST005398,CHECKING,EUR,906.66,1/30/2026 3:10,ACTIVE
ACC0001367,CUST001265,BUSINESS,PKR,1061.28,12/26/2022 13:12,ACTIVE
ACC0001368,CUST002069,BUSINESS,EUR,357.84,10/21/2025 20:00,ACTIVE
ACC0001369,CUST004304,SAVINGS,AUD,644.23,5/25/2025 16:56,ACTIVE
ACC0001370,CUST009105,SAVINGS,EUR,379.27,10/14/2024 13:43,ACTIVE
ACC0001371,CUST004716,BUSINESS,CAD,891.11,3/24/2024 21:51,CLOSED
ACC0001372,CUST002112,BUSINESS,CAD,8553.11,6/29/2025 0:50,ACTIVE
ACC0001373,CUST002872,CHECKING,EUR,211.39,3/26/2023 7:11,CLOSED
ACC0001374,CUST008355,BUSINESS,EUR,158.18,2/7/2023 7:23,SUSPENDED
ACC0001375,CUST009999,CHECKING,JPY,6408.65,8/6/2025 22:52,ACTIVE
ACC0001376,CUST006317,CHECKING,EUR,853.04,2/3/2022 14:02,ACTIVE
ACC0001377,CUST008155,BUSINESS,SGD,491.33,5/10/2022 14:53,CLOSED
ACC0001378,CUST000409,BUSINESS,INR,3819.54,12/7/2022 2:17,ACTIVE
ACC0001379,CUST007613,BUSINESS,EUR,530.2,10/26/2023 11:50,SUSPENDED
ACC0001380,CUST001891,BUSINESS,EUR,9810.53,11/3/2024 18:03,ACTIVE
ACC0001381,CUST001595,CHECKING,JPY,2473.8,8/3/2025 22:15,CLOSED
ACC0001382,CUST007285,SAVINGS,EUR,610.64,9/1/2024 11:01,ACTIVE
ACC0001383,CUST006595,BUSINESS,AED,14599.9,4/29/2024 2:18,SUSPENDED
ACC0001384,CUST000226,SAVINGS,JPY,530.14,10/7/2025 12:19,ACTIVE
ACC0001385,CUST009053,SAVINGS,EUR,2671.82,11/27/2024 1:57,ACTIVE
ACC0001386,CUST008078,SAVINGS,EUR,1570.5,5/26/2023 2:16,SUSPENDED
ACC0001387,CUST009375,SAVINGS,EUR,5229.6,9/28/2023 21:39,CLOSED
ACC0001388,CUST000342,BUSINESS,EUR,7142.47,9/7/2025 18:39,ACTIVE
ACC0001389,CUST003057,BUSINESS,PKR,1139.57,9/1/2022 23:34,CLOSED
ACC0001390,CUST000011,SAVINGS,AUD,444.03,4/4/2022 5:46,SUSPENDED
ACC0001391,CUST007044,BUSINESS,JPY,1904.48,5/11/2023 11:17,CLOSED
ACC0001392,CUST000801,BUSINESS,EUR,486.26,5/13/2024 2:21,ACTIVE
ACC0001393,CUST005887,CHECKING,USD,12284.15,8/27/2022 23:07,SUSPENDED
ACC0001394,CUST009958,BUSINESS,USD,1291.87,8/5/2025 10:02,ACTIVE
ACC0001395,CUST000243,SAVINGS,GBP,707.41,11/28/2021 20:17,ACTIVE
ACC0001396,CUST000795,SAVINGS,CAD,1368.7,5/7/2026 7:12,ACTIVE
ACC0001397,CUST006888,SAVINGS,AED,217.77,7/11/2025 12:08,ACTIVE
ACC0001398,CUST003827,SAVINGS,EUR,341.74,8/4/2022 19:24,ACTIVE
ACC0001399,CUST006083,SAVINGS,JPY,4630.85,3/10/2025 21:40,ACTIVE
ACC0001400,CUST001360,SAVINGS,EUR,498.56,4/24/2024 21:19,ACTIVE
ACC0001401,CUST002358,SAVINGS,EUR,312.22,2/5/2022 17:03,ACTIVE
ACC0001402,CUST001528,CHECKING,AED,2088.04,2/21/2026 19:31,ACTIVE
ACC0001403,CUST009178,CHECKING,CAD,4549.83,8/1/2022 15:32,ACTIVE
ACC0001404,CUST009630,BUSINESS,AED,2598.64,8/17/2025 17:37,ACTIVE
ACC0001405,CUST002294,SAVINGS,AED,3623.72,1/26/2022 7:11,ACTIVE
ACC0001406,CUST000336,BUSINESS,EUR,442.24,5/20/2023 19:01,ACTIVE
ACC0001407,CUST003186,SAVINGS,SGD,199.1,5/21/2025 16:45,CLOSED
ACC0001408,CUST006529,BUSINESS,EUR,6644.87,1/5/2025 0:51,SUSPENDED
ACC0001409,CUST002634,BUSINESS,EUR,744.55,3/25/2022 15:05,SUSPENDED
ACC0001410,CUST006518,SAVINGS,SGD,811.59,6/30/2023 12:02,ACTIVE
ACC0001411,CUST004937,SAVINGS,GBP,5398.27,6/6/2024 21:22,ACTIVE
ACC0001412,CUST002955,SAVINGS,EUR,2137.68,1/14/2023 2:32,ACTIVE
ACC0001413,CUST008709,SAVINGS,PKR,1895.17,2/5/2024 19:32,CLOSED
ACC0001414,CUST003018,CHECKING,EUR,14735.32,12/12/2022 19:10,CLOSED
ACC0001415,CUST002308,SAVINGS,EUR,506.63,5/3/2026 13:19,ACTIVE
ACC0001416,CUST003484,SAVINGS,EUR,3338.94,7/11/2022 2:58,SUSPENDED
ACC0001417,CUST000079,CHECKING,EUR,1174.29,4/16/2025 6:04,ACTIVE
ACC0001418,CUST001311,SAVINGS,EUR,1513.7,8/2/2026 10:12,CLOSED
ACC0001419,CUST002065,SAVINGS,EUR,6864.8,12/28/2023 9:04,ACTIVE
ACC0001420,CUST005424,SAVINGS,AUD,2017.07,6/14/2024 4:51,ACTIVE
ACC0001421,CUST006527,BUSINESS,EUR,2092.17,9/11/2023 2:51,ACTIVE
ACC0001422,CUST005368,BUSINESS,EUR,3971.94,4/11/2026 4:09,ACTIVE
ACC0001423,CUST005167,SAVINGS,JPY,707.73,11/7/2023 20:05,ACTIVE
ACC0001424,CUST009584,CHECKING,EUR,400.59,4/29/2024 1:35,ACTIVE
ACC0001425,CUST002853,SAVINGS,EUR,313.01,7/26/2024 23:43,SUSPENDED
ACC0001426,CUST006207,CHECKING,EUR,103.58,3/6/2024 17:21,ACTIVE
ACC0001427,CUST004548,CHECKING,AED,12931.85,1/11/2023 12:53,ACTIVE
ACC0001428,CUST007409,CHECKING,CAD,291.82,8/7/2025 10:37,ACTIVE
ACC0001429,CUST003489,CHECKING,EUR,840.92,10/14/2022 7:48,CLOSED
ACC0001430,CUST002366,BUSINESS,EUR,786.68,1/7/2024 4:40,ACTIVE
ACC0001431,CUST009827,SAVINGS,INR,1585.87,12/18/2023 23:28,ACTIVE
ACC0001432,CUST002971,CHECKING,INR,2918.67,5/17/2025 0:56,ACTIVE
ACC0001433,CUST005279,BUSINESS,EUR,3079.64,8/3/2024 20:03,SUSPENDED
ACC0001434,CUST002283,BUSINESS,PKR,544.74,5/17/2023 11:58,ACTIVE
ACC0001435,CUST003709,CHECKING,GBP,897.36,5/14/2026 15:50,ACTIVE
ACC0001436,CUST000332,CHECKING,AUD,1539.32,6/16/2025 10:16,SUSPENDED
ACC0001437,CUST007129,SAVINGS,INR,813.68,8/9/2026 15:54,ACTIVE
ACC0001438,CUST009832,CHECKING,AED,7546.32,10/12/2022 11:02,ACTIVE
ACC0001439,CUST002588,CHECKING,EUR,1976.67,12/8/2021 5:56,ACTIVE
ACC0001440,CUST004842,CHECKING,INR,2648.78,5/31/2022 12:33,SUSPENDED
ACC0001441,CUST002275,CHECKING,CAD,2429.54,1/19/2024 16:51,ACTIVE
ACC0001442,CUST004949,CHECKING,JPY,4483.54,1/20/2026 17:23,ACTIVE
ACC0001443,CUST007603,BUSINESS,USD,1362.7,11/28/2022 18:53,ACTIVE
ACC0001444,CUST001954,SAVINGS,USD,231.32,1/29/2023 4:12,CLOSED
ACC0001445,CUST003945,BUSINESS,EUR,1771.58,5/5/2023 8:18,ACTIVE
ACC0001446,CUST006654,SAVINGS,EUR,501.89,10/4/2025 17:59,SUSPENDED
ACC0001447,CUST003440,SAVINGS,AUD,581.53,3/7/2023 17:04,ACTIVE
ACC0001448,CUST006492,CHECKING,JPY,2216.39,10/9/2024 5:13,ACTIVE
ACC0001449,CUST005816,CHECKING,USD,4846.15,7/9/2026 18:27,ACTIVE
ACC0001450,CUST001985,CHECKING,PKR,1124.99,11/21/2024 15:18,SUSPENDED
ACC0001451,CUST002571,BUSINESS,EUR,1588.59,3/10/2026 16:21,ACTIVE
ACC0001452,CUST004950,BUSINESS,GBP,8456.22,2/20/2025 15:45,ACTIVE
ACC0001453,CUST000125,CHECKING,AUD,1463.97,5/20/2024 22:44,ACTIVE
ACC0001454,CUST000739,SAVINGS,SGD,24884.98,9/20/2021 7:49,ACTIVE
ACC0001455,CUST009586,CHECKING,EUR,2161.62,11/16/2024 13:29,ACTIVE
ACC0001456,CUST009445,CHECKING,AUD,132.57,3/14/2025 12:33,CLOSED
ACC0001457,CUST003990,CHECKING,PKR,2708.12,11/12/2021 20:49,ACTIVE
ACC0001458,CUST003698,SAVINGS,EUR,1732.62,9/4/2022 9:48,SUSPENDED
ACC0001459,CUST007983,CHECKING,CAD,5154.9,5/18/2022 13:48,SUSPENDED
ACC0001460,CUST001013,CHECKING,PKR,2459.76,1/25/2025 12:15,ACTIVE
ACC0001461,CUST000356,CHECKING,EUR,928.76,8/2/2024 12:19,CLOSED
ACC0001462,CUST009532,BUSINESS,GBP,252.36,7/6/2024 17:08,ACTIVE
ACC0001463,CUST007050,CHECKING,EUR,853.35,2/14/2026 23:27,ACTIVE
ACC0001464,CUST002396,CHECKING,USD,395.19,1/15/2025 10:59,ACTIVE
ACC0001465,CUST006170,BUSINESS,EUR,546.41,8/28/2024 20:11,CLOSED
ACC0001466,CUST004601,BUSINESS,INR,2222.29,6/15/2022 12:16,ACTIVE
ACC0001467,CUST001049,BUSINESS,EUR,8134.63,5/5/2022 21:19,CLOSED
ACC0001468,CUST006037,SAVINGS,INR,1760.94,8/5/2024 6:40,SUSPENDED
ACC0001469,CUST005065,CHECKING,CAD,261.11,11/23/2021 22:44,CLOSED
ACC0001470,CUST007365,BUSINESS,GBP,1869.68,9/3/2023 10:36,SUSPENDED
ACC0001471,CUST002337,CHECKING,GBP,4609.88,5/28/2024 0:04,ACTIVE
ACC0001472,CUST004681,SAVINGS,JPY,527.56,9/29/2024 23:36,CLOSED
ACC0001473,CUST003559,CHECKING,JPY,933.72,10/17/2024 22:09,CLOSED
ACC0001474,CUST003840,CHECKING,GBP,1116.13,5/8/2026 0:22,ACTIVE
ACC0001475,CUST007680,SAVINGS,SGD,427.57,7/11/2022 5:25,SUSPENDED
ACC0001476,CUST001237,SAVINGS,EUR,2387.34,4/11/2026 2:21,ACTIVE
ACC0001477,CUST006175,SAVINGS,EUR,948.48,2/15/2022 0:56,ACTIVE
ACC0001478,CUST004718,CHECKING,INR,1814.27,1/31/2022 16:33,ACTIVE
ACC0001479,CUST000211,BUSINESS,USD,378.04,3/9/2025 22:30,ACTIVE
ACC0001480,CUST004845,SAVINGS,EUR,648.75,1/18/2025 20:52,ACTIVE
ACC0001481,CUST001711,CHECKING,AUD,2609.35,11/25/2021 20:39,CLOSED
ACC0001482,CUST007396,SAVINGS,EUR,701.06,9/2/2024 22:58,ACTIVE
ACC0001483,CUST006894,BUSINESS,AED,8711.13,4/1/2025 22:12,ACTIVE
ACC0001484,CUST005571,CHECKING,EUR,678.87,10/5/2025 20:25,ACTIVE
ACC0001485,CUST002897,BUSINESS,EUR,1436.01,9/24/2025 22:36,ACTIVE
ACC0001486,CUST006850,CHECKING,INR,3358.03,3/25/2023 16:42,ACTIVE
ACC0001487,CUST000435,BUSINESS,EUR,199.93,7/17/2022 13:17,ACTIVE
ACC0001488,CUST009074,CHECKING,CAD,132.56,3/31/2023 22:39,CLOSED
ACC0001489,CUST005262,SAVINGS,GBP,175.78,5/12/2025 0:19,SUSPENDED
ACC0001490,CUST000901,SAVINGS,EUR,4989.55,10/19/2021 12:07,CLOSED
ACC0001491,CUST001216,BUSINESS,AUD,565.53,12/28/2021 5:07,SUSPENDED
ACC0001492,CUST000981,CHECKING,EUR,23619.77,3/22/2026 14:32,ACTIVE
ACC0001493,CUST004029,CHECKING,EUR,557.19,12/22/2023 19:59,CLOSED
ACC0001494,CUST001866,SAVINGS,INR,1368.49,6/20/2023 19:05,ACTIVE
ACC0001495,CUST008964,BUSINESS,EUR,6978.1,3/30/2026 0:07,ACTIVE
ACC0001496,CUST000394,SAVINGS,EUR,12177.09,12/10/2021 8:47,CLOSED
ACC0001497,CUST007829,BUSINESS,EUR,13014.3,11/9/2021 3:50,ACTIVE
ACC0001498,CUST003351,SAVINGS,EUR,4675.26,4/7/2025 1:43,ACTIVE
ACC0001499,CUST002220,CHECKING,EUR,3747.62,9/27/2023 16:16,ACTIVE
ACC0001500,CUST007968,CHECKING,EUR,2232.85,8/22/2023 9:25,SUSPENDED
ACC0001501,CUST005829,BUSINESS,USD,2790.66,11/7/2025 9:47,ACTIVE
ACC0001502,CUST001174,CHECKING,EUR,565.99,2/25/2026 22:17,ACTIVE
ACC0001503,CUST008468,BUSINESS,EUR,410.82,10/28/2022 0:48,ACTIVE
ACC0001504,CUST008399,SAVINGS,EUR,1092.2,9/21/2023 23:18,ACTIVE
ACC0001505,CUST003616,SAVINGS,USD,894.06,3/28/2025 5:49,ACTIVE
ACC0001506,CUST001362,SAVINGS,EUR,636.59,8/17/2026 4:05,ACTIVE
ACC0001507,CUST009934,SAVINGS,EUR,2529.22,8/14/2022 20:22,ACTIVE
ACC0001508,CUST000354,CHECKING,AUD,3450.82,10/6/2021 3:59,ACTIVE
ACC0001509,CUST004012,SAVINGS,CAD,1219.37,11/24/2025 7:42,ACTIVE
ACC0001510,CUST004025,BUSINESS,GBP,6457.75,2/18/2026 18:51,SUSPENDED
ACC0001511,CUST009251,BUSINESS,USD,278.65,7/2/2025 14:29,ACTIVE
ACC0001512,CUST003987,BUSINESS,SGD,869.23,2/1/2023 4:23,CLOSED
ACC0001513,CUST001199,CHECKING,EUR,463.97,3/14/2022 21:30,ACTIVE
ACC0001514,CUST004255,SAVINGS,EUR,116.76,7/21/2026 11:31,ACTIVE
ACC0001515,CUST009822,BUSINESS,EUR,993.05,6/30/2022 17:45,CLOSED
ACC0001516,CUST008229,SAVINGS,AED,947.57,11/28/2024 15:58,ACTIVE
ACC0001517,CUST003420,CHECKING,GBP,6742.19,5/2/2023 10:30,ACTIVE
ACC0001518,CUST008772,BUSINESS,EUR,2337.82,9/15/2021 1:59,ACTIVE
ACC0001519,CUST001693,SAVINGS,EUR,320.85,8/2/2022 14:36,CLOSED
ACC0001520,CUST009073,CHECKING,JPY,10146.77,4/28/2025 18:46,CLOSED
ACC0001521,CUST008142,SAVINGS,CAD,4746.87,6/17/2024 5:03,ACTIVE
ACC0001522,CUST009341,CHECKING,INR,2205.08,6/5/2022 5:32,ACTIVE
ACC0001523,CUST003446,BUSINESS,EUR,835.66,3/19/2025 5:32,ACTIVE
ACC0001524,CUST000676,CHECKING,INR,346.77,4/10/2026 6:40,ACTIVE
ACC0001525,CUST004503,BUSINESS,EUR,701.59,1/2/2022 22:08,ACTIVE
ACC0001526,CUST006355,SAVINGS,SGD,4050.11,11/30/2021 9:58,ACTIVE
ACC0001527,CUST007012,SAVINGS,GBP,10524.95,12/11/2023 17:08,ACTIVE
ACC0001528,CUST003015,SAVINGS,EUR,6987.6,9/29/2025 8:28,ACTIVE
ACC0001529,CUST003610,SAVINGS,JPY,609.95,3/20/2023 9:26,ACTIVE
ACC0001530,CUST002368,SAVINGS,EUR,286.13,7/7/2022 14:24,ACTIVE
ACC0001531,CUST004582,SAVINGS,EUR,1298.63,6/5/2024 6:49,ACTIVE
ACC0001532,CUST003615,CHECKING,JPY,131.35,5/6/2023 0:13,ACTIVE
ACC0001533,CUST005988,BUSINESS,EUR,1616.15,6/17/2024 4:18,ACTIVE
ACC0001534,CUST005145,SAVINGS,EUR,918.62,8/30/2025 4:01,SUSPENDED
ACC0001535,CUST007689,SAVINGS,USD,626.88,12/2/2021 13:25,ACTIVE
ACC0001536,CUST008667,SAVINGS,EUR,161.8,10/27/2021 20:00,SUSPENDED
ACC0001537,CUST004809,BUSINESS,EUR,2031.07,6/1/2023 20:55,ACTIVE
ACC0001538,CUST002618,CHECKING,EUR,578.69,6/16/2024 18:45,ACTIVE
ACC0001539,CUST009466,SAVINGS,CAD,269.37,12/22/2025 15:04,CLOSED
ACC0001540,CUST006023,CHECKING,EUR,34.93,6/23/2025 10:08,ACTIVE
ACC0001541,CUST005028,SAVINGS,EUR,1061.02,5/2/2022 7:31,CLOSED
ACC0001542,CUST002263,SAVINGS,EUR,9197.64,10/9/2025 17:12,ACTIVE
ACC0001543,CUST006772,BUSINESS,EUR,8050.67,2/23/2022 15:49,ACTIVE
ACC0001544,CUST009298,SAVINGS,INR,633.64,3/26/2023 21:53,ACTIVE
ACC0001545,CUST006277,BUSINESS,EUR,532.37,9/25/2021 4:55,ACTIVE
ACC0001546,CUST001800,CHECKING,CAD,1924.71,2/4/2022 22:16,CLOSED
ACC0001547,CUST000889,SAVINGS,AED,330.94,8/21/2024 1:51,ACTIVE
ACC0001548,CUST007329,SAVINGS,USD,1575.22,6/8/2024 7:06,CLOSED
ACC0001549,CUST008065,CHECKING,CAD,2749.84,10/1/2024 21:53,SUSPENDED
ACC0001550,CUST003792,BUSINESS,EUR,4780.59,10/8/2021 14:11,ACTIVE
ACC0001551,CUST000357,BUSINESS,SGD,972.45,7/28/2022 21:20,ACTIVE
ACC0001552,CUST009574,CHECKING,USD,858.85,4/10/2026 6:38,ACTIVE
ACC0001553,CUST004413,CHECKING,EUR,382.38,6/27/2025 0:35,ACTIVE
ACC0001554,CUST002147,BUSINESS,PKR,406.56,2/24/2026 0:16,ACTIVE
ACC0001555,CUST004935,SAVINGS,EUR,835.66,7/29/2026 2:39,CLOSED
ACC0001556,CUST006083,CHECKING,JPY,1704.18,10/1/2021 4:38,ACTIVE
ACC0001557,CUST002415,CHECKING,EUR,3282.31,2/18/2022 10:51,ACTIVE
ACC0001558,CUST008085,SAVINGS,AUD,418.29,5/30/2024 16:47,SUSPENDED
ACC0001559,CUST000103,SAVINGS,EUR,6576.29,3/30/2023 5:00,ACTIVE
ACC0001560,CUST008074,BUSINESS,EUR,792.07,11/22/2023 3:58,SUSPENDED
ACC0001561,CUST007597,CHECKING,EUR,1068.87,11/17/2022 12:02,ACTIVE
ACC0001562,CUST001905,BUSINESS,AUD,447.35,7/25/2023 3:41,ACTIVE
ACC0001563,CUST000851,SAVINGS,EUR,59.79,10/6/2022 17:20,ACTIVE
ACC0001564,CUST003336,CHECKING,AED,3168,9/2/2024 6:54,CLOSED
ACC0001565,CUST008679,CHECKING,CAD,2655.03,8/4/2024 23:36,ACTIVE
ACC0001566,CUST004795,SAVINGS,INR,782.43,11/26/2023 3:22,SUSPENDED
ACC0001567,CUST002360,CHECKING,EUR,1188.43,5/15/2023 0:34,ACTIVE
ACC0001568,CUST007287,BUSINESS,GBP,2036.78,4/29/2023 0:12,CLOSED
ACC0001569,CUST002557,BUSINESS,PKR,168.16,11/4/2023 1:21,ACTIVE
ACC0001570,CUST009297,BUSINESS,EUR,581.22,2/8/2023 3:01,CLOSED
ACC0001571,CUST004420,SAVINGS,EUR,2844.43,6/11/2023 1:41,ACTIVE
ACC0001572,CUST006467,SAVINGS,EUR,243.44,2/17/2023 11:13,ACTIVE
ACC0001573,CUST007296,CHECKING,PKR,1559.73,5/12/2022 17:10,ACTIVE
ACC0001574,CUST003230,SAVINGS,AUD,215.31,2/14/2023 3:42,CLOSED
ACC0001575,CUST003600,BUSINESS,INR,1919.3,3/21/2024 19:11,ACTIVE
ACC0001576,CUST008524,SAVINGS,EUR,1050.72,5/6/2023 1:22,ACTIVE
ACC0001577,CUST000072,CHECKING,JPY,157.88,9/17/2021 0:59,ACTIVE
ACC0001578,CUST002267,CHECKING,AED,4436.79,11/6/2022 16:51,ACTIVE
ACC0001579,CUST000803,BUSINESS,AED,454.18,6/19/2024 0:03,CLOSED
ACC0001580,CUST008487,SAVINGS,AED,414.76,1/12/2026 15:02,SUSPENDED
ACC0001581,CUST004398,CHECKING,PKR,1395.05,5/17/2023 15:01,ACTIVE
ACC0001582,CUST004148,BUSINESS,AUD,4351.89,9/29/2023 5:30,ACTIVE
ACC0001583,CUST003353,CHECKING,EUR,324.09,10/16/2021 0:41,ACTIVE
ACC0001584,CUST007396,BUSINESS,EUR,1180.88,7/3/2023 21:37,SUSPENDED
ACC0001585,CUST006243,CHECKING,AED,1834.6,1/18/2025 21:43,SUSPENDED
ACC0001586,CUST002727,BUSINESS,EUR,2519.28,4/9/2022 6:45,SUSPENDED
ACC0001587,CUST009917,SAVINGS,AUD,1355.23,9/6/2023 15:46,ACTIVE
ACC0001588,CUST001406,BUSINESS,EUR,705.97,10/19/2022 3:43,ACTIVE
ACC0001589,CUST006246,CHECKING,PKR,406.22,11/2/2022 8:56,ACTIVE
ACC0001590,CUST004149,BUSINESS,EUR,1216.06,10/29/2025 23:09,ACTIVE
ACC0001591,CUST007125,BUSINESS,USD,302.91,3/30/2025 6:52,ACTIVE
ACC0001592,CUST000394,BUSINESS,EUR,32.93,7/31/2026 8:10,ACTIVE
ACC0001593,CUST006870,SAVINGS,INR,1851.72,10/10/2021 0:48,SUSPENDED
ACC0001594,CUST000852,CHECKING,EUR,3244.52,10/27/2023 12:45,ACTIVE
ACC0001595,CUST002386,SAVINGS,AED,64.36,10/5/2025 18:04,SUSPENDED
ACC0001596,CUST006056,CHECKING,PKR,326.47,11/22/2023 14:03,SUSPENDED
ACC0001597,CUST003526,SAVINGS,AUD,2305.34,3/8/2024 15:26,ACTIVE
ACC0001598,CUST000015,CHECKING,EUR,12951.86,11/15/2025 0:44,ACTIVE
ACC0001599,CUST005437,SAVINGS,SGD,1124.34,8/9/2023 22:34,ACTIVE
ACC0001600,CUST001798,SAVINGS,JPY,457.78,10/1/2021 14:51,ACTIVE
ACC0001601,CUST008694,BUSINESS,EUR,880.53,1/6/2026 21:11,CLOSED
ACC0001602,CUST000984,BUSINESS,EUR,5709.3,7/8/2022 3:23,ACTIVE
ACC0001603,CUST003552,BUSINESS,AUD,505.14,9/5/2022 10:42,CLOSED
ACC0001604,CUST008349,BUSINESS,INR,420.3,11/28/2021 17:53,CLOSED
ACC0001605,CUST000586,SAVINGS,EUR,614.44,6/7/2025 16:31,ACTIVE
ACC0001606,CUST001117,CHECKING,CAD,349.33,5/19/2026 18:11,ACTIVE
ACC0001607,CUST001007,SAVINGS,INR,1270.55,10/5/2021 21:42,ACTIVE
ACC0001608,CUST001047,SAVINGS,AED,7704.92,5/26/2026 9:39,ACTIVE
ACC0001609,CUST006308,BUSINESS,AED,1615.98,10/19/2025 16:36,ACTIVE
ACC0001610,CUST001243,BUSINESS,EUR,810.11,3/19/2025 21:35,ACTIVE
ACC0001611,CUST005410,CHECKING,INR,772.65,11/20/2024 17:46,SUSPENDED
ACC0001612,CUST001689,SAVINGS,EUR,168.03,9/26/2025 7:08,SUSPENDED
ACC0001613,CUST003560,SAVINGS,EUR,3164.44,2/19/2026 20:25,ACTIVE
ACC0001614,CUST007506,SAVINGS,EUR,998.84,3/29/2024 21:17,ACTIVE
ACC0001615,CUST008286,CHECKING,CAD,883.09,7/15/2024 9:28,ACTIVE
ACC0001616,CUST000690,BUSINESS,USD,50601.12,5/27/2023 18:10,CLOSED
ACC0001617,CUST000197,CHECKING,EUR,1569.49,5/2/2023 19:54,ACTIVE
ACC0001618,CUST008460,SAVINGS,USD,444.9,2/13/2024 5:41,ACTIVE
ACC0001619,CUST004618,SAVINGS,PKR,657.45,4/11/2023 11:00,ACTIVE
ACC0001620,CUST007980,SAVINGS,AED,4350.89,9/17/2023 14:29,SUSPENDED
ACC0001621,CUST004297,CHECKING,AED,1256.3,8/18/2024 21:19,ACTIVE
ACC0001622,CUST009965,CHECKING,CAD,195.21,7/24/2025 13:52,ACTIVE
ACC0001623,CUST007580,BUSINESS,EUR,3304.61,1/3/2026 6:06,ACTIVE
ACC0001624,CUST006633,BUSINESS,AUD,491.88,3/5/2024 18:02,SUSPENDED
ACC0001625,CUST009155,BUSINESS,EUR,10383.33,7/7/2023 4:51,CLOSED
ACC0001626,CUST003346,SAVINGS,EUR,4008.04,7/10/2025 22:07,CLOSED
ACC0001627,CUST001685,SAVINGS,JPY,641.12,12/25/2021 20:43,ACTIVE
ACC0001628,CUST001749,SAVINGS,EUR,5101.14,3/30/2022 6:52,SUSPENDED
ACC0001629,CUST006378,SAVINGS,INR,1189.66,4/10/2022 23:22,SUSPENDED
ACC0001630,CUST006921,CHECKING,EUR,3051.32,12/19/2025 1:03,ACTIVE
ACC0001631,CUST009319,BUSINESS,JPY,1961.92,1/15/2022 1:41,ACTIVE
ACC0001632,CUST006315,SAVINGS,PKR,397.17,5/6/2023 9:07,ACTIVE
ACC0001633,CUST009489,BUSINESS,EUR,506.61,5/1/2023 23:34,CLOSED
ACC0001634,CUST008542,CHECKING,JPY,3774.23,1/15/2025 6:41,CLOSED
ACC0001635,CUST003264,CHECKING,SGD,733.82,5/11/2022 22:04,ACTIVE
ACC0001636,CUST001076,SAVINGS,EUR,675.61,5/23/2023 3:53,ACTIVE
ACC0001637,CUST005257,CHECKING,PKR,348.57,12/24/2024 10:13,ACTIVE
ACC0001638,CUST008787,CHECKING,EUR,1823.15,6/16/2023 21:02,ACTIVE
ACC0001639,CUST003107,SAVINGS,GBP,13030.26,9/27/2025 6:43,ACTIVE
ACC0001640,CUST008833,CHECKING,INR,304.59,6/3/2024 20:40,SUSPENDED
ACC0001641,CUST005698,SAVINGS,EUR,1128.97,11/8/2021 4:17,ACTIVE
ACC0001642,CUST007205,BUSINESS,EUR,5970.97,3/27/2025 6:47,ACTIVE
ACC0001643,CUST008937,SAVINGS,USD,996.68,11/1/2021 16:41,ACTIVE
ACC0001644,CUST005976,CHECKING,EUR,1887.19,4/23/2024 11:45,ACTIVE
ACC0001645,CUST009479,BUSINESS,EUR,306.47,2/28/2022 8:51,SUSPENDED
ACC0001646,CUST008343,CHECKING,PKR,1833.48,7/12/2023 3:17,ACTIVE
ACC0001647,CUST002609,SAVINGS,SGD,876.05,9/20/2023 11:13,ACTIVE
ACC0001648,CUST002327,CHECKING,CAD,3579.13,10/30/2024 13:18,ACTIVE
ACC0001649,CUST007897,SAVINGS,AED,4559.02,6/24/2022 10:41,SUSPENDED
ACC0001650,CUST000710,CHECKING,EUR,24525.69,8/10/2022 11:26,CLOSED
ACC0001651,CUST005411,BUSINESS,SGD,2198.56,1/3/2025 23:21,ACTIVE
ACC0001652,CUST006969,SAVINGS,EUR,1621.25,8/29/2023 16:00,SUSPENDED
ACC0001653,CUST007945,BUSINESS,EUR,1384.73,9/20/2025 8:56,ACTIVE
ACC0001654,CUST000071,CHECKING,AED,717.81,5/20/2026 1:39,ACTIVE
ACC0001655,CUST002485,BUSINESS,EUR,1646.13,2/5/2024 3:30,ACTIVE
ACC0001656,CUST003351,CHECKING,EUR,769.33,8/28/2024 22:34,ACTIVE
ACC0001657,CUST002929,SAVINGS,AED,1342.32,6/26/2025 15:53,ACTIVE
ACC0001658,CUST007046,BUSINESS,EUR,5330.06,8/25/2023 11:56,SUSPENDED
ACC0001659,CUST003637,SAVINGS,EUR,327.72,2/27/2025 1:49,ACTIVE
ACC0001660,CUST001141,BUSINESS,EUR,4306.39,1/29/2023 8:26,ACTIVE
ACC0001661,CUST001004,CHECKING,EUR,5326.97,8/20/2024 14:02,ACTIVE
ACC0001662,CUST002061,BUSINESS,USD,951.76,9/13/2023 15:10,ACTIVE
ACC0001663,CUST004913,SAVINGS,EUR,85.95,10/4/2021 7:39,ACTIVE
ACC0001664,CUST003909,CHECKING,EUR,528.8,9/25/2023 16:46,SUSPENDED
ACC0001665,CUST007654,CHECKING,EUR,5199.89,12/4/2023 5:15,ACTIVE
ACC0001666,CUST008769,BUSINESS,EUR,1066.95,9/19/2022 21:06,ACTIVE
ACC0001667,CUST002050,BUSINESS,EUR,330.58,5/1/2025 16:23,ACTIVE
ACC0001668,CUST007483,CHECKING,EUR,598.41,9/6/2021 1:06,SUSPENDED
ACC0001669,CUST002735,SAVINGS,JPY,3007.14,1/31/2023 23:18,ACTIVE
ACC0001670,CUST007687,SAVINGS,AUD,2113.46,5/25/2025 0:39,CLOSED
ACC0001671,CUST001900,CHECKING,EUR,823.27,8/29/2023 13:31,SUSPENDED
ACC0001672,CUST004793,CHECKING,EUR,706.14,3/28/2023 1:21,ACTIVE
ACC0001673,CUST002102,BUSINESS,EUR,685.32,9/28/2022 7:44,CLOSED
ACC0001674,CUST007877,BUSINESS,SGD,362.53,1/23/2025 17:56,SUSPENDED
ACC0001675,CUST006389,CHECKING,SGD,7619.38,10/5/2022 5:28,ACTIVE
ACC0001676,CUST009873,CHECKING,PKR,744.87,6/24/2025 11:19,ACTIVE
ACC0001677,CUST007252,CHECKING,SGD,4724.85,10/18/2022 18:36,ACTIVE
ACC0001678,CUST001200,CHECKING,EUR,6806.13,1/19/2026 11:24,ACTIVE
ACC0001679,CUST004566,CHECKING,PKR,3633.58,8/6/2025 0:41,ACTIVE
ACC0001680,CUST004837,BUSINESS,AUD,653.31,11/14/2021 9:51,ACTIVE
ACC0001681,CUST008010,CHECKING,INR,1780.19,10/3/2022 12:56,CLOSED
ACC0001682,CUST000850,SAVINGS,AUD,1065.25,3/21/2023 11:45,CLOSED
ACC0001683,CUST007921,BUSINESS,AED,370.76,3/22/2024 1:49,CLOSED
ACC0001684,CUST007325,SAVINGS,CAD,1618.46,10/8/2021 5:49,ACTIVE
ACC0001685,CUST007000,CHECKING,AUD,266.44,10/14/2021 23:21,CLOSED
ACC0001686,CUST009497,BUSINESS,EUR,4560.63,8/24/2026 14:47,CLOSED
ACC0001687,CUST007779,CHECKING,EUR,627.95,10/23/2025 10:54,ACTIVE
ACC0001688,CUST005977,BUSINESS,CAD,1396.04,6/16/2024 15:49,SUSPENDED
ACC0001689,CUST007119,SAVINGS,JPY,1540.63,5/5/2022 1:18,ACTIVE
ACC0001690,CUST006597,SAVINGS,EUR,803.77,3/30/2022 3:42,ACTIVE
ACC0001691,CUST004850,CHECKING,SGD,2217.27,9/5/2021 22:19,SUSPENDED
ACC0001692,CUST009985,BUSINESS,CAD,620.25,3/27/2023 15:32,CLOSED
ACC0001693,CUST006188,BUSINESS,EUR,3119.9,6/26/2026 21:57,ACTIVE
ACC0001694,CUST003192,SAVINGS,EUR,218.07,9/1/2023 1:08,ACTIVE
ACC0001695,CUST000264,CHECKING,SGD,1276.22,11/25/2023 5:17,SUSPENDED
ACC0001696,CUST006008,CHECKING,JPY,11234.16,9/29/2021 13:37,ACTIVE
ACC0001697,CUST004613,CHECKING,CAD,330.17,7/16/2026 4:48,CLOSED
ACC0001698,CUST006224,BUSINESS,EUR,486.24,7/17/2026 22:52,CLOSED
ACC0001699,CUST005973,CHECKING,EUR,2031.82,2/28/2025 4:30,ACTIVE
ACC0001700,CUST003282,BUSINESS,EUR,1360.35,8/23/2024 0:13,ACTIVE
ACC0001701,CUST002084,CHECKING,USD,1670.3,3/16/2025 2:59,SUSPENDED
ACC0001702,CUST001245,SAVINGS,USD,1972.44,8/18/2025 0:46,ACTIVE
ACC0001703,CUST000218,SAVINGS,CAD,2348.81,5/23/2026 20:53,ACTIVE
ACC0001704,CUST005929,BUSINESS,CAD,4153.22,6/25/2026 23:17,ACTIVE
ACC0001705,CUST007836,BUSINESS,EUR,1793.25,9/11/2024 15:29,ACTIVE
ACC0001706,CUST006904,CHECKING,GBP,820.97,11/17/2024 13:33,ACTIVE
ACC0001707,CUST005482,SAVINGS,USD,2457.96,12/26/2023 16:55,CLOSED
ACC0001708,CUST009614,CHECKING,EUR,10719.91,9/1/2024 6:15,ACTIVE
ACC0001709,CUST005387,CHECKING,JPY,935.27,2/8/2026 6:42,CLOSED
ACC0001710,CUST001576,CHECKING,CAD,340.55,6/5/2022 13:17,ACTIVE
ACC0001711,CUST006504,BUSINESS,JPY,4140.19,5/28/2025 19:04,ACTIVE
ACC0001712,CUST006866,CHECKING,GBP,949.13,3/12/2022 11:26,ACTIVE
ACC0001713,CUST008257,CHECKING,EUR,80.87,6/11/2023 16:12,ACTIVE
ACC0001714,CUST006576,SAVINGS,AED,3031.78,12/20/2021 14:57,SUSPENDED
ACC0001715,CUST009369,BUSINESS,CAD,576.86,7/16/2023 20:16,ACTIVE
ACC0001716,CUST004287,SAVINGS,EUR,983.74,1/7/2023 11:44,ACTIVE
ACC0001717,CUST009796,SAVINGS,PKR,1633.33,11/19/2022 4:17,SUSPENDED
ACC0001718,CUST003331,CHECKING,EUR,1378.29,6/2/2026 20:03,ACTIVE
ACC0001719,CUST004736,BUSINESS,INR,2569.18,2/18/2024 3:29,SUSPENDED
ACC0001720,CUST003392,SAVINGS,EUR,650.29,3/8/2024 21:19,ACTIVE
ACC0001721,CUST001463,BUSINESS,EUR,2029.87,2/16/2023 3:46,ACTIVE
ACC0001722,CUST001767,SAVINGS,EUR,803.15,1/25/2023 7:44,SUSPENDED
ACC0001723,CUST006602,SAVINGS,EUR,2661.31,7/24/2022 22:18,SUSPENDED
ACC0001724,CUST001496,SAVINGS,EUR,2294.89,6/15/2023 4:28,ACTIVE
ACC0001725,CUST003973,BUSINESS,EUR,356.91,4/14/2026 4:04,SUSPENDED
ACC0001726,CUST006770,BUSINESS,EUR,4036.68,2/19/2024 21:47,ACTIVE
ACC0001727,CUST004648,BUSINESS,CAD,576.42,5/20/2023 22:39,ACTIVE
ACC0001728,CUST002553,CHECKING,JPY,2891.9,7/2/2023 10:14,ACTIVE
ACC0001729,CUST001502,SAVINGS,PKR,1704.02,9/26/2022 12:19,CLOSED
ACC0001730,CUST002273,BUSINESS,EUR,9954.9,6/11/2022 11:47,ACTIVE
ACC0001731,CUST006936,SAVINGS,JPY,838.69,9/19/2023 1:02,ACTIVE
ACC0001732,CUST008495,CHECKING,EUR,721.13,8/11/2023 1:28,ACTIVE
ACC0001733,CUST006437,BUSINESS,USD,1071.37,12/19/2021 8:33,ACTIVE
ACC0001734,CUST004324,BUSINESS,GBP,762.18,3/3/2022 21:53,ACTIVE
ACC0001735,CUST008161,BUSINESS,EUR,2863.87,1/28/2022 18:51,ACTIVE
ACC0001736,CUST004753,CHECKING,AUD,157.66,2/10/2024 8:30,ACTIVE
ACC0001737,CUST000564,BUSINESS,EUR,309.69,1/22/2023 1:05,CLOSED
ACC0001738,CUST002315,CHECKING,SGD,304.49,6/18/2024 9:07,SUSPENDED
ACC0001739,CUST006409,BUSINESS,JPY,3430.18,11/3/2024 17:43,ACTIVE
ACC0001740,CUST001415,SAVINGS,USD,8541.88,8/30/2021 0:14,CLOSED
ACC0001741,CUST006177,CHECKING,PKR,967.45,4/7/2023 10:15,ACTIVE
ACC0001742,CUST001410,BUSINESS,AED,895.53,11/23/2021 5:17,ACTIVE
ACC0001743,CUST009167,SAVINGS,GBP,1192.8,9/30/2022 8:54,ACTIVE
ACC0001744,CUST003416,CHECKING,CAD,4421.59,5/4/2023 23:43,ACTIVE
ACC0001745,CUST001877,SAVINGS,AED,360.39,8/30/2021 21:21,CLOSED
ACC0001746,CUST003325,BUSINESS,USD,1459.78,8/5/2026 15:00,ACTIVE
ACC0001747,CUST003247,CHECKING,PKR,3534.18,7/11/2024 0:42,ACTIVE
ACC0001748,CUST006895,BUSINESS,PKR,2000.82,12/7/2025 7:03,ACTIVE
ACC0001749,CUST006249,BUSINESS,EUR,1376.77,10/26/2025 23:47,CLOSED
ACC0001750,CUST003290,CHECKING,USD,3645.52,3/15/2023 20:13,ACTIVE
ACC0001751,CUST000954,CHECKING,EUR,42.78,11/15/2021 11:02,CLOSED
ACC0001752,CUST000618,BUSINESS,EUR,2473.65,2/4/2023 0:11,ACTIVE
ACC0001753,CUST008624,BUSINESS,EUR,500.25,11/7/2021 18:29,SUSPENDED
ACC0001754,CUST003847,CHECKING,AED,121.9,7/2/2025 22:06,SUSPENDED
ACC0001755,CUST007265,BUSINESS,PKR,2025.24,9/3/2024 2:54,ACTIVE
ACC0001756,CUST000059,SAVINGS,CAD,5700.96,12/14/2022 10:23,SUSPENDED
ACC0001757,CUST000735,CHECKING,INR,929.89,1/28/2022 11:38,SUSPENDED
ACC0001758,CUST003779,SAVINGS,EUR,3440.77,10/26/2021 3:27,CLOSED
ACC0001759,CUST004566,CHECKING,PKR,7591.12,2/11/2023 13:24,ACTIVE
ACC0001760,CUST008909,BUSINESS,EUR,5312.92,6/2/2024 0:37,ACTIVE
ACC0001761,CUST000829,BUSINESS,EUR,7847.56,9/8/2024 5:36,CLOSED
ACC0001762,CUST003771,CHECKING,CAD,2671.92,12/27/2024 23:29,ACTIVE
ACC0001763,CUST003615,BUSINESS,JPY,1200.53,6/14/2023 19:36,ACTIVE
ACC0001764,CUST006835,SAVINGS,EUR,160.4,5/12/2022 20:21,ACTIVE
ACC0001765,CUST003973,SAVINGS,EUR,816.25,12/31/2025 11:09,ACTIVE
ACC0001766,CUST002792,BUSINESS,USD,398.66,4/29/2025 13:19,CLOSED
ACC0001767,CUST000406,BUSINESS,GBP,14840.74,9/16/2021 9:25,ACTIVE
ACC0001768,CUST002300,CHECKING,EUR,887.97,5/8/2025 10:20,CLOSED
ACC0001769,CUST007031,BUSINESS,USD,1271.36,1/11/2023 2:59,ACTIVE
ACC0001770,CUST005715,BUSINESS,PKR,2125.54,7/18/2023 17:13,ACTIVE
ACC0001771,CUST007519,BUSINESS,AUD,1155.54,8/24/2022 4:42,ACTIVE
ACC0001772,CUST007504,CHECKING,USD,8383.84,11/28/2023 21:27,ACTIVE
ACC0001773,CUST003610,CHECKING,JPY,519.48,9/15/2023 16:17,ACTIVE
ACC0001774,CUST000596,SAVINGS,AED,1385.1,2/17/2026 3:30,CLOSED
ACC0001775,CUST008987,CHECKING,EUR,449.9,9/24/2025 8:19,CLOSED
ACC0001776,CUST004007,CHECKING,EUR,224.97,1/17/2024 0:49,SUSPENDED
ACC0001777,CUST007089,SAVINGS,CAD,526.3,3/19/2024 17:33,ACTIVE
ACC0001778,CUST009907,SAVINGS,INR,1048.96,8/13/2023 4:20,SUSPENDED
ACC0001779,CUST008255,SAVINGS,AED,655.13,11/5/2025 13:10,ACTIVE
ACC0001780,CUST001551,BUSINESS,EUR,477.75,9/27/2023 11:45,SUSPENDED
ACC0001781,CUST002045,BUSINESS,EUR,202.84,9/16/2021 4:48,ACTIVE
ACC0001782,CUST002293,BUSINESS,CAD,992.55,8/18/2024 16:00,ACTIVE
ACC0001783,CUST009936,CHECKING,AUD,180.25,8/3/2023 18:06,ACTIVE
ACC0001784,CUST006688,BUSINESS,INR,2730.03,8/23/2024 13:56,ACTIVE
ACC0001785,CUST000472,BUSINESS,EUR,1210.67,3/21/2025 13:28,ACTIVE
ACC0001786,CUST006645,SAVINGS,EUR,190.75,10/9/2022 20:39,ACTIVE
ACC0001787,CUST007847,BUSINESS,JPY,756.69,10/19/2025 16:38,ACTIVE
ACC0001788,CUST008341,SAVINGS,EUR,444.71,3/2/2025 14:43,ACTIVE
ACC0001789,CUST006523,CHECKING,EUR,1608.42,8/29/2023 10:34,CLOSED
ACC0001790,CUST008697,BUSINESS,GBP,5478.25,10/8/2021 23:04,ACTIVE
ACC0001791,CUST006704,CHECKING,EUR,115.56,12/12/2021 3:37,ACTIVE
ACC0001792,CUST008926,BUSINESS,PKR,1258.95,8/22/2026 6:41,CLOSED
ACC0001793,CUST005858,CHECKING,INR,904.91,10/26/2025 7:39,ACTIVE
ACC0001794,CUST006497,BUSINESS,USD,2454.33,11/24/2024 3:46,ACTIVE
ACC0001795,CUST007535,SAVINGS,CAD,1416.35,8/8/2023 0:31,ACTIVE
ACC0001796,CUST009702,CHECKING,SGD,444.81,3/27/2023 19:53,ACTIVE
ACC0001797,CUST006966,SAVINGS,EUR,747.8,6/1/2024 3:52,ACTIVE
ACC0001798,CUST007273,BUSINESS,SGD,421.9,10/25/2022 15:48,CLOSED
ACC0001799,CUST008436,CHECKING,EUR,3988.65,7/18/2025 2:47,SUSPENDED
ACC0001800,CUST003191,SAVINGS,GBP,1125.04,9/23/2023 2:45,CLOSED
ACC0001801,CUST006506,CHECKING,INR,10736.76,5/23/2025 4:29,ACTIVE
ACC0001802,CUST005323,CHECKING,USD,1019.64,12/5/2024 22:31,ACTIVE
ACC0001803,CUST009017,BUSINESS,JPY,468.68,10/12/2025 17:44,SUSPENDED
ACC0001804,CUST008811,BUSINESS,EUR,178.31,11/7/2023 10:06,ACTIVE
ACC0001805,CUST007599,SAVINGS,EUR,125.99,4/28/2026 5:07,SUSPENDED
ACC0001806,CUST009564,CHECKING,INR,163.86,4/25/2026 1:20,ACTIVE
ACC0001807,CUST009267,BUSINESS,AUD,1511.04,5/27/2022 23:26,ACTIVE
ACC0001808,CUST002222,SAVINGS,SGD,2019.23,8/14/2023 18:26,ACTIVE
ACC0001809,CUST007809,SAVINGS,EUR,164.44,7/26/2026 16:26,ACTIVE
ACC0001810,CUST002496,SAVINGS,EUR,3210.06,6/15/2022 10:07,ACTIVE
ACC0001811,CUST009884,SAVINGS,INR,614.2,12/25/2023 13:57,ACTIVE
ACC0001812,CUST004856,CHECKING,USD,1307.87,11/22/2022 21:56,SUSPENDED
ACC0001813,CUST003080,BUSINESS,EUR,7590.59,9/18/2021 21:11,ACTIVE
ACC0001814,CUST008720,CHECKING,EUR,3217.01,8/13/2023 3:41,ACTIVE
ACC0001815,CUST000481,CHECKING,PKR,794.54,11/22/2025 14:24,CLOSED
ACC0001816,CUST004767,CHECKING,AED,376.37,9/24/2024 11:57,ACTIVE
ACC0001817,CUST001792,SAVINGS,JPY,82.92,12/28/2024 9:20,ACTIVE
ACC0001818,CUST007911,BUSINESS,INR,462.67,4/14/2024 20:53,SUSPENDED
ACC0001819,CUST003088,BUSINESS,AUD,851.2,3/8/2022 0:16,ACTIVE
ACC0001820,CUST002279,BUSINESS,GBP,335.42,4/12/2024 11:50,ACTIVE
ACC0001821,CUST006496,SAVINGS,EUR,936.82,10/5/2023 15:19,ACTIVE
ACC0001822,CUST008756,BUSINESS,GBP,1202.58,3/30/2022 17:39,ACTIVE
ACC0001823,CUST001316,BUSINESS,JPY,837.29,3/6/2024 2:56,ACTIVE
ACC0001824,CUST005053,BUSINESS,EUR,502.7,11/23/2021 15:08,ACTIVE
ACC0001825,CUST000646,CHECKING,EUR,1342.63,7/7/2022 6:49,CLOSED
ACC0001826,CUST005916,CHECKING,SGD,1863.72,8/24/2023 7:52,ACTIVE
ACC0001827,CUST009888,CHECKING,EUR,296.34,2/21/2026 4:37,ACTIVE
ACC0001828,CUST004420,BUSINESS,EUR,5961.75,6/3/2026 4:26,CLOSED
ACC0001829,CUST002965,BUSINESS,AUD,974.28,8/29/2025 21:50,ACTIVE
ACC0001830,CUST009195,SAVINGS,USD,1121.72,6/3/2026 12:14,ACTIVE
ACC0001831,CUST007587,CHECKING,EUR,2565.37,4/10/2024 14:10,CLOSED
ACC0001832,CUST003817,BUSINESS,PKR,1450.78,1/10/2023 0:43,ACTIVE
ACC0001833,CUST002315,BUSINESS,SGD,3441.85,10/11/2024 14:27,ACTIVE
ACC0001834,CUST000296,CHECKING,CAD,1547.74,9/13/2023 2:29,ACTIVE
ACC0001835,CUST002457,SAVINGS,CAD,525.88,5/15/2023 11:18,CLOSED
ACC0001836,CUST000217,CHECKING,EUR,1692.23,7/30/2025 17:01,CLOSED
ACC0001837,CUST008310,SAVINGS,EUR,277.97,7/12/2022 10:24,CLOSED
ACC0001838,CUST000592,SAVINGS,AUD,1249.22,1/9/2026 18:20,ACTIVE
ACC0001839,CUST002801,BUSINESS,AUD,1053.76,8/20/2026 15:57,ACTIVE
ACC0001840,CUST006579,BUSINESS,PKR,854.28,10/28/2023 13:33,CLOSED
ACC0001841,CUST009843,SAVINGS,EUR,939.88,3/30/2023 17:02,ACTIVE
ACC0001842,CUST002969,CHECKING,EUR,114.64,3/16/2026 18:58,ACTIVE
ACC0001843,CUST003098,SAVINGS,GBP,567.66,1/18/2024 12:05,SUSPENDED
ACC0001844,CUST003455,CHECKING,INR,1225.88,10/1/2021 10:08,CLOSED
ACC0001845,CUST009189,CHECKING,EUR,1328.53,3/20/2026 10:44,ACTIVE
ACC0001846,CUST002755,CHECKING,PKR,319.51,3/8/2026 14:46,ACTIVE
ACC0001847,CUST008168,BUSINESS,AUD,5008.29,12/15/2025 23:10,ACTIVE
ACC0001848,CUST000325,CHECKING,EUR,387.84,10/8/2024 3:34,ACTIVE
ACC0001849,CUST002831,SAVINGS,EUR,3509.92,2/24/2025 5:40,CLOSED
ACC0001850,CUST006939,CHECKING,EUR,1831.03,7/15/2023 9:36,ACTIVE
ACC0001851,CUST009408,SAVINGS,EUR,504.98,12/1/2025 5:52,ACTIVE
ACC0001852,CUST003920,SAVINGS,EUR,9231.47,9/19/2021 15:25,CLOSED
ACC0001853,CUST004724,CHECKING,EUR,261.81,3/17/2023 4:31,CLOSED
ACC0001854,CUST005352,SAVINGS,EUR,3304.32,4/14/2026 23:52,CLOSED
ACC0001855,CUST001508,BUSINESS,EUR,3643.5,7/3/2024 5:58,ACTIVE
ACC0001856,CUST004999,SAVINGS,USD,490.42,11/30/2022 1:47,CLOSED
ACC0001857,CUST009791,SAVINGS,EUR,5831.08,3/27/2022 21:16,ACTIVE
ACC0001858,CUST008128,SAVINGS,USD,812.36,12/10/2022 15:07,ACTIVE
ACC0001859,CUST006233,BUSINESS,CAD,1550.65,1/31/2022 3:47,ACTIVE
ACC0001860,CUST003413,SAVINGS,EUR,1498.75,1/24/2022 5:50,CLOSED
ACC0001861,CUST004980,SAVINGS,AED,933.4,2/2/2024 15:46,ACTIVE
ACC0001862,CUST003586,SAVINGS,EUR,2901.46,6/3/2022 2:32,ACTIVE
ACC0001863,CUST001075,SAVINGS,PKR,2841.78,2/1/2025 1:23,ACTIVE
ACC0001864,CUST007031,BUSINESS,USD,134.53,12/2/2023 20:23,SUSPENDED
ACC0001865,CUST006863,SAVINGS,INR,5245.93,5/13/2026 8:35,SUSPENDED
ACC0001866,CUST003255,BUSINESS,EUR,149.16,9/15/2024 21:23,CLOSED
ACC0001867,CUST004386,BUSINESS,JPY,3785.96,6/10/2022 6:36,ACTIVE
ACC0001868,CUST004861,BUSINESS,PKR,4238.85,10/11/2024 11:08,CLOSED
ACC0001869,CUST003747,BUSINESS,EUR,296.14,8/22/2024 22:51,ACTIVE
ACC0001870,CUST008963,SAVINGS,INR,669.83,6/23/2026 9:49,CLOSED
ACC0001871,CUST002622,SAVINGS,GBP,290.95,2/4/2025 16:22,ACTIVE
ACC0001872,CUST003537,SAVINGS,EUR,847.33,11/16/2023 11:14,ACTIVE
ACC0001873,CUST004911,BUSINESS,PKR,757.75,3/31/2026 9:11,ACTIVE
ACC0001874,CUST003938,CHECKING,AED,2795.01,9/15/2025 12:51,ACTIVE
ACC0001875,CUST007549,SAVINGS,GBP,5283.64,12/1/2021 12:58,ACTIVE
ACC0001876,CUST008594,SAVINGS,EUR,5853.65,4/2/2023 11:28,ACTIVE
ACC0001877,CUST008322,BUSINESS,PKR,558.58,10/20/2022 5:26,ACTIVE
ACC0001878,CUST003993,CHECKING,JPY,853.15,9/5/2022 14:49,CLOSED
ACC0001879,CUST006694,BUSINESS,EUR,145.46,1/19/2026 23:37,SUSPENDED
ACC0001880,CUST003579,BUSINESS,GBP,416.95,8/3/2025 15:17,CLOSED
ACC0001881,CUST004126,SAVINGS,PKR,3490.58,10/10/2021 20:03,ACTIVE
ACC0001882,CUST007056,BUSINESS,AED,7621.28,9/6/2023 21:56,CLOSED
ACC0001883,CUST005525,BUSINESS,GBP,249.33,10/9/2024 0:58,ACTIVE
ACC0001884,CUST005834,CHECKING,AED,538.64,12/30/2021 11:03,CLOSED
ACC0001885,CUST005007,SAVINGS,EUR,1062.43,4/24/2026 5:53,ACTIVE
ACC0001886,CUST005918,BUSINESS,EUR,1534.86,5/2/2026 9:36,ACTIVE
ACC0001887,CUST009763,CHECKING,CAD,415.08,4/22/2026 13:00,SUSPENDED
ACC0001888,CUST004410,SAVINGS,EUR,1824.16,1/17/2026 0:04,ACTIVE
ACC0001889,CUST002707,BUSINESS,EUR,621.04,1/10/2024 17:27,ACTIVE
ACC0001890,CUST000838,SAVINGS,EUR,1077.78,1/19/2023 1:07,ACTIVE
ACC0001891,CUST004594,CHECKING,GBP,2112.32,8/15/2023 10:16,SUSPENDED
ACC0001892,CUST003214,BUSINESS,EUR,1105.12,9/25/2024 10:53,ACTIVE
ACC0001893,CUST007659,SAVINGS,JPY,649.59,11/26/2023 23:57,ACTIVE
ACC0001894,CUST008029,CHECKING,AUD,961.47,9/21/2021 17:43,SUSPENDED
ACC0001895,CUST005157,SAVINGS,USD,986.3,10/19/2022 12:26,CLOSED
ACC0001896,CUST005659,BUSINESS,EUR,703.44,3/28/2022 3:53,CLOSED
ACC0001897,CUST000079,CHECKING,EUR,803.88,2/24/2025 23:07,SUSPENDED
ACC0001898,CUST000469,CHECKING,USD,7467.96,7/17/2026 17:04,ACTIVE
ACC0001899,CUST002257,SAVINGS,INR,2149.74,4/1/2026 5:31,SUSPENDED
ACC0001900,CUST005754,CHECKING,EUR,769.26,1/12/2022 21:52,ACTIVE
ACC0001901,CUST000630,BUSINESS,SGD,2530.94,4/8/2025 16:03,ACTIVE
ACC0001902,CUST000080,SAVINGS,EUR,734.67,5/5/2026 20:09,ACTIVE
ACC0001903,CUST000380,BUSINESS,AUD,4481.66,3/29/2022 4:13,ACTIVE
ACC0001904,CUST009214,CHECKING,PKR,1708.84,8/2/2023 6:29,ACTIVE
ACC0001905,CUST003437,SAVINGS,EUR,964.14,7/24/2024 14:18,ACTIVE
ACC0001906,CUST001061,CHECKING,EUR,1876.68,12/17/2024 18:53,ACTIVE
ACC0001907,CUST009776,SAVINGS,EUR,166.49,5/21/2023 9:24,CLOSED
ACC0001908,CUST003810,CHECKING,SGD,283.69,11/30/2024 16:08,ACTIVE
ACC0001909,CUST005417,CHECKING,AUD,261.72,11/23/2022 1:52,ACTIVE
ACC0001910,CUST001648,CHECKING,EUR,1301.84,11/12/2022 4:58,ACTIVE
ACC0001911,CUST003916,BUSINESS,AED,8769.35,12/13/2023 8:01,ACTIVE
ACC0001912,CUST009439,CHECKING,CAD,15955.52,2/3/2024 14:23,ACTIVE
ACC0001913,CUST002734,SAVINGS,EUR,2358.22,4/30/2025 22:04,ACTIVE
ACC0001914,CUST003026,SAVINGS,INR,2000.22,3/18/2023 23:57,ACTIVE
ACC0001915,CUST002442,BUSINESS,EUR,126.31,4/18/2025 18:16,ACTIVE
ACC0001916,CUST006231,CHECKING,EUR,571.8,6/26/2024 19:14,CLOSED
ACC0001917,CUST005636,CHECKING,EUR,426.09,9/28/2024 17:37,CLOSED
ACC0001918,CUST000838,BUSINESS,EUR,520.6,2/24/2025 2:37,ACTIVE
ACC0001919,CUST008125,CHECKING,SGD,896.26,9/7/2022 10:02,SUSPENDED
ACC0001920,CUST003153,BUSINESS,EUR,622.34,10/2/2024 6:27,CLOSED
ACC0001921,CUST005736,SAVINGS,INR,101.99,10/29/2025 2:05,ACTIVE
ACC0001922,CUST005607,CHECKING,EUR,2690.53,6/25/2025 14:54,ACTIVE
ACC0001923,CUST007068,CHECKING,EUR,302.69,9/28/2022 2:35,SUSPENDED
ACC0001924,CUST001325,BUSINESS,EUR,1461.32,8/6/2023 23:35,ACTIVE
ACC0001925,CUST005312,CHECKING,CAD,13212.24,7/10/2024 15:09,ACTIVE
ACC0001926,CUST007810,BUSINESS,AED,363.85,7/30/2024 5:07,ACTIVE
ACC0001927,CUST005637,SAVINGS,CAD,52.65,5/13/2022 11:36,ACTIVE
ACC0001928,CUST003604,BUSINESS,AUD,778.05,9/24/2025 1:42,ACTIVE
ACC0001929,CUST000513,SAVINGS,EUR,4109.89,10/9/2022 21:07,ACTIVE
ACC0001930,CUST007765,CHECKING,AED,11499.02,7/28/2025 22:17,SUSPENDED
ACC0001931,CUST001764,SAVINGS,PKR,250.77,1/14/2024 2:41,ACTIVE
ACC0001932,CUST003274,CHECKING,EUR,1990.3,4/28/2026 14:10,ACTIVE
ACC0001933,CUST004099,SAVINGS,USD,627.43,3/3/2024 18:42,ACTIVE
ACC0001934,CUST002301,CHECKING,AED,965.71,7/10/2025 5:43,CLOSED
ACC0001935,CUST005202,SAVINGS,EUR,26192.07,3/25/2023 7:59,ACTIVE
ACC0001936,CUST006934,BUSINESS,CAD,180.63,8/15/2025 23:02,CLOSED
ACC0001937,CUST002733,SAVINGS,SGD,1486.96,1/5/2022 17:26,ACTIVE
ACC0001938,CUST001664,CHECKING,INR,1922.21,8/27/2024 2:58,ACTIVE
ACC0001939,CUST000471,BUSINESS,INR,4035.73,7/29/2026 13:33,ACTIVE
ACC0001940,CUST008614,CHECKING,JPY,1233.46,11/28/2023 2:01,SUSPENDED
ACC0001941,CUST007243,SAVINGS,USD,1587.1,1/6/2024 20:35,ACTIVE
ACC0001942,CUST000232,BUSINESS,SGD,685.41,11/11/2024 11:33,SUSPENDED
ACC0001943,CUST000971,SAVINGS,EUR,1514.67,6/27/2022 21:23,SUSPENDED
ACC0001944,CUST003835,CHECKING,GBP,726.45,6/22/2025 21:18,SUSPENDED
ACC0001945,CUST007070,CHECKING,AED,2312.04,7/21/2023 12:16,ACTIVE
ACC0001946,CUST003849,BUSINESS,USD,703.78,5/1/2024 6:01,SUSPENDED
ACC0001947,CUST005506,CHECKING,AUD,1724.2,7/30/2023 7:18,ACTIVE
ACC0001948,CUST008095,CHECKING,JPY,1058.79,1/23/2025 17:21,ACTIVE
ACC0001949,CUST005499,CHECKING,EUR,4235.52,2/15/2022 15:11,CLOSED
ACC0001950,CUST005406,BUSINESS,CAD,1031.04,3/19/2025 4:40,SUSPENDED
ACC0001951,CUST009670,BUSINESS,EUR,130.63,11/27/2025 1:18,ACTIVE
ACC0001952,CUST002049,BUSINESS,PKR,4985.58,2/3/2024 0:54,CLOSED
ACC0001953,CUST006862,SAVINGS,CAD,369.86,2/14/2024 13:11,ACTIVE
ACC0001954,CUST001638,CHECKING,AUD,500.44,11/21/2025 2:19,ACTIVE
ACC0001955,CUST004595,CHECKING,AED,536.58,9/2/2021 20:58,SUSPENDED
ACC0001956,CUST009111,BUSINESS,INR,5706.3,3/29/2025 7:40,ACTIVE
ACC0001957,CUST005056,BUSINESS,EUR,84.54,10/23/2025 16:01,ACTIVE
ACC0001958,CUST001482,BUSINESS,USD,47348.87,4/6/2024 7:07,ACTIVE
ACC0001959,CUST002495,CHECKING,EUR,3894.3,9/9/2021 5:04,ACTIVE
ACC0001960,CUST006051,BUSINESS,AED,1433.52,3/10/2022 12:53,ACTIVE
ACC0001961,CUST006566,SAVINGS,EUR,1026.72,12/25/2022 20:56,ACTIVE
ACC0001962,CUST000757,BUSINESS,EUR,1544.82,12/5/2024 13:05,ACTIVE
ACC0001963,CUST009060,CHECKING,EUR,2049.49,11/26/2021 8:52,CLOSED
ACC0001964,CUST003892,CHECKING,USD,2378.58,12/15/2022 8:08,ACTIVE
ACC0001965,CUST004184,CHECKING,EUR,2136.08,12/18/2025 10:46,ACTIVE
ACC0001966,CUST005928,SAVINGS,EUR,1221.09,7/9/2025 18:08,ACTIVE
ACC0001967,CUST006203,SAVINGS,SGD,865.4,2/11/2022 2:55,ACTIVE
ACC0001968,CUST009935,BUSINESS,AUD,914.59,11/6/2021 2:20,ACTIVE
ACC0001969,CUST001806,BUSINESS,EUR,867.93,6/15/2025 18:30,ACTIVE
ACC0001970,CUST004798,BUSINESS,EUR,4274.93,3/15/2022 6:05,ACTIVE
ACC0001971,CUST004674,BUSINESS,USD,2235.61,7/25/2022 19:54,ACTIVE
ACC0001972,CUST003180,CHECKING,USD,32.19,11/13/2021 20:02,SUSPENDED
ACC0001973,CUST003328,BUSINESS,EUR,2409.27,4/19/2025 4:04,ACTIVE
ACC0001974,CUST004076,SAVINGS,EUR,1385.32,3/2/2024 23:15,SUSPENDED
ACC0001975,CUST006104,CHECKING,INR,1072.29,12/22/2025 20:50,ACTIVE
ACC0001976,CUST000625,BUSINESS,AED,687.99,2/6/2022 3:18,CLOSED
ACC0001977,CUST002569,BUSINESS,EUR,4225.68,11/18/2022 9:08,SUSPENDED
ACC0001978,CUST007927,SAVINGS,USD,3418.76,4/21/2023 6:53,ACTIVE
ACC0001979,CUST001757,SAVINGS,AUD,433.78,11/18/2022 18:27,ACTIVE
ACC0001980,CUST006685,CHECKING,AED,1787.3,9/7/2024 5:46,CLOSED
ACC0001981,CUST009578,CHECKING,EUR,341.73,12/21/2025 19:51,CLOSED
ACC0001982,CUST007663,BUSINESS,CAD,209.44,1/9/2025 14:39,ACTIVE
ACC0001983,CUST006387,SAVINGS,GBP,516.95,6/10/2026 3:26,ACTIVE
ACC0001984,CUST007405,CHECKING,JPY,3086.74,12/26/2025 15:51,ACTIVE
ACC0001985,CUST008344,CHECKING,JPY,3441.8,10/14/2021 6:57,ACTIVE
ACC0001986,CUST002315,BUSINESS,SGD,2029.82,3/5/2022 23:19,SUSPENDED
ACC0001987,CUST001367,BUSINESS,EUR,2617.87,4/6/2026 13:46,ACTIVE
ACC0001988,CUST008249,SAVINGS,EUR,2037.37,3/16/2026 5:42,ACTIVE
ACC0001989,CUST002550,CHECKING,PKR,507.87,6/28/2022 3:15,ACTIVE
ACC0001990,CUST009728,BUSINESS,EUR,1841.45,1/26/2024 19:10,ACTIVE
ACC0001991,CUST006506,BUSINESS,INR,2865.48,2/11/2026 21:05,ACTIVE
ACC0001992,CUST005280,SAVINGS,EUR,2711.21,3/16/2024 19:19,ACTIVE
ACC0001993,CUST007545,SAVINGS,AUD,4567.38,4/2/2026 11:15,ACTIVE
ACC0001994,CUST001867,CHECKING,GBP,2565.64,4/17/2024 4:39,ACTIVE
ACC0001995,CUST002244,BUSINESS,EUR,1671.94,12/11/2024 1:50,SUSPENDED
ACC0001996,CUST007393,SAVINGS,AED,3960.72,6/12/2024 12:53,ACTIVE
ACC0001997,CUST007243,BUSINESS,USD,1062.28,11/17/2023 22:14,ACTIVE
ACC0001998,CUST005674,BUSINESS,EUR,380.6,4/11/2022 10:56,CLOSED
ACC0001999,CUST001327,SAVINGS,JPY,901.73,3/25/2022 1:13,ACTIVE
ACC0002000,CUST000926,SAVINGS,INR,448.59,3/8/2023 14:50,ACTIVE
ACC0002001,CUST005207,CHECKING,EUR,487.74,1/4/2024 0:41,ACTIVE
ACC0002002,CUST002910,CHECKING,EUR,922.03,2/18/2023 15:00,ACTIVE
ACC0002003,CUST006182,BUSINESS,AED,423.73,11/17/2022 6:45,SUSPENDED
ACC0002004,CUST003999,BUSINESS,PKR,757.82,2/22/2025 22:21,ACTIVE
ACC0002005,CUST009093,BUSINESS,USD,113.03,2/25/2022 3:57,ACTIVE
ACC0002006,CUST003491,BUSINESS,AUD,1416.51,4/5/2025 7:47,ACTIVE
ACC0002007,CUST005673,CHECKING,USD,1098.22,5/8/2022 7:03,ACTIVE
ACC0002008,CUST009740,SAVINGS,SGD,411.37,10/10/2023 3:18,SUSPENDED
ACC0002009,CUST006550,SAVINGS,GBP,2418.96,5/19/2026 17:09,ACTIVE
ACC0002010,CUST000774,CHECKING,EUR,3378.15,3/11/2023 10:23,CLOSED
ACC0002011,CUST000779,SAVINGS,CAD,159.32,9/1/2022 18:42,ACTIVE
ACC0002012,CUST009906,BUSINESS,USD,439.1,9/6/2025 3:26,ACTIVE
ACC0002013,CUST004476,SAVINGS,EUR,435.73,12/30/2022 21:35,CLOSED
ACC0002014,CUST007525,BUSINESS,EUR,355,4/23/2024 12:05,ACTIVE
ACC0002015,CUST004876,BUSINESS,EUR,2967.19,11/16/2022 15:34,ACTIVE
ACC0002016,CUST008790,BUSINESS,USD,869.06,4/23/2022 2:23,CLOSED
ACC0002017,CUST002396,CHECKING,USD,798.38,5/26/2026 8:21,ACTIVE
ACC0002018,CUST008876,BUSINESS,EUR,99.02,2/25/2025 1:14,ACTIVE
ACC0002019,CUST000732,CHECKING,EUR,2350.78,4/24/2025 5:43,ACTIVE
ACC0002020,CUST009003,BUSINESS,CAD,247.87,6/3/2025 0:13,ACTIVE
ACC0002021,CUST007314,CHECKING,CAD,1178.41,1/18/2026 3:41,ACTIVE
ACC0002022,CUST000795,SAVINGS,CAD,1529.74,11/14/2022 9:31,ACTIVE
ACC0002023,CUST003993,CHECKING,JPY,5612.72,6/14/2023 18:37,ACTIVE
ACC0002024,CUST006149,CHECKING,EUR,228.02,8/3/2026 4:26,ACTIVE
ACC0002025,CUST008938,SAVINGS,PKR,29.27,2/8/2025 15:04,ACTIVE
ACC0002026,CUST002440,CHECKING,GBP,1367.34,10/4/2025 2:20,ACTIVE
ACC0002027,CUST003851,BUSINESS,EUR,9514.89,5/25/2024 8:18,CLOSED
ACC0002028,CUST008961,CHECKING,PKR,4850.01,4/22/2025 9:06,ACTIVE
ACC0002029,CUST003868,CHECKING,EUR,1410.35,7/6/2025 8:58,ACTIVE
ACC0002030,CUST009015,BUSINESS,EUR,607.92,2/25/2025 8:00,ACTIVE
ACC0002031,CUST001259,BUSINESS,EUR,2888.66,10/20/2024 16:49,ACTIVE
ACC0002032,CUST008569,CHECKING,USD,340.95,8/16/2026 7:36,CLOSED
ACC0002033,CUST006736,CHECKING,INR,1942.3,2/14/2024 17:08,ACTIVE
ACC0002034,CUST000149,CHECKING,EUR,2011.36,5/20/2026 19:44,SUSPENDED
ACC0002035,CUST009263,BUSINESS,EUR,3913.75,1/10/2025 18:12,CLOSED
ACC0002036,CUST001409,BUSINESS,EUR,30079.29,7/22/2023 21:08,CLOSED
ACC0002037,CUST007847,CHECKING,JPY,1756.19,6/23/2025 5:37,CLOSED
ACC0002038,CUST006233,BUSINESS,CAD,595.41,5/22/2026 1:46,ACTIVE
ACC0002039,CUST007633,BUSINESS,AUD,1063.49,8/31/2025 22:57,SUSPENDED
ACC0002040,CUST009708,BUSINESS,PKR,131.25,2/25/2026 5:52,ACTIVE
ACC0002041,CUST007965,SAVINGS,INR,476.44,8/15/2024 15:44,ACTIVE
ACC0002042,CUST003018,CHECKING,EUR,671.06,6/28/2024 11:26,ACTIVE
ACC0002043,CUST000380,SAVINGS,AUD,584.7,6/6/2025 23:03,ACTIVE
ACC0002044,CUST001324,SAVINGS,EUR,1316.62,8/1/2022 19:31,CLOSED
ACC0002045,CUST001634,CHECKING,AED,408.75,5/2/2022 18:26,ACTIVE
ACC0002046,CUST000145,SAVINGS,EUR,4210.08,2/1/2026 8:23,ACTIVE
ACC0002047,CUST007106,CHECKING,EUR,1096.91,9/29/2025 6:01,ACTIVE
ACC0002048,CUST009186,SAVINGS,EUR,1084.46,10/6/2022 6:42,ACTIVE
ACC0002049,CUST008735,BUSINESS,AED,739.91,1/19/2024 8:34,ACTIVE
ACC0002050,CUST001708,CHECKING,EUR,1321.11,1/23/2026 0:08,ACTIVE
ACC0002051,CUST007517,CHECKING,EUR,2951.64,8/13/2022 21:44,SUSPENDED
ACC0002052,CUST006084,CHECKING,EUR,387.39,2/27/2026 14:57,ACTIVE
ACC0002053,CUST009571,CHECKING,AUD,497.83,6/3/2025 20:17,SUSPENDED
ACC0002054,CUST004339,BUSINESS,PKR,761.68,10/20/2021 15:35,ACTIVE
ACC0002055,CUST005928,SAVINGS,EUR,218.1,5/3/2025 4:54,ACTIVE
ACC0002056,CUST006887,BUSINESS,EUR,410.3,5/5/2023 19:02,ACTIVE
ACC0002057,CUST002323,BUSINESS,AUD,619.27,7/2/2023 16:38,ACTIVE
ACC0002058,CUST005639,SAVINGS,PKR,3131.5,9/19/2025 12:23,ACTIVE
ACC0002059,CUST001883,BUSINESS,JPY,1502.78,3/21/2026 16:33,ACTIVE
ACC0002060,CUST007431,SAVINGS,GBP,1383.41,7/11/2025 14:07,ACTIVE
ACC0002061,CUST001283,CHECKING,GBP,3044.46,11/16/2023 14:11,ACTIVE
ACC0002062,CUST007310,BUSINESS,INR,929.97,6/7/2025 10:33,CLOSED
ACC0002063,CUST001906,BUSINESS,SGD,1752.08,12/13/2022 1:41,CLOSED
ACC0002064,CUST008209,BUSINESS,INR,968.87,2/24/2025 18:30,ACTIVE
ACC0002065,CUST002317,SAVINGS,EUR,1507.84,6/1/2025 7:42,ACTIVE
ACC0002066,CUST009579,SAVINGS,EUR,544.95,6/14/2023 4:41,ACTIVE
ACC0002067,CUST001746,CHECKING,USD,58.76,1/17/2023 6:45,CLOSED
ACC0002068,CUST006582,SAVINGS,SGD,933.43,12/4/2024 21:00,ACTIVE
ACC0002069,CUST008912,CHECKING,EUR,6046.88,1/23/2026 14:54,ACTIVE
ACC0002070,CUST006100,SAVINGS,SGD,3332.43,7/31/2022 12:46,ACTIVE
ACC0002071,CUST003400,SAVINGS,GBP,3492.86,8/23/2023 13:06,ACTIVE
ACC0002072,CUST003205,BUSINESS,EUR,4833.65,3/12/2025 19:47,SUSPENDED
ACC0002073,CUST007829,BUSINESS,EUR,1219.74,3/17/2022 8:51,ACTIVE
ACC0002074,CUST000763,CHECKING,EUR,1389.61,7/6/2024 16:22,CLOSED
ACC0002075,CUST002291,CHECKING,INR,522.6,7/16/2023 19:28,CLOSED
ACC0002076,CUST004730,BUSINESS,AUD,750.48,1/15/2025 22:15,ACTIVE
ACC0002077,CUST001128,SAVINGS,EUR,2296,4/10/2024 0:57,ACTIVE
ACC0002078,CUST006406,SAVINGS,EUR,4650.18,1/19/2022 16:47,ACTIVE
ACC0002079,CUST008098,SAVINGS,EUR,927.66,10/4/2025 13:01,ACTIVE
ACC0002080,CUST003579,CHECKING,GBP,638.92,12/24/2024 18:25,ACTIVE
ACC0002081,CUST001810,CHECKING,GBP,1097.33,10/13/2022 21:44,ACTIVE
ACC0002082,CUST006818,CHECKING,JPY,2256.22,1/15/2022 3:59,CLOSED
ACC0002083,CUST004886,CHECKING,EUR,193.91,2/23/2023 14:55,CLOSED
ACC0002084,CUST001676,SAVINGS,AED,69.73,3/25/2026 19:04,ACTIVE
ACC0002085,CUST004842,BUSINESS,INR,566.43,12/18/2022 21:58,ACTIVE
ACC0002086,CUST001847,BUSINESS,EUR,253.44,11/23/2021 4:48,ACTIVE
ACC0002087,CUST008715,BUSINESS,EUR,595.99,9/29/2025 18:31,ACTIVE
ACC0002088,CUST003395,SAVINGS,INR,918.43,4/6/2024 16:43,ACTIVE
ACC0002089,CUST007852,CHECKING,AED,636.57,8/23/2026 23:20,ACTIVE
ACC0002090,CUST006362,SAVINGS,GBP,6266.42,5/21/2024 14:34,ACTIVE
ACC0002091,CUST008826,BUSINESS,INR,1623.1,2/15/2025 3:23,ACTIVE
ACC0002092,CUST009719,BUSINESS,AUD,1572.73,3/12/2023 17:22,ACTIVE
ACC0002093,CUST000358,CHECKING,CAD,2313.8,1/8/2024 5:28,ACTIVE
ACC0002094,CUST009031,BUSINESS,AED,279.61,5/29/2022 7:08,ACTIVE
ACC0002095,CUST000049,CHECKING,AED,3815.91,9/28/2023 13:20,ACTIVE
ACC0002096,CUST008869,CHECKING,EUR,1001.33,11/12/2022 21:39,ACTIVE
ACC0002097,CUST009886,BUSINESS,JPY,2451.8,1/11/2024 11:10,ACTIVE
ACC0002098,CUST006580,BUSINESS,PKR,303.01,7/27/2024 20:32,ACTIVE
ACC0002099,CUST001291,SAVINGS,AED,169.95,7/28/2022 19:29,SUSPENDED
ACC0002100,CUST002968,BUSINESS,EUR,2926.22,9/30/2022 6:04,ACTIVE
ACC0002101,CUST009730,CHECKING,USD,1722.77,9/10/2023 13:13,CLOSED
ACC0002102,CUST002748,SAVINGS,EUR,371.5,4/8/2022 23:23,ACTIVE
ACC0002103,CUST006281,SAVINGS,GBP,386.22,1/29/2024 16:21,SUSPENDED
ACC0002104,CUST003655,SAVINGS,CAD,4232.39,5/13/2022 7:03,ACTIVE
ACC0002105,CUST000716,SAVINGS,CAD,263.15,12/11/2023 0:13,ACTIVE
ACC0002106,CUST006179,BUSINESS,CAD,7873.1,2/2/2023 17:07,CLOSED
ACC0002107,CUST002379,BUSINESS,PKR,372.13,5/6/2022 15:49,ACTIVE
ACC0002108,CUST001343,BUSINESS,JPY,2359.18,8/21/2024 12:25,ACTIVE
ACC0002109,CUST002791,CHECKING,PKR,739.27,1/28/2026 22:45,SUSPENDED
ACC0002110,CUST002571,SAVINGS,EUR,2261.59,11/28/2022 21:07,ACTIVE
ACC0002111,CUST002033,BUSINESS,INR,570.81,7/25/2024 1:28,ACTIVE
ACC0002112,CUST000335,CHECKING,INR,902.03,10/27/2023 10:37,SUSPENDED
ACC0002113,CUST001872,SAVINGS,EUR,1151.83,7/22/2024 13:31,CLOSED
ACC0002114,CUST009559,SAVINGS,AED,329.43,8/24/2022 14:13,CLOSED
ACC0002115,CUST000876,SAVINGS,GBP,2667.75,10/14/2023 9:39,ACTIVE
ACC0002116,CUST007344,BUSINESS,EUR,592.38,7/7/2023 5:23,SUSPENDED
ACC0002117,CUST008531,BUSINESS,PKR,833.54,4/2/2024 0:17,ACTIVE
ACC0002118,CUST009447,SAVINGS,EUR,332.55,7/3/2023 2:52,ACTIVE
ACC0002119,CUST009530,BUSINESS,PKR,50.66,4/5/2026 0:00,ACTIVE
ACC0002120,CUST009835,CHECKING,EUR,871.98,11/28/2022 23:53,ACTIVE
ACC0002121,CUST002642,CHECKING,EUR,19833.71,8/2/2024 7:38,ACTIVE
ACC0002122,CUST008034,CHECKING,EUR,2811.65,3/2/2022 17:53,ACTIVE
ACC0002123,CUST004574,BUSINESS,EUR,1071.58,2/17/2022 7:51,ACTIVE
ACC0002124,CUST005501,SAVINGS,GBP,799.94,2/18/2026 10:51,ACTIVE
ACC0002125,CUST008467,BUSINESS,PKR,1126.6,11/25/2024 2:56,ACTIVE
ACC0002126,CUST009059,BUSINESS,EUR,2114.44,9/23/2022 21:10,SUSPENDED
ACC0002127,CUST001672,CHECKING,EUR,265.87,12/14/2021 6:12,ACTIVE
ACC0002128,CUST001262,SAVINGS,EUR,4176.32,8/12/2024 16:22,ACTIVE
ACC0002129,CUST005135,SAVINGS,INR,2587.53,3/28/2022 10:39,ACTIVE
ACC0002130,CUST001552,SAVINGS,EUR,2596.25,2/27/2022 17:47,ACTIVE
ACC0002131,CUST001543,CHECKING,INR,1855.99,4/17/2023 23:31,SUSPENDED
ACC0002132,CUST007553,SAVINGS,PKR,1122.75,10/14/2023 21:23,ACTIVE
ACC0002133,CUST007351,CHECKING,GBP,2458.81,4/15/2022 2:22,CLOSED
ACC0002134,CUST006790,CHECKING,EUR,2230.94,9/16/2024 9:32,ACTIVE
ACC0002135,CUST009777,SAVINGS,EUR,717.05,3/25/2024 2:03,SUSPENDED
ACC0002136,CUST006726,CHECKING,JPY,550.97,10/24/2022 23:23,ACTIVE
ACC0002137,CUST009185,BUSINESS,SGD,1239.21,4/9/2026 17:56,ACTIVE
ACC0002138,CUST001453,BUSINESS,USD,7036.2,3/31/2023 17:29,ACTIVE
ACC0002139,CUST008611,BUSINESS,EUR,247.91,1/20/2024 17:14,CLOSED
ACC0002140,CUST009667,BUSINESS,EUR,188.48,8/1/2026 0:45,SUSPENDED
ACC0002141,CUST009589,CHECKING,EUR,1336.37,1/22/2024 21:08,ACTIVE
ACC0002142,CUST008691,CHECKING,JPY,1165.69,12/11/2022 18:24,CLOSED
ACC0002143,CUST000776,CHECKING,EUR,1350.2,1/18/2026 4:58,ACTIVE
ACC0002144,CUST000213,SAVINGS,PKR,1469.6,10/1/2023 14:34,ACTIVE
ACC0002145,CUST006980,SAVINGS,AUD,838.96,8/24/2024 20:44,ACTIVE
ACC0002146,CUST003089,BUSINESS,EUR,6554.03,10/20/2022 7:34,CLOSED
ACC0002147,CUST002814,CHECKING,EUR,160.6,5/31/2025 8:08,ACTIVE
ACC0002148,CUST003635,BUSINESS,EUR,405.78,3/2/2022 1:47,ACTIVE
ACC0002149,CUST006908,CHECKING,PKR,968.83,3/20/2025 5:10,ACTIVE
ACC0002150,CUST001260,SAVINGS,AED,152.65,9/28/2021 1:56,SUSPENDED
ACC0002151,CUST008633,SAVINGS,CAD,888,6/11/2025 9:02,ACTIVE
ACC0002152,CUST009477,CHECKING,JPY,8052.71,10/2/2025 4:35,ACTIVE
ACC0002153,CUST005087,BUSINESS,PKR,1124.47,4/13/2022 8:40,SUSPENDED
ACC0002154,CUST000923,CHECKING,AED,1446.41,12/27/2023 23:40,ACTIVE
ACC0002155,CUST002677,BUSINESS,EUR,241.73,9/20/2025 11:53,ACTIVE
ACC0002156,CUST004848,SAVINGS,EUR,523.41,1/7/2025 1:25,SUSPENDED
ACC0002157,CUST005455,BUSINESS,EUR,699.08,2/17/2024 0:01,ACTIVE
ACC0002158,CUST005600,BUSINESS,AUD,749,11/12/2022 3:24,ACTIVE
ACC0002159,CUST003841,BUSINESS,EUR,5104.98,8/15/2023 6:11,SUSPENDED
ACC0002160,CUST009601,BUSINESS,EUR,2141.43,1/5/2025 17:49,ACTIVE
ACC0002161,CUST002510,SAVINGS,EUR,288.95,7/23/2022 8:36,ACTIVE
ACC0002162,CUST003569,BUSINESS,EUR,1474.1,11/3/2025 4:43,CLOSED
ACC0002163,CUST002526,CHECKING,JPY,1993.94,1/17/2022 1:22,ACTIVE
ACC0002164,CUST005604,CHECKING,EUR,4307.78,8/24/2023 4:58,ACTIVE
ACC0002165,CUST004462,CHECKING,CAD,7307.44,10/8/2022 14:44,SUSPENDED
ACC0002166,CUST003019,SAVINGS,EUR,324.37,4/22/2024 7:33,SUSPENDED
ACC0002167,CUST001094,BUSINESS,JPY,414.46,2/14/2023 15:16,CLOSED
ACC0002168,CUST004163,SAVINGS,AED,242.48,3/14/2023 12:12,ACTIVE
ACC0002169,CUST002941,CHECKING,JPY,828.13,7/30/2023 18:48,CLOSED
ACC0002170,CUST002986,BUSINESS,CAD,1919.14,1/20/2024 9:30,ACTIVE
ACC0002171,CUST006649,CHECKING,SGD,3586.03,3/29/2022 11:45,ACTIVE
ACC0002172,CUST008881,SAVINGS,EUR,1001.1,7/23/2025 2:33,ACTIVE
ACC0002173,CUST009363,BUSINESS,EUR,747.09,7/15/2025 14:31,ACTIVE
ACC0002174,CUST005866,SAVINGS,AUD,1315.68,8/23/2026 23:01,ACTIVE
ACC0002175,CUST003407,BUSINESS,CAD,402.55,12/10/2022 12:24,SUSPENDED
ACC0002176,CUST004124,SAVINGS,AUD,13459.58,4/30/2022 7:39,ACTIVE
ACC0002177,CUST001538,SAVINGS,EUR,159.3,7/18/2022 10:42,ACTIVE
ACC0002178,CUST003566,CHECKING,GBP,1368.8,7/18/2025 6:06,SUSPENDED
ACC0002179,CUST003971,CHECKING,GBP,12435.71,2/25/2022 22:45,ACTIVE
ACC0002180,CUST009795,SAVINGS,PKR,1105.62,12/15/2021 9:19,SUSPENDED
ACC0002181,CUST005533,BUSINESS,INR,873.02,10/2/2024 21:46,ACTIVE
ACC0002182,CUST009620,SAVINGS,EUR,714.13,1/12/2023 15:57,CLOSED
ACC0002183,CUST005012,SAVINGS,SGD,883.18,2/5/2024 17:07,SUSPENDED
ACC0002184,CUST008821,SAVINGS,GBP,5695.42,4/27/2024 17:35,ACTIVE
ACC0002185,CUST004548,BUSINESS,AED,77.15,12/29/2024 19:22,ACTIVE
ACC0002186,CUST009215,BUSINESS,SGD,6905.82,10/5/2021 21:35,SUSPENDED
ACC0002187,CUST009919,CHECKING,CAD,198.59,11/8/2021 3:28,CLOSED
ACC0002188,CUST001764,SAVINGS,PKR,796.33,6/15/2022 8:16,ACTIVE
ACC0002189,CUST003084,SAVINGS,EUR,655.18,1/2/2023 8:06,CLOSED
ACC0002190,CUST001523,SAVINGS,EUR,2222.22,8/30/2025 14:30,ACTIVE
ACC0002191,CUST008327,CHECKING,EUR,161.14,9/5/2022 2:56,ACTIVE
ACC0002192,CUST003379,CHECKING,SGD,1909.52,9/29/2025 2:44,SUSPENDED
ACC0002193,CUST007709,CHECKING,EUR,12446.21,2/4/2023 16:52,ACTIVE
ACC0002194,CUST007420,CHECKING,INR,213.62,12/21/2021 13:43,ACTIVE
ACC0002195,CUST002230,CHECKING,EUR,1376.98,6/9/2026 17:54,ACTIVE
ACC0002196,CUST003709,BUSINESS,GBP,495.53,3/24/2026 1:31,ACTIVE
ACC0002197,CUST000184,BUSINESS,SGD,1828.16,2/7/2024 11:38,ACTIVE
ACC0002198,CUST005008,CHECKING,USD,1122.12,10/14/2021 16:52,CLOSED
ACC0002199,CUST002813,BUSINESS,SGD,507.87,12/24/2022 11:04,ACTIVE
ACC0002200,CUST004430,CHECKING,EUR,1969.33,6/7/2025 8:41,CLOSED
ACC0002201,CUST008606,BUSINESS,INR,9558.8,12/10/2021 22:22,ACTIVE
ACC0002202,CUST001005,SAVINGS,EUR,872.11,7/16/2026 20:54,CLOSED
ACC0002203,CUST004025,CHECKING,GBP,2601.15,12/15/2023 15:18,CLOSED
ACC0002204,CUST003846,SAVINGS,INR,232.31,4/27/2023 8:02,ACTIVE
ACC0002205,CUST005056,CHECKING,EUR,348.03,6/3/2022 21:04,ACTIVE
ACC0002206,CUST008918,CHECKING,AED,1933.11,8/21/2024 2:00,CLOSED
ACC0002207,CUST005080,SAVINGS,GBP,6508.99,2/4/2023 18:58,ACTIVE
ACC0002208,CUST002756,SAVINGS,EUR,1680.31,8/24/2022 9:20,SUSPENDED
ACC0002209,CUST004436,CHECKING,EUR,753.2,6/8/2022 21:34,CLOSED
ACC0002210,CUST000505,CHECKING,INR,1095.7,10/25/2025 7:06,CLOSED
ACC0002211,CUST004580,CHECKING,EUR,244.57,9/10/2022 15:25,ACTIVE
ACC0002212,CUST000120,BUSINESS,AUD,2265.2,8/31/2025 14:31,SUSPENDED
ACC0002213,CUST005041,SAVINGS,GBP,3161.49,2/5/2026 3:49,ACTIVE
ACC0002214,CUST005752,BUSINESS,EUR,637.46,3/11/2025 13:01,ACTIVE
ACC0002215,CUST001934,BUSINESS,EUR,623.87,3/17/2023 5:08,CLOSED
ACC0002216,CUST008434,SAVINGS,SGD,1508.78,8/1/2024 9:59,CLOSED
ACC0002217,CUST001068,SAVINGS,JPY,649.33,1/25/2025 19:13,ACTIVE
ACC0002218,CUST004489,CHECKING,INR,1012.97,6/2/2022 13:35,SUSPENDED
ACC0002219,CUST009437,SAVINGS,INR,13625.06,10/12/2024 5:13,ACTIVE
ACC0002220,CUST005062,SAVINGS,SGD,815.31,2/11/2025 16:49,ACTIVE
ACC0002221,CUST003153,BUSINESS,EUR,713.36,9/12/2023 11:16,SUSPENDED
ACC0002222,CUST001065,CHECKING,EUR,504.19,3/30/2025 21:50,ACTIVE
ACC0002223,CUST000638,SAVINGS,EUR,2678.55,5/16/2026 23:03,ACTIVE
ACC0002224,CUST002200,SAVINGS,EUR,882.3,4/8/2026 4:40,ACTIVE
ACC0002225,CUST001530,BUSINESS,CAD,503.08,1/14/2025 21:21,CLOSED
ACC0002226,CUST000915,BUSINESS,EUR,5353.82,12/20/2023 15:44,ACTIVE
ACC0002227,CUST006317,CHECKING,EUR,6024.1,12/6/2024 7:51,CLOSED
ACC0002228,CUST001157,CHECKING,AED,533.52,7/10/2024 20:15,CLOSED
ACC0002229,CUST003271,SAVINGS,EUR,116.76,10/19/2021 19:37,ACTIVE
ACC0002230,CUST005236,BUSINESS,JPY,3673.93,1/26/2024 1:24,ACTIVE
ACC0002231,CUST002970,BUSINESS,EUR,482.24,5/28/2024 2:57,SUSPENDED
ACC0002232,CUST009727,CHECKING,CAD,2832.03,11/4/2024 14:52,ACTIVE
ACC0002233,CUST002860,CHECKING,INR,103.12,7/16/2026 12:26,ACTIVE
ACC0002234,CUST006263,BUSINESS,GBP,3200.67,12/10/2024 7:04,ACTIVE
ACC0002235,CUST007091,BUSINESS,EUR,256.36,9/10/2021 19:39,CLOSED
ACC0002236,CUST006938,BUSINESS,EUR,2635.73,3/5/2025 19:18,ACTIVE
ACC0002237,CUST002751,BUSINESS,PKR,1115.58,1/4/2023 14:44,ACTIVE
ACC0002238,CUST003830,CHECKING,EUR,349.07,1/20/2026 6:25,SUSPENDED
ACC0002239,CUST006287,CHECKING,EUR,672.87,8/17/2024 16:05,SUSPENDED
ACC0002240,CUST004097,CHECKING,INR,2498.84,8/3/2023 4:22,ACTIVE
ACC0002241,CUST008877,CHECKING,AUD,1245.23,12/7/2024 6:03,SUSPENDED
ACC0002242,CUST000267,BUSINESS,AED,2211.21,10/19/2025 1:07,ACTIVE
ACC0002243,CUST005007,CHECKING,EUR,11751.41,4/12/2024 19:31,ACTIVE
ACC0002244,CUST002438,SAVINGS,GBP,167.82,2/5/2023 8:00,ACTIVE
ACC0002245,CUST006203,SAVINGS,SGD,7636.2,5/27/2026 6:21,CLOSED
ACC0002246,CUST002912,BUSINESS,EUR,1242.93,3/22/2022 1:43,CLOSED
ACC0002247,CUST003078,SAVINGS,JPY,372.96,2/22/2026 17:47,ACTIVE
ACC0002248,CUST003135,CHECKING,USD,222.21,8/25/2025 0:07,ACTIVE
ACC0002249,CUST008477,BUSINESS,AED,873.98,4/19/2022 15:54,SUSPENDED
ACC0002250,CUST003770,CHECKING,EUR,3314.23,4/11/2022 10:09,ACTIVE
ACC0002251,CUST003420,SAVINGS,GBP,941,5/14/2023 2:02,ACTIVE
ACC0002252,CUST001680,BUSINESS,GBP,6723.65,2/21/2025 22:19,SUSPENDED
ACC0002253,CUST006247,SAVINGS,USD,192.21,8/20/2023 15:44,SUSPENDED
ACC0002254,CUST004169,BUSINESS,EUR,1080.84,8/19/2024 4:21,ACTIVE
ACC0002255,CUST008319,SAVINGS,AUD,243.99,2/9/2024 2:34,ACTIVE
ACC0002256,CUST004719,CHECKING,EUR,1696.56,4/11/2023 6:05,ACTIVE
ACC0002257,CUST004082,BUSINESS,INR,3178.82,8/24/2022 17:04,SUSPENDED
ACC0002258,CUST002894,SAVINGS,EUR,661.88,8/17/2023 14:59,SUSPENDED
ACC0002259,CUST002189,BUSINESS,USD,48.18,9/21/2023 9:39,ACTIVE
ACC0002260,CUST005629,CHECKING,AED,1392.34,8/25/2022 19:40,ACTIVE
ACC0002261,CUST004408,CHECKING,EUR,1852.12,6/7/2022 20:04,ACTIVE
ACC0002262,CUST000356,BUSINESS,EUR,1781.4,11/7/2022 16:49,ACTIVE
ACC0002263,CUST002673,BUSINESS,GBP,4831.63,10/22/2025 21:44,CLOSED
ACC0002264,CUST008570,BUSINESS,EUR,303.3,2/3/2022 1:15,ACTIVE
ACC0002265,CUST009975,SAVINGS,EUR,2480.61,5/13/2025 12:43,ACTIVE
ACC0002266,CUST000136,CHECKING,EUR,4587.13,1/30/2024 18:33,SUSPENDED
ACC0002267,CUST006995,BUSINESS,AUD,129.76,5/15/2024 17:50,ACTIVE
ACC0002268,CUST004643,SAVINGS,EUR,1609.34,4/13/2024 6:33,ACTIVE
ACC0002269,CUST005288,BUSINESS,EUR,598.83,9/25/2025 3:13,ACTIVE
ACC0002270,CUST007706,SAVINGS,EUR,994.43,2/22/2026 11:50,ACTIVE
ACC0002271,CUST000735,SAVINGS,INR,1664.39,5/23/2023 19:02,ACTIVE
ACC0002272,CUST002042,BUSINESS,AUD,611.14,7/5/2026 0:48,SUSPENDED
ACC0002273,CUST003300,CHECKING,EUR,487.43,6/21/2026 8:10,ACTIVE
ACC0002274,CUST009698,BUSINESS,CAD,1142.51,10/25/2021 4:07,ACTIVE
ACC0002275,CUST004489,CHECKING,INR,297.47,1/9/2024 15:25,SUSPENDED
ACC0002276,CUST008334,SAVINGS,PKR,297.98,7/28/2026 4:06,ACTIVE
ACC0002277,CUST004502,SAVINGS,EUR,2478.1,9/5/2025 19:40,CLOSED
ACC0002278,CUST006586,BUSINESS,EUR,276.29,5/30/2022 8:09,ACTIVE
ACC0002279,CUST008460,SAVINGS,USD,2439.56,10/20/2021 17:12,ACTIVE
ACC0002280,CUST007373,BUSINESS,EUR,1910.48,9/7/2023 4:38,SUSPENDED
ACC0002281,CUST009493,SAVINGS,EUR,138.25,12/27/2021 15:03,ACTIVE
ACC0002282,CUST000269,SAVINGS,PKR,486.35,6/8/2023 1:09,CLOSED
ACC0002283,CUST001745,SAVINGS,USD,4595.95,7/27/2023 16:33,CLOSED
ACC0002284,CUST000365,SAVINGS,USD,337.85,9/8/2025 5:51,SUSPENDED
ACC0002285,CUST000844,CHECKING,CAD,628.11,8/19/2022 17:11,ACTIVE
ACC0002286,CUST007215,CHECKING,EUR,1909.26,2/2/2025 14:25,ACTIVE
ACC0002287,CUST000432,CHECKING,EUR,2807.55,4/3/2022 0:03,SUSPENDED
ACC0002288,CUST004272,BUSINESS,EUR,810.91,1/6/2026 12:44,ACTIVE
ACC0002289,CUST001682,SAVINGS,USD,535.39,6/30/2024 22:58,ACTIVE
ACC0002290,CUST007872,SAVINGS,EUR,6044.14,8/30/2021 1:37,ACTIVE
ACC0002291,CUST007081,BUSINESS,EUR,8836.8,1/7/2023 3:26,ACTIVE
ACC0002292,CUST000001,BUSINESS,JPY,3549.74,8/2/2025 9:54,ACTIVE
ACC0002293,CUST001255,BUSINESS,GBP,1214.86,1/15/2025 8:25,CLOSED
ACC0002294,CUST008277,SAVINGS,INR,415.75,5/20/2025 15:54,ACTIVE
ACC0002295,CUST001572,SAVINGS,JPY,404.83,2/4/2022 2:57,ACTIVE
ACC0002296,CUST004793,SAVINGS,EUR,2052.92,4/18/2025 9:55,SUSPENDED
ACC0002297,CUST002961,CHECKING,EUR,1811.8,11/3/2023 2:46,ACTIVE
ACC0002298,CUST003400,SAVINGS,GBP,5895.34,1/20/2024 10:08,SUSPENDED
ACC0002299,CUST007127,BUSINESS,AUD,2393.57,9/13/2021 8:35,SUSPENDED
ACC0002300,CUST005369,CHECKING,SGD,180.6,6/8/2023 5:10,ACTIVE
ACC0002301,CUST005312,CHECKING,CAD,3875.14,11/25/2021 23:30,CLOSED
ACC0002302,CUST005491,SAVINGS,EUR,331.07,5/16/2024 13:30,ACTIVE
ACC0002303,CUST009448,CHECKING,CAD,691.76,9/28/2025 10:59,ACTIVE
ACC0002304,CUST005623,SAVINGS,EUR,1480.66,5/23/2025 20:26,ACTIVE
ACC0002305,CUST002224,BUSINESS,EUR,12025.7,4/9/2025 0:07,CLOSED
ACC0002306,CUST004331,CHECKING,AUD,45793.72,5/22/2022 3:03,SUSPENDED
ACC0002307,CUST007122,CHECKING,EUR,2271.21,2/15/2024 13:04,ACTIVE
ACC0002308,CUST008800,BUSINESS,EUR,880.21,10/2/2021 18:12,ACTIVE
ACC0002309,CUST005426,SAVINGS,USD,2082.67,11/28/2024 1:24,ACTIVE
ACC0002310,CUST004927,CHECKING,EUR,3181.75,8/19/2026 16:59,ACTIVE
ACC0002311,CUST005414,CHECKING,PKR,746.35,12/15/2022 9:50,CLOSED
ACC0002312,CUST003944,BUSINESS,AUD,9454.57,12/24/2024 17:34,ACTIVE
ACC0002313,CUST008037,SAVINGS,USD,1445.32,11/2/2021 8:17,CLOSED
ACC0002314,CUST002826,SAVINGS,EUR,1992.79,1/7/2022 22:34,ACTIVE
ACC0002315,CUST008425,CHECKING,GBP,2438.43,7/29/2024 23:29,CLOSED
ACC0002316,CUST006739,CHECKING,EUR,1818.75,1/25/2024 11:31,SUSPENDED
ACC0002317,CUST004711,BUSINESS,INR,3001.08,12/18/2022 22:31,ACTIVE
ACC0002318,CUST006672,BUSINESS,PKR,522.85,5/24/2026 23:02,ACTIVE
ACC0002319,CUST006314,CHECKING,INR,561.18,3/4/2025 7:33,ACTIVE
ACC0002320,CUST008392,SAVINGS,AUD,292.9,6/24/2023 1:57,ACTIVE
ACC0002321,CUST000311,BUSINESS,AED,1858.27,8/9/2024 13:49,ACTIVE
ACC0002322,CUST000357,CHECKING,SGD,2792.59,10/21/2025 4:26,ACTIVE
ACC0002323,CUST007198,BUSINESS,EUR,1899.46,1/14/2024 20:37,SUSPENDED
ACC0002324,CUST006183,BUSINESS,JPY,8179.54,12/22/2021 10:38,ACTIVE
ACC0002325,CUST001378,BUSINESS,JPY,1089.29,5/23/2026 13:05,CLOSED
ACC0002326,CUST003415,CHECKING,EUR,2446.69,12/7/2025 0:56,ACTIVE
ACC0002327,CUST008253,SAVINGS,SGD,295.88,7/8/2024 11:08,ACTIVE
ACC0002328,CUST008024,SAVINGS,EUR,689.16,7/23/2022 12:25,ACTIVE
ACC0002329,CUST008589,SAVINGS,PKR,2526.64,6/2/2025 11:40,ACTIVE
ACC0002330,CUST000800,CHECKING,INR,3037.9,4/5/2024 23:11,ACTIVE
ACC0002331,CUST005367,SAVINGS,EUR,770.65,11/28/2023 11:00,ACTIVE
ACC0002332,CUST000846,CHECKING,GBP,1006.35,3/4/2024 22:08,CLOSED
ACC0002333,CUST006922,CHECKING,EUR,177.43,2/12/2024 17:40,ACTIVE
ACC0002334,CUST004982,BUSINESS,EUR,714.49,4/14/2022 14:04,ACTIVE
ACC0002335,CUST003462,BUSINESS,AED,3192.18,9/21/2023 0:08,SUSPENDED
ACC0002336,CUST004230,SAVINGS,EUR,2186.91,2/17/2026 23:25,SUSPENDED
ACC0002337,CUST009794,SAVINGS,EUR,1999.79,4/17/2026 10:31,CLOSED
ACC0002338,CUST004008,CHECKING,PKR,1164.13,10/2/2022 18:29,ACTIVE
ACC0002339,CUST008802,CHECKING,EUR,1105.97,5/3/2024 5:13,CLOSED
ACC0002340,CUST002467,CHECKING,JPY,496.52,4/2/2026 5:05,ACTIVE
ACC0002341,CUST006075,SAVINGS,INR,2536.64,3/10/2023 19:07,CLOSED
ACC0002342,CUST006909,CHECKING,EUR,1817.41,9/26/2023 21:28,ACTIVE
ACC0002343,CUST000784,SAVINGS,JPY,1979.15,8/21/2024 6:08,ACTIVE
ACC0002344,CUST002033,SAVINGS,INR,583.33,7/27/2024 3:37,ACTIVE
ACC0002345,CUST004587,SAVINGS,EUR,82.76,11/17/2022 19:33,ACTIVE
ACC0002346,CUST007563,SAVINGS,JPY,4091.16,12/26/2024 14:18,ACTIVE
ACC0002347,CUST006775,CHECKING,EUR,617.32,8/4/2023 1:15,ACTIVE
ACC0002348,CUST004015,SAVINGS,SGD,389.42,7/24/2025 2:02,ACTIVE
ACC0002349,CUST008818,SAVINGS,EUR,2520.4,5/26/2023 7:37,CLOSED
ACC0002350,CUST000675,BUSINESS,CAD,685.11,9/26/2023 16:04,SUSPENDED
ACC0002351,CUST009082,BUSINESS,PKR,3912.47,3/15/2026 17:58,ACTIVE
ACC0002352,CUST008125,SAVINGS,SGD,2299.41,2/24/2022 22:56,ACTIVE
ACC0002353,CUST006134,BUSINESS,SGD,2490.61,11/28/2024 10:40,ACTIVE
ACC0002354,CUST004700,BUSINESS,EUR,212.91,7/2/2022 11:33,ACTIVE
ACC0002355,CUST004674,BUSINESS,USD,4695.37,11/11/2025 7:41,CLOSED
ACC0002356,CUST005477,CHECKING,CAD,1500.42,9/20/2025 22:55,SUSPENDED
ACC0002357,CUST005803,CHECKING,SGD,704.06,1/3/2026 15:57,ACTIVE
ACC0002358,CUST007532,SAVINGS,AED,1302.53,6/12/2026 9:28,ACTIVE
ACC0002359,CUST003933,SAVINGS,EUR,130.13,1/11/2022 16:13,ACTIVE
ACC0002360,CUST007631,SAVINGS,JPY,1790.74,1/19/2024 23:10,SUSPENDED
ACC0002361,CUST007788,SAVINGS,AUD,318.86,6/5/2023 8:13,ACTIVE
ACC0002362,CUST004345,CHECKING,CAD,216.33,3/12/2026 11:10,ACTIVE
ACC0002363,CUST007865,SAVINGS,EUR,176.47,5/21/2022 0:52,ACTIVE
ACC0002364,CUST005812,CHECKING,AUD,4168.14,2/5/2022 22:37,ACTIVE
ACC0002365,CUST009778,SAVINGS,EUR,515.37,9/26/2021 12:20,ACTIVE
ACC0002366,CUST003273,SAVINGS,SGD,6908.26,1/8/2025 19:24,ACTIVE
ACC0002367,CUST001246,SAVINGS,JPY,576.54,6/26/2023 16:54,ACTIVE
ACC0002368,CUST003403,BUSINESS,GBP,141.34,7/25/2022 20:43,ACTIVE
ACC0002369,CUST000974,BUSINESS,GBP,287.2,9/2/2021 18:13,SUSPENDED
ACC0002370,CUST000954,CHECKING,EUR,4831.8,4/30/2024 10:41,CLOSED
ACC0002371,CUST000763,BUSINESS,EUR,909.52,8/22/2024 17:15,ACTIVE
ACC0002372,CUST000549,SAVINGS,EUR,567.96,11/20/2021 6:37,ACTIVE
ACC0002373,CUST006528,SAVINGS,AED,1328.79,7/29/2025 11:56,CLOSED
ACC0002374,CUST008295,CHECKING,SGD,2002.48,1/28/2025 4:37,ACTIVE
ACC0002375,CUST004760,BUSINESS,EUR,4191.77,9/16/2022 0:49,ACTIVE
ACC0002376,CUST005627,CHECKING,EUR,6236.65,10/27/2023 11:09,SUSPENDED
ACC0002377,CUST005465,BUSINESS,INR,712.14,9/9/2021 3:29,CLOSED
ACC0002378,CUST006925,SAVINGS,CAD,223.35,11/20/2023 2:24,ACTIVE
ACC0002379,CUST005603,CHECKING,EUR,667.7,1/10/2026 10:06,ACTIVE
ACC0002380,CUST002133,SAVINGS,JPY,1498.67,4/19/2025 7:20,ACTIVE
ACC0002381,CUST000523,BUSINESS,USD,344.98,12/14/2025 16:51,CLOSED
ACC0002382,CUST000221,CHECKING,GBP,347.73,8/17/2025 0:04,ACTIVE
ACC0002383,CUST007642,CHECKING,AED,1656.64,8/10/2022 22:34,SUSPENDED
ACC0002384,CUST001290,CHECKING,EUR,1034.44,5/3/2025 20:49,ACTIVE
ACC0002385,CUST004023,SAVINGS,INR,1140.65,2/25/2022 23:18,SUSPENDED
ACC0002386,CUST005926,SAVINGS,EUR,441.34,9/28/2025 13:06,ACTIVE
ACC0002387,CUST001289,BUSINESS,JPY,831.74,9/14/2023 13:23,CLOSED
ACC0002388,CUST009796,BUSINESS,PKR,361.74,7/26/2023 16:00,SUSPENDED
ACC0002389,CUST009693,BUSINESS,AUD,3191.47,5/20/2026 0:52,ACTIVE
ACC0002390,CUST005151,CHECKING,GBP,3798.26,11/22/2022 19:29,ACTIVE
ACC0002391,CUST008973,CHECKING,SGD,119.65,7/23/2022 3:07,CLOSED
ACC0002392,CUST005215,BUSINESS,EUR,359.45,2/18/2022 4:59,ACTIVE
ACC0002393,CUST007338,SAVINGS,AED,182.03,3/13/2023 2:17,ACTIVE
ACC0002394,CUST006986,CHECKING,EUR,502.69,2/7/2022 4:54,ACTIVE
ACC0002395,CUST005021,SAVINGS,EUR,992.15,1/15/2022 19:38,ACTIVE
ACC0002396,CUST006965,CHECKING,EUR,192.56,7/25/2022 18:13,SUSPENDED
ACC0002397,CUST006691,BUSINESS,EUR,362.77,8/22/2022 15:26,ACTIVE
ACC0002398,CUST000001,SAVINGS,JPY,328.73,1/8/2024 19:30,CLOSED
ACC0002399,CUST007563,BUSINESS,JPY,1406.3,2/13/2026 12:57,SUSPENDED
ACC0002400,CUST006744,SAVINGS,AED,1191.79,10/27/2022 20:54,CLOSED
ACC0002401,CUST006282,BUSINESS,EUR,461.24,8/23/2022 23:49,ACTIVE
ACC0002402,CUST000260,BUSINESS,EUR,1355.85,11/23/2024 19:13,ACTIVE
ACC0002403,CUST002182,SAVINGS,AED,569.06,5/15/2026 2:08,ACTIVE
ACC0002404,CUST005622,BUSINESS,EUR,791.57,8/13/2024 20:43,SUSPENDED
ACC0002405,CUST006143,CHECKING,CAD,8169.33,11/3/2021 23:57,SUSPENDED
ACC0002406,CUST001111,SAVINGS,EUR,5478.32,7/13/2026 17:10,CLOSED
ACC0002407,CUST002689,BUSINESS,AED,230.56,1/1/2026 1:24,ACTIVE
ACC0002408,CUST003794,CHECKING,AED,2968.1,1/10/2024 16:05,CLOSED
ACC0002409,CUST002957,BUSINESS,EUR,2903.51,8/2/2025 10:28,CLOSED
ACC0002410,CUST003047,SAVINGS,JPY,276.46,4/16/2023 21:05,ACTIVE
ACC0002411,CUST004683,CHECKING,PKR,2929.34,1/29/2026 21:11,ACTIVE
ACC0002412,CUST004559,SAVINGS,SGD,6943.2,7/9/2023 5:32,CLOSED
ACC0002413,CUST003965,BUSINESS,AED,285.13,12/3/2024 12:35,SUSPENDED
ACC0002414,CUST006920,CHECKING,EUR,364.67,11/2/2023 3:27,ACTIVE
ACC0002415,CUST001100,SAVINGS,AED,3718.94,12/21/2024 23:40,ACTIVE
ACC0002416,CUST005810,CHECKING,SGD,1518.98,9/29/2021 4:04,ACTIVE
ACC0002417,CUST001446,BUSINESS,SGD,2125.52,3/27/2025 0:25,ACTIVE
ACC0002418,CUST006162,CHECKING,AUD,1650.29,8/11/2022 11:19,ACTIVE
ACC0002419,CUST007939,SAVINGS,SGD,1752.56,10/7/2021 21:23,ACTIVE
ACC0002420,CUST003992,CHECKING,EUR,223.24,4/14/2025 5:37,SUSPENDED
ACC0002421,CUST009680,CHECKING,EUR,3853.67,12/13/2021 19:21,ACTIVE
ACC0002422,CUST007435,BUSINESS,USD,4462.69,7/12/2023 20:01,CLOSED
ACC0002423,CUST008198,SAVINGS,AUD,832.75,8/22/2023 9:05,ACTIVE
ACC0002424,CUST004279,SAVINGS,EUR,1040.89,1/26/2026 12:13,ACTIVE
ACC0002425,CUST004956,CHECKING,USD,174.63,12/20/2022 18:25,ACTIVE
ACC0002426,CUST003080,SAVINGS,EUR,2032.67,11/27/2022 3:44,SUSPENDED
ACC0002427,CUST004301,SAVINGS,SGD,2178.67,6/7/2023 12:37,ACTIVE
ACC0002428,CUST000274,BUSINESS,INR,1017.77,5/8/2026 14:04,CLOSED
ACC0002429,CUST002728,BUSINESS,AUD,4226.9,1/22/2023 15:08,ACTIVE
ACC0002430,CUST008267,SAVINGS,AED,734.44,3/16/2023 3:05,CLOSED
ACC0002431,CUST003698,SAVINGS,EUR,2159.27,9/9/2023 4:06,ACTIVE
ACC0002432,CUST008803,BUSINESS,CAD,322.6,10/30/2024 10:59,CLOSED
ACC0002433,CUST006657,SAVINGS,SGD,1066.07,6/14/2023 19:29,ACTIVE
ACC0002434,CUST008142,SAVINGS,CAD,889.6,7/19/2025 11:25,ACTIVE
ACC0002435,CUST001565,CHECKING,PKR,1437.08,5/5/2024 18:40,ACTIVE
ACC0002436,CUST003336,SAVINGS,AED,703.85,6/2/2024 21:08,ACTIVE
ACC0002437,CUST008282,BUSINESS,INR,936.58,11/15/2025 23:32,ACTIVE
ACC0002438,CUST000142,CHECKING,EUR,2955.01,10/21/2022 17:14,ACTIVE
ACC0002439,CUST008424,SAVINGS,EUR,649.29,8/9/2025 10:30,ACTIVE
ACC0002440,CUST004384,SAVINGS,JPY,159.51,12/18/2021 20:20,ACTIVE
ACC0002441,CUST008758,CHECKING,EUR,8950.82,6/25/2024 16:13,ACTIVE
ACC0002442,CUST003442,BUSINESS,AED,5754.54,10/9/2022 18:16,SUSPENDED
ACC0002443,CUST008815,SAVINGS,EUR,232.59,5/6/2024 7:00,CLOSED
ACC0002444,CUST002750,BUSINESS,AED,2509.02,11/20/2021 21:09,ACTIVE
ACC0002445,CUST008012,BUSINESS,GBP,599.7,3/14/2022 7:35,SUSPENDED
ACC0002446,CUST005372,SAVINGS,EUR,1504.45,4/10/2026 10:13,SUSPENDED
ACC0002447,CUST000949,BUSINESS,EUR,1560.98,3/15/2026 12:15,SUSPENDED
ACC0002448,CUST004974,BUSINESS,EUR,827.75,6/5/2025 19:16,CLOSED
ACC0002449,CUST001245,CHECKING,USD,428.15,12/9/2022 14:06,SUSPENDED
ACC0002450,CUST006146,SAVINGS,EUR,478.83,1/16/2022 7:50,ACTIVE
ACC0002451,CUST008501,CHECKING,JPY,365.25,2/16/2025 19:27,ACTIVE
ACC0002452,CUST007549,SAVINGS,GBP,404.16,1/23/2025 16:09,SUSPENDED
ACC0002453,CUST002914,CHECKING,SGD,1011.7,9/16/2024 19:00,SUSPENDED
ACC0002454,CUST003368,CHECKING,EUR,464.56,5/27/2025 12:02,SUSPENDED
ACC0002455,CUST003611,SAVINGS,EUR,2486.08,11/14/2025 10:09,SUSPENDED
ACC0002456,CUST009371,CHECKING,EUR,6533.48,2/7/2025 9:34,SUSPENDED
ACC0002457,CUST000673,BUSINESS,EUR,546.72,10/16/2025 5:01,ACTIVE
ACC0002458,CUST003213,BUSINESS,SGD,1461.6,8/9/2025 18:52,ACTIVE
ACC0002459,CUST004231,SAVINGS,EUR,1997.44,4/20/2026 5:23,ACTIVE
ACC0002460,CUST004246,CHECKING,JPY,1932.18,12/9/2025 14:16,CLOSED
ACC0002461,CUST009941,CHECKING,AED,1201.28,8/29/2025 12:50,ACTIVE
ACC0002462,CUST002573,CHECKING,EUR,2673.7,9/11/2022 1:48,CLOSED
ACC0002463,CUST009966,SAVINGS,EUR,1956.08,4/6/2023 20:15,SUSPENDED
ACC0002464,CUST007591,BUSINESS,EUR,248.34,9/25/2021 8:08,ACTIVE
ACC0002465,CUST000853,BUSINESS,SGD,3111.9,1/3/2026 9:18,CLOSED
ACC0002466,CUST001665,CHECKING,EUR,3180.36,10/24/2023 3:36,ACTIVE
ACC0002467,CUST008438,SAVINGS,USD,438.81,12/4/2025 3:00,ACTIVE
ACC0002468,CUST007737,CHECKING,EUR,1147.71,6/11/2023 17:36,ACTIVE
ACC0002469,CUST001486,CHECKING,GBP,2489.89,11/14/2025 20:23,ACTIVE
ACC0002470,CUST006580,CHECKING,PKR,853.05,10/6/2022 16:24,ACTIVE
ACC0002471,CUST004088,CHECKING,INR,3974.18,8/30/2021 4:03,ACTIVE
ACC0002472,CUST005839,SAVINGS,EUR,18706.89,12/25/2021 21:50,ACTIVE
ACC0002473,CUST000885,CHECKING,CAD,427.01,12/24/2024 19:15,ACTIVE
ACC0002474,CUST003662,CHECKING,PKR,209.09,4/7/2025 9:08,ACTIVE
ACC0002475,CUST000965,SAVINGS,CAD,1579.06,6/17/2023 9:07,ACTIVE
ACC0002476,CUST000169,SAVINGS,EUR,2606.79,10/3/2022 13:17,ACTIVE
ACC0002477,CUST008730,CHECKING,SGD,831.27,6/30/2024 1:31,CLOSED
ACC0002478,CUST001636,CHECKING,USD,6272.39,4/14/2025 3:58,SUSPENDED
ACC0002479,CUST006673,SAVINGS,EUR,220.01,12/21/2025 3:48,SUSPENDED
ACC0002480,CUST008996,SAVINGS,CAD,2518.71,6/10/2026 18:42,CLOSED
ACC0002481,CUST005126,SAVINGS,SGD,530.05,4/1/2026 18:54,ACTIVE
ACC0002482,CUST006665,BUSINESS,USD,8632.19,11/5/2024 11:54,CLOSED
ACC0002483,CUST007081,CHECKING,EUR,11980.29,8/28/2024 15:14,CLOSED
ACC0002484,CUST005005,SAVINGS,INR,437.03,5/21/2025 10:13,ACTIVE
ACC0002485,CUST001961,BUSINESS,USD,567.1,4/14/2024 20:39,CLOSED
ACC0002486,CUST003011,BUSINESS,AED,3076.37,11/30/2025 4:48,SUSPENDED
ACC0002487,CUST001611,CHECKING,EUR,689.14,8/20/2026 7:47,ACTIVE
ACC0002488,CUST009797,SAVINGS,GBP,1038.47,9/17/2023 13:24,ACTIVE
ACC0002489,CUST002502,CHECKING,GBP,1130.56,1/21/2025 10:07,ACTIVE
ACC0002490,CUST005027,BUSINESS,SGD,109.55,8/10/2025 5:50,ACTIVE
ACC0002491,CUST001688,CHECKING,SGD,1078.57,10/21/2021 6:01,ACTIVE
ACC0002492,CUST001715,BUSINESS,SGD,479.3,4/27/2025 4:57,CLOSED
ACC0002493,CUST006266,BUSINESS,AUD,606.83,3/17/2022 7:56,ACTIVE
ACC0002494,CUST001529,CHECKING,AED,6200.33,6/22/2026 23:04,ACTIVE
ACC0002495,CUST008626,BUSINESS,USD,242.79,11/8/2025 2:24,ACTIVE
ACC0002496,CUST002623,BUSINESS,USD,2909.82,9/10/2024 19:52,ACTIVE
ACC0002497,CUST002196,BUSINESS,USD,784.66,9/20/2021 0:16,ACTIVE
ACC0002498,CUST006628,BUSINESS,JPY,783.9,9/1/2021 22:49,ACTIVE
ACC0002499,CUST006839,BUSINESS,EUR,2831.17,7/2/2023 18:38,ACTIVE
ACC0002500,CUST002490,BUSINESS,EUR,1649.23,2/8/2026 10:30,ACTIVE
ACC0002501,CUST008180,SAVINGS,PKR,2174.89,4/21/2022 6:06,CLOSED
ACC0002502,CUST006589,CHECKING,EUR,3504.56,3/10/2024 18:33,CLOSED
ACC0002503,CUST006243,BUSINESS,AED,736.88,2/15/2022 9:14,SUSPENDED
ACC0002504,CUST006250,CHECKING,EUR,526.01,11/3/2023 2:44,ACTIVE
ACC0002505,CUST008669,CHECKING,INR,298.22,5/24/2023 10:16,CLOSED
ACC0002506,CUST004440,SAVINGS,PKR,407.28,5/26/2026 4:11,SUSPENDED
ACC0002507,CUST001415,BUSINESS,USD,37756.51,4/1/2026 22:08,ACTIVE
ACC0002508,CUST000183,SAVINGS,EUR,4883.49,9/2/2021 1:25,SUSPENDED
ACC0002509,CUST003775,CHECKING,USD,216.74,5/26/2022 20:15,CLOSED
ACC0002510,CUST005763,SAVINGS,EUR,224.31,8/27/2024 21:14,ACTIVE
ACC0002511,CUST002174,BUSINESS,AUD,1955.18,5/22/2023 21:10,CLOSED
ACC0002512,CUST007469,CHECKING,EUR,2114.8,3/31/2022 7:37,CLOSED
ACC0002513,CUST003298,CHECKING,EUR,2118.92,8/26/2024 17:17,ACTIVE
ACC0002514,CUST000500,CHECKING,JPY,807.59,9/14/2021 3:02,CLOSED
ACC0002515,CUST007591,SAVINGS,EUR,943.37,9/26/2021 19:05,SUSPENDED
ACC0002516,CUST005565,BUSINESS,INR,1625.31,9/18/2024 4:33,ACTIVE
ACC0002517,CUST002111,SAVINGS,PKR,1215.7,3/8/2026 1:09,ACTIVE
ACC0002518,CUST009118,SAVINGS,AUD,76.47,6/8/2023 21:37,ACTIVE
ACC0002519,CUST002372,BUSINESS,INR,832.34,10/20/2024 16:31,ACTIVE
ACC0002520,CUST001448,SAVINGS,AUD,394.77,4/8/2023 12:04,ACTIVE
ACC0002521,CUST003052,BUSINESS,EUR,1353.24,3/22/2024 6:21,ACTIVE
ACC0002522,CUST005427,BUSINESS,SGD,39431.13,4/4/2026 20:42,SUSPENDED
ACC0002523,CUST000378,BUSINESS,USD,1704.42,5/18/2024 4:48,ACTIVE
ACC0002524,CUST008455,SAVINGS,PKR,752.77,5/14/2026 23:49,ACTIVE
ACC0002525,CUST006228,CHECKING,JPY,3314.83,2/22/2024 19:35,ACTIVE
ACC0002526,CUST009051,CHECKING,EUR,1957.11,3/19/2023 23:28,ACTIVE
ACC0002527,CUST002981,SAVINGS,EUR,1815.49,6/17/2024 1:08,ACTIVE
ACC0002528,CUST006857,SAVINGS,CAD,2271.56,6/10/2024 16:05,ACTIVE
ACC0002529,CUST007817,SAVINGS,CAD,12937.07,1/11/2025 21:45,ACTIVE
ACC0002530,CUST006540,BUSINESS,EUR,282.29,3/27/2022 3:53,SUSPENDED
ACC0002531,CUST005589,CHECKING,EUR,1935.96,12/29/2023 2:15,CLOSED
ACC0002532,CUST009496,CHECKING,AUD,360.81,3/9/2022 22:24,ACTIVE
ACC0002533,CUST001367,BUSINESS,EUR,2135.84,5/28/2025 3:07,SUSPENDED
ACC0002534,CUST009576,BUSINESS,EUR,364.15,1/29/2026 2:46,ACTIVE
ACC0002535,CUST007138,SAVINGS,EUR,664.58,3/19/2024 13:27,CLOSED
ACC0002536,CUST004254,CHECKING,EUR,769.62,7/5/2023 10:59,ACTIVE
ACC0002537,CUST001537,SAVINGS,AED,3536.81,6/27/2025 11:22,ACTIVE
ACC0002538,CUST005807,SAVINGS,EUR,3301.54,12/19/2024 2:43,ACTIVE
ACC0002539,CUST003614,BUSINESS,PKR,245.95,11/21/2021 1:18,SUSPENDED
ACC0002540,CUST008064,BUSINESS,AUD,1171.36,6/26/2022 1:53,SUSPENDED
ACC0002541,CUST008364,SAVINGS,EUR,468.02,2/1/2026 8:50,CLOSED
ACC0002542,CUST006241,SAVINGS,USD,242.21,5/3/2023 8:45,ACTIVE
ACC0002543,CUST003894,CHECKING,AED,845.21,3/29/2023 4:49,ACTIVE
ACC0002544,CUST006380,BUSINESS,JPY,757.35,9/13/2024 17:01,ACTIVE
ACC0002545,CUST006828,BUSINESS,EUR,20172.18,9/17/2025 22:22,ACTIVE
ACC0002546,CUST002262,BUSINESS,CAD,1843.74,7/3/2026 15:06,ACTIVE
ACC0002547,CUST001445,CHECKING,PKR,209.95,12/31/2025 15:05,CLOSED
ACC0002548,CUST003171,BUSINESS,EUR,556.84,8/25/2022 18:10,ACTIVE
ACC0002549,CUST000150,SAVINGS,AED,3735.59,12/1/2024 18:17,ACTIVE
ACC0002550,CUST009653,SAVINGS,EUR,13441.89,9/1/2024 17:33,CLOSED
ACC0002551,CUST007328,CHECKING,EUR,163.5,8/14/2023 1:26,SUSPENDED
ACC0002552,CUST000253,CHECKING,EUR,114.9,10/5/2024 23:11,SUSPENDED
ACC0002553,CUST000274,CHECKING,INR,10354.31,12/2/2022 18:35,ACTIVE
ACC0002554,CUST001987,BUSINESS,AED,1750.29,11/14/2023 11:33,CLOSED
ACC0002555,CUST004201,BUSINESS,PKR,386.85,2/10/2025 1:19,SUSPENDED
ACC0002556,CUST005287,BUSINESS,PKR,2082.98,4/8/2023 5:29,ACTIVE
ACC0002557,CUST009177,CHECKING,USD,46.39,4/14/2025 20:16,CLOSED
ACC0002558,CUST009332,SAVINGS,PKR,1101.08,2/2/2022 5:40,ACTIVE
ACC0002559,CUST001203,BUSINESS,GBP,1625.2,11/12/2023 1:57,CLOSED
ACC0002560,CUST002000,SAVINGS,EUR,3324.66,3/19/2023 8:20,ACTIVE
ACC0002561,CUST009231,BUSINESS,EUR,324.84,6/9/2024 17:25,ACTIVE
ACC0002562,CUST005926,CHECKING,EUR,1215.4,7/9/2026 21:09,ACTIVE
ACC0002563,CUST007218,CHECKING,CAD,361.22,8/6/2026 17:41,SUSPENDED
ACC0002564,CUST003922,BUSINESS,EUR,1489.89,10/30/2021 17:26,ACTIVE
ACC0002565,CUST001524,BUSINESS,EUR,374.5,11/5/2023 11:13,ACTIVE
ACC0002566,CUST007770,CHECKING,CAD,672.01,9/16/2021 21:21,CLOSED
ACC0002567,CUST000923,BUSINESS,AED,331.96,3/27/2022 17:09,ACTIVE
ACC0002568,CUST003622,CHECKING,JPY,2395.54,9/15/2023 16:32,CLOSED
ACC0002569,CUST006453,SAVINGS,EUR,3072.18,7/11/2026 19:41,ACTIVE
ACC0002570,CUST009120,SAVINGS,AED,827.54,4/23/2024 3:23,SUSPENDED
ACC0002571,CUST008472,SAVINGS,AED,1148.13,5/31/2026 13:35,CLOSED
ACC0002572,CUST008663,BUSINESS,PKR,192.81,7/15/2026 9:30,ACTIVE
ACC0002573,CUST005436,SAVINGS,EUR,765.39,12/25/2025 20:57,CLOSED
ACC0002574,CUST002446,BUSINESS,EUR,1032.52,4/30/2022 1:53,ACTIVE
ACC0002575,CUST006023,BUSINESS,EUR,25462.24,12/23/2025 17:03,CLOSED
ACC0002576,CUST008763,BUSINESS,USD,288.77,2/15/2024 11:14,ACTIVE
ACC0002577,CUST002603,BUSINESS,USD,6355.1,8/28/2023 5:09,ACTIVE
ACC0002578,CUST008791,CHECKING,SGD,3627.25,3/27/2023 14:41,ACTIVE
ACC0002579,CUST008634,CHECKING,SGD,1535.73,1/10/2024 15:18,ACTIVE
ACC0002580,CUST004022,SAVINGS,JPY,9048.41,4/6/2024 20:58,ACTIVE
ACC0002581,CUST000684,SAVINGS,GBP,1713.9,9/23/2024 8:24,SUSPENDED
ACC0002582,CUST008426,SAVINGS,USD,1749.34,11/14/2025 10:44,ACTIVE
ACC0002583,CUST008769,BUSINESS,EUR,1028.91,4/16/2024 14:38,ACTIVE
ACC0002584,CUST006921,SAVINGS,EUR,4761.33,8/22/2023 20:54,ACTIVE
ACC0002585,CUST008114,BUSINESS,GBP,4087.8,4/20/2024 17:57,ACTIVE
ACC0002586,CUST006541,SAVINGS,EUR,517.59,3/17/2023 1:25,ACTIVE
ACC0002587,CUST009039,CHECKING,EUR,225.18,4/29/2024 23:20,ACTIVE
ACC0002588,CUST004405,BUSINESS,AUD,859.56,9/1/2024 3:24,ACTIVE
ACC0002589,CUST009414,SAVINGS,PKR,419.87,4/16/2022 22:06,SUSPENDED
ACC0002590,CUST007782,SAVINGS,PKR,1016.14,12/28/2022 8:54,ACTIVE
ACC0002591,CUST001301,CHECKING,EUR,4841.24,12/23/2022 2:12,ACTIVE
ACC0002592,CUST003288,CHECKING,EUR,633.49,5/21/2026 20:39,ACTIVE
ACC0002593,CUST005282,SAVINGS,AUD,1041.7,1/28/2025 7:43,CLOSED
ACC0002594,CUST005403,BUSINESS,PKR,1175.71,8/9/2026 21:24,CLOSED
ACC0002595,CUST002600,BUSINESS,USD,3035.46,6/27/2024 13:42,CLOSED
ACC0002596,CUST008005,SAVINGS,AUD,73.98,11/10/2022 19:54,SUSPENDED
ACC0002597,CUST007494,SAVINGS,EUR,529.51,8/14/2026 17:48,ACTIVE
ACC0002598,CUST001055,BUSINESS,CAD,1413.1,7/16/2023 14:21,CLOSED
ACC0002599,CUST004770,BUSINESS,EUR,4628.99,11/29/2025 18:26,ACTIVE
ACC0002600,CUST002564,SAVINGS,EUR,607.72,1/5/2023 23:40,ACTIVE
ACC0002601,CUST005296,CHECKING,EUR,115.37,7/11/2022 13:39,CLOSED
ACC0002602,CUST001931,BUSINESS,EUR,2306.89,1/25/2022 9:13,SUSPENDED
ACC0002603,CUST008078,SAVINGS,EUR,511.61,5/8/2025 16:50,ACTIVE
ACC0002604,CUST005483,CHECKING,AUD,263.06,12/17/2022 12:28,ACTIVE
ACC0002605,CUST006657,SAVINGS,SGD,518.42,3/25/2026 19:26,ACTIVE
ACC0002606,CUST001179,SAVINGS,GBP,878.81,11/23/2024 18:15,CLOSED
ACC0002607,CUST007141,SAVINGS,AUD,530.76,5/8/2026 4:29,ACTIVE
ACC0002608,CUST006608,SAVINGS,GBP,77.74,8/5/2024 7:44,SUSPENDED
ACC0002609,CUST009812,SAVINGS,SGD,3217.88,10/20/2022 19:40,ACTIVE
ACC0002610,CUST000131,CHECKING,EUR,5063.69,6/27/2022 21:35,SUSPENDED
ACC0002611,CUST003385,SAVINGS,SGD,2396.65,1/5/2022 20:11,CLOSED
ACC0002612,CUST008263,CHECKING,EUR,280,12/26/2021 16:49,ACTIVE
ACC0002613,CUST001807,SAVINGS,EUR,861.1,7/15/2025 16:30,ACTIVE
ACC0002614,CUST000617,CHECKING,AED,1088.08,7/22/2023 13:53,CLOSED
ACC0002615,CUST005363,BUSINESS,USD,2249.7,7/4/2024 23:10,ACTIVE
ACC0002616,CUST002544,CHECKING,CAD,2445.51,12/4/2021 8:25,ACTIVE
ACC0002617,CUST002369,CHECKING,JPY,454.41,4/19/2022 19:19,SUSPENDED
ACC0002618,CUST004601,BUSINESS,INR,1210.02,5/15/2023 22:14,CLOSED
ACC0002619,CUST003523,SAVINGS,SGD,1898.34,3/18/2023 3:59,CLOSED
ACC0002620,CUST009834,CHECKING,SGD,6291.7,8/23/2024 15:40,ACTIVE
ACC0002621,CUST006252,SAVINGS,EUR,2553.98,7/29/2025 9:55,SUSPENDED
ACC0002622,CUST000800,BUSINESS,INR,2826.71,11/4/2021 5:20,CLOSED
ACC0002623,CUST008519,SAVINGS,EUR,1212.68,3/27/2024 14:01,ACTIVE
ACC0002624,CUST000808,CHECKING,EUR,5958.36,2/3/2024 6:23,CLOSED
ACC0002625,CUST008293,CHECKING,EUR,1793.13,5/15/2022 5:27,ACTIVE
ACC0002626,CUST000133,CHECKING,CAD,390.21,11/9/2023 18:20,ACTIVE
ACC0002627,CUST004916,BUSINESS,GBP,5907.89,12/26/2025 5:48,ACTIVE
ACC0002628,CUST001180,SAVINGS,AED,2533.82,11/13/2022 12:43,ACTIVE
ACC0002629,CUST007187,BUSINESS,EUR,644.42,11/29/2022 23:16,ACTIVE
ACC0002630,CUST006140,BUSINESS,GBP,616.84,1/10/2024 0:01,ACTIVE
ACC0002631,CUST006558,BUSINESS,EUR,1565.39,6/7/2023 3:35,ACTIVE
ACC0002632,CUST001710,SAVINGS,EUR,1911.84,10/21/2021 8:02,ACTIVE
ACC0002633,CUST004280,SAVINGS,EUR,1389.57,3/17/2023 20:29,ACTIVE
ACC0002634,CUST000259,SAVINGS,AED,1593.31,7/14/2024 17:48,ACTIVE
ACC0002635,CUST009598,CHECKING,JPY,8433.35,5/28/2024 22:24,ACTIVE
ACC0002636,CUST000671,BUSINESS,CAD,3967.34,12/9/2025 7:38,ACTIVE
ACC0002637,CUST007939,SAVINGS,SGD,1378.52,2/2/2026 19:22,CLOSED
ACC0002638,CUST006602,BUSINESS,EUR,3393.35,5/25/2026 2:53,CLOSED
ACC0002639,CUST002258,SAVINGS,INR,317.66,9/30/2024 17:54,ACTIVE
ACC0002640,CUST000788,BUSINESS,EUR,1767.84,6/2/2024 22:17,ACTIVE
ACC0002641,CUST003379,SAVINGS,SGD,9615.85,6/4/2025 3:25,CLOSED
ACC0002642,CUST004898,BUSINESS,EUR,844.16,6/5/2023 16:55,SUSPENDED
ACC0002643,CUST001032,CHECKING,EUR,396.56,7/10/2023 9:13,SUSPENDED
ACC0002644,CUST002510,BUSINESS,EUR,501.44,10/20/2025 14:28,SUSPENDED
ACC0002645,CUST005719,SAVINGS,INR,296.62,12/4/2023 18:44,ACTIVE
ACC0002646,CUST002516,BUSINESS,SGD,427.64,1/30/2023 5:31,ACTIVE
ACC0002647,CUST000698,CHECKING,USD,703.02,1/15/2025 1:05,ACTIVE
ACC0002648,CUST005856,SAVINGS,EUR,203.02,9/17/2021 17:25,CLOSED
ACC0002649,CUST003564,BUSINESS,AUD,1117.38,4/10/2026 6:12,ACTIVE
ACC0002650,CUST000322,BUSINESS,INR,3238.07,9/13/2024 14:15,ACTIVE
ACC0002651,CUST007439,SAVINGS,EUR,368.96,9/1/2024 5:21,ACTIVE
ACC0002652,CUST008996,CHECKING,CAD,6789.56,1/10/2022 13:02,ACTIVE
ACC0002653,CUST002601,SAVINGS,GBP,2024.24,10/20/2022 11:45,ACTIVE
ACC0002654,CUST006829,SAVINGS,CAD,3777.04,12/29/2024 8:27,ACTIVE
ACC0002655,CUST009951,SAVINGS,EUR,498,12/27/2022 15:05,ACTIVE
ACC0002656,CUST007827,BUSINESS,CAD,3057.74,11/1/2024 15:42,SUSPENDED
ACC0002657,CUST004375,SAVINGS,EUR,295.8,8/22/2026 22:02,CLOSED
ACC0002658,CUST006479,CHECKING,PKR,3191.66,7/31/2022 12:50,ACTIVE
ACC0002659,CUST009195,BUSINESS,USD,1347.77,11/29/2023 10:20,ACTIVE
ACC0002660,CUST007873,SAVINGS,PKR,2130.05,9/2/2023 16:38,ACTIVE
ACC0002661,CUST009218,BUSINESS,EUR,267.54,5/6/2024 0:25,SUSPENDED
ACC0002662,CUST001640,BUSINESS,EUR,374.62,7/2/2023 22:04,SUSPENDED
ACC0002663,CUST001060,SAVINGS,PKR,2245.48,7/6/2026 5:27,ACTIVE
ACC0002664,CUST006139,SAVINGS,EUR,351.42,9/19/2024 5:39,ACTIVE
ACC0002665,CUST002510,BUSINESS,EUR,1911.89,5/11/2024 6:10,CLOSED
ACC0002666,CUST004544,SAVINGS,EUR,212.6,2/10/2025 17:53,ACTIVE
ACC0002667,CUST005027,BUSINESS,SGD,3034.52,9/7/2022 10:30,ACTIVE
ACC0002668,CUST005556,CHECKING,INR,249.88,8/8/2025 21:50,CLOSED
ACC0002669,CUST001644,SAVINGS,AUD,2127.62,1/9/2023 15:17,ACTIVE
ACC0002670,CUST008872,CHECKING,EUR,2323.33,10/9/2021 16:27,SUSPENDED
ACC0002671,CUST004007,BUSINESS,EUR,475.27,8/28/2025 13:42,CLOSED
ACC0002672,CUST005511,BUSINESS,EUR,2204.89,3/4/2022 18:07,SUSPENDED
ACC0002673,CUST007797,SAVINGS,EUR,1498.97,10/2/2023 18:00,ACTIVE
ACC0002674,CUST007290,SAVINGS,EUR,574.44,5/9/2025 3:21,ACTIVE
ACC0002675,CUST006214,SAVINGS,PKR,326.93,10/13/2025 3:42,SUSPENDED
ACC0002676,CUST000602,SAVINGS,EUR,104.05,5/22/2026 17:22,ACTIVE
ACC0002677,CUST005926,SAVINGS,EUR,1668.33,12/7/2025 2:49,ACTIVE
ACC0002678,CUST004315,BUSINESS,GBP,167.71,5/19/2023 14:16,CLOSED
ACC0002679,CUST003445,BUSINESS,EUR,1229.56,9/6/2025 19:37,ACTIVE
ACC0002680,CUST003648,SAVINGS,AUD,799.4,4/19/2023 12:52,SUSPENDED
ACC0002681,CUST007713,BUSINESS,EUR,2477.42,12/15/2024 14:58,ACTIVE
ACC0002682,CUST001669,SAVINGS,AED,763.22,7/10/2023 7:12,ACTIVE
ACC0002683,CUST009236,CHECKING,EUR,738.53,1/21/2022 15:44,ACTIVE
ACC0002684,CUST000044,BUSINESS,GBP,2639.24,6/20/2022 8:12,ACTIVE
ACC0002685,CUST000881,SAVINGS,EUR,1639.37,8/1/2024 14:54,ACTIVE
ACC0002686,CUST003949,SAVINGS,EUR,1602.61,3/17/2023 16:09,ACTIVE
ACC0002687,CUST005666,CHECKING,EUR,1925.85,8/30/2025 1:55,ACTIVE
ACC0002688,CUST009728,SAVINGS,EUR,173.7,10/5/2025 3:29,ACTIVE
ACC0002689,CUST002048,CHECKING,AUD,2719.35,5/11/2023 14:45,CLOSED
ACC0002690,CUST000783,CHECKING,EUR,2286.92,8/18/2025 21:40,ACTIVE
ACC0002691,CUST005457,BUSINESS,EUR,323.75,1/21/2024 12:31,ACTIVE
ACC0002692,CUST007576,SAVINGS,EUR,818.2,4/6/2026 9:37,ACTIVE
ACC0002693,CUST004715,BUSINESS,USD,1046.11,6/10/2022 11:36,ACTIVE
ACC0002694,CUST003939,BUSINESS,AED,933.19,9/11/2022 8:46,ACTIVE
ACC0002695,CUST004300,BUSINESS,AED,1637.02,3/3/2026 21:41,SUSPENDED
ACC0002696,CUST007926,CHECKING,EUR,6109.74,3/17/2024 3:20,ACTIVE
ACC0002697,CUST005774,SAVINGS,PKR,4016.31,12/27/2023 22:22,ACTIVE
ACC0002698,CUST008200,SAVINGS,EUR,227.09,4/18/2026 15:42,ACTIVE
ACC0002699,CUST004171,CHECKING,EUR,2313.42,11/8/2025 18:58,ACTIVE
ACC0002700,CUST005614,SAVINGS,EUR,5403.06,3/11/2026 7:42,CLOSED
ACC0002701,CUST007993,SAVINGS,CAD,1744.41,7/31/2026 22:10,ACTIVE
ACC0002702,CUST006448,BUSINESS,GBP,4060.97,10/16/2021 20:56,ACTIVE
ACC0002703,CUST006130,SAVINGS,SGD,12267.69,9/8/2024 18:26,ACTIVE
ACC0002704,CUST005146,CHECKING,AED,3746.03,12/4/2022 22:26,ACTIVE
ACC0002705,CUST002369,BUSINESS,JPY,1479.07,7/15/2026 5:19,ACTIVE
ACC0002706,CUST006110,SAVINGS,JPY,3843.38,7/4/2022 15:15,SUSPENDED
ACC0002707,CUST000290,BUSINESS,AUD,1304.88,4/7/2026 12:40,CLOSED
ACC0002708,CUST009537,SAVINGS,EUR,1128.54,1/25/2024 7:28,ACTIVE
ACC0002709,CUST009795,SAVINGS,PKR,719.32,2/10/2024 16:34,ACTIVE
ACC0002710,CUST005934,BUSINESS,EUR,7158.79,1/28/2022 9:41,ACTIVE
ACC0002711,CUST006698,SAVINGS,EUR,410.71,6/28/2026 22:34,ACTIVE
ACC0002712,CUST002546,BUSINESS,AED,6897,11/3/2021 18:38,ACTIVE
ACC0002713,CUST001927,CHECKING,EUR,1997.87,3/3/2022 2:34,ACTIVE
ACC0002714,CUST002747,CHECKING,PKR,204.55,1/29/2023 6:51,ACTIVE
ACC0002715,CUST004948,SAVINGS,AUD,1704.76,7/23/2024 6:35,ACTIVE
ACC0002716,CUST004925,CHECKING,SGD,88.23,5/20/2024 8:14,ACTIVE
ACC0002717,CUST001668,SAVINGS,EUR,2322.99,1/14/2026 7:49,ACTIVE
ACC0002718,CUST009715,SAVINGS,EUR,3172.51,7/15/2025 1:26,CLOSED
ACC0002719,CUST001574,SAVINGS,SGD,538.71,12/28/2025 13:34,CLOSED
ACC0002720,CUST008073,BUSINESS,EUR,1271.89,12/12/2022 8:48,SUSPENDED
ACC0002721,CUST008015,BUSINESS,SGD,11441.35,5/28/2024 4:56,CLOSED
ACC0002722,CUST004024,SAVINGS,EUR,597.71,8/4/2025 13:12,ACTIVE
ACC0002723,CUST009110,SAVINGS,PKR,307.76,5/5/2023 22:17,CLOSED
ACC0002724,CUST005233,BUSINESS,SGD,6489.86,7/31/2022 7:38,ACTIVE
ACC0002725,CUST000684,BUSINESS,GBP,11557.67,6/14/2023 11:36,CLOSED
ACC0002726,CUST003552,SAVINGS,AUD,1101.51,11/2/2021 12:25,ACTIVE
ACC0002727,CUST006109,BUSINESS,CAD,3691.38,3/5/2023 6:30,ACTIVE
ACC0002728,CUST000608,CHECKING,EUR,5484.99,12/24/2022 18:40,ACTIVE
ACC0002729,CUST000417,CHECKING,EUR,449.9,11/30/2021 8:45,SUSPENDED
ACC0002730,CUST006362,CHECKING,GBP,612.55,8/14/2023 21:33,ACTIVE
ACC0002731,CUST001276,SAVINGS,EUR,4803.26,7/2/2025 1:19,ACTIVE
ACC0002732,CUST000512,BUSINESS,AUD,8283.47,9/28/2023 7:52,ACTIVE
ACC0002733,CUST001719,SAVINGS,GBP,2154.81,8/4/2024 23:40,CLOSED
ACC0002734,CUST000578,SAVINGS,EUR,381.54,3/19/2024 3:22,ACTIVE
ACC0002735,CUST009385,BUSINESS,USD,11902.14,1/3/2022 10:53,ACTIVE
ACC0002736,CUST009415,CHECKING,USD,579.89,10/3/2024 21:48,ACTIVE
ACC0002737,CUST008897,SAVINGS,EUR,733.51,8/18/2023 17:03,CLOSED
ACC0002738,CUST009788,CHECKING,EUR,1653.76,5/11/2023 22:33,SUSPENDED
ACC0002739,CUST005122,SAVINGS,EUR,7079.74,10/19/2023 18:14,CLOSED
ACC0002740,CUST001604,SAVINGS,USD,3055.72,8/26/2021 0:02,CLOSED
ACC0002741,CUST002558,CHECKING,INR,1804.14,6/19/2022 11:58,CLOSED
ACC0002742,CUST005983,BUSINESS,EUR,1912.08,3/14/2025 16:57,ACTIVE
ACC0002743,CUST009006,BUSINESS,EUR,1155.42,1/5/2024 16:29,ACTIVE
ACC0002744,CUST007294,SAVINGS,EUR,2142.58,7/25/2025 2:48,CLOSED
ACC0002745,CUST004096,SAVINGS,GBP,52.7,4/8/2026 19:50,ACTIVE
ACC0002746,CUST007020,SAVINGS,EUR,768.22,9/20/2024 11:58,ACTIVE
ACC0002747,CUST006030,BUSINESS,AUD,1464.96,3/2/2022 8:11,ACTIVE
ACC0002748,CUST008638,BUSINESS,JPY,275.55,3/11/2025 0:26,ACTIVE
ACC0002749,CUST000746,SAVINGS,EUR,1743.39,11/30/2021 19:11,ACTIVE
ACC0002750,CUST007446,CHECKING,USD,858.03,8/6/2023 7:30,ACTIVE
ACC0002751,CUST008749,BUSINESS,USD,9014.33,5/2/2023 14:22,ACTIVE
ACC0002752,CUST004426,CHECKING,PKR,7241.79,11/24/2025 7:56,ACTIVE
ACC0002753,CUST003777,SAVINGS,USD,627.05,3/28/2022 0:59,ACTIVE
ACC0002754,CUST003177,BUSINESS,EUR,915.06,3/18/2026 6:03,ACTIVE
ACC0002755,CUST001220,SAVINGS,SGD,1003.51,11/19/2024 16:09,ACTIVE
ACC0002756,CUST000773,BUSINESS,AED,637.79,8/26/2024 10:26,ACTIVE
ACC0002757,CUST005078,CHECKING,GBP,1385.8,12/13/2025 20:10,ACTIVE
ACC0002758,CUST005076,BUSINESS,EUR,441.45,5/14/2024 5:05,ACTIVE
ACC0002759,CUST007082,SAVINGS,USD,282.38,4/2/2022 21:34,CLOSED
ACC0002760,CUST003687,SAVINGS,AUD,2315.2,10/30/2021 3:34,ACTIVE
ACC0002761,CUST009303,SAVINGS,INR,2334.23,10/5/2022 7:02,ACTIVE
ACC0002762,CUST001025,BUSINESS,GBP,417.72,3/29/2022 16:56,ACTIVE
ACC0002763,CUST008523,CHECKING,EUR,3211.29,2/9/2024 0:18,ACTIVE
ACC0002764,CUST000181,BUSINESS,GBP,513.94,1/21/2025 9:47,ACTIVE
ACC0002765,CUST007476,BUSINESS,EUR,1485.93,5/23/2024 17:35,CLOSED
ACC0002766,CUST003741,SAVINGS,AED,2934.85,11/11/2023 18:49,CLOSED
ACC0002767,CUST007160,SAVINGS,EUR,1053.28,3/22/2026 21:43,SUSPENDED
ACC0002768,CUST002513,SAVINGS,EUR,1892.57,7/19/2022 1:09,ACTIVE
ACC0002769,CUST008416,CHECKING,JPY,590.1,6/12/2026 9:39,ACTIVE
ACC0002770,CUST002974,BUSINESS,EUR,866.31,5/26/2023 6:59,ACTIVE
ACC0002771,CUST003888,BUSINESS,EUR,856.6,2/15/2023 5:04,ACTIVE
ACC0002772,CUST009688,SAVINGS,EUR,447.69,1/25/2023 13:16,CLOSED
ACC0002773,CUST001120,CHECKING,EUR,887.02,11/2/2021 4:04,SUSPENDED
ACC0002774,CUST008571,SAVINGS,PKR,171,12/23/2024 13:22,ACTIVE
ACC0002775,CUST009557,CHECKING,CAD,608.27,3/21/2022 20:12,ACTIVE
ACC0002776,CUST002069,BUSINESS,EUR,779.11,8/26/2024 2:26,ACTIVE
ACC0002777,CUST003214,CHECKING,EUR,806.4,2/6/2023 11:40,ACTIVE
ACC0002778,CUST004323,BUSINESS,EUR,820.74,5/4/2024 19:17,CLOSED
ACC0002779,CUST002727,SAVINGS,EUR,1018.29,11/25/2021 20:26,ACTIVE
ACC0002780,CUST006187,CHECKING,USD,1949.5,4/29/2022 17:58,ACTIVE
ACC0002781,CUST009595,SAVINGS,EUR,3131.98,4/28/2022 0:12,CLOSED
ACC0002782,CUST008955,BUSINESS,EUR,502.84,5/16/2025 5:13,ACTIVE
ACC0002783,CUST005459,BUSINESS,EUR,258.83,10/2/2025 1:56,ACTIVE
ACC0002784,CUST006461,SAVINGS,PKR,314.05,12/27/2025 14:57,ACTIVE
ACC0002785,CUST004328,BUSINESS,AED,611.16,5/30/2025 14:47,CLOSED
ACC0002786,CUST004471,SAVINGS,GBP,718.88,6/13/2026 1:18,ACTIVE
ACC0002787,CUST003519,CHECKING,EUR,435.29,4/26/2024 2:36,ACTIVE
ACC0002788,CUST005195,SAVINGS,AED,231.52,10/29/2021 7:46,ACTIVE
ACC0002789,CUST001252,CHECKING,EUR,634.38,3/11/2024 10:27,SUSPENDED
ACC0002790,CUST001599,BUSINESS,AUD,1363.37,8/12/2025 12:38,SUSPENDED
ACC0002791,CUST005614,CHECKING,EUR,2239.56,12/2/2021 0:14,ACTIVE
ACC0002792,CUST006260,SAVINGS,SGD,561.77,9/30/2021 0:06,ACTIVE
ACC0002793,CUST008376,CHECKING,USD,668.08,1/20/2025 10:13,CLOSED
ACC0002794,CUST005540,CHECKING,EUR,360.67,3/18/2023 10:04,ACTIVE
ACC0002795,CUST003377,BUSINESS,USD,1056.03,11/4/2022 17:14,CLOSED
ACC0002796,CUST008846,CHECKING,EUR,396.19,5/23/2024 6:56,CLOSED
ACC0002797,CUST009718,CHECKING,GBP,2181.47,1/9/2022 17:59,ACTIVE
ACC0002798,CUST007027,BUSINESS,EUR,128.63,4/18/2022 12:35,ACTIVE
ACC0002799,CUST001634,BUSINESS,AED,712.26,6/28/2025 14:50,ACTIVE
ACC0002800,CUST008138,CHECKING,EUR,1573.93,11/5/2025 14:23,ACTIVE
ACC0002801,CUST006259,BUSINESS,AUD,1367.31,6/25/2024 5:27,ACTIVE
ACC0002802,CUST002717,CHECKING,SGD,27768.02,4/23/2022 19:09,ACTIVE
ACC0002803,CUST004277,BUSINESS,SGD,1668.63,8/8/2025 17:55,SUSPENDED
ACC0002804,CUST003995,CHECKING,JPY,328.7,1/18/2024 5:12,ACTIVE
ACC0002805,CUST005303,SAVINGS,INR,977.93,4/19/2026 2:43,ACTIVE
ACC0002806,CUST001597,CHECKING,CAD,130.13,12/19/2021 4:50,ACTIVE
ACC0002807,CUST007257,CHECKING,JPY,995.54,3/1/2023 1:44,SUSPENDED
ACC0002808,CUST003393,SAVINGS,SGD,403.56,5/6/2023 9:55,ACTIVE
ACC0002809,CUST003205,CHECKING,EUR,3289.43,6/9/2026 10:10,SUSPENDED
ACC0002810,CUST007892,SAVINGS,INR,567.11,7/13/2023 6:05,ACTIVE
ACC0002811,CUST007680,SAVINGS,SGD,953.25,2/15/2025 11:23,ACTIVE
ACC0002812,CUST009389,CHECKING,USD,511.49,10/17/2021 13:50,ACTIVE
ACC0002813,CUST007917,SAVINGS,PKR,8836.28,4/9/2024 0:22,ACTIVE
ACC0002814,CUST008905,CHECKING,JPY,745.84,1/14/2024 0:45,ACTIVE
ACC0002815,CUST006181,CHECKING,EUR,9887.91,10/9/2025 16:53,CLOSED
ACC0002816,CUST009892,SAVINGS,CAD,2913.13,10/20/2021 3:57,ACTIVE
ACC0002817,CUST007917,SAVINGS,PKR,1955.65,8/6/2025 6:42,CLOSED
ACC0002818,CUST007910,BUSINESS,EUR,1706.98,10/23/2021 14:17,ACTIVE
ACC0002819,CUST006817,CHECKING,EUR,1759.1,3/20/2025 15:54,ACTIVE
ACC0002820,CUST008176,CHECKING,EUR,108.5,5/2/2025 6:40,ACTIVE
ACC0002821,CUST004620,BUSINESS,CAD,784.73,1/31/2022 11:17,SUSPENDED
ACC0002822,CUST008457,SAVINGS,SGD,3023.56,9/13/2024 6:32,SUSPENDED
ACC0002823,CUST000809,BUSINESS,SGD,1034.14,11/4/2025 6:13,ACTIVE
ACC0002824,CUST001688,BUSINESS,SGD,203.11,11/18/2024 14:06,ACTIVE
ACC0002825,CUST009410,CHECKING,EUR,1029.79,5/19/2024 10:06,ACTIVE
ACC0002826,CUST003706,BUSINESS,JPY,8475.43,9/27/2022 3:14,ACTIVE
ACC0002827,CUST006343,SAVINGS,PKR,4896.47,9/1/2025 16:59,CLOSED
ACC0002828,CUST005383,SAVINGS,EUR,1018,5/26/2023 12:37,ACTIVE
ACC0002829,CUST007036,SAVINGS,INR,3434.89,7/25/2026 2:41,ACTIVE
ACC0002830,CUST001789,BUSINESS,INR,706.41,5/23/2026 8:38,SUSPENDED
ACC0002831,CUST001366,SAVINGS,EUR,141.93,9/29/2023 19:32,ACTIVE
ACC0002832,CUST005291,BUSINESS,INR,361.64,4/1/2022 19:26,CLOSED
ACC0002833,CUST003780,BUSINESS,EUR,7154.28,6/18/2022 2:14,CLOSED
ACC0002834,CUST000335,SAVINGS,INR,789.35,1/3/2023 9:29,ACTIVE
ACC0002835,CUST009325,CHECKING,EUR,818.88,6/1/2024 2:42,SUSPENDED
ACC0002836,CUST007972,BUSINESS,AUD,765.24,12/6/2025 21:08,ACTIVE
ACC0002837,CUST003760,SAVINGS,USD,10774.78,12/31/2022 21:15,ACTIVE
ACC0002838,CUST005510,BUSINESS,GBP,7716.77,11/1/2022 0:51,ACTIVE
ACC0002839,CUST009768,SAVINGS,PKR,15717.6,5/18/2022 7:47,CLOSED
ACC0002840,CUST000870,CHECKING,GBP,906.1,1/12/2026 18:28,SUSPENDED
ACC0002841,CUST001133,BUSINESS,USD,1563.61,3/17/2026 10:43,ACTIVE
ACC0002842,CUST009153,BUSINESS,JPY,177.69,6/20/2025 6:52,ACTIVE
ACC0002843,CUST003078,SAVINGS,JPY,6453.13,9/20/2021 21:30,SUSPENDED
ACC0002844,CUST002330,BUSINESS,EUR,270.07,8/2/2022 0:08,ACTIVE
ACC0002845,CUST007612,CHECKING,GBP,1422.44,4/28/2025 3:18,ACTIVE
ACC0002846,CUST004543,CHECKING,EUR,293.9,12/22/2022 22:16,ACTIVE
ACC0002847,CUST005442,CHECKING,GBP,540.97,2/16/2024 0:02,ACTIVE
ACC0002848,CUST009804,CHECKING,EUR,401.53,10/25/2023 20:13,CLOSED
ACC0002849,CUST006521,BUSINESS,AED,528.77,12/8/2023 1:18,ACTIVE
ACC0002850,CUST005586,CHECKING,GBP,574.24,7/28/2024 17:26,ACTIVE
ACC0002851,CUST000057,CHECKING,EUR,567.98,4/1/2022 13:38,ACTIVE
ACC0002852,CUST001853,SAVINGS,PKR,2980.96,1/6/2025 3:17,SUSPENDED
ACC0002853,CUST000411,BUSINESS,SGD,291.24,2/23/2025 14:07,CLOSED
ACC0002854,CUST008357,SAVINGS,EUR,1428.89,5/8/2022 9:19,ACTIVE
ACC0002855,CUST004528,BUSINESS,AED,4729.39,6/24/2023 23:10,ACTIVE
ACC0002856,CUST002320,BUSINESS,PKR,592.39,10/21/2025 1:31,ACTIVE
ACC0002857,CUST003261,SAVINGS,SGD,463.36,10/9/2021 14:17,SUSPENDED
ACC0002858,CUST003782,BUSINESS,EUR,831.62,9/21/2023 12:22,ACTIVE
ACC0002859,CUST003148,BUSINESS,INR,4517.3,11/16/2023 5:50,SUSPENDED
ACC0002860,CUST001355,CHECKING,EUR,1384.27,11/25/2021 9:45,ACTIVE
ACC0002861,CUST005933,SAVINGS,EUR,579.72,4/2/2026 23:09,ACTIVE
ACC0002862,CUST005346,CHECKING,SGD,1959.91,1/17/2024 7:59,ACTIVE
ACC0002863,CUST005104,SAVINGS,GBP,292.14,9/8/2025 23:07,ACTIVE
ACC0002864,CUST006184,BUSINESS,GBP,2484.01,1/29/2026 18:50,ACTIVE
ACC0002865,CUST005656,CHECKING,EUR,1790.64,5/25/2024 15:59,ACTIVE
ACC0002866,CUST002670,BUSINESS,CAD,757.96,7/24/2023 17:13,ACTIVE
ACC0002867,CUST004985,CHECKING,EUR,400.89,9/8/2022 0:40,ACTIVE
ACC0002868,CUST002467,BUSINESS,JPY,378.41,5/8/2024 15:50,ACTIVE
ACC0002869,CUST003104,CHECKING,USD,2083.45,1/10/2022 8:18,SUSPENDED
ACC0002870,CUST005414,SAVINGS,PKR,4792.35,10/30/2022 23:10,SUSPENDED
ACC0002871,CUST009551,BUSINESS,AUD,510.42,7/10/2025 10:26,ACTIVE
ACC0002872,CUST009278,BUSINESS,CAD,1900.86,2/16/2024 13:56,ACTIVE
ACC0002873,CUST003614,SAVINGS,PKR,89.62,9/16/2023 12:02,SUSPENDED
ACC0002874,CUST007435,CHECKING,USD,543.73,6/10/2026 5:17,ACTIVE
ACC0002875,CUST008077,CHECKING,AUD,1056.51,9/22/2023 0:37,ACTIVE
ACC0002876,CUST000440,CHECKING,USD,368.11,8/20/2022 8:58,ACTIVE
ACC0002877,CUST005660,SAVINGS,PKR,356.45,6/8/2026 7:16,SUSPENDED
ACC0002878,CUST007404,CHECKING,EUR,492.09,7/5/2022 23:12,SUSPENDED
ACC0002879,CUST004972,CHECKING,AUD,1557.18,11/18/2024 11:28,ACTIVE
ACC0002880,CUST004156,BUSINESS,GBP,875.86,8/24/2024 7:45,ACTIVE
ACC0002881,CUST000079,SAVINGS,EUR,74.75,1/4/2024 8:23,ACTIVE
ACC0002882,CUST006426,SAVINGS,AED,86.07,4/30/2024 4:28,SUSPENDED
ACC0002883,CUST003799,BUSINESS,EUR,529.41,1/15/2024 15:15,CLOSED
ACC0002884,CUST009098,BUSINESS,AUD,1899.27,3/30/2026 3:12,ACTIVE
ACC0002885,CUST003422,CHECKING,AUD,40.57,11/7/2021 9:54,ACTIVE
ACC0002886,CUST006311,BUSINESS,JPY,602.04,2/19/2025 23:54,ACTIVE
ACC0002887,CUST001890,BUSINESS,EUR,583.18,10/17/2022 15:11,ACTIVE
ACC0002888,CUST006615,SAVINGS,EUR,5802.27,2/11/2022 16:22,ACTIVE
ACC0002889,CUST007137,CHECKING,GBP,690.89,7/26/2026 12:39,ACTIVE
ACC0002890,CUST006354,SAVINGS,EUR,1736.43,5/3/2024 21:59,ACTIVE
ACC0002891,CUST005082,SAVINGS,USD,1299.21,10/6/2022 20:37,CLOSED
ACC0002892,CUST009620,BUSINESS,EUR,85.06,11/9/2025 8:13,ACTIVE
ACC0002893,CUST003821,CHECKING,EUR,2756.86,6/29/2024 6:42,CLOSED
ACC0002894,CUST007741,CHECKING,PKR,1420.09,11/27/2025 8:22,ACTIVE
ACC0002895,CUST003730,CHECKING,PKR,2018.12,1/3/2025 12:37,ACTIVE
ACC0002896,CUST004329,BUSINESS,EUR,121964.49,2/26/2022 4:15,ACTIVE
ACC0002897,CUST007393,SAVINGS,AED,89.93,6/21/2025 3:24,ACTIVE
ACC0002898,CUST004326,SAVINGS,EUR,8687.46,12/26/2022 5:35,ACTIVE
ACC0002899,CUST000006,SAVINGS,EUR,776.71,8/28/2024 16:47,SUSPENDED
ACC0002900,CUST004603,BUSINESS,EUR,1548.12,3/2/2022 4:21,ACTIVE
ACC0002901,CUST009612,SAVINGS,EUR,1038.35,4/7/2023 20:27,CLOSED
ACC0002902,CUST007190,BUSINESS,INR,659.13,4/8/2023 2:39,ACTIVE
ACC0002903,CUST001919,BUSINESS,EUR,553.47,7/8/2023 16:03,ACTIVE
ACC0002904,CUST005644,SAVINGS,USD,1628.49,10/31/2021 7:51,ACTIVE
ACC0002905,CUST005586,SAVINGS,GBP,177.57,11/29/2022 15:22,ACTIVE
ACC0002906,CUST007925,CHECKING,EUR,2699.16,1/28/2022 10:39,ACTIVE
ACC0002907,CUST009738,BUSINESS,EUR,665.52,3/14/2025 15:18,ACTIVE
ACC0002908,CUST009499,BUSINESS,EUR,282.57,4/20/2026 16:30,ACTIVE
ACC0002909,CUST007821,SAVINGS,CAD,639.05,3/25/2023 9:55,ACTIVE
ACC0002910,CUST001724,CHECKING,USD,4957.11,11/11/2022 4:14,ACTIVE
ACC0002911,CUST007932,BUSINESS,JPY,576.86,10/5/2021 22:30,ACTIVE
ACC0002912,CUST006426,SAVINGS,AED,1686.05,5/19/2024 11:11,ACTIVE
ACC0002913,CUST005932,SAVINGS,EUR,456.16,6/23/2023 9:36,CLOSED
ACC0002914,CUST005753,SAVINGS,USD,2723.05,12/27/2025 15:38,ACTIVE
ACC0002915,CUST007559,CHECKING,INR,2496.41,1/20/2024 8:43,SUSPENDED
ACC0002916,CUST009262,SAVINGS,INR,10080.22,7/6/2024 20:10,ACTIVE
ACC0002917,CUST002727,SAVINGS,EUR,888.31,1/9/2023 22:29,CLOSED
ACC0002918,CUST009448,CHECKING,CAD,2446.43,5/17/2026 22:28,ACTIVE
ACC0002919,CUST008306,SAVINGS,AED,1233.59,8/6/2022 17:41,ACTIVE
ACC0002920,CUST000406,CHECKING,GBP,5192.89,5/29/2023 7:17,SUSPENDED
ACC0002921,CUST000171,BUSINESS,EUR,462.85,10/12/2023 0:26,SUSPENDED
ACC0002922,CUST004225,BUSINESS,EUR,2681.16,7/10/2026 12:53,ACTIVE
ACC0002923,CUST008658,SAVINGS,EUR,868.15,8/19/2025 17:38,CLOSED
ACC0002924,CUST006830,CHECKING,INR,1015.34,1/9/2026 21:30,ACTIVE
ACC0002925,CUST006209,BUSINESS,PKR,1224.27,5/5/2024 17:11,SUSPENDED
ACC0002926,CUST009789,CHECKING,EUR,1484.29,6/14/2025 2:00,CLOSED
ACC0002927,CUST006681,CHECKING,GBP,953.87,5/11/2024 20:07,ACTIVE
ACC0002928,CUST008510,CHECKING,EUR,1418.93,12/3/2022 18:38,ACTIVE
ACC0002929,CUST008977,SAVINGS,EUR,7286.23,7/20/2023 15:13,ACTIVE
ACC0002930,CUST007256,SAVINGS,GBP,3577.93,11/18/2022 9:11,ACTIVE
ACC0002931,CUST007194,BUSINESS,INR,3111.89,11/9/2024 10:15,ACTIVE
ACC0002932,CUST007675,CHECKING,INR,634.83,11/7/2024 8:24,CLOSED
ACC0002933,CUST003361,BUSINESS,INR,377.25,5/19/2022 2:27,SUSPENDED
ACC0002934,CUST006657,CHECKING,SGD,3450.8,12/4/2021 0:07,ACTIVE
ACC0002935,CUST003651,SAVINGS,INR,3137.73,6/8/2023 8:02,ACTIVE
ACC0002936,CUST009655,CHECKING,SGD,6420.2,4/30/2026 3:39,CLOSED
ACC0002937,CUST007276,CHECKING,EUR,531.24,12/21/2022 12:30,CLOSED
ACC0002938,CUST001400,CHECKING,GBP,832.59,8/11/2022 9:51,ACTIVE
ACC0002939,CUST003906,SAVINGS,EUR,153.33,8/29/2022 20:59,ACTIVE
ACC0002940,CUST002131,BUSINESS,JPY,684.74,2/9/2026 22:23,SUSPENDED
ACC0002941,CUST006873,CHECKING,EUR,3626,2/28/2025 4:59,ACTIVE
ACC0002942,CUST000533,SAVINGS,SGD,626.54,2/14/2023 8:28,SUSPENDED
ACC0002943,CUST002752,SAVINGS,JPY,2365.1,9/17/2021 14:52,ACTIVE
ACC0002944,CUST002687,CHECKING,EUR,872.53,5/14/2024 6:35,ACTIVE
ACC0002945,CUST003963,CHECKING,SGD,1617.87,1/6/2022 5:37,ACTIVE
ACC0002946,CUST003534,BUSINESS,EUR,276.65,9/27/2022 18:50,SUSPENDED
ACC0002947,CUST003765,SAVINGS,JPY,1214.7,10/24/2024 10:13,ACTIVE
ACC0002948,CUST006211,CHECKING,EUR,30.28,5/12/2024 19:30,ACTIVE
ACC0002949,CUST000452,SAVINGS,EUR,876.31,3/17/2022 23:20,SUSPENDED
ACC0002950,CUST004237,BUSINESS,JPY,155,9/17/2023 2:36,ACTIVE
ACC0002951,CUST000038,SAVINGS,EUR,4661.97,1/18/2022 4:48,SUSPENDED
ACC0002952,CUST005633,BUSINESS,INR,2787.47,6/12/2026 6:18,ACTIVE
ACC0002953,CUST003125,SAVINGS,EUR,1919.86,8/22/2026 10:40,ACTIVE
ACC0002954,CUST008810,SAVINGS,PKR,6803.6,12/25/2024 21:36,ACTIVE
ACC0002955,CUST002304,BUSINESS,EUR,351.18,2/12/2023 9:37,ACTIVE
ACC0002956,CUST001481,CHECKING,INR,8927,3/5/2024 15:50,SUSPENDED
ACC0002957,CUST005631,CHECKING,EUR,3356.42,3/7/2023 21:47,ACTIVE
ACC0002958,CUST000796,CHECKING,AUD,825.62,2/11/2025 4:23,ACTIVE
ACC0002959,CUST004341,SAVINGS,EUR,4284.44,2/14/2024 19:13,SUSPENDED
ACC0002960,CUST009105,SAVINGS,EUR,290.75,11/20/2025 8:05,ACTIVE
ACC0002961,CUST008712,SAVINGS,JPY,407.72,10/30/2025 7:44,ACTIVE
ACC0002962,CUST004021,CHECKING,PKR,528.31,10/15/2021 20:59,ACTIVE
ACC0002963,CUST009481,BUSINESS,PKR,581.28,9/9/2025 1:06,SUSPENDED
ACC0002964,CUST000161,SAVINGS,EUR,308.63,10/27/2021 21:19,ACTIVE
ACC0002965,CUST005933,SAVINGS,EUR,4758.56,7/6/2023 2:16,ACTIVE
ACC0002966,CUST002346,BUSINESS,AUD,803.82,2/17/2024 11:22,ACTIVE
ACC0002967,CUST005309,CHECKING,SGD,1674.06,7/9/2024 21:09,ACTIVE
ACC0002968,CUST006721,SAVINGS,JPY,553.12,11/11/2024 10:35,ACTIVE
ACC0002969,CUST005983,SAVINGS,EUR,123.38,2/18/2023 19:18,ACTIVE
ACC0002970,CUST007859,BUSINESS,AUD,1516.36,4/6/2022 22:59,ACTIVE
ACC0002971,CUST009022,BUSINESS,AUD,110.53,9/4/2024 10:06,CLOSED
ACC0002972,CUST007318,BUSINESS,CAD,1009.93,9/14/2024 19:47,ACTIVE
ACC0002973,CUST000450,BUSINESS,SGD,212.3,6/17/2024 8:07,ACTIVE
ACC0002974,CUST000689,CHECKING,SGD,11905.21,10/24/2022 3:01,CLOSED
ACC0002975,CUST009669,CHECKING,EUR,3273.57,10/10/2025 7:42,ACTIVE
ACC0002976,CUST002005,CHECKING,GBP,1245.02,10/29/2023 20:58,ACTIVE
ACC0002977,CUST007874,CHECKING,EUR,4996.28,12/14/2022 11:41,ACTIVE
ACC0002978,CUST005342,BUSINESS,JPY,397.19,8/2/2022 9:13,ACTIVE
ACC0002979,CUST006795,CHECKING,EUR,2105.22,1/17/2025 9:40,SUSPENDED
ACC0002980,CUST009449,BUSINESS,EUR,1393.78,6/30/2026 9:34,ACTIVE
ACC0002981,CUST008847,SAVINGS,GBP,1505.42,7/11/2022 13:09,SUSPENDED
ACC0002982,CUST008594,SAVINGS,EUR,5048.39,8/14/2026 10:09,ACTIVE
ACC0002983,CUST008510,SAVINGS,EUR,2641.2,9/6/2024 19:29,ACTIVE
ACC0002984,CUST001250,SAVINGS,SGD,1550.71,10/10/2025 6:29,ACTIVE
ACC0002985,CUST005075,BUSINESS,JPY,150.53,9/2/2024 5:40,ACTIVE
ACC0002986,CUST006697,CHECKING,GBP,346.52,6/22/2026 23:39,SUSPENDED
ACC0002987,CUST001854,SAVINGS,EUR,946.48,3/28/2024 11:29,CLOSED
ACC0002988,CUST009461,SAVINGS,EUR,1226.66,8/16/2022 15:36,ACTIVE
ACC0002989,CUST004923,CHECKING,INR,282.52,6/25/2026 4:20,ACTIVE
ACC0002990,CUST000137,CHECKING,USD,19811.38,10/11/2021 21:16,ACTIVE
ACC0002991,CUST002995,BUSINESS,EUR,6766.05,10/13/2023 22:28,SUSPENDED
ACC0002992,CUST008300,CHECKING,EUR,2258.69,5/24/2024 5:21,ACTIVE
ACC0002993,CUST000074,CHECKING,INR,1195.65,11/24/2023 8:11,ACTIVE
ACC0002994,CUST001288,BUSINESS,PKR,850.1,7/15/2026 5:16,ACTIVE
ACC0002995,CUST002930,BUSINESS,USD,349.92,1/24/2022 23:51,ACTIVE
ACC0002996,CUST005116,SAVINGS,CAD,1203.48,5/7/2025 6:03,CLOSED
ACC0002997,CUST001300,CHECKING,CAD,1494.14,5/22/2024 11:21,ACTIVE
ACC0002998,CUST002411,BUSINESS,EUR,247.12,3/17/2024 21:47,ACTIVE
ACC0002999,CUST000060,CHECKING,PKR,1637.64,11/16/2025 3:28,CLOSED
ACC0003000,CUST008014,SAVINGS,CAD,910.22,2/15/2026 1:47,ACTIVE
ACC0003001,CUST006006,SAVINGS,PKR,111.12,11/23/2022 14:42,ACTIVE
ACC0003002,CUST006527,SAVINGS,EUR,390.54,11/24/2022 12:20,SUSPENDED
ACC0003003,CUST008164,BUSINESS,INR,667.59,3/16/2024 18:58,ACTIVE
ACC0003004,CUST001117,CHECKING,CAD,10564.19,2/15/2022 15:46,ACTIVE
ACC0003005,CUST006649,SAVINGS,SGD,2138.51,12/1/2025 11:24,ACTIVE
ACC0003006,CUST007643,SAVINGS,CAD,220.84,2/5/2026 7:33,CLOSED
ACC0003007,CUST000294,CHECKING,AED,1964.99,12/10/2024 3:37,ACTIVE
ACC0003008,CUST002804,SAVINGS,SGD,171.27,4/14/2025 19:18,CLOSED
ACC0003009,CUST009358,SAVINGS,CAD,4020.77,1/29/2025 2:19,ACTIVE
ACC0003010,CUST004519,CHECKING,EUR,623.06,4/11/2022 18:36,ACTIVE
ACC0003011,CUST003766,BUSINESS,EUR,980.08,7/27/2022 0:46,ACTIVE
ACC0003012,CUST000908,SAVINGS,EUR,5382.76,2/21/2026 3:58,SUSPENDED
ACC0003013,CUST005598,SAVINGS,SGD,234.02,6/5/2025 2:39,CLOSED
ACC0003014,CUST008895,CHECKING,EUR,205.09,2/20/2022 1:58,ACTIVE
ACC0003015,CUST000220,BUSINESS,INR,544.4,10/5/2021 22:41,ACTIVE
ACC0003016,CUST008318,SAVINGS,CAD,3812.55,5/18/2025 6:11,ACTIVE
ACC0003017,CUST003898,BUSINESS,INR,177.11,12/10/2023 12:37,SUSPENDED
ACC0003018,CUST003542,SAVINGS,EUR,36.65,5/13/2026 15:52,SUSPENDED
ACC0003019,CUST000172,SAVINGS,GBP,638.17,10/3/2021 21:00,ACTIVE
ACC0003020,CUST001441,SAVINGS,INR,2126.19,10/6/2021 2:08,ACTIVE
ACC0003021,CUST007298,BUSINESS,INR,4630.01,3/8/2025 12:39,ACTIVE
ACC0003022,CUST003754,CHECKING,AUD,629.05,6/5/2022 8:29,ACTIVE
ACC0003023,CUST007954,CHECKING,EUR,669.34,5/1/2026 12:20,ACTIVE
ACC0003024,CUST008709,SAVINGS,PKR,4379.46,12/26/2021 0:18,SUSPENDED
ACC0003025,CUST001634,BUSINESS,AED,116.32,12/13/2022 11:26,CLOSED
ACC0003026,CUST007542,CHECKING,PKR,687.99,12/3/2021 19:00,ACTIVE
ACC0003027,CUST005980,CHECKING,GBP,1378.17,4/6/2023 14:46,CLOSED
ACC0003028,CUST001751,BUSINESS,AUD,1880.07,8/17/2022 8:32,ACTIVE
ACC0003029,CUST008133,BUSINESS,INR,594.8,10/29/2024 0:18,ACTIVE
ACC0003030,CUST002167,CHECKING,GBP,1142.91,10/16/2024 21:49,SUSPENDED
ACC0003031,CUST002116,SAVINGS,SGD,55.37,4/28/2025 11:53,ACTIVE
ACC0003032,CUST009363,CHECKING,EUR,497.75,8/8/2025 2:15,ACTIVE
ACC0003033,CUST001953,BUSINESS,EUR,1889.77,7/30/2025 10:51,ACTIVE
ACC0003034,CUST009007,BUSINESS,PKR,337.39,5/6/2024 6:52,CLOSED
ACC0003035,CUST005781,CHECKING,PKR,1177.07,3/25/2023 4:27,ACTIVE
ACC0003036,CUST003717,BUSINESS,GBP,1874.78,8/18/2022 8:09,ACTIVE
ACC0003037,CUST009259,SAVINGS,EUR,727.01,2/22/2025 1:14,ACTIVE
ACC0003038,CUST004402,BUSINESS,PKR,1345.55,4/24/2023 12:55,CLOSED
ACC0003039,CUST003240,SAVINGS,INR,345.41,10/10/2024 2:03,SUSPENDED
ACC0003040,CUST005579,BUSINESS,GBP,855.83,12/27/2022 6:52,ACTIVE
ACC0003041,CUST009723,CHECKING,PKR,2280.75,10/31/2023 17:44,ACTIVE
ACC0003042,CUST008775,BUSINESS,INR,1323.94,1/13/2024 4:36,ACTIVE
ACC0003043,CUST005288,CHECKING,EUR,542.49,3/18/2024 6:56,ACTIVE
ACC0003044,CUST007035,CHECKING,JPY,1435.2,9/2/2024 12:43,SUSPENDED
ACC0003045,CUST007269,CHECKING,EUR,2585.13,11/22/2021 23:42,ACTIVE
ACC0003046,CUST009856,CHECKING,EUR,93.7,6/25/2025 9:32,ACTIVE
ACC0003047,CUST007646,SAVINGS,GBP,4406.73,5/6/2025 7:13,ACTIVE
ACC0003048,CUST004960,BUSINESS,EUR,732.52,5/25/2024 11:54,ACTIVE
ACC0003049,CUST005076,CHECKING,EUR,1827.29,4/3/2024 22:04,ACTIVE
ACC0003050,CUST009197,SAVINGS,AUD,4613.29,7/13/2025 17:33,ACTIVE
ACC0003051,CUST009549,SAVINGS,EUR,211.45,2/20/2026 15:14,ACTIVE
ACC0003052,CUST006316,CHECKING,SGD,468.09,1/2/2026 13:00,ACTIVE
ACC0003053,CUST009852,CHECKING,EUR,775.68,7/24/2026 10:25,SUSPENDED
ACC0003054,CUST008937,CHECKING,USD,428.16,6/24/2022 5:09,CLOSED
ACC0003055,CUST001149,CHECKING,USD,8794.87,5/5/2024 6:05,ACTIVE
ACC0003056,CUST009423,SAVINGS,PKR,392.24,10/22/2024 10:22,CLOSED
ACC0003057,CUST007366,CHECKING,CAD,563.04,9/13/2023 16:32,CLOSED
ACC0003058,CUST007115,BUSINESS,EUR,1401.46,3/15/2026 17:35,ACTIVE
ACC0003059,CUST007865,CHECKING,EUR,259.15,8/16/2026 15:13,ACTIVE
ACC0003060,CUST004868,CHECKING,GBP,682.1,8/13/2025 5:29,CLOSED
ACC0003061,CUST005009,CHECKING,AUD,1605.1,10/29/2025 8:21,CLOSED
ACC0003062,CUST005614,SAVINGS,EUR,735.51,9/24/2024 23:06,SUSPENDED
ACC0003063,CUST007577,BUSINESS,EUR,980.38,8/25/2022 15:19,ACTIVE
ACC0003064,CUST002700,BUSINESS,AED,581.03,4/6/2024 13:45,ACTIVE
ACC0003065,CUST005930,SAVINGS,EUR,178.15,10/13/2022 18:55,ACTIVE
ACC0003066,CUST005531,SAVINGS,EUR,1613.1,5/12/2024 22:24,CLOSED
ACC0003067,CUST005037,CHECKING,AED,9008.46,11/26/2025 7:28,SUSPENDED
ACC0003068,CUST000705,CHECKING,JPY,1121.12,10/29/2021 20:49,SUSPENDED
ACC0003069,CUST009362,CHECKING,EUR,1437.01,11/17/2025 5:49,ACTIVE
ACC0003070,CUST004428,BUSINESS,USD,2518.12,3/1/2024 9:32,CLOSED
ACC0003071,CUST000308,BUSINESS,EUR,239.08,11/19/2022 2:04,ACTIVE
ACC0003072,CUST002054,SAVINGS,AED,8459.27,12/31/2022 10:19,ACTIVE
ACC0003073,CUST009523,SAVINGS,EUR,1398,8/15/2022 4:23,ACTIVE
ACC0003074,CUST000501,BUSINESS,EUR,7771.58,1/9/2023 3:21,ACTIVE
ACC0003075,CUST009300,SAVINGS,EUR,455.03,8/29/2021 9:06,ACTIVE
ACC0003076,CUST009854,CHECKING,INR,9717.41,4/13/2023 22:41,ACTIVE
ACC0003077,CUST005806,SAVINGS,EUR,2779.95,8/21/2025 16:14,ACTIVE
ACC0003078,CUST007830,SAVINGS,EUR,2129.51,6/19/2023 19:02,ACTIVE
ACC0003079,CUST004719,CHECKING,EUR,1452.19,3/2/2025 8:38,ACTIVE
ACC0003080,CUST006258,BUSINESS,CAD,813.84,10/2/2021 6:33,CLOSED
ACC0003081,CUST002268,CHECKING,EUR,4631.51,9/28/2021 20:22,ACTIVE
ACC0003082,CUST004288,BUSINESS,SGD,1297.81,7/21/2022 7:29,ACTIVE
ACC0003083,CUST000542,CHECKING,SGD,103.49,3/20/2024 16:19,ACTIVE
ACC0003084,CUST009824,CHECKING,EUR,286.97,5/22/2024 0:58,ACTIVE
ACC0003085,CUST009756,CHECKING,AED,877.42,3/28/2023 7:11,CLOSED
ACC0003086,CUST004398,BUSINESS,PKR,1590.81,9/16/2023 5:42,ACTIVE
ACC0003087,CUST001643,BUSINESS,EUR,1024.64,2/26/2023 0:02,ACTIVE
ACC0003088,CUST002430,SAVINGS,SGD,4735.13,9/23/2023 8:04,ACTIVE
ACC0003089,CUST001782,BUSINESS,PKR,105.5,10/6/2022 15:07,ACTIVE
ACC0003090,CUST007539,CHECKING,PKR,1302.84,7/30/2022 14:59,ACTIVE
ACC0003091,CUST006489,SAVINGS,JPY,123.77,2/6/2024 17:59,ACTIVE
ACC0003092,CUST004238,SAVINGS,SGD,2728.9,10/14/2022 23:40,ACTIVE
ACC0003093,CUST006900,BUSINESS,AUD,979.12,12/8/2021 14:40,ACTIVE
ACC0003094,CUST000189,BUSINESS,SGD,1814.44,11/23/2023 23:14,ACTIVE
ACC0003095,CUST008548,SAVINGS,EUR,388.91,7/3/2022 23:02,ACTIVE
ACC0003096,CUST003650,CHECKING,GBP,5091.65,10/18/2025 0:49,ACTIVE
ACC0003097,CUST008643,BUSINESS,PKR,3827.89,6/15/2023 16:55,ACTIVE
ACC0003098,CUST007347,SAVINGS,USD,2208.91,7/9/2026 16:43,ACTIVE
ACC0003099,CUST002588,BUSINESS,EUR,938.78,6/9/2024 14:49,SUSPENDED
ACC0003100,CUST003971,BUSINESS,GBP,2199.16,7/8/2023 18:45,ACTIVE
ACC0003101,CUST006837,BUSINESS,SGD,469.53,12/30/2025 4:56,ACTIVE
ACC0003102,CUST007886,SAVINGS,JPY,3061.52,2/17/2024 15:48,ACTIVE
ACC0003103,CUST005783,CHECKING,EUR,7937.69,4/14/2023 15:06,SUSPENDED
ACC0003104,CUST000326,CHECKING,EUR,3962.91,10/10/2021 19:57,ACTIVE
ACC0003105,CUST007067,CHECKING,EUR,456.91,10/5/2025 12:04,CLOSED
ACC0003106,CUST004935,SAVINGS,EUR,1692.06,4/2/2022 8:24,CLOSED
ACC0003107,CUST003872,SAVINGS,INR,232.35,12/28/2025 21:07,ACTIVE
ACC0003108,CUST000174,CHECKING,EUR,2179.54,3/26/2024 7:57,CLOSED
ACC0003109,CUST003323,CHECKING,AUD,1883.19,2/20/2025 18:59,SUSPENDED
ACC0003110,CUST009221,CHECKING,PKR,116.31,4/25/2025 15:59,SUSPENDED
ACC0003111,CUST000622,BUSINESS,JPY,272.02,9/30/2021 13:57,CLOSED
ACC0003112,CUST000911,SAVINGS,INR,780.73,11/12/2021 14:46,ACTIVE
ACC0003113,CUST007427,SAVINGS,EUR,764.31,9/21/2023 16:08,ACTIVE
ACC0003114,CUST005108,SAVINGS,AUD,256.88,6/16/2024 21:19,ACTIVE
ACC0003115,CUST007400,BUSINESS,AED,1748.96,8/2/2022 12:05,ACTIVE
ACC0003116,CUST004087,BUSINESS,AUD,1482.92,12/10/2023 7:01,CLOSED
ACC0003117,CUST005323,SAVINGS,USD,868.6,1/30/2022 6:59,ACTIVE
ACC0003118,CUST000861,BUSINESS,JPY,442.77,6/3/2023 14:06,ACTIVE
ACC0003119,CUST002885,BUSINESS,CAD,3860.1,7/5/2023 1:02,ACTIVE
ACC0003120,CUST002048,SAVINGS,AUD,7994.34,8/18/2023 6:19,SUSPENDED
ACC0003121,CUST008073,BUSINESS,EUR,613.84,6/23/2022 8:35,ACTIVE
ACC0003122,CUST001003,BUSINESS,SGD,526.05,10/2/2023 5:58,ACTIVE
ACC0003123,CUST007257,SAVINGS,JPY,1977.22,6/28/2026 21:02,ACTIVE
ACC0003124,CUST009354,CHECKING,CAD,713.63,4/23/2023 17:16,SUSPENDED
ACC0003125,CUST003219,SAVINGS,PKR,927.71,11/22/2024 5:55,ACTIVE
ACC0003126,CUST009414,SAVINGS,PKR,2664,12/14/2021 3:45,SUSPENDED
ACC0003127,CUST000315,SAVINGS,EUR,110.92,9/3/2024 16:18,ACTIVE
ACC0003128,CUST003474,BUSINESS,PKR,5334.57,9/3/2025 19:31,CLOSED
ACC0003129,CUST009666,CHECKING,EUR,1196.57,11/29/2022 2:02,CLOSED
ACC0003130,CUST005682,CHECKING,USD,669.28,2/5/2022 7:24,SUSPENDED
ACC0003131,CUST007681,BUSINESS,EUR,985.27,6/25/2025 16:26,CLOSED
ACC0003132,CUST003645,SAVINGS,SGD,1048.29,5/13/2023 10:46,ACTIVE
ACC0003133,CUST003247,CHECKING,PKR,137.35,5/28/2022 4:04,SUSPENDED
ACC0003134,CUST001616,CHECKING,AED,6594.07,4/3/2022 7:52,ACTIVE
ACC0003135,CUST000323,SAVINGS,EUR,1152.39,9/20/2024 17:24,ACTIVE
ACC0003136,CUST004543,SAVINGS,EUR,1866.09,2/28/2025 0:28,ACTIVE
ACC0003137,CUST003412,CHECKING,USD,3435.3,10/24/2025 16:11,ACTIVE
ACC0003138,CUST003769,SAVINGS,PKR,322.02,2/27/2025 4:19,ACTIVE
ACC0003139,CUST001663,CHECKING,EUR,1935.59,2/20/2023 12:12,ACTIVE
ACC0003140,CUST004803,SAVINGS,EUR,795.39,9/3/2023 21:40,ACTIVE
ACC0003141,CUST000355,BUSINESS,PKR,3029.42,12/4/2025 17:08,SUSPENDED
ACC0003142,CUST008827,SAVINGS,EUR,85.4,4/14/2025 11:33,ACTIVE
ACC0003143,CUST007515,CHECKING,INR,973.68,9/13/2024 12:25,ACTIVE
ACC0003144,CUST003961,CHECKING,EUR,531.98,3/5/2026 5:18,ACTIVE
ACC0003145,CUST000735,SAVINGS,INR,1842.2,10/11/2022 11:47,ACTIVE
ACC0003146,CUST006550,CHECKING,GBP,1927.64,2/3/2025 23:12,ACTIVE
ACC0003147,CUST004073,CHECKING,PKR,469.12,8/23/2023 8:29,ACTIVE
ACC0003148,CUST001571,CHECKING,SGD,466.56,11/14/2021 17:13,ACTIVE
ACC0003149,CUST001471,SAVINGS,EUR,960.26,6/21/2022 11:00,ACTIVE
ACC0003150,CUST005313,BUSINESS,EUR,373.92,11/7/2024 12:56,ACTIVE
ACC0003151,CUST000888,BUSINESS,PKR,3012.06,4/23/2022 14:02,ACTIVE
ACC0003152,CUST000858,SAVINGS,GBP,704.12,12/7/2025 22:32,ACTIVE
ACC0003153,CUST002496,BUSINESS,EUR,33.5,2/17/2022 9:49,CLOSED
ACC0003154,CUST004902,SAVINGS,AED,699.39,4/4/2023 10:05,ACTIVE
ACC0003155,CUST005007,CHECKING,EUR,315.37,12/10/2021 9:07,ACTIVE
ACC0003156,CUST009728,BUSINESS,EUR,154.85,6/25/2023 0:59,ACTIVE
ACC0003157,CUST006084,SAVINGS,EUR,248.41,2/7/2026 14:08,ACTIVE
ACC0003158,CUST002157,SAVINGS,INR,1250.49,5/16/2025 19:28,ACTIVE
ACC0003159,CUST008368,CHECKING,EUR,5401.16,8/3/2026 16:29,ACTIVE
ACC0003160,CUST008469,CHECKING,EUR,1596.9,12/26/2023 7:47,SUSPENDED
ACC0003161,CUST001494,CHECKING,EUR,529.64,12/28/2022 6:03,CLOSED
ACC0003162,CUST005657,CHECKING,EUR,1895.21,1/12/2025 13:56,ACTIVE
ACC0003163,CUST003658,BUSINESS,EUR,632.13,6/12/2023 14:04,CLOSED
ACC0003164,CUST005081,BUSINESS,INR,476.51,1/20/2024 13:03,ACTIVE
ACC0003165,CUST001121,BUSINESS,GBP,274.45,9/18/2021 5:36,CLOSED
ACC0003166,CUST007708,CHECKING,INR,134,8/30/2024 10:28,ACTIVE
ACC0003167,CUST008147,SAVINGS,EUR,686.83,2/27/2024 13:21,ACTIVE
ACC0003168,CUST008130,CHECKING,EUR,1325.66,11/4/2025 9:49,ACTIVE
ACC0003169,CUST007082,CHECKING,USD,976.58,9/9/2024 22:22,ACTIVE
ACC0003170,CUST008437,BUSINESS,PKR,665.7,10/25/2024 17:35,CLOSED
ACC0003171,CUST002154,SAVINGS,JPY,352.52,4/8/2022 11:39,ACTIVE
ACC0003172,CUST004031,CHECKING,AED,2275.36,6/23/2024 23:10,ACTIVE
ACC0003173,CUST001972,BUSINESS,AUD,225.75,1/25/2025 13:28,ACTIVE
ACC0003174,CUST002198,CHECKING,EUR,2782.86,1/27/2026 10:25,CLOSED
ACC0003175,CUST008790,BUSINESS,USD,329.42,7/25/2023 8:28,ACTIVE
ACC0003176,CUST007088,CHECKING,EUR,444.56,12/25/2022 1:16,ACTIVE
ACC0003177,CUST002154,CHECKING,JPY,188.64,3/30/2023 16:25,ACTIVE
ACC0003178,CUST007508,SAVINGS,EUR,600.83,7/27/2026 10:08,ACTIVE
ACC0003179,CUST005123,CHECKING,EUR,3534.67,4/6/2022 22:42,ACTIVE
ACC0003180,CUST002521,CHECKING,GBP,2036.02,4/22/2026 7:02,ACTIVE
ACC0003181,CUST009947,BUSINESS,GBP,3547.88,3/21/2022 12:01,CLOSED
ACC0003182,CUST006315,BUSINESS,PKR,2052,1/13/2023 15:16,ACTIVE
ACC0003183,CUST006882,BUSINESS,EUR,291.66,12/17/2025 8:13,ACTIVE
ACC0003184,CUST007547,CHECKING,GBP,737.34,9/15/2021 17:42,ACTIVE
ACC0003185,CUST003111,BUSINESS,JPY,429.99,3/25/2022 2:38,ACTIVE
ACC0003186,CUST006922,CHECKING,EUR,5413.71,6/11/2026 10:57,SUSPENDED
ACC0003187,CUST000689,BUSINESS,SGD,260.83,5/14/2022 22:27,SUSPENDED
ACC0003188,CUST000622,CHECKING,JPY,3204.9,8/19/2025 14:31,ACTIVE
ACC0003189,CUST001289,SAVINGS,JPY,3202.04,8/24/2025 4:55,ACTIVE
ACC0003190,CUST001574,CHECKING,SGD,9853.13,11/22/2021 18:06,CLOSED
ACC0003191,CUST003548,BUSINESS,PKR,670.74,5/1/2022 9:39,ACTIVE
ACC0003192,CUST007956,BUSINESS,CAD,2578.04,7/18/2026 2:43,SUSPENDED
ACC0003193,CUST008206,BUSINESS,EUR,16949.31,2/14/2026 18:40,ACTIVE
ACC0003194,CUST008814,BUSINESS,AUD,522.61,3/29/2023 5:00,ACTIVE
ACC0003195,CUST000627,SAVINGS,EUR,173.81,10/18/2025 0:18,ACTIVE
ACC0003196,CUST001878,SAVINGS,GBP,114.89,8/3/2025 3:01,ACTIVE
ACC0003197,CUST009091,BUSINESS,AED,2579.25,8/19/2022 18:35,ACTIVE
ACC0003198,CUST006679,BUSINESS,INR,114.46,7/13/2025 22:13,ACTIVE
ACC0003199,CUST008777,BUSINESS,AED,701.5,7/4/2024 12:50,ACTIVE
ACC0003200,CUST001452,BUSINESS,EUR,1853.4,2/1/2025 19:58,CLOSED
ACC0003201,CUST005788,SAVINGS,AED,1369.51,11/14/2025 12:45,SUSPENDED
ACC0003202,CUST000750,SAVINGS,EUR,1827.19,1/23/2026 4:13,CLOSED
ACC0003203,CUST000577,BUSINESS,EUR,1431.89,6/14/2024 6:39,SUSPENDED
ACC0003204,CUST006256,SAVINGS,EUR,5087.99,6/3/2026 9:26,ACTIVE
ACC0003205,CUST009123,BUSINESS,JPY,349.75,5/16/2025 2:56,ACTIVE
ACC0003206,CUST006230,SAVINGS,EUR,486.68,1/9/2025 3:06,ACTIVE
ACC0003207,CUST008586,CHECKING,GBP,433.9,5/13/2025 17:08,ACTIVE
ACC0003208,CUST007851,CHECKING,JPY,2969.74,9/11/2022 6:05,CLOSED
ACC0003209,CUST008000,CHECKING,EUR,3230.78,12/18/2022 17:33,ACTIVE
ACC0003210,CUST009077,CHECKING,CAD,1884.6,5/1/2022 15:28,CLOSED
ACC0003211,CUST004758,SAVINGS,EUR,4537.78,6/25/2025 1:34,ACTIVE
ACC0003212,CUST003165,SAVINGS,USD,266.76,10/23/2025 13:19,ACTIVE
ACC0003213,CUST005763,SAVINGS,EUR,8108.51,1/21/2024 7:02,ACTIVE
ACC0003214,CUST000291,SAVINGS,EUR,6821.85,11/5/2023 17:02,SUSPENDED
ACC0003215,CUST003659,BUSINESS,EUR,2651.14,4/16/2024 11:04,CLOSED
ACC0003216,CUST000472,BUSINESS,EUR,9303.62,7/28/2022 3:17,ACTIVE
ACC0003217,CUST000815,SAVINGS,EUR,150.21,8/3/2024 0:27,SUSPENDED
ACC0003218,CUST007266,BUSINESS,AED,584.44,11/10/2024 14:55,SUSPENDED
ACC0003219,CUST009569,BUSINESS,INR,453.79,9/16/2024 19:27,SUSPENDED
ACC0003220,CUST006083,CHECKING,JPY,2606.53,6/22/2025 17:55,CLOSED
ACC0003221,CUST004183,SAVINGS,GBP,311.01,1/30/2024 22:29,ACTIVE
ACC0003222,CUST009955,BUSINESS,EUR,2721.65,6/22/2023 9:21,ACTIVE
ACC0003223,CUST006745,SAVINGS,EUR,5679.64,9/28/2025 17:15,ACTIVE
ACC0003224,CUST004264,SAVINGS,EUR,2525.62,7/4/2024 1:47,ACTIVE
ACC0003225,CUST004317,BUSINESS,EUR,1541.48,2/20/2026 15:35,ACTIVE
ACC0003226,CUST007124,SAVINGS,AUD,335.14,3/19/2023 4:28,SUSPENDED
ACC0003227,CUST008440,BUSINESS,JPY,396.94,2/21/2024 18:27,ACTIVE
ACC0003228,CUST007364,SAVINGS,EUR,4912.52,3/8/2026 5:11,ACTIVE
ACC0003229,CUST009195,SAVINGS,USD,2793.97,4/14/2022 11:34,ACTIVE
ACC0003230,CUST001655,CHECKING,GBP,1046.47,6/26/2023 12:09,ACTIVE
ACC0003231,CUST004987,SAVINGS,CAD,664.15,11/20/2022 9:21,ACTIVE
ACC0003232,CUST000745,SAVINGS,EUR,96.45,3/26/2026 3:14,CLOSED
ACC0003233,CUST009956,SAVINGS,CAD,303.38,8/22/2022 6:13,ACTIVE
ACC0003234,CUST003396,SAVINGS,EUR,10869.36,12/13/2025 17:56,ACTIVE
ACC0003235,CUST001465,BUSINESS,AED,235.91,10/8/2021 8:43,ACTIVE
ACC0003236,CUST007191,CHECKING,GBP,1376.61,6/16/2022 1:33,SUSPENDED
ACC0003237,CUST002402,CHECKING,PKR,3673.62,3/10/2023 14:28,CLOSED
ACC0003238,CUST000531,CHECKING,GBP,243.25,10/5/2024 19:20,ACTIVE
ACC0003239,CUST008672,SAVINGS,EUR,1368.75,8/22/2024 8:30,ACTIVE
ACC0003240,CUST005428,CHECKING,AED,3379.55,12/2/2025 4:27,ACTIVE
ACC0003241,CUST007696,BUSINESS,AED,1113.21,12/20/2023 21:16,ACTIVE
ACC0003242,CUST007899,CHECKING,SGD,34271.99,12/26/2023 20:32,ACTIVE
ACC0003243,CUST003278,CHECKING,JPY,148.07,5/5/2024 22:19,ACTIVE
ACC0003244,CUST008113,BUSINESS,SGD,3906.8,6/15/2025 14:46,SUSPENDED
ACC0003245,CUST007882,CHECKING,CAD,891.26,4/5/2023 7:45,SUSPENDED
ACC0003246,CUST002636,SAVINGS,SGD,2769.17,5/30/2024 9:21,ACTIVE
ACC0003247,CUST006082,SAVINGS,EUR,1862.3,1/23/2023 6:35,SUSPENDED
ACC0003248,CUST007873,BUSINESS,PKR,454.96,12/20/2024 19:14,ACTIVE
ACC0003249,CUST000207,CHECKING,EUR,1443.46,11/22/2023 11:28,ACTIVE
ACC0003250,CUST004303,BUSINESS,SGD,117.98,12/11/2021 21:55,ACTIVE
ACC0003251,CUST002270,SAVINGS,INR,2261.76,6/14/2025 20:36,ACTIVE
ACC0003252,CUST005522,SAVINGS,INR,1568.37,7/27/2022 7:49,ACTIVE
ACC0003253,CUST000948,SAVINGS,USD,2359.94,3/28/2024 20:02,ACTIVE
ACC0003254,CUST009665,CHECKING,AUD,3903.94,7/4/2026 8:07,SUSPENDED
ACC0003255,CUST000598,BUSINESS,EUR,1704.7,5/12/2022 20:01,SUSPENDED
ACC0003256,CUST009604,BUSINESS,USD,1309.9,5/1/2023 11:47,ACTIVE
ACC0003257,CUST009307,SAVINGS,CAD,380.97,7/25/2022 19:56,ACTIVE
ACC0003258,CUST007508,CHECKING,EUR,466.54,1/1/2022 10:30,SUSPENDED
ACC0003259,CUST008356,SAVINGS,GBP,4555.46,11/25/2023 20:25,ACTIVE
ACC0003260,CUST005077,SAVINGS,EUR,6146.28,4/26/2025 17:06,ACTIVE
ACC0003261,CUST006419,CHECKING,EUR,824.08,10/23/2024 1:49,ACTIVE
ACC0003262,CUST003313,SAVINGS,CAD,1158.87,11/13/2022 1:43,ACTIVE
ACC0003263,CUST008621,CHECKING,SGD,370.36,11/20/2025 18:09,CLOSED
ACC0003264,CUST000974,CHECKING,GBP,4479.69,4/17/2024 23:39,ACTIVE
ACC0003265,CUST009508,CHECKING,CAD,2436.94,2/13/2022 12:48,ACTIVE
ACC0003266,CUST003661,SAVINGS,SGD,11265.06,11/18/2023 9:26,ACTIVE
ACC0003267,CUST005034,BUSINESS,GBP,382.23,9/3/2024 23:38,ACTIVE
ACC0003268,CUST000291,SAVINGS,EUR,696.72,4/28/2025 0:43,CLOSED
ACC0003269,CUST004555,CHECKING,EUR,1447.71,10/15/2023 8:48,ACTIVE
ACC0003270,CUST009309,BUSINESS,EUR,2382.22,5/18/2024 16:24,CLOSED
ACC0003271,CUST006763,SAVINGS,CAD,846.58,1/11/2024 20:16,ACTIVE
ACC0003272,CUST006772,SAVINGS,EUR,384.69,6/12/2023 4:45,ACTIVE
ACC0003273,CUST008389,BUSINESS,EUR,3157.98,3/22/2022 6:51,ACTIVE
ACC0003274,CUST003190,SAVINGS,JPY,2605.45,2/28/2023 21:20,ACTIVE
ACC0003275,CUST008551,BUSINESS,USD,365.21,7/16/2026 21:26,ACTIVE
ACC0003276,CUST002569,CHECKING,EUR,5577.7,2/15/2022 22:17,ACTIVE
ACC0003277,CUST002543,SAVINGS,USD,4465.96,9/3/2023 9:36,ACTIVE
ACC0003278,CUST006623,CHECKING,EUR,1288.4,2/21/2026 8:31,ACTIVE
ACC0003279,CUST002719,CHECKING,EUR,1206.55,2/24/2023 19:15,ACTIVE
ACC0003280,CUST000613,CHECKING,JPY,2132.11,3/29/2025 12:07,ACTIVE
ACC0003281,CUST004702,CHECKING,USD,389.93,5/12/2024 20:54,ACTIVE
ACC0003282,CUST006263,BUSINESS,GBP,1136.87,6/29/2022 15:14,ACTIVE
ACC0003283,CUST007400,CHECKING,AED,82.86,12/14/2022 2:31,ACTIVE
ACC0003284,CUST005889,CHECKING,EUR,3139.27,8/22/2026 15:03,CLOSED
ACC0003285,CUST006046,BUSINESS,USD,168.38,10/27/2023 13:09,SUSPENDED
ACC0003286,CUST000713,SAVINGS,EUR,6661.53,6/26/2025 8:03,ACTIVE
ACC0003287,CUST008464,BUSINESS,EUR,737.94,3/24/2023 19:30,ACTIVE
ACC0003288,CUST008305,CHECKING,AUD,850.65,7/10/2026 11:55,ACTIVE
ACC0003289,CUST001138,SAVINGS,EUR,516.32,8/8/2026 10:53,ACTIVE
ACC0003290,CUST007068,CHECKING,EUR,776.16,10/7/2022 16:39,CLOSED
ACC0003291,CUST008885,CHECKING,EUR,6016.36,2/4/2025 22:58,ACTIVE
ACC0003292,CUST003564,BUSINESS,AUD,55.4,7/22/2023 17:04,ACTIVE
ACC0003293,CUST007993,BUSINESS,CAD,5076.4,4/23/2023 13:41,SUSPENDED
ACC0003294,CUST004816,SAVINGS,PKR,1645.22,6/21/2025 23:55,ACTIVE
ACC0003295,CUST000552,BUSINESS,INR,257.64,12/4/2021 13:45,SUSPENDED
ACC0003296,CUST006253,CHECKING,INR,301.76,12/7/2021 13:07,ACTIVE
ACC0003297,CUST001359,SAVINGS,USD,8198.21,8/13/2024 2:37,ACTIVE
ACC0003298,CUST007761,SAVINGS,USD,352.62,9/6/2022 3:23,SUSPENDED
ACC0003299,CUST005292,BUSINESS,INR,274.78,3/29/2022 5:53,ACTIVE
ACC0003300,CUST004961,SAVINGS,GBP,4293.16,7/4/2023 15:54,ACTIVE
ACC0003301,CUST000243,CHECKING,GBP,1646.26,5/10/2022 15:42,ACTIVE
ACC0003302,CUST004253,BUSINESS,INR,355.84,3/21/2023 15:43,SUSPENDED
ACC0003303,CUST002445,SAVINGS,EUR,1422.19,11/20/2022 15:35,SUSPENDED
ACC0003304,CUST008917,SAVINGS,EUR,320.25,12/23/2022 11:26,ACTIVE
ACC0003305,CUST001156,CHECKING,EUR,4109.21,5/23/2025 18:03,ACTIVE
ACC0003306,CUST003846,SAVINGS,INR,3919.21,5/2/2025 5:01,ACTIVE
ACC0003307,CUST004919,SAVINGS,EUR,2076.43,6/28/2022 13:21,ACTIVE
ACC0003308,CUST003709,CHECKING,GBP,1692.55,8/20/2024 8:50,ACTIVE
ACC0003309,CUST008733,CHECKING,USD,9076.33,5/9/2026 14:19,CLOSED
ACC0003310,CUST002499,SAVINGS,AUD,1096.22,10/25/2023 1:52,CLOSED
ACC0003311,CUST006237,BUSINESS,INR,265.54,12/8/2022 10:57,SUSPENDED
ACC0003312,CUST001996,SAVINGS,EUR,1880.64,8/8/2024 0:13,ACTIVE
ACC0003313,CUST009901,CHECKING,PKR,13403.3,5/14/2022 15:16,CLOSED
ACC0003314,CUST009401,SAVINGS,INR,324.5,5/23/2022 0:02,ACTIVE
ACC0003315,CUST006279,CHECKING,EUR,710.7,4/3/2026 7:09,ACTIVE
ACC0003316,CUST004321,SAVINGS,JPY,1807.56,9/5/2025 23:26,ACTIVE
ACC0003317,CUST008215,BUSINESS,AUD,1027.94,3/2/2024 1:02,CLOSED
ACC0003318,CUST002034,CHECKING,EUR,337.39,3/11/2023 13:06,SUSPENDED
ACC0003319,CUST002052,BUSINESS,CAD,4214.26,12/27/2022 8:41,ACTIVE
ACC0003320,CUST006200,BUSINESS,EUR,17748.37,9/5/2023 15:47,CLOSED
ACC0003321,CUST009819,CHECKING,USD,1387.64,9/2/2022 14:56,ACTIVE
ACC0003322,CUST007966,SAVINGS,EUR,370.6,6/1/2026 10:22,SUSPENDED
ACC0003323,CUST009048,BUSINESS,INR,170.93,6/10/2024 15:11,ACTIVE
ACC0003324,CUST004743,CHECKING,EUR,1494.54,12/18/2025 12:18,ACTIVE
ACC0003325,CUST003612,SAVINGS,EUR,4124.31,6/27/2023 2:08,ACTIVE
ACC0003326,CUST004603,CHECKING,EUR,1939.53,5/24/2022 10:34,ACTIVE
ACC0003327,CUST001143,BUSINESS,AED,1093.47,6/30/2023 14:33,ACTIVE
ACC0003328,CUST001817,BUSINESS,AUD,540.71,2/8/2023 17:56,CLOSED
ACC0003329,CUST001697,SAVINGS,JPY,295.72,10/2/2025 18:43,ACTIVE
ACC0003330,CUST005601,CHECKING,JPY,2986.03,8/18/2024 22:28,CLOSED
ACC0003331,CUST003793,CHECKING,PKR,3283.04,10/28/2025 16:00,ACTIVE
ACC0003332,CUST001898,SAVINGS,EUR,171.59,11/15/2021 0:28,SUSPENDED
ACC0003333,CUST000037,SAVINGS,GBP,7389.44,5/8/2023 7:11,ACTIVE
ACC0003334,CUST007380,CHECKING,INR,2183.94,2/16/2024 15:35,SUSPENDED
ACC0003335,CUST005918,SAVINGS,EUR,5881.19,11/22/2021 22:45,ACTIVE
ACC0003336,CUST009381,BUSINESS,EUR,219.08,5/31/2025 4:22,ACTIVE
ACC0003337,CUST000783,SAVINGS,EUR,212.94,8/24/2022 19:46,ACTIVE
ACC0003338,CUST001640,SAVINGS,EUR,917.12,3/16/2026 0:39,CLOSED
ACC0003339,CUST008247,SAVINGS,SGD,2004.88,6/11/2022 19:37,SUSPENDED
ACC0003340,CUST003485,CHECKING,EUR,9467.62,12/5/2023 5:12,ACTIVE
ACC0003341,CUST003243,CHECKING,EUR,2558.8,3/14/2026 1:55,ACTIVE
ACC0003342,CUST005795,SAVINGS,EUR,819.57,10/16/2024 7:09,ACTIVE
ACC0003343,CUST005157,SAVINGS,USD,320.01,4/10/2024 2:31,ACTIVE
ACC0003344,CUST002499,SAVINGS,AUD,4798.22,8/6/2023 13:53,ACTIVE
ACC0003345,CUST007740,BUSINESS,INR,344.59,1/25/2025 4:02,ACTIVE
ACC0003346,CUST000896,SAVINGS,SGD,7740.04,11/19/2022 10:57,CLOSED
ACC0003347,CUST004387,CHECKING,CAD,779.57,5/22/2025 12:54,ACTIVE
ACC0003348,CUST003520,SAVINGS,USD,7396.03,12/2/2023 3:35,ACTIVE
ACC0003349,CUST004232,BUSINESS,EUR,2476.79,1/28/2026 16:34,CLOSED
ACC0003350,CUST009513,BUSINESS,CAD,930.39,7/21/2022 3:13,SUSPENDED
ACC0003351,CUST007370,CHECKING,CAD,588,6/4/2026 4:36,SUSPENDED
ACC0003352,CUST003763,CHECKING,USD,728.44,8/7/2025 22:10,SUSPENDED
ACC0003353,CUST001746,BUSINESS,USD,1833.5,4/6/2023 8:40,ACTIVE
ACC0003354,CUST006442,BUSINESS,AUD,1203.02,8/20/2022 18:24,SUSPENDED
ACC0003355,CUST004734,CHECKING,AUD,537.77,9/21/2025 1:59,ACTIVE
ACC0003356,CUST006628,SAVINGS,JPY,898.96,5/11/2026 4:51,ACTIVE
ACC0003357,CUST000071,SAVINGS,AED,1205.07,4/27/2024 23:17,ACTIVE
ACC0003358,CUST003673,CHECKING,USD,85.24,10/18/2022 9:12,ACTIVE
ACC0003359,CUST007388,SAVINGS,AUD,1900.37,9/21/2025 21:51,ACTIVE
ACC0003360,CUST001071,BUSINESS,EUR,338.44,4/28/2025 21:31,CLOSED
ACC0003361,CUST009119,CHECKING,EUR,274.79,2/14/2024 11:21,ACTIVE
ACC0003362,CUST008011,SAVINGS,INR,144.78,1/11/2023 15:42,ACTIVE
ACC0003363,CUST001436,BUSINESS,EUR,127.4,12/22/2025 1:44,ACTIVE
ACC0003364,CUST001331,CHECKING,CAD,215.61,10/20/2023 23:32,SUSPENDED
ACC0003365,CUST009873,SAVINGS,PKR,468.33,12/19/2024 21:05,CLOSED
ACC0003366,CUST005445,SAVINGS,EUR,11429.02,4/30/2026 2:10,ACTIVE
ACC0003367,CUST001551,CHECKING,EUR,583.44,5/6/2024 23:06,ACTIVE
ACC0003368,CUST003701,SAVINGS,EUR,1357.36,9/15/2022 12:18,ACTIVE
ACC0003369,CUST006366,SAVINGS,EUR,1773.26,12/14/2022 0:44,ACTIVE
ACC0003370,CUST001007,SAVINGS,INR,1283.41,1/27/2025 22:36,ACTIVE
ACC0003371,CUST004762,BUSINESS,INR,999.31,3/17/2022 19:53,ACTIVE
ACC0003372,CUST007601,BUSINESS,SGD,261.29,10/17/2025 22:24,ACTIVE
ACC0003373,CUST009199,SAVINGS,JPY,6254.85,8/23/2024 13:56,CLOSED
ACC0003374,CUST009567,BUSINESS,AED,9591.53,3/29/2026 19:11,SUSPENDED
ACC0003375,CUST004451,BUSINESS,AUD,145.59,1/15/2025 11:49,ACTIVE
ACC0003376,CUST008467,CHECKING,PKR,320.91,11/30/2022 7:44,ACTIVE
ACC0003377,CUST000199,BUSINESS,JPY,783.86,6/25/2025 4:42,ACTIVE
ACC0003378,CUST006641,CHECKING,INR,344.66,1/22/2024 17:45,ACTIVE
ACC0003379,CUST000878,SAVINGS,CAD,2012.55,1/6/2023 21:20,ACTIVE
ACC0003380,CUST000065,CHECKING,AUD,457.64,1/27/2022 19:00,ACTIVE
ACC0003381,CUST007968,CHECKING,EUR,14736.27,2/6/2022 8:58,CLOSED
ACC0003382,CUST007873,SAVINGS,PKR,4576.36,7/23/2023 22:53,SUSPENDED
ACC0003383,CUST005079,BUSINESS,EUR,1415.29,9/1/2022 0:22,ACTIVE
ACC0003384,CUST003310,CHECKING,INR,3760.79,12/26/2024 9:20,ACTIVE
ACC0003385,CUST008648,CHECKING,SGD,4134.33,9/6/2022 22:48,ACTIVE
ACC0003386,CUST001211,SAVINGS,INR,557.39,1/1/2022 9:39,ACTIVE
ACC0003387,CUST009401,BUSINESS,INR,411.8,10/28/2022 4:01,ACTIVE
ACC0003388,CUST000854,CHECKING,EUR,1204.44,1/1/2026 19:59,ACTIVE
ACC0003389,CUST000388,CHECKING,CAD,3083.94,5/7/2022 7:26,ACTIVE
ACC0003390,CUST004392,SAVINGS,EUR,1295.79,7/27/2022 21:54,ACTIVE
ACC0003391,CUST001412,SAVINGS,EUR,165.27,7/21/2022 2:49,ACTIVE
ACC0003392,CUST009698,SAVINGS,CAD,418.47,7/6/2022 16:32,ACTIVE
ACC0003393,CUST004577,CHECKING,AUD,1003.48,10/25/2025 13:21,ACTIVE
ACC0003394,CUST003823,BUSINESS,USD,1001.45,12/7/2021 18:10,CLOSED
ACC0003395,CUST008504,SAVINGS,EUR,11696.57,3/14/2024 15:03,CLOSED
ACC0003396,CUST009252,BUSINESS,EUR,207.85,10/27/2021 23:15,ACTIVE
ACC0003397,CUST005611,SAVINGS,GBP,2011.64,2/11/2024 13:14,ACTIVE
ACC0003398,CUST003749,BUSINESS,AED,6548.14,11/14/2025 19:17,ACTIVE
ACC0003399,CUST007866,BUSINESS,EUR,16743.07,4/12/2026 1:49,ACTIVE
ACC0003400,CUST003459,BUSINESS,JPY,675.01,8/23/2025 1:24,ACTIVE
ACC0003401,CUST005902,CHECKING,AUD,1977.75,8/10/2023 14:08,ACTIVE
ACC0003402,CUST000908,SAVINGS,EUR,2172.67,9/12/2025 12:53,SUSPENDED
ACC0003403,CUST009596,BUSINESS,EUR,1386.56,3/12/2024 4:59,ACTIVE
ACC0003404,CUST006304,BUSINESS,AED,973.98,12/28/2025 7:56,ACTIVE
ACC0003405,CUST005702,CHECKING,EUR,1850.42,1/25/2022 14:49,CLOSED
ACC0003406,CUST006323,BUSINESS,PKR,52.53,10/29/2024 7:27,ACTIVE
ACC0003407,CUST007826,BUSINESS,EUR,2486.13,10/21/2022 0:11,ACTIVE
ACC0003408,CUST003857,CHECKING,SGD,1275.91,8/27/2022 3:20,ACTIVE
ACC0003409,CUST003547,BUSINESS,GBP,839.69,8/2/2025 18:24,ACTIVE
ACC0003410,CUST007006,BUSINESS,EUR,12787.64,9/6/2021 2:22,ACTIVE
ACC0003411,CUST004474,BUSINESS,JPY,487.88,9/28/2022 9:42,ACTIVE
ACC0003412,CUST002495,CHECKING,EUR,676.08,1/16/2022 22:03,CLOSED
ACC0003413,CUST009178,SAVINGS,CAD,11966.47,11/24/2025 14:31,SUSPENDED
ACC0003414,CUST006163,SAVINGS,PKR,404.05,9/16/2023 5:38,CLOSED
ACC0003415,CUST003992,BUSINESS,EUR,566.72,6/16/2026 4:17,ACTIVE
ACC0003416,CUST007851,BUSINESS,JPY,919.26,10/4/2025 4:48,ACTIVE
ACC0003417,CUST009068,SAVINGS,INR,3007.55,2/15/2022 23:59,CLOSED
ACC0003418,CUST001516,SAVINGS,USD,1407.21,4/30/2022 14:35,CLOSED
ACC0003419,CUST001282,CHECKING,PKR,232.49,3/10/2025 16:18,ACTIVE
ACC0003420,CUST009446,CHECKING,SGD,579.06,8/2/2023 6:01,ACTIVE
ACC0003421,CUST007891,BUSINESS,JPY,529.1,9/16/2022 16:18,ACTIVE
ACC0003422,CUST007215,CHECKING,EUR,999.58,3/31/2025 12:05,ACTIVE
ACC0003423,CUST000097,SAVINGS,AED,1828.06,10/2/2022 9:26,ACTIVE
ACC0003424,CUST009163,BUSINESS,EUR,1811.38,7/28/2026 22:42,ACTIVE
ACC0003425,CUST007827,CHECKING,CAD,130.16,5/1/2024 18:32,ACTIVE
ACC0003426,CUST007578,BUSINESS,EUR,3931.31,1/9/2026 19:34,ACTIVE
ACC0003427,CUST001941,BUSINESS,CAD,1484.87,3/16/2022 15:11,ACTIVE
ACC0003428,CUST006367,CHECKING,CAD,5775.84,2/2/2022 8:53,ACTIVE
ACC0003429,CUST000402,SAVINGS,AUD,1868.77,6/28/2025 2:47,CLOSED
ACC0003430,CUST009625,BUSINESS,AUD,4111.68,9/20/2025 17:53,SUSPENDED
ACC0003431,CUST003080,SAVINGS,EUR,1919.57,8/8/2022 1:13,ACTIVE
ACC0003432,CUST006442,SAVINGS,AUD,5516.35,8/7/2026 3:07,ACTIVE
ACC0003433,CUST003419,BUSINESS,EUR,2052.27,1/5/2025 11:25,SUSPENDED
ACC0003434,CUST009765,SAVINGS,PKR,975.06,11/12/2025 18:31,ACTIVE
ACC0003435,CUST001666,SAVINGS,AUD,16762.87,5/5/2025 16:53,CLOSED
ACC0003436,CUST005369,SAVINGS,SGD,3187.03,10/26/2025 7:49,ACTIVE
ACC0003437,CUST000081,CHECKING,AUD,2183.08,10/30/2023 10:16,SUSPENDED
ACC0003438,CUST003889,SAVINGS,INR,237.09,3/19/2022 10:57,CLOSED
ACC0003439,CUST002168,SAVINGS,EUR,233.7,1/26/2025 16:56,CLOSED
ACC0003440,CUST001623,BUSINESS,SGD,1558.16,12/2/2024 19:10,SUSPENDED
ACC0003441,CUST006474,SAVINGS,EUR,1305.87,1/30/2022 7:15,CLOSED
ACC0003442,CUST009556,CHECKING,AUD,524.82,2/4/2025 3:05,ACTIVE
ACC0003443,CUST005279,CHECKING,EUR,1298.78,12/1/2023 9:45,SUSPENDED
ACC0003444,CUST000898,SAVINGS,EUR,7378.7,4/24/2026 12:31,ACTIVE
ACC0003445,CUST002845,SAVINGS,EUR,2526.23,7/11/2024 11:26,ACTIVE
ACC0003446,CUST000117,CHECKING,CAD,278.88,4/28/2026 11:31,CLOSED
ACC0003447,CUST001315,CHECKING,SGD,959.29,2/7/2026 2:56,CLOSED
ACC0003448,CUST000908,CHECKING,EUR,417.4,4/2/2026 4:55,ACTIVE
ACC0003449,CUST006949,CHECKING,AED,688.67,2/3/2024 1:09,ACTIVE
ACC0003450,CUST001154,BUSINESS,AED,667.58,4/20/2024 23:34,ACTIVE
ACC0003451,CUST003155,BUSINESS,AED,618.21,11/29/2023 5:36,ACTIVE
ACC0003452,CUST004135,BUSINESS,JPY,243.19,10/22/2022 12:58,SUSPENDED
ACC0003453,CUST008426,CHECKING,USD,940.88,2/2/2024 18:10,ACTIVE
ACC0003454,CUST001438,CHECKING,JPY,559.63,7/20/2024 15:56,ACTIVE
ACC0003455,CUST000769,BUSINESS,SGD,32.61,2/22/2022 9:47,CLOSED
ACC0003456,CUST009111,BUSINESS,INR,12881.74,12/20/2023 7:17,ACTIVE
ACC0003457,CUST003166,BUSINESS,EUR,4050.21,12/17/2025 22:15,ACTIVE
ACC0003458,CUST006152,BUSINESS,USD,698.15,12/30/2025 12:30,SUSPENDED
ACC0003459,CUST000840,BUSINESS,USD,1121.68,1/31/2025 18:17,CLOSED
ACC0003460,CUST009187,SAVINGS,EUR,268.81,2/16/2024 20:55,ACTIVE
ACC0003461,CUST002095,CHECKING,EUR,8390.6,8/29/2024 10:08,CLOSED
ACC0003462,CUST003573,CHECKING,JPY,10686.61,7/16/2023 15:41,ACTIVE
ACC0003463,CUST004321,BUSINESS,JPY,1323.5,12/2/2025 8:36,ACTIVE
ACC0003464,CUST008671,CHECKING,SGD,3745.22,3/31/2025 6:30,ACTIVE
ACC0003465,CUST007639,BUSINESS,GBP,1353.36,5/28/2026 6:01,ACTIVE
ACC0003466,CUST006762,SAVINGS,EUR,220.51,2/21/2024 12:35,ACTIVE
ACC0003467,CUST006865,CHECKING,EUR,669.02,5/3/2024 18:56,SUSPENDED
ACC0003468,CUST002270,CHECKING,INR,1284.74,7/22/2022 10:39,ACTIVE
ACC0003469,CUST008689,BUSINESS,JPY,635.58,2/11/2023 6:49,ACTIVE
ACC0003470,CUST002289,CHECKING,EUR,843.55,3/12/2025 15:43,ACTIVE
ACC0003471,CUST003496,CHECKING,EUR,982.72,6/15/2024 10:09,SUSPENDED
ACC0003472,CUST006515,SAVINGS,EUR,995.2,2/27/2023 23:23,ACTIVE
ACC0003473,CUST007876,SAVINGS,EUR,1167.61,11/5/2025 14:37,ACTIVE
ACC0003474,CUST003660,CHECKING,AED,307.13,3/8/2025 11:26,ACTIVE
ACC0003475,CUST003107,SAVINGS,GBP,463.86,3/27/2025 7:17,ACTIVE
ACC0003476,CUST001907,BUSINESS,AUD,234.74,6/6/2025 20:15,CLOSED
ACC0003477,CUST007150,BUSINESS,PKR,3545.3,9/2/2023 2:20,ACTIVE
ACC0003478,CUST006940,BUSINESS,EUR,87.64,7/28/2022 19:51,ACTIVE
ACC0003479,CUST005192,BUSINESS,EUR,4377.83,7/26/2024 8:17,SUSPENDED
ACC0003480,CUST009684,CHECKING,EUR,5788.45,10/14/2024 10:48,ACTIVE
ACC0003481,CUST007577,SAVINGS,EUR,763.1,2/10/2023 16:50,ACTIVE
ACC0003482,CUST000245,CHECKING,SGD,48.24,5/3/2024 6:45,ACTIVE
ACC0003483,CUST003692,BUSINESS,SGD,710.83,12/11/2023 22:18,CLOSED
ACC0003484,CUST001110,BUSINESS,EUR,1015.34,6/6/2022 18:20,SUSPENDED
ACC0003485,CUST003738,BUSINESS,GBP,326.13,8/12/2025 19:36,ACTIVE
ACC0003486,CUST005625,CHECKING,JPY,590.95,3/27/2026 7:45,SUSPENDED
ACC0003487,CUST002445,BUSINESS,EUR,6879.04,6/17/2023 15:44,ACTIVE
ACC0003488,CUST007442,CHECKING,AED,2435.51,3/15/2023 15:31,ACTIVE
ACC0003489,CUST006235,BUSINESS,USD,361.59,5/27/2022 19:24,ACTIVE
ACC0003490,CUST007555,BUSINESS,EUR,161.24,4/26/2022 19:24,ACTIVE
ACC0003491,CUST009913,BUSINESS,JPY,740.69,12/8/2022 13:50,SUSPENDED
ACC0003492,CUST005258,CHECKING,USD,848.82,11/17/2024 15:13,ACTIVE
ACC0003493,CUST005129,CHECKING,CAD,1989.1,3/26/2026 16:53,SUSPENDED
ACC0003494,CUST006791,SAVINGS,GBP,576.87,7/30/2022 22:38,ACTIVE
ACC0003495,CUST004937,BUSINESS,GBP,2025.96,5/8/2026 22:40,SUSPENDED
ACC0003496,CUST004562,CHECKING,AUD,11183.39,2/26/2025 14:37,CLOSED
ACC0003497,CUST007033,BUSINESS,USD,2917.85,1/19/2026 0:25,CLOSED
ACC0003498,CUST008883,SAVINGS,EUR,1035.14,10/18/2024 16:29,SUSPENDED
ACC0003499,CUST001851,CHECKING,CAD,880.26,11/7/2021 16:15,ACTIVE
ACC0003500,CUST005065,CHECKING,CAD,714.79,12/21/2024 20:07,ACTIVE
ACC0003501,CUST000760,SAVINGS,EUR,4522.27,6/23/2023 4:36,ACTIVE
ACC0003502,CUST000399,BUSINESS,PKR,516.58,3/9/2024 0:04,CLOSED
ACC0003503,CUST008516,CHECKING,EUR,1157.79,6/2/2024 18:22,ACTIVE
ACC0003504,CUST009207,SAVINGS,SGD,1166.12,2/18/2026 16:18,ACTIVE
ACC0003505,CUST001396,SAVINGS,EUR,600.56,7/19/2024 14:00,ACTIVE
ACC0003506,CUST005698,BUSINESS,EUR,211.25,3/12/2025 4:05,CLOSED
ACC0003507,CUST000915,BUSINESS,EUR,1615.77,10/30/2025 18:50,ACTIVE
ACC0003508,CUST002735,SAVINGS,JPY,1019.22,10/9/2025 18:59,SUSPENDED
ACC0003509,CUST007847,BUSINESS,JPY,1998.77,3/10/2022 9:32,ACTIVE
ACC0003510,CUST002814,SAVINGS,EUR,578.06,8/29/2021 11:46,SUSPENDED
ACC0003511,CUST001606,BUSINESS,AUD,4745.66,2/9/2024 3:45,ACTIVE
ACC0003512,CUST000260,BUSINESS,EUR,382.94,10/9/2024 12:58,CLOSED
ACC0003513,CUST004366,SAVINGS,EUR,8556.52,11/7/2024 9:55,ACTIVE
ACC0003514,CUST007668,CHECKING,EUR,134.67,12/11/2025 0:30,ACTIVE
ACC0003515,CUST006758,CHECKING,PKR,1847.75,5/14/2026 11:35,CLOSED
ACC0003516,CUST006502,SAVINGS,EUR,1940.14,3/18/2023 20:34,CLOSED
ACC0003517,CUST000369,CHECKING,GBP,422.14,5/5/2025 19:16,ACTIVE
ACC0003518,CUST003118,SAVINGS,INR,1824.89,8/29/2023 11:55,SUSPENDED
ACC0003519,CUST004866,CHECKING,AUD,5091.98,3/23/2024 0:43,SUSPENDED
ACC0003520,CUST000110,CHECKING,EUR,76.69,2/25/2023 1:54,SUSPENDED
ACC0003521,CUST005235,SAVINGS,EUR,2004.79,3/26/2024 15:57,CLOSED
ACC0003522,CUST009658,BUSINESS,PKR,55.04,3/16/2023 8:12,ACTIVE
ACC0003523,CUST007675,CHECKING,INR,344.19,5/27/2023 11:55,CLOSED
ACC0003524,CUST007461,BUSINESS,EUR,7746.53,9/15/2024 14:21,ACTIVE
ACC0003525,CUST009858,SAVINGS,EUR,545.59,3/22/2023 15:45,ACTIVE
ACC0003526,CUST009485,SAVINGS,AED,268.1,2/28/2026 17:03,ACTIVE
ACC0003527,CUST001106,BUSINESS,EUR,864.78,1/26/2026 20:08,CLOSED
ACC0003528,CUST002393,SAVINGS,GBP,13114.68,9/7/2025 18:26,CLOSED
ACC0003529,CUST007397,SAVINGS,USD,121.75,9/30/2021 10:08,CLOSED
ACC0003530,CUST001399,CHECKING,EUR,310.58,10/15/2021 13:39,ACTIVE
ACC0003531,CUST007856,BUSINESS,SGD,6613.83,6/21/2024 15:42,ACTIVE
ACC0003532,CUST006415,SAVINGS,USD,10190.82,10/21/2022 3:09,ACTIVE
ACC0003533,CUST003579,BUSINESS,GBP,968.63,8/14/2024 11:58,SUSPENDED
ACC0003534,CUST006975,CHECKING,GBP,247.93,5/7/2022 12:16,ACTIVE
ACC0003535,CUST006439,BUSINESS,USD,13561.8,6/8/2023 0:14,ACTIVE
ACC0003536,CUST007063,CHECKING,EUR,7430.37,1/1/2025 15:22,ACTIVE
ACC0003537,CUST002627,SAVINGS,EUR,2476.83,3/13/2023 21:29,SUSPENDED
ACC0003538,CUST004779,BUSINESS,JPY,413.69,9/12/2025 15:50,ACTIVE
ACC0003539,CUST003364,CHECKING,EUR,1033.97,2/23/2023 0:02,ACTIVE
ACC0003540,CUST000237,BUSINESS,INR,904.67,6/7/2024 22:59,ACTIVE
ACC0003541,CUST005923,SAVINGS,EUR,1631.12,3/12/2026 1:32,ACTIVE
ACC0003542,CUST000526,BUSINESS,EUR,6255.41,1/28/2025 12:03,SUSPENDED
ACC0003543,CUST002395,BUSINESS,PKR,3150.45,8/25/2022 6:18,ACTIVE
ACC0003544,CUST004141,BUSINESS,AED,301.01,12/16/2025 21:15,SUSPENDED
ACC0003545,CUST002283,BUSINESS,PKR,5720.41,3/19/2023 19:13,ACTIVE
ACC0003546,CUST003657,CHECKING,CAD,1596.8,6/27/2022 14:20,ACTIVE
ACC0003547,CUST000645,SAVINGS,EUR,2501.08,3/15/2022 22:09,CLOSED
ACC0003548,CUST008548,BUSINESS,EUR,6373.15,11/1/2023 23:10,ACTIVE
ACC0003549,CUST001364,CHECKING,SGD,288.91,9/26/2021 20:10,CLOSED
ACC0003550,CUST007232,CHECKING,GBP,1050.49,4/25/2026 22:26,CLOSED
ACC0003551,CUST006993,SAVINGS,EUR,579.55,12/22/2023 10:03,ACTIVE
ACC0003552,CUST008926,SAVINGS,PKR,167.1,11/30/2025 11:52,ACTIVE
ACC0003553,CUST003013,CHECKING,EUR,1662.46,8/16/2025 3:13,ACTIVE
ACC0003554,CUST002192,CHECKING,EUR,22334.05,11/7/2023 4:24,ACTIVE
ACC0003555,CUST007360,CHECKING,EUR,120.53,12/19/2022 21:40,SUSPENDED
ACC0003556,CUST004833,CHECKING,EUR,1054.97,2/28/2025 5:29,SUSPENDED
ACC0003557,CUST007700,SAVINGS,EUR,2365.28,8/13/2022 14:39,CLOSED
ACC0003558,CUST001137,SAVINGS,GBP,1271.17,8/7/2024 10:43,CLOSED
ACC0003559,CUST002625,SAVINGS,AUD,957.42,4/19/2024 13:19,SUSPENDED
ACC0003560,CUST007044,CHECKING,JPY,230.66,8/17/2025 10:49,CLOSED
ACC0003561,CUST006481,SAVINGS,PKR,1450.04,8/23/2022 8:43,ACTIVE
ACC0003562,CUST002573,BUSINESS,EUR,442.25,2/5/2023 21:45,CLOSED
ACC0003563,CUST005362,SAVINGS,CAD,79.21,3/26/2022 13:32,ACTIVE
ACC0003564,CUST001498,BUSINESS,PKR,4598.62,11/4/2024 1:53,CLOSED
ACC0003565,CUST000320,CHECKING,CAD,3463.6,9/19/2022 11:07,ACTIVE
ACC0003566,CUST001324,CHECKING,EUR,1166.77,8/31/2025 13:25,SUSPENDED
ACC0003567,CUST001882,BUSINESS,JPY,1443.59,10/30/2024 23:47,ACTIVE
ACC0003568,CUST008811,SAVINGS,EUR,3980.58,7/8/2025 8:53,CLOSED
ACC0003569,CUST002112,CHECKING,CAD,1435.41,4/12/2023 15:44,ACTIVE
ACC0003570,CUST002834,CHECKING,PKR,3244.84,9/13/2023 13:50,CLOSED
ACC0003571,CUST000781,CHECKING,EUR,767.41,3/20/2023 8:28,ACTIVE
ACC0003572,CUST006855,CHECKING,EUR,5294.27,12/6/2021 5:58,ACTIVE
ACC0003573,CUST002206,CHECKING,SGD,1611.54,11/9/2021 16:17,ACTIVE
ACC0003574,CUST005280,CHECKING,EUR,1384.18,3/22/2025 8:39,ACTIVE
ACC0003575,CUST008667,CHECKING,EUR,238.87,6/17/2022 3:16,ACTIVE
ACC0003576,CUST003120,BUSINESS,USD,1547.42,8/11/2022 9:59,ACTIVE
ACC0003577,CUST002333,BUSINESS,GBP,404.1,7/19/2023 19:18,ACTIVE
ACC0003578,CUST003236,SAVINGS,JPY,509.82,5/7/2025 3:13,ACTIVE
ACC0003579,CUST003354,BUSINESS,JPY,412.22,5/11/2026 18:16,ACTIVE
ACC0003580,CUST007123,BUSINESS,CAD,305.06,8/2/2024 13:55,ACTIVE
ACC0003581,CUST009180,CHECKING,INR,14040.84,12/21/2022 11:18,SUSPENDED
ACC0003582,CUST001833,SAVINGS,USD,5418.68,8/23/2025 10:38,CLOSED
ACC0003583,CUST006495,CHECKING,PKR,10986.7,1/23/2024 18:46,ACTIVE
ACC0003584,CUST006915,SAVINGS,EUR,252.78,3/29/2026 0:06,SUSPENDED
ACC0003585,CUST006317,BUSINESS,EUR,1194.53,9/24/2021 21:57,ACTIVE
ACC0003586,CUST005007,CHECKING,EUR,232.24,1/31/2023 20:28,ACTIVE
ACC0003587,CUST003381,CHECKING,SGD,475.88,4/20/2023 18:17,ACTIVE
ACC0003588,CUST006125,SAVINGS,AUD,364.4,8/13/2023 4:15,ACTIVE
ACC0003589,CUST001054,CHECKING,EUR,4853.72,9/12/2024 22:56,ACTIVE
ACC0003590,CUST001632,SAVINGS,EUR,681.66,1/4/2023 13:11,ACTIVE
ACC0003591,CUST004324,BUSINESS,GBP,3952.31,9/9/2023 17:57,ACTIVE
ACC0003592,CUST000071,CHECKING,AED,2264.13,5/12/2024 16:13,CLOSED
ACC0003593,CUST008956,SAVINGS,AED,17402.45,1/16/2026 10:46,ACTIVE
ACC0003594,CUST005428,BUSINESS,AED,185.8,10/23/2023 1:41,ACTIVE
ACC0003595,CUST001636,SAVINGS,USD,4969.53,10/29/2024 9:29,CLOSED
ACC0003596,CUST001557,SAVINGS,GBP,4340.43,5/2/2025 7:01,ACTIVE
ACC0003597,CUST004905,CHECKING,PKR,341.02,8/27/2023 9:14,SUSPENDED
ACC0003598,CUST006765,BUSINESS,GBP,3672.25,5/26/2026 16:54,ACTIVE
ACC0003599,CUST008450,CHECKING,EUR,1641.51,6/22/2023 23:05,SUSPENDED
ACC0003600,CUST002124,SAVINGS,EUR,834.66,1/14/2026 20:18,ACTIVE
ACC0003601,CUST001950,SAVINGS,PKR,408,4/8/2024 10:41,ACTIVE
ACC0003602,CUST005208,CHECKING,AED,462.7,12/23/2024 3:16,CLOSED
ACC0003603,CUST009992,SAVINGS,AED,12832.99,3/7/2022 3:23,SUSPENDED
ACC0003604,CUST009391,BUSINESS,EUR,1097.53,6/24/2025 18:28,ACTIVE
ACC0003605,CUST001618,BUSINESS,SGD,2803.31,2/7/2024 12:36,CLOSED
ACC0003606,CUST003198,CHECKING,EUR,424.5,8/11/2026 10:45,ACTIVE
ACC0003607,CUST002662,BUSINESS,SGD,430.17,4/2/2022 8:23,ACTIVE
ACC0003608,CUST006103,CHECKING,SGD,4017.37,12/28/2024 18:49,CLOSED
ACC0003609,CUST004007,BUSINESS,EUR,217.13,2/2/2026 22:44,ACTIVE
ACC0003610,CUST002182,BUSINESS,AED,666.3,9/14/2022 9:04,SUSPENDED
ACC0003611,CUST000787,SAVINGS,CAD,1142.34,5/5/2024 18:05,SUSPENDED
ACC0003612,CUST008983,CHECKING,EUR,1253.44,6/6/2024 2:04,ACTIVE
ACC0003613,CUST007292,BUSINESS,GBP,884.56,5/26/2024 0:02,ACTIVE
ACC0003614,CUST003851,SAVINGS,EUR,1763.37,5/9/2025 22:20,ACTIVE
ACC0003615,CUST000939,BUSINESS,SGD,2518.52,7/8/2022 3:25,CLOSED
ACC0003616,CUST005015,SAVINGS,EUR,2648.01,4/18/2023 16:22,ACTIVE
ACC0003617,CUST002857,SAVINGS,PKR,335.97,4/17/2025 16:12,CLOSED
ACC0003618,CUST003252,BUSINESS,SGD,779.78,2/1/2022 1:28,ACTIVE
ACC0003619,CUST000766,CHECKING,JPY,4599.56,4/17/2024 5:31,ACTIVE
ACC0003620,CUST001898,SAVINGS,EUR,3208.56,9/1/2025 9:15,ACTIVE
ACC0003621,CUST005319,SAVINGS,EUR,211.15,5/26/2024 1:08,SUSPENDED
ACC0003622,CUST007134,CHECKING,INR,1672,8/22/2022 5:56,ACTIVE
ACC0003623,CUST007297,BUSINESS,EUR,102.12,9/15/2021 11:52,SUSPENDED
ACC0003624,CUST009047,BUSINESS,EUR,1160.17,2/13/2024 9:07,ACTIVE
ACC0003625,CUST006585,CHECKING,SGD,10692.74,3/22/2023 5:53,ACTIVE
ACC0003626,CUST001351,SAVINGS,GBP,351.61,12/8/2023 11:02,ACTIVE
ACC0003627,CUST008709,BUSINESS,PKR,402.95,10/25/2022 10:55,ACTIVE
ACC0003628,CUST003899,CHECKING,EUR,2743.08,5/16/2024 23:40,ACTIVE
ACC0003629,CUST005878,BUSINESS,EUR,172.2,5/20/2026 9:26,SUSPENDED
ACC0003630,CUST000115,BUSINESS,SGD,513.21,11/10/2023 13:53,SUSPENDED
ACC0003631,CUST007716,CHECKING,AED,2243.36,12/29/2024 16:29,SUSPENDED
ACC0003632,CUST007075,CHECKING,CAD,512.27,10/31/2024 7:39,ACTIVE
ACC0003633,CUST002151,CHECKING,EUR,826.2,1/20/2026 11:22,SUSPENDED
ACC0003634,CUST003608,SAVINGS,AUD,2678.53,8/5/2026 1:34,CLOSED
ACC0003635,CUST005382,BUSINESS,EUR,1818.66,6/6/2023 8:43,ACTIVE
ACC0003636,CUST005972,BUSINESS,CAD,1510.48,5/9/2023 10:39,ACTIVE
ACC0003637,CUST000741,SAVINGS,USD,730.01,9/23/2023 7:22,CLOSED
ACC0003638,CUST005778,BUSINESS,EUR,1709.7,7/13/2024 3:28,ACTIVE
ACC0003639,CUST007258,SAVINGS,PKR,945.32,9/15/2025 0:42,ACTIVE
ACC0003640,CUST008126,BUSINESS,AUD,1899.54,6/8/2022 15:58,SUSPENDED
ACC0003641,CUST001447,CHECKING,AUD,604.06,6/16/2025 17:05,CLOSED
ACC0003642,CUST003087,SAVINGS,EUR,880.88,4/30/2025 23:17,SUSPENDED
ACC0003643,CUST008983,CHECKING,EUR,334.3,4/20/2026 21:13,ACTIVE
ACC0003644,CUST005005,SAVINGS,INR,1051.52,9/17/2024 9:34,ACTIVE
ACC0003645,CUST006745,CHECKING,EUR,414.39,4/14/2023 19:14,ACTIVE
ACC0003646,CUST004098,SAVINGS,EUR,288.05,12/20/2025 2:46,CLOSED
ACC0003647,CUST001706,CHECKING,AED,1495.77,12/15/2023 18:59,ACTIVE
ACC0003648,CUST000010,BUSINESS,GBP,1415.57,12/13/2023 5:47,SUSPENDED
ACC0003649,CUST005844,BUSINESS,AUD,2805.81,11/1/2021 18:10,SUSPENDED
ACC0003650,CUST007615,CHECKING,EUR,653.7,2/6/2026 4:59,ACTIVE
ACC0003651,CUST005712,BUSINESS,EUR,1789.45,12/12/2023 17:32,ACTIVE
ACC0003652,CUST002975,CHECKING,SGD,2123.79,6/30/2025 11:27,ACTIVE
ACC0003653,CUST003301,SAVINGS,EUR,1870.07,8/7/2025 23:53,CLOSED
ACC0003654,CUST008548,BUSINESS,EUR,407.16,11/27/2022 5:33,ACTIVE
ACC0003655,CUST000996,CHECKING,GBP,1311.91,8/21/2025 4:18,SUSPENDED
ACC0003656,CUST003208,SAVINGS,EUR,1697.6,7/2/2025 8:01,ACTIVE
ACC0003657,CUST007089,BUSINESS,CAD,1106.12,12/17/2022 6:53,CLOSED
ACC0003658,CUST001153,CHECKING,JPY,89.68,12/30/2025 11:23,CLOSED
ACC0003659,CUST008317,BUSINESS,AUD,1329.54,11/8/2021 22:04,SUSPENDED
ACC0003660,CUST008458,BUSINESS,EUR,15600.17,10/30/2022 21:14,SUSPENDED
ACC0003661,CUST003724,CHECKING,EUR,711.91,11/18/2025 4:48,CLOSED
ACC0003662,CUST008124,SAVINGS,CAD,457.74,7/15/2025 10:16,ACTIVE
ACC0003663,CUST001734,BUSINESS,USD,1716.46,4/10/2022 23:39,ACTIVE
ACC0003664,CUST004038,BUSINESS,INR,1595.36,3/5/2024 4:46,SUSPENDED
ACC0003665,CUST009901,BUSINESS,PKR,4588.38,8/26/2021 19:17,ACTIVE
ACC0003666,CUST009459,BUSINESS,JPY,242.39,11/9/2021 3:25,ACTIVE
ACC0003667,CUST007644,CHECKING,GBP,2637.68,1/27/2024 16:08,CLOSED
ACC0003668,CUST005380,BUSINESS,PKR,2227.21,11/8/2024 10:28,ACTIVE
ACC0003669,CUST000797,CHECKING,EUR,924.66,10/31/2023 14:09,ACTIVE
ACC0003670,CUST008534,BUSINESS,EUR,1646.53,2/4/2022 16:48,ACTIVE
ACC0003671,CUST008864,BUSINESS,CAD,3771.96,2/20/2026 1:04,CLOSED
ACC0003672,CUST005780,CHECKING,USD,3123.72,11/17/2025 7:06,SUSPENDED
ACC0003673,CUST005989,BUSINESS,AED,278.21,4/4/2026 22:24,CLOSED
ACC0003674,CUST009189,BUSINESS,EUR,2934.2,7/2/2022 14:15,SUSPENDED
ACC0003675,CUST006498,BUSINESS,AUD,1014.73,9/7/2025 8:55,CLOSED
ACC0003676,CUST001719,BUSINESS,GBP,1196.85,8/28/2023 12:32,ACTIVE
ACC0003677,CUST003848,BUSINESS,EUR,1197.31,4/28/2025 18:44,ACTIVE
ACC0003678,CUST006487,BUSINESS,EUR,915.72,8/1/2022 23:09,ACTIVE
ACC0003679,CUST000839,BUSINESS,EUR,4582.72,12/23/2025 17:35,SUSPENDED
ACC0003680,CUST000141,BUSINESS,PKR,991.82,2/11/2026 14:06,ACTIVE
ACC0003681,CUST007705,CHECKING,EUR,286.16,7/7/2024 18:28,ACTIVE
ACC0003682,CUST009624,SAVINGS,EUR,683.87,6/23/2025 15:11,SUSPENDED
ACC0003683,CUST009542,BUSINESS,USD,1358.9,7/27/2024 21:00,CLOSED
ACC0003684,CUST004870,SAVINGS,EUR,4793.7,11/30/2022 22:23,ACTIVE
ACC0003685,CUST007579,BUSINESS,AED,2261.34,12/14/2023 4:53,CLOSED
ACC0003686,CUST004140,SAVINGS,EUR,395.19,9/27/2024 19:30,ACTIVE
ACC0003687,CUST001808,CHECKING,AUD,21638.47,1/8/2023 16:31,ACTIVE
ACC0003688,CUST006603,BUSINESS,AUD,1506.78,8/15/2022 21:59,ACTIVE
ACC0003689,CUST006981,CHECKING,GBP,5066.82,12/20/2024 19:49,ACTIVE
ACC0003690,CUST005626,SAVINGS,EUR,914.1,2/20/2024 0:01,CLOSED
ACC0003691,CUST003806,SAVINGS,EUR,2079.81,1/19/2023 17:43,ACTIVE
ACC0003692,CUST005811,BUSINESS,EUR,3002.99,12/10/2021 19:29,ACTIVE
ACC0003693,CUST006407,CHECKING,EUR,4730.72,6/11/2022 6:19,CLOSED
ACC0003694,CUST004246,CHECKING,JPY,3900.43,8/4/2022 23:13,ACTIVE
ACC0003695,CUST009499,BUSINESS,EUR,3123.27,1/18/2026 17:05,SUSPENDED
ACC0003696,CUST003430,BUSINESS,EUR,751.37,1/29/2022 0:38,SUSPENDED
ACC0003697,CUST005397,BUSINESS,JPY,552.2,2/12/2026 7:31,CLOSED
ACC0003698,CUST009302,BUSINESS,PKR,1634.56,2/1/2023 2:06,ACTIVE
ACC0003699,CUST007571,BUSINESS,EUR,3360.19,6/3/2024 7:35,CLOSED
ACC0003700,CUST009377,SAVINGS,EUR,839.44,10/17/2023 9:17,ACTIVE
ACC0003701,CUST008295,SAVINGS,SGD,3937.13,6/6/2026 10:50,ACTIVE
ACC0003702,CUST008313,CHECKING,CAD,6267.55,5/11/2024 10:13,CLOSED
ACC0003703,CUST008141,SAVINGS,EUR,365.19,10/14/2022 14:03,ACTIVE
ACC0003704,CUST009047,CHECKING,EUR,401.7,5/12/2022 20:04,ACTIVE
ACC0003705,CUST007815,BUSINESS,EUR,926.63,5/6/2022 9:21,ACTIVE
ACC0003706,CUST003574,SAVINGS,AUD,1586.26,10/25/2022 14:17,CLOSED
ACC0003707,CUST000639,SAVINGS,CAD,584.36,8/9/2022 23:55,CLOSED
ACC0003708,CUST003450,CHECKING,USD,5556.05,10/1/2024 11:34,ACTIVE
ACC0003709,CUST001604,BUSINESS,USD,1824.17,7/21/2026 17:27,ACTIVE
ACC0003710,CUST007630,SAVINGS,CAD,1149.79,4/18/2024 5:24,ACTIVE
ACC0003711,CUST003168,SAVINGS,PKR,195.76,3/30/2025 13:00,CLOSED
ACC0003712,CUST000419,BUSINESS,EUR,226.11,9/29/2023 0:40,CLOSED
ACC0003713,CUST000043,SAVINGS,CAD,1536.42,4/2/2023 8:56,SUSPENDED
ACC0003714,CUST008759,CHECKING,USD,84.85,10/2/2023 17:30,ACTIVE
ACC0003715,CUST009567,CHECKING,AED,3696.59,6/6/2026 16:18,ACTIVE
ACC0003716,CUST003126,CHECKING,EUR,907.07,7/24/2022 19:15,CLOSED
ACC0003717,CUST008210,SAVINGS,AED,53729.18,9/3/2025 1:42,ACTIVE
ACC0003718,CUST000224,CHECKING,INR,17492.01,6/29/2026 7:02,ACTIVE
ACC0003719,CUST006698,BUSINESS,EUR,882.06,3/15/2026 4:39,SUSPENDED
ACC0003720,CUST009897,SAVINGS,CAD,965.26,10/18/2023 14:18,ACTIVE
ACC0003721,CUST009083,SAVINGS,EUR,3621.7,11/26/2022 18:15,CLOSED
ACC0003722,CUST000709,BUSINESS,EUR,8465.95,5/16/2025 16:39,ACTIVE
ACC0003723,CUST003674,CHECKING,AUD,153.6,3/22/2025 17:57,ACTIVE
ACC0003724,CUST006433,SAVINGS,EUR,128.55,1/12/2022 8:46,ACTIVE
ACC0003725,CUST002599,SAVINGS,AED,519.86,7/6/2022 2:05,ACTIVE
ACC0003726,CUST005138,BUSINESS,EUR,2206.77,8/15/2025 5:07,CLOSED
ACC0003727,CUST005424,CHECKING,AUD,1990.71,8/15/2025 22:48,ACTIVE
ACC0003728,CUST007381,CHECKING,CAD,3958.92,11/14/2021 5:37,ACTIVE
ACC0003729,CUST009736,BUSINESS,USD,259.92,11/3/2024 21:11,ACTIVE
ACC0003730,CUST003087,CHECKING,EUR,68.08,2/2/2022 12:49,ACTIVE
ACC0003731,CUST004026,SAVINGS,EUR,3070.57,6/14/2024 18:04,ACTIVE
ACC0003732,CUST007984,CHECKING,USD,405.92,8/6/2023 21:43,ACTIVE
ACC0003733,CUST006945,BUSINESS,CAD,97.3,4/28/2023 6:45,ACTIVE
ACC0003734,CUST000547,BUSINESS,INR,1305.15,8/16/2025 20:31,ACTIVE
ACC0003735,CUST005849,SAVINGS,JPY,2840.71,3/4/2022 9:55,ACTIVE
ACC0003736,CUST005648,BUSINESS,INR,947.22,9/13/2022 6:42,ACTIVE
ACC0003737,CUST000687,CHECKING,AED,633.07,8/29/2023 8:34,ACTIVE
ACC0003738,CUST000671,SAVINGS,CAD,905.75,11/15/2024 11:35,ACTIVE
ACC0003739,CUST007705,SAVINGS,EUR,702.96,8/1/2023 17:06,ACTIVE
ACC0003740,CUST003188,SAVINGS,AUD,217.53,2/4/2026 19:31,ACTIVE
ACC0003741,CUST004350,SAVINGS,USD,465.16,2/8/2025 13:11,SUSPENDED
ACC0003742,CUST004491,SAVINGS,PKR,2049.88,7/14/2024 7:45,ACTIVE
ACC0003743,CUST001822,CHECKING,EUR,1613.26,3/8/2022 14:53,ACTIVE
ACC0003744,CUST009028,BUSINESS,EUR,1341.67,11/10/2023 5:42,ACTIVE
ACC0003745,CUST009783,CHECKING,CAD,332.23,6/29/2023 7:08,CLOSED
ACC0003746,CUST002417,SAVINGS,EUR,882,2/13/2025 0:16,CLOSED
ACC0003747,CUST000234,SAVINGS,CAD,80.44,10/13/2023 16:22,ACTIVE
ACC0003748,CUST000487,SAVINGS,EUR,1358.55,4/21/2025 15:15,CLOSED
ACC0003749,CUST006640,CHECKING,EUR,6091.38,3/19/2023 15:40,ACTIVE
ACC0003750,CUST002767,CHECKING,JPY,186.99,6/26/2026 11:35,SUSPENDED
ACC0003751,CUST003881,BUSINESS,EUR,542.88,11/21/2024 7:05,CLOSED
ACC0003752,CUST000433,SAVINGS,EUR,1627.71,7/7/2026 9:10,ACTIVE
ACC0003753,CUST004851,SAVINGS,AED,4931.56,2/14/2022 3:17,ACTIVE
ACC0003754,CUST009134,BUSINESS,EUR,640.42,7/31/2024 20:08,ACTIVE
ACC0003755,CUST004069,BUSINESS,EUR,477.85,4/20/2024 23:18,ACTIVE
ACC0003756,CUST004206,SAVINGS,CAD,103.26,7/18/2024 17:31,ACTIVE
ACC0003757,CUST005306,SAVINGS,EUR,1241.56,3/8/2023 4:44,SUSPENDED
ACC0003758,CUST005456,CHECKING,AED,12714.41,4/14/2022 8:35,ACTIVE
ACC0003759,CUST006683,CHECKING,USD,1529.7,12/28/2021 14:22,CLOSED
ACC0003760,CUST005454,SAVINGS,SGD,1067.7,8/9/2026 21:32,ACTIVE
ACC0003761,CUST008188,SAVINGS,EUR,1614.05,1/24/2023 7:05,ACTIVE
ACC0003762,CUST008830,BUSINESS,JPY,1082.13,1/5/2025 10:12,CLOSED
ACC0003763,CUST005106,CHECKING,JPY,413.39,9/6/2025 18:07,ACTIVE
ACC0003764,CUST002243,SAVINGS,INR,2945.21,9/15/2022 15:44,ACTIVE
ACC0003765,CUST003141,BUSINESS,AED,1437.86,3/28/2023 14:02,CLOSED
ACC0003766,CUST009841,CHECKING,USD,1120.06,5/12/2024 16:04,ACTIVE
ACC0003767,CUST006735,CHECKING,GBP,340.21,3/21/2026 0:50,ACTIVE
ACC0003768,CUST008513,CHECKING,INR,5240.7,12/27/2023 3:37,CLOSED
ACC0003769,CUST004001,SAVINGS,SGD,2434.86,9/29/2021 13:00,SUSPENDED
ACC0003770,CUST006178,BUSINESS,AUD,564.81,2/28/2024 8:56,CLOSED
ACC0003771,CUST002329,SAVINGS,EUR,3648.93,11/8/2025 4:04,SUSPENDED
ACC0003772,CUST000285,CHECKING,USD,603.6,3/6/2025 0:28,CLOSED
ACC0003773,CUST003011,CHECKING,AED,429.06,2/22/2022 12:19,ACTIVE
ACC0003774,CUST009245,SAVINGS,INR,440.7,12/18/2025 15:47,ACTIVE
ACC0003775,CUST005525,BUSINESS,GBP,130.94,10/3/2023 6:21,ACTIVE
ACC0003776,CUST006561,CHECKING,SGD,1931.11,11/17/2021 10:35,ACTIVE
ACC0003777,CUST009921,CHECKING,EUR,121.83,5/16/2025 14:31,ACTIVE
ACC0003778,CUST007574,CHECKING,EUR,251.1,10/1/2023 14:53,CLOSED
ACC0003779,CUST001100,SAVINGS,AED,90.86,6/15/2024 4:19,CLOSED
ACC0003780,CUST001767,CHECKING,EUR,989.02,1/9/2024 17:09,ACTIVE
ACC0003781,CUST000915,CHECKING,EUR,915.63,3/23/2025 7:06,SUSPENDED
ACC0003782,CUST003421,SAVINGS,AED,740.97,1/21/2022 7:30,ACTIVE
ACC0003783,CUST000544,SAVINGS,EUR,313.85,10/12/2021 6:38,ACTIVE
ACC0003784,CUST009817,SAVINGS,USD,268.63,10/19/2025 0:56,ACTIVE
ACC0003785,CUST001877,SAVINGS,AED,1914.56,8/5/2026 8:35,ACTIVE
ACC0003786,CUST001211,BUSINESS,INR,566.42,7/25/2025 3:56,CLOSED
ACC0003787,CUST003173,BUSINESS,EUR,1603,10/24/2023 9:30,ACTIVE
ACC0003788,CUST003789,BUSINESS,JPY,379.06,2/26/2022 0:27,CLOSED
ACC0003789,CUST001189,BUSINESS,EUR,1362.77,8/28/2025 9:57,SUSPENDED
ACC0003790,CUST002582,BUSINESS,EUR,5239.25,5/14/2025 8:26,ACTIVE
ACC0003791,CUST009985,CHECKING,CAD,2215.87,1/14/2026 21:02,ACTIVE
ACC0003792,CUST000041,SAVINGS,EUR,668.54,8/18/2024 9:20,ACTIVE
ACC0003793,CUST000408,SAVINGS,AUD,1493.14,11/24/2024 7:09,ACTIVE
ACC0003794,CUST002616,CHECKING,AED,821.56,12/11/2023 15:08,ACTIVE
ACC0003795,CUST000691,CHECKING,PKR,1107.05,11/5/2023 21:48,SUSPENDED
ACC0003796,CUST002064,CHECKING,AED,741.94,12/10/2022 15:39,SUSPENDED
ACC0003797,CUST003821,BUSINESS,EUR,900.36,4/24/2024 3:50,ACTIVE
ACC0003798,CUST007283,BUSINESS,EUR,1414.47,7/16/2024 4:58,ACTIVE
ACC0003799,CUST002980,SAVINGS,AED,332.94,7/21/2026 20:03,ACTIVE
ACC0003800,CUST005171,SAVINGS,AED,324.07,8/12/2023 14:57,SUSPENDED
ACC0003801,CUST009170,SAVINGS,CAD,207.21,10/1/2023 10:31,ACTIVE
ACC0003802,CUST008872,BUSINESS,EUR,160.72,10/21/2023 16:24,ACTIVE
ACC0003803,CUST002729,BUSINESS,SGD,254.49,3/6/2026 15:01,ACTIVE
ACC0003804,CUST001019,SAVINGS,EUR,1327.9,12/7/2025 20:53,ACTIVE
ACC0003805,CUST002470,CHECKING,EUR,375.65,11/21/2024 8:42,CLOSED
ACC0003806,CUST008496,BUSINESS,EUR,2031.11,6/24/2026 13:20,CLOSED
ACC0003807,CUST000423,CHECKING,GBP,1143.28,5/13/2024 3:49,ACTIVE
ACC0003808,CUST006905,BUSINESS,USD,103.32,4/9/2024 9:03,SUSPENDED
ACC0003809,CUST000869,SAVINGS,EUR,2406.6,2/8/2025 12:59,ACTIVE
ACC0003810,CUST006816,BUSINESS,PKR,2901.43,4/19/2026 11:56,ACTIVE
ACC0003811,CUST005992,BUSINESS,EUR,332.74,2/28/2022 21:48,SUSPENDED
ACC0003812,CUST005310,CHECKING,EUR,1815.71,9/10/2021 1:02,CLOSED
ACC0003813,CUST004436,SAVINGS,EUR,392.37,9/19/2022 4:33,ACTIVE
ACC0003814,CUST000216,BUSINESS,EUR,1233,2/26/2023 17:32,ACTIVE
ACC0003815,CUST000319,BUSINESS,EUR,240.47,10/10/2021 10:18,ACTIVE
ACC0003816,CUST004347,SAVINGS,PKR,127.52,6/2/2025 15:21,ACTIVE
ACC0003817,CUST004212,SAVINGS,EUR,692.72,3/28/2025 8:19,ACTIVE
ACC0003818,CUST005928,SAVINGS,EUR,945.32,12/26/2023 3:52,ACTIVE
ACC0003819,CUST007423,BUSINESS,AED,680.47,12/19/2024 13:41,ACTIVE
ACC0003820,CUST004106,SAVINGS,USD,264.85,9/26/2024 12:57,ACTIVE
ACC0003821,CUST008970,BUSINESS,EUR,678.66,5/13/2023 1:42,ACTIVE
ACC0003822,CUST000231,SAVINGS,GBP,1514.97,3/27/2022 9:42,ACTIVE
ACC0003823,CUST009929,SAVINGS,GBP,1039.12,11/18/2025 17:05,ACTIVE
ACC0003824,CUST005212,SAVINGS,EUR,1365.12,10/29/2024 21:11,ACTIVE
ACC0003825,CUST007507,CHECKING,SGD,490.71,7/10/2024 16:54,ACTIVE
ACC0003826,CUST001416,CHECKING,JPY,4474.1,6/17/2026 13:16,SUSPENDED
ACC0003827,CUST008421,BUSINESS,INR,267.36,3/19/2025 0:09,SUSPENDED
ACC0003828,CUST007435,CHECKING,USD,1968.59,10/12/2022 22:04,SUSPENDED
ACC0003829,CUST005019,CHECKING,USD,4529.06,9/4/2025 19:36,ACTIVE
ACC0003830,CUST008560,CHECKING,SGD,1952.94,11/24/2023 5:27,SUSPENDED
ACC0003831,CUST002234,BUSINESS,EUR,860.03,9/26/2022 2:52,ACTIVE
ACC0003832,CUST006571,BUSINESS,EUR,581.75,6/27/2023 22:52,CLOSED
ACC0003833,CUST001167,BUSINESS,PKR,3802.09,8/15/2023 11:14,CLOSED
ACC0003834,CUST006188,SAVINGS,EUR,198.83,3/16/2024 4:53,ACTIVE
ACC0003835,CUST007169,CHECKING,AUD,342.36,9/8/2022 22:57,ACTIVE
ACC0003836,CUST005597,CHECKING,AED,680.57,12/13/2022 8:01,ACTIVE
ACC0003837,CUST001222,BUSINESS,EUR,4842.49,4/16/2026 23:37,SUSPENDED
ACC0003838,CUST006951,CHECKING,EUR,1729.73,9/11/2023 19:47,ACTIVE
ACC0003839,CUST006344,BUSINESS,JPY,343.21,2/4/2024 20:03,CLOSED
ACC0003840,CUST006518,BUSINESS,SGD,755.69,9/4/2023 16:59,SUSPENDED
ACC0003841,CUST000174,CHECKING,EUR,524.69,8/26/2025 15:22,ACTIVE
ACC0003842,CUST006577,SAVINGS,EUR,467.9,11/6/2021 6:43,ACTIVE
ACC0003843,CUST007733,BUSINESS,EUR,3549.87,9/13/2023 17:36,ACTIVE
ACC0003844,CUST001051,CHECKING,USD,211.43,7/28/2025 14:19,ACTIVE
ACC0003845,CUST009546,BUSINESS,EUR,7559.32,7/18/2024 18:39,ACTIVE
ACC0003846,CUST002019,CHECKING,EUR,2962.76,3/29/2023 6:23,ACTIVE
ACC0003847,CUST002188,BUSINESS,USD,4060.39,12/26/2024 18:21,CLOSED
ACC0003848,CUST005915,CHECKING,CAD,629.21,3/12/2025 11:06,ACTIVE
ACC0003849,CUST004425,CHECKING,JPY,916.05,1/4/2026 6:12,ACTIVE
ACC0003850,CUST000296,CHECKING,CAD,196.41,10/31/2024 18:42,SUSPENDED
ACC0003851,CUST009895,CHECKING,USD,584.29,9/17/2025 4:31,SUSPENDED
ACC0003852,CUST009116,BUSINESS,EUR,1983.04,9/5/2024 10:45,ACTIVE
ACC0003853,CUST009113,CHECKING,SGD,5194.08,8/4/2023 4:04,SUSPENDED
ACC0003854,CUST007209,CHECKING,AED,290.44,3/14/2022 21:48,CLOSED
ACC0003855,CUST001942,SAVINGS,USD,707.26,11/26/2024 16:27,ACTIVE
ACC0003856,CUST008429,BUSINESS,CAD,914.56,7/13/2022 16:57,CLOSED
ACC0003857,CUST006560,SAVINGS,USD,205.42,4/4/2023 1:22,ACTIVE
ACC0003858,CUST006014,CHECKING,INR,2229.69,11/20/2023 5:34,ACTIVE
ACC0003859,CUST007857,SAVINGS,EUR,459.99,11/17/2024 10:41,CLOSED
ACC0003860,CUST001696,BUSINESS,EUR,867.43,5/2/2026 20:30,ACTIVE
ACC0003861,CUST007722,SAVINGS,SGD,637.57,8/12/2023 2:34,ACTIVE
ACC0003862,CUST004670,CHECKING,AED,425.3,8/25/2023 23:39,ACTIVE
ACC0003863,CUST006958,BUSINESS,CAD,1087.4,9/25/2022 17:50,SUSPENDED
ACC0003864,CUST006112,BUSINESS,EUR,846.63,10/8/2025 4:40,ACTIVE
ACC0003865,CUST009783,SAVINGS,CAD,701.89,12/23/2024 9:30,ACTIVE
ACC0003866,CUST002485,BUSINESS,EUR,457.53,1/9/2025 2:19,ACTIVE
ACC0003867,CUST006755,CHECKING,EUR,1609.1,5/26/2022 10:22,CLOSED
ACC0003868,CUST000880,SAVINGS,EUR,7977.18,11/6/2024 14:28,ACTIVE
ACC0003869,CUST001501,CHECKING,JPY,1297.07,7/2/2023 21:36,SUSPENDED
ACC0003870,CUST000009,CHECKING,EUR,3624.03,12/1/2025 20:11,CLOSED
ACC0003871,CUST007684,CHECKING,EUR,206.8,1/15/2024 16:55,ACTIVE
ACC0003872,CUST008133,BUSINESS,INR,1325.19,2/6/2026 21:22,CLOSED
ACC0003873,CUST005933,CHECKING,EUR,293.88,7/14/2022 20:18,CLOSED
ACC0003874,CUST002894,CHECKING,EUR,186.36,9/3/2022 16:07,ACTIVE
ACC0003875,CUST000788,CHECKING,EUR,451.58,7/20/2025 2:23,ACTIVE
ACC0003876,CUST004736,BUSINESS,INR,4583.78,12/9/2022 15:20,ACTIVE
ACC0003877,CUST002679,BUSINESS,EUR,3428.98,11/30/2022 16:06,CLOSED
ACC0003878,CUST003763,BUSINESS,USD,1467.93,7/11/2024 0:25,CLOSED
ACC0003879,CUST002878,CHECKING,INR,174.3,8/25/2022 8:10,ACTIVE
ACC0003880,CUST000196,BUSINESS,GBP,866.5,2/18/2023 11:41,ACTIVE
ACC0003881,CUST007712,SAVINGS,EUR,1575.05,5/31/2024 3:20,SUSPENDED
ACC0003882,CUST009881,SAVINGS,AED,1353.76,9/27/2025 14:47,ACTIVE
ACC0003883,CUST007549,BUSINESS,GBP,119.99,3/29/2024 19:11,CLOSED
ACC0003884,CUST005469,BUSINESS,EUR,376.76,1/21/2026 17:12,ACTIVE
ACC0003885,CUST009817,SAVINGS,USD,1015.47,8/27/2022 20:30,ACTIVE
ACC0003886,CUST009749,BUSINESS,AUD,2087.14,8/14/2024 18:13,ACTIVE
ACC0003887,CUST005067,SAVINGS,EUR,78.62,6/5/2023 6:06,ACTIVE
ACC0003888,CUST005678,CHECKING,AED,902.76,3/6/2023 10:33,ACTIVE
ACC0003889,CUST004226,BUSINESS,CAD,1302,4/7/2024 7:32,CLOSED
ACC0003890,CUST002716,CHECKING,USD,3039.76,5/1/2025 15:06,ACTIVE
ACC0003891,CUST001367,SAVINGS,EUR,2518.53,2/2/2022 13:55,ACTIVE
ACC0003892,CUST001852,SAVINGS,USD,2206.33,11/8/2024 16:17,CLOSED
ACC0003893,CUST003461,SAVINGS,AED,419.92,7/31/2023 8:47,ACTIVE
ACC0003894,CUST000645,BUSINESS,EUR,111.1,1/7/2026 10:56,ACTIVE
ACC0003895,CUST001523,CHECKING,EUR,684.26,7/26/2022 7:58,ACTIVE
ACC0003896,CUST007514,BUSINESS,AED,3648.09,2/9/2026 15:12,ACTIVE
ACC0003897,CUST007277,SAVINGS,SGD,5838.01,9/11/2021 22:41,ACTIVE
ACC0003898,CUST009396,BUSINESS,USD,2572.57,2/16/2026 9:29,SUSPENDED
ACC0003899,CUST007329,SAVINGS,USD,1835.75,6/18/2024 8:05,SUSPENDED
ACC0003900,CUST001888,BUSINESS,EUR,1729.47,8/19/2024 18:35,CLOSED
ACC0003901,CUST006173,CHECKING,EUR,562.65,12/17/2023 18:12,SUSPENDED
ACC0003902,CUST005247,SAVINGS,JPY,938.17,2/10/2023 14:44,ACTIVE
ACC0003903,CUST001449,SAVINGS,CAD,8126.48,12/12/2021 13:49,ACTIVE
ACC0003904,CUST009810,BUSINESS,GBP,353.87,12/23/2024 22:31,ACTIVE
ACC0003905,CUST005951,BUSINESS,USD,7613.93,9/1/2021 14:52,ACTIVE
ACC0003906,CUST006406,BUSINESS,EUR,745.14,10/10/2023 18:13,SUSPENDED
ACC0003907,CUST001292,SAVINGS,SGD,5380.4,1/3/2025 3:17,ACTIVE
ACC0003908,CUST009638,BUSINESS,USD,202.72,2/6/2022 18:14,ACTIVE
ACC0003909,CUST008447,CHECKING,SGD,2215.17,2/12/2022 17:57,ACTIVE
ACC0003910,CUST005529,BUSINESS,JPY,452.99,10/12/2025 1:46,ACTIVE
ACC0003911,CUST002801,SAVINGS,AUD,200.67,4/23/2026 3:44,CLOSED
ACC0003912,CUST000740,BUSINESS,SGD,1425.45,7/9/2026 20:23,ACTIVE
ACC0003913,CUST007278,SAVINGS,INR,3682.57,11/5/2023 2:58,ACTIVE
ACC0003914,CUST005419,CHECKING,CAD,397.85,7/22/2026 3:19,SUSPENDED
ACC0003915,CUST009463,BUSINESS,PKR,181.49,6/23/2023 4:32,ACTIVE
ACC0003916,CUST003426,CHECKING,AUD,982.19,7/12/2024 15:58,ACTIVE
ACC0003917,CUST006126,CHECKING,GBP,987.4,9/14/2021 20:42,ACTIVE
ACC0003918,CUST002382,SAVINGS,GBP,2117.48,1/23/2025 4:10,CLOSED
ACC0003919,CUST009686,CHECKING,EUR,3427.25,6/25/2022 23:01,ACTIVE
ACC0003920,CUST001910,CHECKING,EUR,1021.17,10/16/2025 21:21,CLOSED
ACC0003921,CUST000930,BUSINESS,PKR,10163.97,7/3/2025 7:36,SUSPENDED
ACC0003922,CUST006094,BUSINESS,PKR,1435.23,3/10/2023 9:59,ACTIVE
ACC0003923,CUST008753,SAVINGS,EUR,723.64,5/24/2023 0:50,ACTIVE
ACC0003924,CUST006952,BUSINESS,AED,158.56,12/29/2025 17:42,SUSPENDED
ACC0003925,CUST009076,BUSINESS,JPY,800.16,10/15/2022 6:40,CLOSED
ACC0003926,CUST005268,BUSINESS,INR,732.41,12/1/2021 22:14,ACTIVE
ACC0003927,CUST002719,CHECKING,EUR,3471.58,7/12/2025 3:14,ACTIVE
ACC0003928,CUST005849,BUSINESS,JPY,1910.23,8/21/2024 8:16,ACTIVE
ACC0003929,CUST001930,BUSINESS,CAD,266.34,4/7/2022 7:51,CLOSED
ACC0003930,CUST003435,CHECKING,EUR,1348.44,8/11/2022 23:12,CLOSED
ACC0003931,CUST007438,BUSINESS,SGD,2454.89,9/9/2023 5:39,CLOSED
ACC0003932,CUST003254,BUSINESS,AUD,6861.2,3/14/2024 8:49,ACTIVE
ACC0003933,CUST008715,CHECKING,EUR,3181.17,5/29/2026 18:02,ACTIVE
ACC0003934,CUST002560,CHECKING,CAD,2732.62,4/23/2025 19:51,CLOSED
ACC0003935,CUST006859,SAVINGS,INR,1178.62,7/15/2024 5:33,ACTIVE
ACC0003936,CUST005672,BUSINESS,INR,1747.56,6/25/2025 23:12,ACTIVE
ACC0003937,CUST002200,CHECKING,EUR,4911.85,3/18/2025 15:51,ACTIVE
ACC0003938,CUST005438,SAVINGS,INR,221.55,5/21/2026 17:05,SUSPENDED
ACC0003939,CUST002687,BUSINESS,EUR,721.02,8/9/2022 18:37,SUSPENDED
ACC0003940,CUST007935,BUSINESS,EUR,433.94,10/1/2021 17:20,ACTIVE
ACC0003941,CUST009991,CHECKING,EUR,1728.46,9/21/2023 8:08,ACTIVE
ACC0003942,CUST004619,SAVINGS,GBP,4799.5,3/27/2023 13:08,CLOSED
ACC0003943,CUST004185,BUSINESS,JPY,535.73,3/1/2022 18:25,CLOSED
ACC0003944,CUST008845,SAVINGS,EUR,62.28,10/26/2022 6:07,ACTIVE
ACC0003945,CUST004998,SAVINGS,EUR,668.7,1/14/2023 13:39,ACTIVE
ACC0003946,CUST004829,CHECKING,INR,3281.87,11/8/2023 9:18,SUSPENDED
ACC0003947,CUST004062,SAVINGS,AED,2090.49,9/3/2021 19:14,ACTIVE
ACC0003948,CUST007894,BUSINESS,EUR,1833.21,6/29/2022 6:05,SUSPENDED
ACC0003949,CUST004130,BUSINESS,EUR,783.69,10/15/2025 21:08,ACTIVE
ACC0003950,CUST002954,CHECKING,JPY,236.31,7/17/2023 7:16,ACTIVE
ACC0003951,CUST007042,CHECKING,EUR,2035.21,1/5/2023 1:26,ACTIVE
ACC0003952,CUST003001,SAVINGS,CAD,402.97,5/28/2026 17:56,ACTIVE
ACC0003953,CUST008771,CHECKING,PKR,15076.86,5/9/2022 23:36,ACTIVE
ACC0003954,CUST005639,CHECKING,PKR,2174.62,5/13/2024 2:56,SUSPENDED
ACC0003955,CUST002965,SAVINGS,AUD,546.33,5/22/2024 8:11,ACTIVE
ACC0003956,CUST007011,BUSINESS,JPY,526.55,4/9/2024 6:16,SUSPENDED
ACC0003957,CUST008495,BUSINESS,EUR,980.9,6/5/2023 22:14,SUSPENDED
ACC0003958,CUST007455,BUSINESS,AED,822.71,3/13/2022 21:45,SUSPENDED
ACC0003959,CUST008598,SAVINGS,GBP,4188.93,11/11/2022 16:27,ACTIVE
ACC0003960,CUST005418,SAVINGS,EUR,1371.55,11/10/2023 23:27,ACTIVE
ACC0003961,CUST005397,BUSINESS,JPY,455.79,2/13/2025 10:15,ACTIVE
ACC0003962,CUST007405,SAVINGS,JPY,10599.15,10/21/2025 5:40,ACTIVE
ACC0003963,CUST003861,SAVINGS,EUR,1163.48,10/11/2023 21:03,ACTIVE
ACC0003964,CUST001894,BUSINESS,JPY,2758.96,9/23/2021 19:13,ACTIVE
ACC0003965,CUST009524,BUSINESS,INR,528.55,9/7/2021 17:09,ACTIVE
ACC0003966,CUST006815,CHECKING,AUD,1695.51,2/8/2024 3:14,CLOSED
ACC0003967,CUST005379,BUSINESS,EUR,1592.93,9/14/2021 11:09,ACTIVE
ACC0003968,CUST002982,BUSINESS,GBP,113.57,3/16/2024 18:49,ACTIVE
ACC0003969,CUST005454,BUSINESS,SGD,12312.01,9/22/2023 19:26,ACTIVE
ACC0003970,CUST009527,CHECKING,CAD,5160.42,6/19/2025 0:49,ACTIVE
ACC0003971,CUST006175,CHECKING,EUR,680.87,4/26/2026 9:51,SUSPENDED
ACC0003972,CUST009877,CHECKING,GBP,292.15,7/5/2022 3:29,ACTIVE
ACC0003973,CUST002510,SAVINGS,EUR,1664.16,1/26/2024 23:14,SUSPENDED
ACC0003974,CUST004692,SAVINGS,EUR,1216.87,3/31/2022 3:41,ACTIVE
ACC0003975,CUST009897,CHECKING,CAD,1680.43,8/23/2022 17:25,ACTIVE
ACC0003976,CUST005726,SAVINGS,JPY,1380.07,8/13/2026 9:21,ACTIVE
ACC0003977,CUST001146,SAVINGS,EUR,2013.22,10/31/2024 16:45,ACTIVE
ACC0003978,CUST009084,SAVINGS,JPY,6227.73,2/23/2026 6:40,ACTIVE
ACC0003979,CUST002168,BUSINESS,EUR,2168.35,8/15/2025 15:02,ACTIVE
ACC0003980,CUST001018,SAVINGS,AED,311.19,7/23/2023 1:14,ACTIVE
ACC0003981,CUST006864,SAVINGS,EUR,5625.56,3/20/2025 9:51,SUSPENDED
ACC0003982,CUST004135,BUSINESS,JPY,7853.68,1/28/2022 16:57,ACTIVE
ACC0003983,CUST005179,CHECKING,EUR,48168.86,2/26/2025 3:33,ACTIVE
ACC0003984,CUST006206,CHECKING,EUR,284.81,8/16/2023 16:11,ACTIVE
ACC0003985,CUST002139,SAVINGS,PKR,1467.71,11/24/2023 19:31,CLOSED
ACC0003986,CUST004908,CHECKING,USD,90.15,12/27/2021 17:44,ACTIVE
ACC0003987,CUST000867,CHECKING,EUR,2129.79,10/21/2024 11:48,ACTIVE
ACC0003988,CUST002888,BUSINESS,AED,568.02,4/29/2022 14:53,CLOSED
ACC0003989,CUST008062,CHECKING,EUR,11027.36,5/14/2023 22:57,SUSPENDED
ACC0003990,CUST006781,BUSINESS,EUR,432.88,12/16/2021 15:12,CLOSED
ACC0003991,CUST002654,SAVINGS,EUR,144.46,1/15/2022 20:13,ACTIVE
ACC0003992,CUST007481,SAVINGS,EUR,622.96,8/15/2024 2:25,ACTIVE
ACC0003993,CUST003082,CHECKING,EUR,102.45,8/2/2025 11:20,ACTIVE
ACC0003994,CUST002131,BUSINESS,JPY,2700.84,3/26/2023 19:02,ACTIVE
ACC0003995,CUST003436,BUSINESS,EUR,92.01,8/19/2023 9:26,CLOSED
ACC0003996,CUST000235,SAVINGS,EUR,1134.73,6/17/2026 0:05,SUSPENDED
ACC0003997,CUST003048,BUSINESS,EUR,90.62,10/29/2024 8:03,ACTIVE
ACC0003998,CUST008841,CHECKING,EUR,746.68,5/27/2023 15:36,ACTIVE
ACC0003999,CUST006819,CHECKING,AUD,7879.77,3/29/2023 22:00,ACTIVE
ACC0004000,CUST004896,SAVINGS,JPY,1690.5,6/30/2025 9:08,SUSPENDED
ACC0004001,CUST008367,SAVINGS,AED,389.09,6/16/2026 14:12,SUSPENDED
ACC0004002,CUST006576,SAVINGS,AED,1056.33,8/14/2022 22:27,ACTIVE
ACC0004003,CUST005795,SAVINGS,EUR,1120.6,12/19/2025 23:32,ACTIVE
ACC0004004,CUST004858,CHECKING,EUR,1933.63,2/6/2023 1:43,SUSPENDED
ACC0004005,CUST000471,CHECKING,INR,212.68,7/31/2023 0:05,CLOSED
ACC0004006,CUST009028,BUSINESS,EUR,2232.95,7/11/2023 12:41,SUSPENDED
ACC0004007,CUST002884,SAVINGS,GBP,42.72,9/12/2022 15:30,ACTIVE
ACC0004008,CUST001246,CHECKING,JPY,514.99,2/15/2025 23:49,CLOSED
ACC0004009,CUST008574,BUSINESS,AUD,610.37,10/14/2025 3:55,SUSPENDED
ACC0004010,CUST006247,SAVINGS,USD,2344.89,8/29/2022 6:56,SUSPENDED
ACC0004011,CUST000680,SAVINGS,PKR,1126.82,3/18/2025 0:09,SUSPENDED
ACC0004012,CUST004465,SAVINGS,INR,203.02,10/25/2022 3:21,SUSPENDED
ACC0004013,CUST009925,BUSINESS,AUD,336.3,8/1/2026 7:39,ACTIVE
ACC0004014,CUST002878,BUSINESS,INR,1391.89,3/7/2025 7:47,SUSPENDED
ACC0004015,CUST002562,BUSINESS,JPY,997.37,5/1/2026 21:05,SUSPENDED
ACC0004016,CUST004695,SAVINGS,INR,547.33,3/16/2022 22:16,ACTIVE
ACC0004017,CUST005380,CHECKING,PKR,615.85,8/17/2025 20:22,ACTIVE
ACC0004018,CUST003974,CHECKING,EUR,2528.55,6/25/2024 21:13,CLOSED
ACC0004019,CUST003609,BUSINESS,PKR,589.2,4/7/2024 14:17,ACTIVE
ACC0004020,CUST008854,BUSINESS,CAD,986.63,5/18/2026 3:16,ACTIVE
ACC0004021,CUST001494,BUSINESS,EUR,14822.83,6/11/2022 20:31,ACTIVE
ACC0004022,CUST003435,BUSINESS,EUR,198.66,2/3/2024 17:30,ACTIVE
ACC0004023,CUST000275,CHECKING,AED,118.84,2/27/2024 5:18,ACTIVE
ACC0004024,CUST006253,BUSINESS,INR,2808.22,10/1/2022 5:33,ACTIVE
ACC0004025,CUST004801,CHECKING,EUR,485.72,9/29/2023 7:10,ACTIVE
ACC0004026,CUST007874,BUSINESS,EUR,748.53,7/8/2023 16:22,ACTIVE
ACC0004027,CUST002232,SAVINGS,EUR,429.5,7/29/2024 11:12,SUSPENDED
ACC0004028,CUST005537,CHECKING,EUR,802.91,12/21/2022 19:05,ACTIVE
ACC0004029,CUST002360,BUSINESS,EUR,7466.98,6/27/2022 20:18,ACTIVE
ACC0004030,CUST006205,CHECKING,EUR,2871.4,4/30/2024 15:05,CLOSED
ACC0004031,CUST003985,CHECKING,CAD,3086.11,2/5/2025 8:36,ACTIVE
ACC0004032,CUST008288,SAVINGS,EUR,200.44,1/24/2022 7:48,ACTIVE
ACC0004033,CUST009193,CHECKING,PKR,275.51,11/5/2022 17:43,ACTIVE
ACC0004034,CUST007171,CHECKING,EUR,36.35,7/1/2023 3:57,CLOSED
ACC0004035,CUST000119,SAVINGS,INR,415.19,1/29/2023 10:03,ACTIVE
ACC0004036,CUST008798,CHECKING,CAD,3456.61,3/17/2024 11:02,ACTIVE
ACC0004037,CUST004358,BUSINESS,EUR,2039.25,11/12/2025 19:01,CLOSED
ACC0004038,CUST005685,BUSINESS,JPY,840.66,4/4/2024 2:54,CLOSED
ACC0004039,CUST006034,SAVINGS,GBP,1067.68,1/8/2025 2:28,ACTIVE
ACC0004040,CUST005606,SAVINGS,EUR,479.78,2/17/2026 13:40,ACTIVE
ACC0004041,CUST003161,BUSINESS,EUR,1402.08,9/24/2025 20:41,ACTIVE
ACC0004042,CUST007421,SAVINGS,AUD,2749.17,6/24/2026 5:40,CLOSED
ACC0004043,CUST000599,CHECKING,EUR,157.74,10/11/2022 10:55,ACTIVE
ACC0004044,CUST005417,CHECKING,AUD,1571.17,11/6/2025 16:29,ACTIVE
ACC0004045,CUST008696,SAVINGS,EUR,3357.4,5/18/2022 10:15,CLOSED
ACC0004046,CUST009569,SAVINGS,INR,666.39,5/2/2026 21:50,ACTIVE
ACC0004047,CUST000998,CHECKING,PKR,2542.34,8/17/2024 6:20,ACTIVE
ACC0004048,CUST003615,BUSINESS,JPY,32131.28,8/30/2024 8:18,CLOSED
ACC0004049,CUST002074,CHECKING,EUR,967.57,4/4/2022 0:07,SUSPENDED
ACC0004050,CUST005643,SAVINGS,GBP,1758.06,8/9/2023 20:13,ACTIVE
ACC0004051,CUST005115,BUSINESS,EUR,452.29,8/15/2025 17:00,ACTIVE
ACC0004052,CUST004171,CHECKING,EUR,1363.08,2/10/2022 0:29,CLOSED
ACC0004053,CUST002497,SAVINGS,CAD,1905.17,6/4/2023 16:14,ACTIVE
ACC0004054,CUST005534,SAVINGS,AUD,1385.49,8/21/2024 9:48,ACTIVE
ACC0004055,CUST008540,BUSINESS,SGD,322.58,8/5/2026 7:50,CLOSED
ACC0004056,CUST003653,BUSINESS,EUR,1404.78,6/29/2025 2:24,ACTIVE
ACC0004057,CUST007507,BUSINESS,SGD,6340.01,7/15/2025 18:37,ACTIVE
ACC0004058,CUST004804,CHECKING,EUR,1878.75,4/5/2026 21:34,ACTIVE
ACC0004059,CUST006809,SAVINGS,CAD,3478.6,10/14/2021 17:15,SUSPENDED
ACC0004060,CUST008806,CHECKING,AUD,825.17,5/27/2026 16:37,ACTIVE
ACC0004061,CUST009565,SAVINGS,USD,2696.96,11/8/2025 0:28,CLOSED
ACC0004062,CUST004678,SAVINGS,PKR,1533.21,12/15/2025 5:31,CLOSED
ACC0004063,CUST007541,CHECKING,INR,350.34,2/12/2024 0:51,SUSPENDED
ACC0004064,CUST006406,SAVINGS,EUR,1607.16,7/2/2022 12:56,ACTIVE
ACC0004065,CUST009974,CHECKING,AED,333.61,7/18/2025 6:29,ACTIVE
ACC0004066,CUST004564,BUSINESS,JPY,513.14,1/2/2026 6:04,CLOSED
ACC0004067,CUST004335,BUSINESS,JPY,1376.35,3/16/2025 3:22,CLOSED
ACC0004068,CUST007066,SAVINGS,EUR,1566.65,8/28/2025 17:35,CLOSED
ACC0004069,CUST003740,CHECKING,USD,263.2,7/21/2023 22:47,ACTIVE
ACC0004070,CUST002922,BUSINESS,EUR,3884.63,6/26/2023 8:32,ACTIVE
ACC0004071,CUST002672,SAVINGS,AUD,2178.53,5/9/2025 2:50,SUSPENDED
ACC0004072,CUST009868,SAVINGS,AUD,470.75,7/10/2023 12:27,ACTIVE
ACC0004073,CUST008760,SAVINGS,EUR,173.28,7/4/2026 16:27,CLOSED
ACC0004074,CUST007172,CHECKING,AUD,921.6,3/17/2024 10:59,ACTIVE
ACC0004075,CUST006935,CHECKING,PKR,642.18,8/21/2026 4:11,ACTIVE
ACC0004076,CUST004289,SAVINGS,EUR,1256.1,6/13/2024 12:47,SUSPENDED
ACC0004077,CUST009713,BUSINESS,USD,709.29,10/31/2025 5:30,ACTIVE
ACC0004078,CUST002616,SAVINGS,AED,98.6,3/23/2023 18:55,ACTIVE
ACC0004079,CUST000521,SAVINGS,EUR,688.13,11/26/2021 3:11,ACTIVE
ACC0004080,CUST000394,BUSINESS,EUR,759.95,10/7/2022 1:58,SUSPENDED
ACC0004081,CUST009743,SAVINGS,EUR,2345.83,2/1/2022 0:51,ACTIVE
ACC0004082,CUST000970,CHECKING,INR,474.45,5/27/2023 7:03,ACTIVE
ACC0004083,CUST000774,CHECKING,EUR,8220.69,5/4/2024 14:29,ACTIVE
ACC0004084,CUST009436,BUSINESS,EUR,110.61,1/15/2023 6:59,ACTIVE
ACC0004085,CUST001923,CHECKING,GBP,5289.09,9/6/2022 10:41,CLOSED
ACC0004086,CUST008267,SAVINGS,AED,837.83,3/5/2022 11:32,ACTIVE
ACC0004087,CUST006160,CHECKING,AED,3076.36,3/21/2024 18:23,SUSPENDED
ACC0004088,CUST003668,CHECKING,INR,1206.84,3/31/2026 8:20,ACTIVE
ACC0004089,CUST006952,BUSINESS,AED,4304.72,6/20/2022 9:01,SUSPENDED
ACC0004090,CUST000874,SAVINGS,EUR,688.95,8/28/2022 22:45,SUSPENDED
ACC0004091,CUST001241,CHECKING,EUR,293.43,11/9/2023 7:03,SUSPENDED
ACC0004092,CUST000278,CHECKING,EUR,6030.62,3/14/2025 6:39,ACTIVE
ACC0004093,CUST003580,CHECKING,EUR,957.02,2/23/2026 16:20,ACTIVE
ACC0004094,CUST004591,CHECKING,USD,1430.63,5/29/2022 2:09,ACTIVE
ACC0004095,CUST006615,SAVINGS,EUR,4825.66,9/17/2023 13:47,ACTIVE
ACC0004096,CUST002119,BUSINESS,USD,317.87,3/11/2026 4:46,CLOSED
ACC0004097,CUST007371,SAVINGS,EUR,2240.8,8/24/2026 14:59,ACTIVE
ACC0004098,CUST008381,SAVINGS,JPY,540.3,8/1/2023 4:11,ACTIVE
ACC0004099,CUST005223,SAVINGS,AED,935.8,9/22/2023 0:32,ACTIVE
ACC0004100,CUST009964,SAVINGS,AED,1196,4/10/2022 13:23,CLOSED
ACC0004101,CUST006031,SAVINGS,AUD,181.22,6/14/2023 1:14,CLOSED
ACC0004102,CUST009526,BUSINESS,USD,430.69,2/7/2026 5:26,ACTIVE
ACC0004103,CUST005791,SAVINGS,EUR,5548.53,4/24/2025 0:09,ACTIVE
ACC0004104,CUST009312,SAVINGS,SGD,3176.16,5/5/2023 10:42,SUSPENDED
ACC0004105,CUST009340,SAVINGS,GBP,1017.22,2/9/2024 7:38,ACTIVE
ACC0004106,CUST000417,SAVINGS,EUR,1468.13,7/16/2026 8:25,ACTIVE
ACC0004107,CUST003933,BUSINESS,EUR,770.4,10/20/2022 22:55,CLOSED
ACC0004108,CUST006337,CHECKING,JPY,5585.34,6/25/2023 0:59,SUSPENDED
ACC0004109,CUST001360,SAVINGS,EUR,862.28,5/26/2024 15:37,ACTIVE
ACC0004110,CUST004922,BUSINESS,USD,1448.39,10/16/2022 20:54,ACTIVE
ACC0004111,CUST004690,CHECKING,EUR,4338.29,1/8/2024 14:36,SUSPENDED
ACC0004112,CUST003675,BUSINESS,EUR,431.45,4/29/2023 0:19,ACTIVE
ACC0004113,CUST002629,BUSINESS,INR,7119.17,10/18/2025 12:57,ACTIVE
ACC0004114,CUST002147,BUSINESS,PKR,174.77,8/7/2022 13:52,CLOSED
ACC0004115,CUST006013,CHECKING,INR,7750.95,1/10/2022 9:59,ACTIVE
ACC0004116,CUST007425,BUSINESS,USD,701.2,1/8/2024 15:28,SUSPENDED
ACC0004117,CUST008203,CHECKING,USD,819.55,6/30/2022 11:18,ACTIVE
ACC0004118,CUST006462,BUSINESS,AUD,113.52,8/8/2025 15:15,ACTIVE
ACC0004119,CUST001578,CHECKING,GBP,635.39,1/12/2025 19:51,SUSPENDED
ACC0004120,CUST003031,CHECKING,SGD,314.89,3/27/2023 17:26,ACTIVE
ACC0004121,CUST006132,SAVINGS,AUD,528.91,5/18/2026 12:13,ACTIVE
ACC0004122,CUST004848,SAVINGS,EUR,930.04,6/23/2024 11:17,ACTIVE
ACC0004123,CUST000984,CHECKING,EUR,3461.13,7/18/2022 7:32,ACTIVE
ACC0004124,CUST002221,SAVINGS,AED,1406.87,9/14/2021 9:31,CLOSED
ACC0004125,CUST006320,BUSINESS,EUR,1586.38,10/11/2023 3:25,ACTIVE
ACC0004126,CUST007590,CHECKING,AUD,294.53,9/15/2021 11:59,ACTIVE
ACC0004127,CUST008404,BUSINESS,EUR,381.11,4/2/2022 0:48,SUSPENDED
ACC0004128,CUST002319,SAVINGS,SGD,9494.52,2/24/2025 19:17,ACTIVE
ACC0004129,CUST003090,BUSINESS,GBP,453.85,12/25/2023 22:30,ACTIVE
ACC0004130,CUST003965,CHECKING,AED,8002.02,1/2/2022 13:19,CLOSED
ACC0004131,CUST001501,CHECKING,JPY,819.2,12/3/2023 23:33,CLOSED
ACC0004132,CUST004662,SAVINGS,EUR,1099.65,11/12/2021 10:35,ACTIVE
ACC0004133,CUST002833,BUSINESS,EUR,3961.74,8/3/2023 5:55,ACTIVE
ACC0004134,CUST007152,CHECKING,EUR,5045.6,8/18/2025 23:33,ACTIVE
ACC0004135,CUST000362,BUSINESS,EUR,960.09,1/19/2025 22:00,ACTIVE
ACC0004136,CUST001479,CHECKING,EUR,688.22,10/1/2022 11:38,CLOSED
ACC0004137,CUST001451,BUSINESS,EUR,1025.46,8/18/2022 22:22,ACTIVE
ACC0004138,CUST005927,BUSINESS,USD,1645.09,8/3/2022 22:42,CLOSED
ACC0004139,CUST002700,SAVINGS,AED,3195.71,2/21/2026 19:36,ACTIVE
ACC0004140,CUST009367,SAVINGS,JPY,1102.21,5/18/2026 6:59,SUSPENDED
ACC0004141,CUST009310,CHECKING,JPY,2304.6,10/27/2021 11:43,CLOSED
ACC0004142,CUST000441,SAVINGS,PKR,7832.46,5/13/2025 8:45,ACTIVE
ACC0004143,CUST009958,SAVINGS,USD,1732.93,12/18/2021 9:17,ACTIVE
ACC0004144,CUST002234,BUSINESS,EUR,1593.97,1/1/2024 17:36,ACTIVE
ACC0004145,CUST002521,SAVINGS,GBP,177.2,9/24/2023 11:40,ACTIVE
ACC0004146,CUST006663,CHECKING,EUR,46.67,12/7/2025 15:44,ACTIVE
ACC0004147,CUST009072,BUSINESS,EUR,1747.69,4/30/2022 18:18,ACTIVE
ACC0004148,CUST001866,CHECKING,INR,978.69,7/26/2022 10:02,ACTIVE
ACC0004149,CUST003822,SAVINGS,CAD,591.26,3/27/2024 2:16,SUSPENDED
ACC0004150,CUST006012,SAVINGS,SGD,1468.85,1/3/2026 22:57,ACTIVE
ACC0004151,CUST003312,CHECKING,EUR,1019.96,11/25/2022 10:49,SUSPENDED
ACC0004152,CUST007085,BUSINESS,JPY,4244.32,3/30/2022 17:41,ACTIVE
ACC0004153,CUST007565,SAVINGS,AED,1216.01,7/21/2026 11:51,SUSPENDED
ACC0004154,CUST006816,CHECKING,PKR,447.51,8/9/2022 0:05,ACTIVE
ACC0004155,CUST008087,CHECKING,AED,3598.24,2/3/2023 10:08,ACTIVE
ACC0004156,CUST002105,CHECKING,INR,845.09,8/25/2021 17:11,ACTIVE
ACC0004157,CUST002470,CHECKING,EUR,2062.85,11/4/2024 21:54,ACTIVE
ACC0004158,CUST001415,BUSINESS,USD,618.38,11/24/2022 1:46,CLOSED
ACC0004159,CUST003340,BUSINESS,EUR,502.81,10/22/2023 21:37,ACTIVE
ACC0004160,CUST003667,CHECKING,AED,1213.18,2/4/2024 4:46,ACTIVE
ACC0004161,CUST004752,BUSINESS,AED,1113.65,3/11/2022 10:52,ACTIVE
ACC0004162,CUST009183,CHECKING,EUR,1950.41,2/21/2026 8:03,ACTIVE
ACC0004163,CUST008613,BUSINESS,AUD,794.43,5/2/2024 10:39,ACTIVE
ACC0004164,CUST009111,BUSINESS,INR,121.07,10/29/2021 8:00,CLOSED
ACC0004165,CUST008656,BUSINESS,EUR,652.41,3/28/2022 8:53,ACTIVE
ACC0004166,CUST009477,SAVINGS,JPY,2842.91,3/12/2025 1:23,CLOSED
ACC0004167,CUST006753,SAVINGS,EUR,767.51,3/21/2025 2:06,ACTIVE
ACC0004168,CUST002586,CHECKING,JPY,815.94,2/17/2024 13:47,ACTIVE
ACC0004169,CUST009377,CHECKING,EUR,3581.91,4/28/2022 2:39,CLOSED
ACC0004170,CUST009433,BUSINESS,EUR,466.67,7/16/2024 15:14,ACTIVE
ACC0004171,CUST008408,CHECKING,EUR,172.2,10/21/2021 8:14,ACTIVE
ACC0004172,CUST003555,CHECKING,EUR,904.37,10/11/2024 14:29,ACTIVE
ACC0004173,CUST006432,BUSINESS,GBP,613.38,11/8/2025 18:25,CLOSED
ACC0004174,CUST003390,CHECKING,AED,343.95,6/16/2024 2:38,ACTIVE
ACC0004175,CUST002484,CHECKING,EUR,888.51,12/6/2024 5:29,ACTIVE
ACC0004176,CUST006533,SAVINGS,EUR,1977.93,2/17/2026 10:01,ACTIVE
ACC0004177,CUST004922,BUSINESS,USD,1084.48,5/21/2022 18:33,CLOSED
ACC0004178,CUST001134,SAVINGS,GBP,1585.06,4/12/2022 7:49,ACTIVE
ACC0004179,CUST000186,BUSINESS,EUR,9663.29,8/5/2023 21:20,ACTIVE
ACC0004180,CUST008977,BUSINESS,EUR,726.72,10/19/2023 13:48,ACTIVE
ACC0004181,CUST001887,BUSINESS,GBP,1531.52,7/16/2023 13:51,ACTIVE
ACC0004182,CUST004761,CHECKING,EUR,595.23,4/21/2022 11:43,ACTIVE
ACC0004183,CUST000495,CHECKING,JPY,397.17,7/11/2024 6:29,ACTIVE
ACC0004184,CUST003375,CHECKING,EUR,543.54,7/19/2023 1:02,ACTIVE
ACC0004185,CUST004080,SAVINGS,PKR,617.38,3/19/2023 20:44,ACTIVE
ACC0004186,CUST009707,SAVINGS,PKR,1688.12,7/16/2023 20:13,ACTIVE
ACC0004187,CUST000456,SAVINGS,AUD,18377.66,6/12/2022 21:00,ACTIVE
ACC0004188,CUST004196,BUSINESS,EUR,464.4,11/8/2023 17:59,ACTIVE
ACC0004189,CUST006404,SAVINGS,CAD,665.17,8/16/2026 13:27,ACTIVE
ACC0004190,CUST008126,SAVINGS,AUD,1016.63,8/17/2023 7:26,ACTIVE
ACC0004191,CUST002515,SAVINGS,EUR,1763.33,10/16/2022 8:53,CLOSED
ACC0004192,CUST007525,CHECKING,EUR,1504.57,1/18/2026 16:26,ACTIVE
ACC0004193,CUST001233,SAVINGS,AUD,5120.03,12/19/2022 4:12,CLOSED
ACC0004194,CUST003424,CHECKING,JPY,59.64,12/24/2022 0:46,ACTIVE
ACC0004195,CUST000428,CHECKING,GBP,62.53,6/2/2023 3:57,CLOSED
ACC0004196,CUST008151,BUSINESS,GBP,604.83,10/8/2024 19:02,SUSPENDED
ACC0004197,CUST001259,CHECKING,EUR,4091.88,1/23/2025 18:24,CLOSED
ACC0004198,CUST000899,SAVINGS,EUR,167.54,9/16/2023 23:14,CLOSED
ACC0004199,CUST007201,CHECKING,GBP,29.69,1/4/2024 2:11,ACTIVE
ACC0004200,CUST009394,BUSINESS,INR,2176.37,9/19/2025 11:26,ACTIVE
ACC0004201,CUST003372,CHECKING,EUR,1469.08,1/26/2023 20:50,ACTIVE
ACC0004202,CUST006537,SAVINGS,PKR,296.41,4/19/2025 21:24,ACTIVE
ACC0004203,CUST000224,SAVINGS,INR,336.08,1/24/2023 5:05,SUSPENDED
ACC0004204,CUST009954,SAVINGS,PKR,342.51,12/12/2023 16:58,ACTIVE
ACC0004205,CUST009785,SAVINGS,EUR,1252.18,6/6/2025 22:53,ACTIVE
ACC0004206,CUST009906,CHECKING,USD,517.2,7/15/2022 1:39,CLOSED
ACC0004207,CUST002244,CHECKING,EUR,1984.01,8/20/2023 17:50,ACTIVE
ACC0004208,CUST007557,CHECKING,EUR,35.67,7/6/2026 20:33,ACTIVE
ACC0004209,CUST008080,CHECKING,AED,392.2,6/15/2022 4:42,CLOSED
ACC0004210,CUST005215,BUSINESS,EUR,283.93,3/24/2025 6:13,ACTIVE
ACC0004211,CUST000433,BUSINESS,EUR,806.25,5/8/2024 23:17,ACTIVE
ACC0004212,CUST001077,SAVINGS,USD,574.98,1/24/2023 10:12,CLOSED
ACC0004213,CUST000796,BUSINESS,AUD,2856.67,6/4/2025 9:46,ACTIVE
ACC0004214,CUST003243,CHECKING,EUR,117.78,5/30/2025 6:20,ACTIVE
ACC0004215,CUST003543,SAVINGS,JPY,1158.16,5/6/2023 8:25,ACTIVE
ACC0004216,CUST000502,SAVINGS,EUR,2143.09,9/11/2021 10:41,ACTIVE
ACC0004217,CUST008758,SAVINGS,EUR,10177.93,4/12/2026 3:18,ACTIVE
ACC0004218,CUST004675,BUSINESS,EUR,615.16,9/10/2025 10:53,SUSPENDED
ACC0004219,CUST008621,BUSINESS,SGD,1618.65,10/19/2022 13:49,ACTIVE
ACC0004220,CUST002804,CHECKING,SGD,125.88,10/17/2023 6:59,ACTIVE
ACC0004221,CUST005490,BUSINESS,EUR,62.16,9/25/2021 23:53,CLOSED
ACC0004222,CUST000086,BUSINESS,CAD,3022.17,8/21/2023 17:27,ACTIVE
ACC0004223,CUST003056,CHECKING,EUR,1089.34,1/6/2025 19:16,SUSPENDED
ACC0004224,CUST005326,BUSINESS,AUD,4510.73,2/2/2024 14:13,CLOSED
ACC0004225,CUST002317,BUSINESS,EUR,211.01,2/11/2026 15:56,ACTIVE
ACC0004226,CUST009018,SAVINGS,GBP,2046.49,12/28/2021 21:52,CLOSED
ACC0004227,CUST004495,SAVINGS,EUR,10327.66,10/2/2021 23:47,ACTIVE
ACC0004228,CUST001845,CHECKING,USD,1814.65,1/20/2023 13:29,SUSPENDED
ACC0004229,CUST001874,BUSINESS,EUR,1528.28,9/1/2024 13:12,ACTIVE
ACC0004230,CUST000393,CHECKING,GBP,1107.95,2/4/2024 0:17,ACTIVE
ACC0004231,CUST008510,CHECKING,EUR,166.49,9/23/2021 1:42,ACTIVE
ACC0004232,CUST007019,SAVINGS,EUR,5578.57,4/27/2025 1:59,SUSPENDED
ACC0004233,CUST009189,CHECKING,EUR,526.88,12/9/2023 17:34,SUSPENDED
ACC0004234,CUST008013,CHECKING,EUR,2008.97,11/23/2024 13:31,ACTIVE
ACC0004235,CUST009218,BUSINESS,EUR,168.07,7/3/2025 22:50,ACTIVE
ACC0004236,CUST002382,CHECKING,GBP,266.31,3/30/2025 1:15,SUSPENDED
ACC0004237,CUST000279,CHECKING,EUR,6137.08,10/5/2024 0:51,ACTIVE
ACC0004238,CUST003857,SAVINGS,SGD,722.88,3/14/2022 3:50,ACTIVE
ACC0004239,CUST007193,SAVINGS,EUR,6272.5,11/1/2025 0:15,SUSPENDED
ACC0004240,CUST005099,SAVINGS,SGD,998.37,11/22/2022 0:06,ACTIVE
ACC0004241,CUST004481,BUSINESS,SGD,120.27,10/7/2025 14:43,ACTIVE
ACC0004242,CUST007858,BUSINESS,EUR,3198.64,11/23/2025 13:44,ACTIVE
ACC0004243,CUST001610,SAVINGS,JPY,540.3,4/25/2024 4:29,ACTIVE
ACC0004244,CUST008047,CHECKING,EUR,2536.21,7/8/2023 18:02,ACTIVE
ACC0004245,CUST000633,SAVINGS,USD,1130.32,12/26/2022 9:11,ACTIVE
ACC0004246,CUST001731,SAVINGS,JPY,172.13,7/26/2026 14:22,ACTIVE
ACC0004247,CUST005656,CHECKING,EUR,1335.62,8/11/2022 8:56,SUSPENDED
ACC0004248,CUST007247,SAVINGS,AUD,15297.85,10/8/2022 21:27,ACTIVE
ACC0004249,CUST000612,CHECKING,USD,1981.45,5/18/2023 17:08,ACTIVE
ACC0004250,CUST005872,BUSINESS,AED,1023.5,11/28/2024 18:25,ACTIVE
ACC0004251,CUST000080,BUSINESS,EUR,3985.48,5/29/2024 14:33,ACTIVE
ACC0004252,CUST001818,BUSINESS,PKR,1412.06,6/22/2024 3:11,ACTIVE
ACC0004253,CUST004147,CHECKING,EUR,1410.14,5/9/2025 5:37,ACTIVE
ACC0004254,CUST007200,CHECKING,USD,295.91,2/20/2024 19:26,SUSPENDED
ACC0004255,CUST001848,BUSINESS,GBP,1451.88,11/6/2023 14:54,ACTIVE
ACC0004256,CUST003510,BUSINESS,EUR,3799.15,7/28/2022 12:42,ACTIVE
ACC0004257,CUST001122,CHECKING,EUR,402.11,11/12/2023 13:55,ACTIVE
ACC0004258,CUST008832,SAVINGS,JPY,6059.58,8/21/2026 23:51,ACTIVE
ACC0004259,CUST001671,SAVINGS,EUR,982.36,4/26/2023 22:15,ACTIVE
ACC0004260,CUST000509,CHECKING,AED,377.92,9/8/2021 4:13,ACTIVE
ACC0004261,CUST001248,CHECKING,JPY,3630.62,11/30/2021 9:43,SUSPENDED
ACC0004262,CUST009955,CHECKING,EUR,777.32,4/7/2022 6:22,ACTIVE
ACC0004263,CUST000363,SAVINGS,AUD,2728.26,10/12/2024 2:41,ACTIVE
ACC0004264,CUST005568,BUSINESS,GBP,772.7,8/29/2021 1:28,CLOSED
ACC0004265,CUST004418,SAVINGS,SGD,1020.66,7/6/2023 1:51,ACTIVE
ACC0004266,CUST004231,CHECKING,EUR,1982.81,6/1/2026 3:59,CLOSED
ACC0004267,CUST006525,BUSINESS,EUR,1554.76,3/15/2023 4:42,ACTIVE
ACC0004268,CUST006223,BUSINESS,EUR,100.02,10/23/2023 13:04,ACTIVE
ACC0004269,CUST003793,SAVINGS,PKR,285.58,10/3/2021 5:05,ACTIVE
ACC0004270,CUST001467,SAVINGS,SGD,3345.23,9/3/2023 23:49,ACTIVE
ACC0004271,CUST003251,SAVINGS,USD,935.83,1/19/2022 2:16,CLOSED
ACC0004272,CUST004468,BUSINESS,EUR,584.95,8/14/2026 18:13,CLOSED
ACC0004273,CUST005158,SAVINGS,CAD,214.8,1/17/2023 12:37,ACTIVE
ACC0004274,CUST009284,SAVINGS,AED,300.16,10/28/2022 15:19,CLOSED
ACC0004275,CUST006722,SAVINGS,USD,96.92,12/18/2025 8:05,ACTIVE
ACC0004276,CUST000146,CHECKING,CAD,971.13,7/22/2023 2:58,ACTIVE
ACC0004277,CUST001413,CHECKING,EUR,534.79,4/12/2024 14:13,SUSPENDED
ACC0004278,CUST006778,BUSINESS,PKR,343.81,5/13/2023 1:49,ACTIVE
ACC0004279,CUST002494,SAVINGS,EUR,1010.55,12/7/2024 6:59,ACTIVE
ACC0004280,CUST003614,BUSINESS,PKR,1697.25,12/18/2023 0:33,ACTIVE
ACC0004281,CUST009619,SAVINGS,EUR,13518.81,3/16/2024 5:56,ACTIVE
ACC0004282,CUST002060,BUSINESS,PKR,178.71,10/16/2024 11:28,ACTIVE
ACC0004283,CUST007292,BUSINESS,GBP,4408.36,11/29/2024 13:47,ACTIVE
ACC0004284,CUST006400,BUSINESS,EUR,3525.3,4/5/2025 18:46,ACTIVE
ACC0004285,CUST008767,SAVINGS,USD,430.56,5/10/2023 0:50,CLOSED
ACC0004286,CUST000907,BUSINESS,PKR,1399.52,11/6/2021 0:34,ACTIVE
ACC0004287,CUST007389,CHECKING,SGD,633.23,1/10/2022 15:07,SUSPENDED
ACC0004288,CUST003174,SAVINGS,INR,1370.36,11/14/2024 13:23,ACTIVE
ACC0004289,CUST009906,BUSINESS,USD,6707.34,4/11/2025 5:38,ACTIVE
ACC0004290,CUST006659,BUSINESS,GBP,2268.17,7/4/2026 2:09,ACTIVE
ACC0004291,CUST000544,BUSINESS,EUR,2018.94,4/23/2024 10:36,ACTIVE
ACC0004292,CUST001141,CHECKING,EUR,654.34,4/28/2026 8:39,ACTIVE
ACC0004293,CUST004254,CHECKING,EUR,184.77,2/6/2022 8:34,ACTIVE
ACC0004294,CUST004508,BUSINESS,EUR,853.92,2/2/2024 20:36,CLOSED
ACC0004295,CUST004127,BUSINESS,EUR,4665.4,12/14/2023 16:17,ACTIVE
ACC0004296,CUST003094,BUSINESS,JPY,175.46,10/23/2021 4:39,ACTIVE
ACC0004297,CUST007593,CHECKING,PKR,309.17,12/23/2024 7:50,ACTIVE
ACC0004298,CUST006881,CHECKING,AUD,1276.05,2/8/2025 16:19,ACTIVE
ACC0004299,CUST009346,SAVINGS,EUR,336.44,3/18/2024 20:52,CLOSED
ACC0004300,CUST009444,SAVINGS,AED,423.68,4/18/2024 15:14,CLOSED
ACC0004301,CUST002034,SAVINGS,EUR,659.63,2/13/2025 4:16,ACTIVE
ACC0004302,CUST009731,SAVINGS,EUR,212.99,10/14/2024 7:22,ACTIVE
ACC0004303,CUST004671,BUSINESS,EUR,340.72,3/20/2022 10:10,CLOSED
ACC0004304,CUST006344,SAVINGS,JPY,2550.68,6/20/2024 4:10,SUSPENDED
ACC0004305,CUST005396,SAVINGS,CAD,228.41,8/3/2025 4:47,ACTIVE
ACC0004306,CUST001386,BUSINESS,EUR,161.19,6/13/2022 13:56,CLOSED
ACC0004307,CUST007799,BUSINESS,GBP,514.9,10/11/2025 12:12,CLOSED
ACC0004308,CUST005796,SAVINGS,GBP,2639.5,7/25/2026 2:22,ACTIVE
ACC0004309,CUST007777,SAVINGS,CAD,865.83,12/11/2022 8:34,ACTIVE
ACC0004310,CUST008201,CHECKING,EUR,627.98,8/15/2023 18:49,ACTIVE
ACC0004311,CUST001840,SAVINGS,JPY,1156.59,1/28/2022 18:47,CLOSED
ACC0004312,CUST001096,BUSINESS,CAD,134.98,10/3/2021 18:13,ACTIVE
ACC0004313,CUST003354,SAVINGS,JPY,1985.54,10/25/2022 10:53,ACTIVE
ACC0004314,CUST007553,BUSINESS,PKR,1737.36,2/13/2026 21:17,CLOSED
ACC0004315,CUST004663,BUSINESS,SGD,671.04,12/6/2025 10:57,ACTIVE
ACC0004316,CUST009586,CHECKING,EUR,3666.93,5/17/2023 2:39,ACTIVE
ACC0004317,CUST005129,BUSINESS,CAD,283.44,1/5/2024 14:06,ACTIVE
ACC0004318,CUST006706,BUSINESS,JPY,4244.97,7/26/2026 14:56,ACTIVE
ACC0004319,CUST009025,CHECKING,JPY,1320.01,9/22/2022 21:48,ACTIVE
ACC0004320,CUST006924,SAVINGS,EUR,732.26,3/18/2026 20:34,CLOSED
ACC0004321,CUST008428,BUSINESS,INR,1070.79,12/2/2023 11:27,ACTIVE
ACC0004322,CUST001493,BUSINESS,AED,964.18,3/4/2024 7:57,CLOSED
ACC0004323,CUST000757,CHECKING,EUR,4742.59,6/20/2024 23:27,ACTIVE
ACC0004324,CUST007291,CHECKING,EUR,301.26,6/9/2024 9:08,ACTIVE
ACC0004325,CUST009113,CHECKING,SGD,439.21,12/31/2021 18:31,ACTIVE
ACC0004326,CUST004651,BUSINESS,GBP,3803.07,9/10/2025 5:00,CLOSED
ACC0004327,CUST005536,SAVINGS,USD,536.66,4/14/2024 21:40,ACTIVE
ACC0004328,CUST001228,BUSINESS,EUR,3231.3,2/9/2023 2:50,CLOSED
ACC0004329,CUST003923,CHECKING,AUD,8428.07,1/11/2026 17:31,ACTIVE
ACC0004330,CUST009278,SAVINGS,CAD,677.12,11/8/2022 10:04,SUSPENDED
ACC0004331,CUST004618,CHECKING,PKR,2484.02,4/14/2026 5:36,CLOSED
ACC0004332,CUST004726,CHECKING,SGD,274.67,10/27/2021 9:36,CLOSED
ACC0004333,CUST004018,SAVINGS,INR,2712.65,4/27/2023 3:39,CLOSED
ACC0004334,CUST005745,CHECKING,SGD,1393.13,10/19/2025 5:32,SUSPENDED
ACC0004335,CUST003310,BUSINESS,INR,1934.58,8/3/2026 1:30,ACTIVE
ACC0004336,CUST007920,CHECKING,JPY,505.38,12/24/2023 4:53,CLOSED
ACC0004337,CUST008764,SAVINGS,PKR,149.41,12/6/2023 2:35,CLOSED
ACC0004338,CUST005886,SAVINGS,EUR,2006.01,11/27/2021 1:24,CLOSED
ACC0004339,CUST008060,BUSINESS,EUR,92.2,2/4/2022 3:48,SUSPENDED
ACC0004340,CUST002043,BUSINESS,EUR,749.33,9/26/2021 0:01,ACTIVE
ACC0004341,CUST000791,CHECKING,INR,3392.83,3/14/2022 19:45,ACTIVE
ACC0004342,CUST005337,SAVINGS,EUR,1380.61,9/5/2021 21:03,ACTIVE
ACC0004343,CUST007477,BUSINESS,GBP,11361.79,6/12/2024 13:18,ACTIVE
ACC0004344,CUST001571,CHECKING,SGD,3752.33,5/2/2025 23:45,ACTIVE
ACC0004345,CUST008482,BUSINESS,USD,500.36,2/28/2026 12:37,ACTIVE
ACC0004346,CUST001061,BUSINESS,EUR,1133.17,7/23/2026 7:54,ACTIVE
ACC0004347,CUST000615,BUSINESS,EUR,1036.03,10/6/2025 3:11,SUSPENDED
ACC0004348,CUST009741,SAVINGS,CAD,164.25,9/6/2025 9:08,ACTIVE
ACC0004349,CUST000034,SAVINGS,EUR,354.79,1/29/2022 1:04,CLOSED
ACC0004350,CUST009452,CHECKING,INR,559.52,7/23/2023 1:39,ACTIVE
ACC0004351,CUST006825,CHECKING,EUR,95.25,4/29/2025 9:27,ACTIVE
ACC0004352,CUST004927,SAVINGS,EUR,1160.95,11/3/2023 6:42,ACTIVE
ACC0004353,CUST004172,SAVINGS,CAD,813.31,11/7/2024 14:30,CLOSED
ACC0004354,CUST001339,CHECKING,EUR,147.31,3/26/2024 11:53,SUSPENDED
ACC0004355,CUST008272,CHECKING,INR,1781.22,3/19/2024 2:35,ACTIVE
ACC0004356,CUST009447,SAVINGS,EUR,2589.05,10/16/2022 20:43,ACTIVE
ACC0004357,CUST004972,CHECKING,AUD,1440.06,12/13/2022 10:36,CLOSED
ACC0004358,CUST004948,SAVINGS,AUD,743.31,8/17/2022 18:14,ACTIVE
ACC0004359,CUST008458,BUSINESS,EUR,2229.94,1/27/2025 21:24,CLOSED
ACC0004360,CUST005513,BUSINESS,EUR,2480.62,8/8/2026 18:31,ACTIVE
ACC0004361,CUST003952,SAVINGS,CAD,1585.86,2/8/2025 20:51,CLOSED
ACC0004362,CUST007912,SAVINGS,GBP,407.67,2/6/2026 16:59,SUSPENDED
ACC0004363,CUST008120,SAVINGS,AUD,1528.31,2/4/2023 4:26,ACTIVE
ACC0004364,CUST000926,SAVINGS,INR,4603.52,11/26/2025 0:50,SUSPENDED
ACC0004365,CUST009184,CHECKING,EUR,535.95,4/30/2025 1:45,CLOSED
ACC0004366,CUST002409,SAVINGS,SGD,13595.95,6/12/2026 0:17,ACTIVE
ACC0004367,CUST002828,SAVINGS,USD,583.62,10/15/2025 9:16,ACTIVE
ACC0004368,CUST002570,CHECKING,EUR,1140.12,8/12/2026 5:35,CLOSED
ACC0004369,CUST009092,CHECKING,EUR,489.32,7/5/2025 10:18,SUSPENDED
ACC0004370,CUST002678,CHECKING,AUD,1433.57,8/3/2026 18:03,ACTIVE
ACC0004371,CUST007915,BUSINESS,EUR,135.55,8/22/2023 8:06,SUSPENDED
ACC0004372,CUST000990,BUSINESS,EUR,569.49,2/23/2024 1:12,ACTIVE
ACC0004373,CUST006650,SAVINGS,EUR,295.73,11/25/2025 23:17,CLOSED
ACC0004374,CUST000320,CHECKING,CAD,1290.01,5/14/2024 21:05,SUSPENDED
ACC0004375,CUST007052,SAVINGS,AUD,3616.77,4/30/2025 2:35,CLOSED
ACC0004376,CUST003331,BUSINESS,EUR,2380.84,3/31/2023 16:43,ACTIVE
ACC0004377,CUST009357,BUSINESS,EUR,63.69,9/19/2024 14:11,ACTIVE
ACC0004378,CUST007527,CHECKING,GBP,12714.31,9/5/2025 4:53,ACTIVE
ACC0004379,CUST005038,SAVINGS,AUD,1562.96,9/18/2022 14:03,CLOSED
ACC0004380,CUST008678,CHECKING,GBP,431.9,9/28/2022 21:39,ACTIVE
ACC0004381,CUST000020,CHECKING,INR,1324.19,5/7/2023 13:45,ACTIVE
ACC0004382,CUST007740,CHECKING,INR,1354.83,5/16/2022 9:02,CLOSED
ACC0004383,CUST009728,CHECKING,EUR,492.64,5/2/2024 19:39,ACTIVE
ACC0004384,CUST000765,CHECKING,EUR,1390.61,9/23/2022 0:01,ACTIVE
ACC0004385,CUST008523,CHECKING,EUR,529.02,1/27/2025 12:39,SUSPENDED
ACC0004386,CUST008391,BUSINESS,USD,675.04,12/7/2021 0:42,ACTIVE
ACC0004387,CUST007122,BUSINESS,EUR,481.29,9/17/2024 10:46,ACTIVE
ACC0004388,CUST002691,CHECKING,USD,196.53,7/17/2025 10:34,ACTIVE
ACC0004389,CUST000576,BUSINESS,AED,1306.37,1/30/2024 5:02,SUSPENDED
ACC0004390,CUST003844,SAVINGS,EUR,2213.56,4/20/2026 18:00,SUSPENDED
ACC0004391,CUST004446,BUSINESS,AUD,2034.2,3/27/2022 1:05,ACTIVE
ACC0004392,CUST007131,SAVINGS,EUR,2933.38,4/23/2024 21:35,CLOSED
ACC0004393,CUST004989,BUSINESS,JPY,1618.42,7/16/2025 0:53,ACTIVE
ACC0004394,CUST006708,BUSINESS,CAD,578.67,5/12/2024 11:59,ACTIVE
ACC0004395,CUST006715,SAVINGS,CAD,3003.69,2/27/2026 8:00,ACTIVE
ACC0004396,CUST007779,SAVINGS,EUR,215.07,8/31/2022 20:51,CLOSED
ACC0004397,CUST004408,SAVINGS,EUR,372.11,11/7/2021 1:24,ACTIVE
ACC0004398,CUST005189,SAVINGS,EUR,344.8,12/14/2021 5:10,ACTIVE
ACC0004399,CUST006998,SAVINGS,INR,4008.08,4/22/2022 17:49,ACTIVE
ACC0004400,CUST005906,BUSINESS,EUR,3399.37,10/14/2024 17:38,ACTIVE
ACC0004401,CUST001472,BUSINESS,SGD,1967.99,4/4/2024 13:04,SUSPENDED
ACC0004402,CUST002625,BUSINESS,AUD,3969.18,4/9/2024 15:51,ACTIVE
ACC0004403,CUST007320,BUSINESS,EUR,381.79,7/22/2025 22:35,ACTIVE
ACC0004404,CUST008166,SAVINGS,EUR,1666.22,9/16/2024 6:03,SUSPENDED
ACC0004405,CUST005735,CHECKING,INR,943.68,3/10/2022 17:36,ACTIVE
ACC0004406,CUST003176,SAVINGS,EUR,3029.82,3/6/2023 11:26,ACTIVE
ACC0004407,CUST002169,CHECKING,CAD,955.02,11/14/2023 17:44,ACTIVE
ACC0004408,CUST003046,SAVINGS,AUD,690.95,10/21/2024 19:44,ACTIVE
ACC0004409,CUST006508,BUSINESS,EUR,2098.74,10/26/2025 13:54,ACTIVE
ACC0004410,CUST000956,CHECKING,EUR,3138.19,8/25/2023 20:12,ACTIVE
ACC0004411,CUST006373,BUSINESS,EUR,491.76,9/14/2025 15:59,ACTIVE
ACC0004412,CUST005658,CHECKING,JPY,1019.13,7/1/2026 15:25,ACTIVE
ACC0004413,CUST007264,CHECKING,CAD,307.93,4/2/2026 6:47,ACTIVE
ACC0004414,CUST000166,BUSINESS,AED,54.73,12/6/2023 19:36,CLOSED
ACC0004415,CUST000541,SAVINGS,EUR,1394.86,12/30/2025 3:08,ACTIVE
ACC0004416,CUST000643,BUSINESS,PKR,2277.16,12/21/2021 7:26,ACTIVE
ACC0004417,CUST003721,SAVINGS,USD,1501.89,2/18/2022 15:03,ACTIVE
ACC0004418,CUST007090,BUSINESS,JPY,105.69,11/24/2022 4:42,ACTIVE
ACC0004419,CUST002403,BUSINESS,PKR,719.81,9/7/2021 6:34,ACTIVE
ACC0004420,CUST004453,SAVINGS,GBP,76.55,7/18/2023 12:07,ACTIVE
ACC0004421,CUST007842,SAVINGS,EUR,5673.95,1/29/2023 16:18,ACTIVE
ACC0004422,CUST002051,SAVINGS,GBP,297.89,1/22/2026 9:33,CLOSED
ACC0004423,CUST009142,CHECKING,PKR,4946.74,11/7/2025 19:44,ACTIVE
ACC0004424,CUST009417,BUSINESS,INR,3411.96,2/1/2022 13:11,ACTIVE
ACC0004425,CUST001014,BUSINESS,EUR,372.15,5/29/2025 3:49,ACTIVE
ACC0004426,CUST003440,SAVINGS,AUD,281.65,2/3/2026 14:20,CLOSED
ACC0004427,CUST006688,BUSINESS,INR,1669.78,7/26/2026 5:09,ACTIVE
ACC0004428,CUST003181,CHECKING,GBP,398.14,12/1/2024 17:58,ACTIVE
ACC0004429,CUST007119,CHECKING,JPY,1240.14,3/24/2022 7:22,ACTIVE
ACC0004430,CUST004225,CHECKING,EUR,614.38,9/20/2025 13:24,ACTIVE
ACC0004431,CUST008730,SAVINGS,SGD,129.36,2/16/2026 16:22,CLOSED
ACC0004432,CUST006558,CHECKING,EUR,75.45,8/24/2023 7:57,SUSPENDED
ACC0004433,CUST003783,SAVINGS,INR,1439.46,12/4/2022 5:48,ACTIVE
ACC0004434,CUST003590,SAVINGS,EUR,558.99,10/13/2022 0:03,CLOSED
ACC0004435,CUST002896,CHECKING,SGD,564.7,10/27/2024 13:28,ACTIVE
ACC0004436,CUST009499,CHECKING,EUR,2527.63,2/21/2022 18:15,ACTIVE
ACC0004437,CUST000580,CHECKING,EUR,4483.37,7/15/2022 7:16,ACTIVE
ACC0004438,CUST007726,BUSINESS,INR,790.72,10/12/2024 16:45,CLOSED
ACC0004439,CUST000872,CHECKING,PKR,728.71,9/19/2024 8:08,SUSPENDED
ACC0004440,CUST009570,SAVINGS,EUR,1998.54,6/30/2025 21:27,ACTIVE
ACC0004441,CUST003402,SAVINGS,EUR,215.22,8/8/2023 5:19,ACTIVE
ACC0004442,CUST003350,BUSINESS,JPY,1433.37,12/31/2022 18:09,ACTIVE
ACC0004443,CUST000183,SAVINGS,EUR,2126.56,2/28/2023 16:19,ACTIVE
ACC0004444,CUST003131,CHECKING,AUD,2480.65,11/20/2022 11:14,ACTIVE
ACC0004445,CUST002029,BUSINESS,JPY,107.33,3/20/2023 21:39,CLOSED
ACC0004446,CUST008805,BUSINESS,AUD,439.82,9/17/2023 20:19,ACTIVE
ACC0004447,CUST008739,SAVINGS,EUR,382.25,10/18/2022 16:02,ACTIVE
ACC0004448,CUST006532,BUSINESS,EUR,1236.28,1/24/2025 20:57,ACTIVE
ACC0004449,CUST002096,SAVINGS,INR,1952.55,12/18/2021 7:45,CLOSED
ACC0004450,CUST007977,BUSINESS,EUR,6608.11,6/1/2022 9:43,CLOSED
ACC0004451,CUST000208,SAVINGS,USD,605.49,7/4/2025 7:46,ACTIVE
ACC0004452,CUST003591,SAVINGS,USD,603.6,9/13/2024 13:20,ACTIVE
ACC0004453,CUST009707,BUSINESS,PKR,4357.29,1/31/2024 12:13,CLOSED
ACC0004454,CUST006090,BUSINESS,GBP,1565.39,11/15/2022 14:19,CLOSED
ACC0004455,CUST001863,SAVINGS,EUR,5019.98,12/29/2024 11:21,ACTIVE
ACC0004456,CUST009362,BUSINESS,EUR,1550.72,3/1/2026 18:18,ACTIVE
ACC0004457,CUST008854,CHECKING,CAD,273.54,1/28/2026 22:44,CLOSED
ACC0004458,CUST006327,SAVINGS,JPY,221.46,5/27/2023 16:03,ACTIVE
ACC0004459,CUST005842,SAVINGS,AED,170.41,1/26/2023 14:28,ACTIVE
ACC0004460,CUST002361,CHECKING,AED,2427.12,3/1/2022 0:04,ACTIVE
ACC0004461,CUST008020,BUSINESS,AED,4565.65,7/15/2026 9:58,CLOSED
ACC0004462,CUST008838,CHECKING,EUR,10089.34,5/1/2022 1:42,ACTIVE
ACC0004463,CUST002578,SAVINGS,EUR,3016.12,10/22/2022 3:33,ACTIVE
ACC0004464,CUST000494,SAVINGS,INR,4426.69,12/20/2023 7:11,ACTIVE
ACC0004465,CUST002384,BUSINESS,EUR,546.74,12/1/2022 16:48,ACTIVE
ACC0004466,CUST003248,BUSINESS,EUR,273.77,6/3/2023 13:22,SUSPENDED
ACC0004467,CUST007024,BUSINESS,SGD,3041.47,4/17/2024 7:27,SUSPENDED
ACC0004468,CUST005942,BUSINESS,AED,1810.24,5/7/2026 12:25,ACTIVE
ACC0004469,CUST004311,BUSINESS,GBP,1247.55,4/2/2023 17:49,ACTIVE
ACC0004470,CUST008621,BUSINESS,SGD,1745.59,12/20/2021 7:54,ACTIVE
ACC0004471,CUST009375,CHECKING,EUR,1616.18,3/16/2025 17:00,ACTIVE
ACC0004472,CUST009884,SAVINGS,INR,5118.31,4/26/2022 17:50,SUSPENDED
ACC0004473,CUST009949,SAVINGS,EUR,5187.37,1/17/2026 8:15,CLOSED
ACC0004474,CUST008485,CHECKING,CAD,2107.09,12/14/2023 11:55,CLOSED
ACC0004475,CUST003461,CHECKING,AED,3025.9,6/21/2024 9:05,CLOSED
ACC0004476,CUST006100,CHECKING,SGD,2032.2,2/5/2025 8:16,ACTIVE
ACC0004477,CUST002704,CHECKING,GBP,630.55,10/6/2025 13:50,SUSPENDED
ACC0004478,CUST008353,SAVINGS,INR,2718.61,11/14/2022 20:07,SUSPENDED
ACC0004479,CUST006892,SAVINGS,AED,205.74,5/18/2025 15:33,ACTIVE
ACC0004480,CUST001323,BUSINESS,SGD,3884.19,12/30/2025 3:10,CLOSED
ACC0004481,CUST000490,CHECKING,INR,261.54,8/17/2024 12:44,ACTIVE
ACC0004482,CUST000192,SAVINGS,CAD,1545.29,9/23/2025 10:53,ACTIVE
ACC0004483,CUST007118,BUSINESS,AUD,397.75,4/29/2023 4:40,CLOSED
ACC0004484,CUST008586,SAVINGS,GBP,2130.4,11/5/2021 9:11,CLOSED
ACC0004485,CUST000604,SAVINGS,CAD,1052.89,10/15/2022 4:03,CLOSED
ACC0004486,CUST007500,CHECKING,GBP,161.79,6/8/2023 22:26,ACTIVE
ACC0004487,CUST008098,SAVINGS,EUR,1816.81,2/15/2024 9:21,ACTIVE
ACC0004488,CUST001534,SAVINGS,EUR,548.12,5/23/2026 20:10,SUSPENDED
ACC0004489,CUST009454,BUSINESS,USD,3157,2/16/2024 9:21,SUSPENDED
ACC0004490,CUST007022,CHECKING,GBP,1098.38,9/24/2025 23:51,ACTIVE
ACC0004491,CUST009168,BUSINESS,GBP,1762.53,5/29/2025 9:21,ACTIVE
ACC0004492,CUST001459,BUSINESS,AED,347.55,4/29/2022 11:38,ACTIVE
ACC0004493,CUST003787,BUSINESS,EUR,540.67,12/8/2023 3:59,ACTIVE
ACC0004494,CUST003035,SAVINGS,EUR,632.47,12/31/2024 11:20,ACTIVE
ACC0004495,CUST007696,SAVINGS,AED,3065.74,8/27/2025 3:52,ACTIVE
ACC0004496,CUST002502,CHECKING,GBP,8207.9,8/21/2023 14:11,ACTIVE
ACC0004497,CUST005775,BUSINESS,JPY,417.3,5/27/2023 4:39,ACTIVE
ACC0004498,CUST003966,BUSINESS,INR,3992.68,1/23/2022 5:41,ACTIVE
ACC0004499,CUST004833,CHECKING,EUR,81.16,12/16/2022 15:32,SUSPENDED
ACC0004500,CUST006794,CHECKING,INR,261.64,9/8/2022 20:39,SUSPENDED
ACC0004501,CUST009892,SAVINGS,CAD,347.05,9/18/2023 18:20,SUSPENDED
ACC0004502,CUST005519,BUSINESS,EUR,216.37,5/31/2025 3:04,ACTIVE
ACC0004503,CUST000119,CHECKING,INR,163.97,12/26/2021 18:28,SUSPENDED
ACC0004504,CUST009223,SAVINGS,PKR,1800.1,8/10/2022 3:03,ACTIVE
ACC0004505,CUST004686,SAVINGS,JPY,848.2,2/2/2026 9:01,ACTIVE
ACC0004506,CUST007135,BUSINESS,CAD,1728.98,6/16/2023 7:11,CLOSED
ACC0004507,CUST006030,CHECKING,AUD,2511.33,12/24/2022 2:52,ACTIVE
ACC0004508,CUST007700,CHECKING,EUR,1508.3,10/12/2025 20:16,SUSPENDED
ACC0004509,CUST008038,CHECKING,JPY,2414.66,11/18/2023 5:52,ACTIVE
ACC0004510,CUST000878,CHECKING,CAD,1008.84,9/29/2021 1:19,CLOSED
ACC0004511,CUST001492,CHECKING,EUR,263.91,4/19/2023 1:46,CLOSED
ACC0004512,CUST002400,BUSINESS,SGD,3902.52,8/23/2022 10:37,ACTIVE
ACC0004513,CUST003343,SAVINGS,GBP,540.81,5/14/2025 3:05,CLOSED
ACC0004514,CUST006162,CHECKING,AUD,356.84,2/9/2024 9:23,CLOSED
ACC0004515,CUST002749,SAVINGS,EUR,885.81,9/18/2025 1:17,CLOSED
ACC0004516,CUST006399,BUSINESS,EUR,366.73,12/6/2023 11:08,ACTIVE
ACC0004517,CUST003357,BUSINESS,EUR,664.53,9/15/2023 14:34,CLOSED
ACC0004518,CUST003046,CHECKING,AUD,1657.17,11/12/2023 6:01,CLOSED
ACC0004519,CUST003351,SAVINGS,EUR,1665.72,5/19/2022 8:54,SUSPENDED
ACC0004520,CUST007406,SAVINGS,GBP,373.38,3/24/2026 13:06,SUSPENDED
ACC0004521,CUST003504,BUSINESS,JPY,610.79,3/1/2026 11:22,ACTIVE
ACC0004522,CUST006981,BUSINESS,GBP,3980.65,8/3/2022 7:34,ACTIVE
ACC0004523,CUST000084,CHECKING,EUR,1989.58,9/18/2024 6:23,SUSPENDED
ACC0004524,CUST002030,CHECKING,SGD,13227.83,6/13/2025 10:11,SUSPENDED
ACC0004525,CUST000171,SAVINGS,EUR,4519.49,4/18/2025 17:23,SUSPENDED
ACC0004526,CUST008510,SAVINGS,EUR,4329.26,10/21/2024 16:18,ACTIVE
ACC0004527,CUST000376,BUSINESS,AED,207.38,5/10/2022 10:19,ACTIVE
ACC0004528,CUST003406,BUSINESS,EUR,2742.52,10/29/2024 19:25,ACTIVE
ACC0004529,CUST006773,SAVINGS,JPY,1028.93,3/2/2022 11:42,ACTIVE
ACC0004530,CUST007329,BUSINESS,USD,566.13,11/10/2022 9:56,SUSPENDED
ACC0004531,CUST003240,BUSINESS,INR,1341.6,6/22/2022 2:17,ACTIVE
ACC0004532,CUST008423,SAVINGS,EUR,3409.27,1/1/2026 0:34,SUSPENDED
ACC0004533,CUST005949,BUSINESS,USD,2000.19,1/23/2025 2:33,ACTIVE
ACC0004534,CUST001497,SAVINGS,SGD,382.16,11/13/2023 13:01,ACTIVE
ACC0004535,CUST000955,BUSINESS,SGD,2672.98,7/18/2024 23:29,CLOSED
ACC0004536,CUST000381,BUSINESS,AED,510.25,5/31/2026 20:43,ACTIVE
ACC0004537,CUST008121,CHECKING,EUR,1422.28,10/30/2022 19:50,ACTIVE
ACC0004538,CUST004795,BUSINESS,INR,762.03,5/19/2022 13:09,CLOSED
ACC0004539,CUST005993,BUSINESS,EUR,843.33,7/17/2026 8:19,SUSPENDED
ACC0004540,CUST001761,CHECKING,INR,2750.37,3/23/2024 9:01,ACTIVE
ACC0004541,CUST005736,SAVINGS,INR,314.75,8/24/2022 0:24,ACTIVE
ACC0004542,CUST004455,SAVINGS,USD,11318.96,10/2/2024 7:34,ACTIVE
ACC0004543,CUST009416,SAVINGS,EUR,123.31,5/14/2022 19:49,ACTIVE
ACC0004544,CUST008090,CHECKING,EUR,535.28,9/10/2025 4:43,CLOSED
ACC0004545,CUST003831,BUSINESS,EUR,1710.01,2/13/2025 17:23,ACTIVE
ACC0004546,CUST008997,CHECKING,GBP,2210.95,9/29/2023 1:08,CLOSED
ACC0004547,CUST005335,CHECKING,GBP,972.07,1/1/2026 1:50,SUSPENDED
ACC0004548,CUST009382,CHECKING,INR,1023.65,2/14/2025 15:59,CLOSED
ACC0004549,CUST005436,SAVINGS,EUR,1794.82,5/27/2022 1:45,ACTIVE
ACC0004550,CUST005649,CHECKING,JPY,831.07,5/5/2026 22:10,SUSPENDED
ACC0004551,CUST003136,SAVINGS,AUD,5836.1,11/17/2021 16:26,SUSPENDED
ACC0004552,CUST004964,BUSINESS,EUR,3002.56,4/26/2026 2:11,ACTIVE
ACC0004553,CUST007251,CHECKING,JPY,3125.62,8/17/2024 1:47,SUSPENDED
ACC0004554,CUST008662,BUSINESS,USD,343.99,3/17/2024 23:25,SUSPENDED
ACC0004555,CUST003874,SAVINGS,EUR,996.98,9/18/2021 18:12,ACTIVE
ACC0004556,CUST004023,SAVINGS,INR,764.67,7/19/2023 7:31,ACTIVE
ACC0004557,CUST000712,BUSINESS,EUR,328.09,3/4/2022 19:39,ACTIVE
ACC0004558,CUST008325,SAVINGS,SGD,1689.52,4/22/2023 10:31,SUSPENDED
ACC0004559,CUST003512,BUSINESS,EUR,575.26,11/14/2022 5:35,ACTIVE
ACC0004560,CUST006473,CHECKING,INR,2407.84,9/12/2024 20:31,CLOSED
ACC0004561,CUST005299,CHECKING,EUR,303.62,7/15/2023 23:19,ACTIVE
ACC0004562,CUST003928,CHECKING,EUR,8628.7,10/18/2024 5:13,SUSPENDED
ACC0004563,CUST009350,BUSINESS,EUR,374.05,5/23/2024 21:55,SUSPENDED
ACC0004564,CUST006389,SAVINGS,SGD,1426.76,6/15/2024 18:24,ACTIVE
ACC0004565,CUST009966,BUSINESS,EUR,2836.23,9/18/2024 22:58,ACTIVE
ACC0004566,CUST004346,CHECKING,PKR,552.93,4/26/2023 4:19,ACTIVE
ACC0004567,CUST003805,SAVINGS,AED,3050.2,6/20/2025 18:06,ACTIVE
ACC0004568,CUST008658,SAVINGS,EUR,250.88,3/10/2023 23:22,SUSPENDED
ACC0004569,CUST005407,CHECKING,SGD,6263.79,9/28/2021 19:42,ACTIVE
ACC0004570,CUST003059,CHECKING,EUR,1115.41,5/29/2024 17:08,CLOSED
ACC0004571,CUST005828,SAVINGS,EUR,536.09,3/3/2025 10:57,ACTIVE
ACC0004572,CUST003853,BUSINESS,GBP,765.85,10/13/2021 15:50,ACTIVE
ACC0004573,CUST001041,CHECKING,EUR,2894.89,9/4/2021 1:36,SUSPENDED
ACC0004574,CUST008945,CHECKING,EUR,543.84,3/15/2025 0:58,ACTIVE
ACC0004575,CUST005409,SAVINGS,EUR,446.2,2/24/2024 8:26,ACTIVE
ACC0004576,CUST004764,SAVINGS,EUR,840.63,11/3/2022 10:55,ACTIVE
ACC0004577,CUST000012,SAVINGS,AED,267.11,9/1/2021 10:03,SUSPENDED
ACC0004578,CUST000961,CHECKING,SGD,9746.39,2/15/2023 9:57,ACTIVE
ACC0004579,CUST006593,SAVINGS,AED,555.75,11/10/2022 1:53,ACTIVE
ACC0004580,CUST004526,SAVINGS,PKR,2974.82,9/24/2024 8:46,ACTIVE
ACC0004581,CUST009550,CHECKING,AED,1410.03,6/24/2026 17:31,CLOSED
ACC0004582,CUST001343,SAVINGS,JPY,336.49,10/31/2025 11:15,ACTIVE
ACC0004583,CUST003052,CHECKING,EUR,1088.82,10/1/2023 6:42,ACTIVE
ACC0004584,CUST005539,CHECKING,JPY,2809.62,3/5/2025 12:42,ACTIVE
ACC0004585,CUST009414,BUSINESS,PKR,874.88,8/5/2025 11:45,ACTIVE
ACC0004586,CUST005129,SAVINGS,CAD,4590.46,1/19/2022 11:42,SUSPENDED
ACC0004587,CUST006698,BUSINESS,EUR,3736.18,6/10/2025 8:22,SUSPENDED
ACC0004588,CUST001150,BUSINESS,CAD,3303.37,5/21/2022 8:42,SUSPENDED
ACC0004589,CUST000728,CHECKING,EUR,631.7,1/5/2022 2:59,ACTIVE
ACC0004590,CUST002010,SAVINGS,AED,300.12,12/16/2024 12:39,SUSPENDED
ACC0004591,CUST009867,CHECKING,SGD,525.16,11/2/2021 0:26,ACTIVE
ACC0004592,CUST003551,SAVINGS,INR,1387.82,7/1/2022 7:13,ACTIVE
ACC0004593,CUST008910,SAVINGS,EUR,2111.06,5/17/2022 20:01,CLOSED
ACC0004594,CUST006572,CHECKING,EUR,80.97,8/18/2023 3:29,ACTIVE
ACC0004595,CUST003661,BUSINESS,SGD,1086.01,9/7/2021 22:11,ACTIVE
ACC0004596,CUST005172,BUSINESS,JPY,1325.71,7/22/2023 6:41,ACTIVE
ACC0004597,CUST000425,CHECKING,AUD,785.99,10/21/2022 6:24,SUSPENDED
ACC0004598,CUST005550,SAVINGS,JPY,5164.32,1/11/2023 10:51,ACTIVE
ACC0004599,CUST008498,CHECKING,AUD,1819.17,6/12/2023 7:51,ACTIVE
ACC0004600,CUST000511,CHECKING,EUR,5282.9,1/3/2023 2:40,ACTIVE
ACC0004601,CUST004822,SAVINGS,USD,846.28,10/10/2023 10:35,ACTIVE
ACC0004602,CUST001552,BUSINESS,EUR,3377.78,8/31/2024 19:50,ACTIVE
ACC0004603,CUST006141,BUSINESS,EUR,7801.57,3/29/2024 10:01,ACTIVE
ACC0004604,CUST006305,BUSINESS,AUD,5292.43,7/21/2023 17:47,CLOSED
ACC0004605,CUST001485,BUSINESS,SGD,295.73,5/5/2023 4:10,ACTIVE
ACC0004606,CUST009955,BUSINESS,EUR,808.83,11/7/2025 4:54,SUSPENDED
ACC0004607,CUST001900,CHECKING,EUR,724.73,11/9/2023 12:51,ACTIVE
ACC0004608,CUST006123,CHECKING,EUR,1972.6,5/11/2024 10:05,ACTIVE
ACC0004609,CUST005506,CHECKING,AUD,2498.95,6/1/2023 23:10,SUSPENDED
ACC0004610,CUST001555,BUSINESS,INR,400.75,4/21/2025 12:33,CLOSED
ACC0004611,CUST009718,CHECKING,GBP,1189.64,7/1/2024 4:33,SUSPENDED
ACC0004612,CUST006747,BUSINESS,EUR,97.13,1/16/2025 11:09,ACTIVE
ACC0004613,CUST001336,BUSINESS,CAD,6187.79,12/20/2021 8:14,ACTIVE
ACC0004614,CUST008069,CHECKING,JPY,592.97,10/26/2022 16:27,ACTIVE
ACC0004615,CUST000128,BUSINESS,EUR,1172.67,12/19/2024 18:30,ACTIVE
ACC0004616,CUST005099,BUSINESS,SGD,756.29,9/11/2025 0:30,ACTIVE
ACC0004617,CUST009789,CHECKING,EUR,4338.28,4/20/2024 8:25,CLOSED
ACC0004618,CUST002670,BUSINESS,CAD,36.42,7/1/2022 16:18,CLOSED
ACC0004619,CUST005991,CHECKING,GBP,1074.99,2/11/2023 11:00,ACTIVE
ACC0004620,CUST001662,BUSINESS,GBP,965.86,5/3/2022 11:29,ACTIVE
ACC0004621,CUST001372,CHECKING,EUR,636.28,1/5/2025 1:57,SUSPENDED
ACC0004622,CUST003605,CHECKING,EUR,8703.42,7/11/2023 12:08,ACTIVE
ACC0004623,CUST001217,CHECKING,EUR,378.12,12/21/2025 15:19,ACTIVE
ACC0004624,CUST009446,SAVINGS,SGD,2768.76,1/21/2023 0:24,ACTIVE
ACC0004625,CUST002209,CHECKING,USD,1681.6,10/13/2023 23:39,SUSPENDED
ACC0004626,CUST004345,CHECKING,CAD,4983.18,4/27/2024 19:52,CLOSED
ACC0004627,CUST000855,CHECKING,CAD,492.44,8/13/2026 4:48,ACTIVE
ACC0004628,CUST001197,SAVINGS,EUR,455.06,11/26/2024 15:16,ACTIVE
ACC0004629,CUST005951,BUSINESS,USD,4085.85,3/28/2023 5:36,SUSPENDED
ACC0004630,CUST005715,SAVINGS,PKR,1826.92,1/28/2023 10:51,ACTIVE
ACC0004631,CUST007356,SAVINGS,EUR,171.76,7/31/2023 8:22,SUSPENDED
ACC0004632,CUST000114,SAVINGS,SGD,574.12,10/18/2025 23:19,ACTIVE
ACC0004633,CUST001741,CHECKING,EUR,1743.52,11/13/2022 2:14,CLOSED
ACC0004634,CUST002971,SAVINGS,INR,2996.85,1/7/2024 7:23,CLOSED
ACC0004635,CUST002152,BUSINESS,EUR,485.38,3/22/2026 5:49,ACTIVE
ACC0004636,CUST003761,CHECKING,SGD,33.21,11/19/2023 9:29,ACTIVE
ACC0004637,CUST009698,SAVINGS,CAD,2054.66,7/3/2023 1:57,ACTIVE
ACC0004638,CUST007035,SAVINGS,JPY,253.56,7/8/2026 1:36,ACTIVE
ACC0004639,CUST001529,CHECKING,AED,97.44,4/15/2025 2:56,ACTIVE
ACC0004640,CUST001932,BUSINESS,JPY,36.64,1/26/2022 0:55,ACTIVE
ACC0004641,CUST000788,BUSINESS,EUR,2912.53,11/17/2024 19:01,ACTIVE
ACC0004642,CUST008881,CHECKING,EUR,1279.65,2/9/2022 21:32,ACTIVE
ACC0004643,CUST002159,BUSINESS,CAD,836.49,7/20/2025 9:00,CLOSED
ACC0004644,CUST003769,BUSINESS,PKR,5807.06,8/8/2026 20:32,SUSPENDED
ACC0004645,CUST009973,CHECKING,AED,2356.16,4/8/2023 14:02,ACTIVE
ACC0004646,CUST000972,CHECKING,EUR,7627.84,8/3/2026 1:27,ACTIVE
ACC0004647,CUST005852,BUSINESS,AED,206.17,4/28/2022 23:08,CLOSED
ACC0004648,CUST008323,SAVINGS,EUR,1052.1,9/7/2021 3:04,SUSPENDED
ACC0004649,CUST002223,CHECKING,EUR,157.58,8/16/2024 11:14,ACTIVE
ACC0004650,CUST002469,CHECKING,EUR,832.76,6/18/2022 17:01,ACTIVE
ACC0004651,CUST004662,BUSINESS,EUR,813.76,8/26/2024 19:34,ACTIVE
ACC0004652,CUST009831,SAVINGS,EUR,2326.07,11/29/2021 7:30,SUSPENDED
ACC0004653,CUST008273,BUSINESS,EUR,1158.26,7/23/2025 19:06,SUSPENDED
ACC0004654,CUST001728,CHECKING,SGD,2317.14,3/30/2022 3:01,SUSPENDED
ACC0004655,CUST006340,BUSINESS,EUR,2550.71,2/27/2022 3:19,ACTIVE
ACC0004656,CUST009351,SAVINGS,USD,14558.27,3/1/2026 15:17,SUSPENDED
ACC0004657,CUST000794,SAVINGS,AUD,751.18,4/23/2022 1:38,ACTIVE
ACC0004658,CUST000506,SAVINGS,AED,354.52,2/26/2025 6:06,ACTIVE
ACC0004659,CUST001460,CHECKING,INR,1473.36,10/19/2024 3:39,ACTIVE
ACC0004660,CUST000803,CHECKING,AED,418.75,5/9/2023 1:12,ACTIVE
ACC0004661,CUST000097,BUSINESS,AED,6492.18,7/21/2024 3:59,ACTIVE
ACC0004662,CUST006635,SAVINGS,JPY,780.66,7/16/2026 23:30,ACTIVE
ACC0004663,CUST009123,CHECKING,JPY,556.3,3/7/2026 15:32,ACTIVE
ACC0004664,CUST004180,BUSINESS,EUR,622.92,9/23/2024 8:28,ACTIVE
ACC0004665,CUST000697,BUSINESS,EUR,2596.97,3/9/2022 7:20,CLOSED
ACC0004666,CUST001235,BUSINESS,AUD,907.51,10/3/2024 4:12,SUSPENDED
ACC0004667,CUST008185,CHECKING,AED,507.76,5/12/2023 9:58,ACTIVE
ACC0004668,CUST000625,BUSINESS,AED,8090.31,12/19/2022 16:23,ACTIVE
ACC0004669,CUST004476,SAVINGS,EUR,392.52,3/5/2022 23:53,SUSPENDED
ACC0004670,CUST005336,SAVINGS,INR,1144.45,2/6/2023 15:44,ACTIVE
ACC0004671,CUST009274,SAVINGS,GBP,2398.9,5/26/2026 10:21,ACTIVE
ACC0004672,CUST006619,CHECKING,AUD,154.84,8/5/2023 3:54,SUSPENDED
ACC0004673,CUST005447,BUSINESS,EUR,1951.42,10/24/2024 11:22,ACTIVE
ACC0004674,CUST006783,CHECKING,EUR,309.16,9/2/2023 15:40,CLOSED
ACC0004675,CUST007484,SAVINGS,EUR,2943.45,12/19/2023 2:19,ACTIVE
ACC0004676,CUST006527,SAVINGS,EUR,345.44,12/7/2022 1:00,SUSPENDED
ACC0004677,CUST009135,CHECKING,EUR,2518.26,12/28/2023 5:24,CLOSED
ACC0004678,CUST008952,SAVINGS,AED,4134,6/20/2024 10:31,SUSPENDED
ACC0004679,CUST000666,SAVINGS,EUR,3083.2,9/22/2021 9:24,ACTIVE
ACC0004680,CUST002321,BUSINESS,EUR,1482.64,5/1/2022 5:37,ACTIVE
ACC0004681,CUST001281,SAVINGS,EUR,830.84,5/13/2024 7:33,ACTIVE
ACC0004682,CUST000264,SAVINGS,SGD,549.11,2/5/2023 20:30,SUSPENDED
ACC0004683,CUST005884,SAVINGS,EUR,6407.61,3/6/2026 17:28,CLOSED
ACC0004684,CUST007260,SAVINGS,EUR,473.71,10/9/2021 16:49,ACTIVE
ACC0004685,CUST005181,CHECKING,SGD,315.93,2/5/2022 14:11,CLOSED
ACC0004686,CUST008744,SAVINGS,AED,2436.8,3/12/2025 14:15,ACTIVE
ACC0004687,CUST006656,SAVINGS,EUR,421.84,11/20/2023 16:13,SUSPENDED
ACC0004688,CUST001403,BUSINESS,AED,350.7,2/18/2026 11:35,ACTIVE
ACC0004689,CUST003199,CHECKING,AED,193.96,2/16/2025 5:14,ACTIVE
ACC0004690,CUST006402,SAVINGS,EUR,614.32,9/9/2022 0:14,ACTIVE
ACC0004691,CUST002278,BUSINESS,CAD,993.01,4/26/2024 3:16,CLOSED
ACC0004692,CUST006568,CHECKING,AUD,1468.08,6/13/2025 20:21,ACTIVE
ACC0004693,CUST004809,BUSINESS,EUR,3434.3,7/14/2025 7:21,CLOSED
ACC0004694,CUST006150,BUSINESS,EUR,2063.74,8/7/2026 10:29,ACTIVE
ACC0004695,CUST009543,CHECKING,EUR,872.14,6/14/2023 3:07,ACTIVE
ACC0004696,CUST006348,CHECKING,EUR,864.51,3/23/2023 4:11,SUSPENDED
ACC0004697,CUST007308,SAVINGS,PKR,2022.7,12/6/2023 8:01,ACTIVE
ACC0004698,CUST001982,SAVINGS,CAD,5049.7,1/28/2025 3:33,ACTIVE
ACC0004699,CUST002247,BUSINESS,PKR,1276.12,1/19/2025 23:45,SUSPENDED
ACC0004700,CUST006538,SAVINGS,EUR,624.56,11/29/2023 14:13,ACTIVE
ACC0004701,CUST003108,SAVINGS,USD,333.14,2/5/2023 22:25,SUSPENDED
ACC0004702,CUST008554,CHECKING,PKR,193.59,2/6/2026 5:17,ACTIVE
ACC0004703,CUST006554,BUSINESS,EUR,2439.44,5/3/2025 5:03,SUSPENDED
ACC0004704,CUST006768,SAVINGS,EUR,2194.2,5/12/2023 10:11,CLOSED
ACC0004705,CUST000754,CHECKING,AUD,2192.58,2/21/2026 8:26,ACTIVE
ACC0004706,CUST006056,SAVINGS,PKR,939.75,6/8/2026 5:52,ACTIVE
ACC0004707,CUST008154,BUSINESS,AED,5933.22,7/24/2026 9:16,ACTIVE
ACC0004708,CUST004840,CHECKING,EUR,613.42,2/24/2025 8:55,ACTIVE
ACC0004709,CUST001031,SAVINGS,AED,3450.67,12/23/2025 17:13,ACTIVE
ACC0004710,CUST002165,CHECKING,CAD,1046.82,9/28/2021 3:59,ACTIVE
ACC0004711,CUST002417,SAVINGS,EUR,528.47,7/12/2022 11:14,ACTIVE
ACC0004712,CUST004482,CHECKING,SGD,2232.86,3/22/2023 11:29,ACTIVE
ACC0004713,CUST005574,CHECKING,EUR,1792.85,3/26/2025 11:52,ACTIVE
ACC0004714,CUST006395,CHECKING,EUR,1683.06,11/9/2024 8:32,ACTIVE
ACC0004715,CUST008537,SAVINGS,EUR,1208.98,7/1/2026 20:09,CLOSED
ACC0004716,CUST008561,BUSINESS,AUD,1047.88,4/16/2023 0:43,ACTIVE
ACC0004717,CUST009834,SAVINGS,SGD,19265.02,2/9/2022 18:13,ACTIVE
ACC0004718,CUST007416,CHECKING,EUR,4541.93,12/8/2021 21:39,ACTIVE
ACC0004719,CUST005931,CHECKING,SGD,2610.75,5/16/2024 8:46,ACTIVE
ACC0004720,CUST002461,CHECKING,PKR,1254.08,4/18/2024 16:13,CLOSED
ACC0004721,CUST005898,BUSINESS,EUR,3672.36,6/11/2025 8:27,ACTIVE
ACC0004722,CUST005415,CHECKING,EUR,2041.81,1/28/2025 0:07,ACTIVE
ACC0004723,CUST003088,BUSINESS,AUD,1131.67,1/11/2024 6:58,ACTIVE
ACC0004724,CUST008439,SAVINGS,AED,761.83,1/31/2023 19:43,ACTIVE
ACC0004725,CUST006779,CHECKING,CAD,995.16,2/5/2024 18:50,ACTIVE
ACC0004726,CUST003768,SAVINGS,EUR,24.42,12/18/2023 13:12,CLOSED
ACC0004727,CUST002448,CHECKING,EUR,1411.94,4/5/2024 2:21,ACTIVE
ACC0004728,CUST002079,BUSINESS,PKR,610.23,11/9/2022 10:39,CLOSED
ACC0004729,CUST002025,CHECKING,EUR,7414.58,6/7/2026 16:57,SUSPENDED
ACC0004730,CUST001396,CHECKING,EUR,1122.39,3/2/2023 11:43,SUSPENDED
ACC0004731,CUST004438,SAVINGS,PKR,263.29,3/30/2026 13:56,CLOSED
ACC0004732,CUST003707,BUSINESS,EUR,1032.92,6/2/2022 5:51,ACTIVE
ACC0004733,CUST004542,BUSINESS,EUR,312.52,1/9/2026 23:04,CLOSED
ACC0004734,CUST001231,SAVINGS,SGD,1935.44,4/13/2023 2:27,ACTIVE
ACC0004735,CUST008819,SAVINGS,GBP,1554.85,12/18/2022 17:33,SUSPENDED
ACC0004736,CUST003645,SAVINGS,SGD,3461.33,7/8/2024 8:48,CLOSED
ACC0004737,CUST003225,BUSINESS,USD,424.51,9/27/2024 20:32,CLOSED
ACC0004738,CUST007629,SAVINGS,PKR,1142.31,5/8/2022 9:31,SUSPENDED
ACC0004739,CUST008913,CHECKING,EUR,213.15,12/30/2022 4:18,CLOSED
ACC0004740,CUST004977,CHECKING,USD,2544.77,11/4/2024 0:50,ACTIVE
ACC0004741,CUST001584,CHECKING,EUR,2043.96,1/4/2025 13:54,ACTIVE
ACC0004742,CUST008699,CHECKING,EUR,1988.16,3/17/2022 6:20,ACTIVE
ACC0004743,CUST001520,CHECKING,GBP,1098.77,10/8/2025 7:18,ACTIVE
ACC0004744,CUST009271,BUSINESS,INR,1803.94,3/19/2026 23:24,CLOSED
ACC0004745,CUST008472,CHECKING,AED,7519.14,3/13/2023 20:16,SUSPENDED
ACC0004746,CUST001787,BUSINESS,SGD,778.9,5/20/2025 5:23,ACTIVE
ACC0004747,CUST000699,BUSINESS,INR,1295.14,12/26/2022 22:32,SUSPENDED
ACC0004748,CUST006273,CHECKING,USD,297.87,7/20/2025 5:16,ACTIVE
ACC0004749,CUST002665,SAVINGS,PKR,386.87,3/23/2023 23:24,ACTIVE
ACC0004750,CUST007589,BUSINESS,AED,1233.21,8/9/2022 20:03,SUSPENDED
ACC0004751,CUST007131,CHECKING,EUR,4124.58,9/7/2023 10:56,CLOSED
ACC0004752,CUST005448,SAVINGS,GBP,806.31,5/4/2025 2:00,SUSPENDED
ACC0004753,CUST007758,SAVINGS,INR,826.25,11/2/2021 10:56,ACTIVE
ACC0004754,CUST005683,CHECKING,EUR,672.99,5/21/2026 15:58,ACTIVE
ACC0004755,CUST003494,BUSINESS,INR,577.26,12/31/2024 17:15,ACTIVE
ACC0004756,CUST008230,BUSINESS,EUR,1562.38,4/16/2025 9:22,SUSPENDED
ACC0004757,CUST002355,CHECKING,INR,181.87,10/24/2021 11:02,CLOSED
ACC0004758,CUST008094,BUSINESS,AUD,5100.67,1/30/2023 14:53,ACTIVE
ACC0004759,CUST005154,SAVINGS,SGD,493.49,9/30/2022 16:06,ACTIVE
ACC0004760,CUST003043,CHECKING,EUR,2607.86,8/20/2026 12:13,CLOSED
ACC0004761,CUST005275,CHECKING,GBP,238.89,1/26/2025 9:57,ACTIVE
ACC0004762,CUST001913,CHECKING,PKR,2446.98,8/6/2023 11:41,ACTIVE
ACC0004763,CUST008625,BUSINESS,AED,2456.11,4/12/2022 16:51,SUSPENDED
ACC0004764,CUST003057,BUSINESS,PKR,1738.96,2/20/2025 14:55,ACTIVE
ACC0004765,CUST005426,CHECKING,USD,332.52,9/3/2024 10:02,ACTIVE
ACC0004766,CUST004125,SAVINGS,SGD,1479.5,1/21/2022 13:53,ACTIVE
ACC0004767,CUST003775,BUSINESS,USD,265.16,8/24/2022 13:14,CLOSED
ACC0004768,CUST008639,CHECKING,JPY,809.72,3/9/2023 16:33,SUSPENDED
ACC0004769,CUST007729,CHECKING,EUR,3771.76,12/28/2023 0:53,ACTIVE
ACC0004770,CUST004293,SAVINGS,EUR,2852.76,2/26/2022 15:44,ACTIVE
ACC0004771,CUST007747,SAVINGS,INR,1116.8,3/1/2024 14:53,ACTIVE
ACC0004772,CUST006208,BUSINESS,PKR,340.44,9/25/2021 5:59,ACTIVE
ACC0004773,CUST008721,CHECKING,EUR,2379.64,6/5/2023 9:48,SUSPENDED
ACC0004774,CUST008946,SAVINGS,EUR,1122.44,4/21/2024 3:07,ACTIVE
ACC0004775,CUST005259,BUSINESS,AUD,67.74,6/22/2022 6:31,CLOSED
ACC0004776,CUST008202,SAVINGS,EUR,2804.99,9/24/2025 18:24,ACTIVE
ACC0004777,CUST002120,CHECKING,EUR,1065.2,3/15/2025 6:50,CLOSED
ACC0004778,CUST007744,SAVINGS,INR,4642.19,9/7/2021 0:23,ACTIVE
ACC0004779,CUST001184,BUSINESS,AUD,294.62,10/20/2025 1:23,ACTIVE
ACC0004780,CUST006391,BUSINESS,EUR,24.24,8/15/2022 3:56,ACTIVE
ACC0004781,CUST009899,CHECKING,INR,1532.88,5/10/2023 8:13,ACTIVE
ACC0004782,CUST006086,BUSINESS,INR,1556,11/25/2025 19:51,ACTIVE
ACC0004783,CUST006491,CHECKING,AED,144.2,9/16/2025 12:54,ACTIVE
ACC0004784,CUST000565,SAVINGS,EUR,338.93,9/25/2025 19:46,ACTIVE
ACC0004785,CUST001347,SAVINGS,EUR,29919.37,6/29/2023 7:13,ACTIVE
ACC0004786,CUST003603,CHECKING,EUR,759.96,1/26/2026 7:29,CLOSED
ACC0004787,CUST001996,CHECKING,EUR,2636.35,11/14/2024 1:04,ACTIVE
ACC0004788,CUST001338,SAVINGS,USD,502.31,3/7/2024 6:38,ACTIVE
ACC0004789,CUST005825,CHECKING,AED,89.27,11/1/2021 23:01,SUSPENDED
ACC0004790,CUST009790,SAVINGS,CAD,893.99,11/16/2023 17:28,ACTIVE
ACC0004791,CUST005776,BUSINESS,INR,797.33,8/11/2025 8:02,ACTIVE
ACC0004792,CUST005110,SAVINGS,USD,678.68,11/28/2021 15:22,ACTIVE
ACC0004793,CUST003499,CHECKING,EUR,955.69,12/17/2023 15:51,SUSPENDED
ACC0004794,CUST007846,CHECKING,SGD,1505.86,12/8/2022 23:18,ACTIVE
ACC0004795,CUST005938,CHECKING,AED,915.86,1/7/2022 1:22,ACTIVE
ACC0004796,CUST003982,SAVINGS,GBP,240.61,4/10/2026 11:06,SUSPENDED
ACC0004797,CUST007388,CHECKING,AUD,1965.34,4/3/2025 2:49,SUSPENDED
ACC0004798,CUST007081,BUSINESS,EUR,105.72,2/1/2025 11:39,ACTIVE
ACC0004799,CUST000467,CHECKING,EUR,93.65,3/5/2024 14:03,ACTIVE
ACC0004800,CUST000749,BUSINESS,AED,2662.49,11/6/2025 2:01,ACTIVE
ACC0004801,CUST004957,CHECKING,EUR,2015.1,3/2/2026 16:46,ACTIVE
ACC0004802,CUST004941,BUSINESS,INR,1023.65,3/17/2025 23:09,SUSPENDED
ACC0004803,CUST008132,SAVINGS,EUR,205.5,4/3/2023 7:48,CLOSED
ACC0004804,CUST008893,BUSINESS,EUR,468.96,9/28/2024 18:28,ACTIVE
ACC0004805,CUST009037,BUSINESS,CAD,800.07,12/6/2023 7:47,ACTIVE
ACC0004806,CUST001128,BUSINESS,EUR,161.57,10/8/2023 21:44,SUSPENDED
ACC0004807,CUST008577,BUSINESS,EUR,451.77,10/7/2021 1:02,ACTIVE
ACC0004808,CUST007802,BUSINESS,GBP,2398.97,4/18/2022 10:28,ACTIVE
ACC0004809,CUST000880,BUSINESS,EUR,6080.04,11/30/2022 8:58,ACTIVE
ACC0004810,CUST001895,SAVINGS,INR,662.94,10/1/2022 15:48,SUSPENDED
ACC0004811,CUST009680,CHECKING,EUR,2718.37,12/11/2024 19:28,ACTIVE
ACC0004812,CUST009946,SAVINGS,AED,110.29,3/17/2024 9:49,ACTIVE
ACC0004813,CUST007477,SAVINGS,GBP,2419.56,8/26/2022 15:54,ACTIVE
ACC0004814,CUST008438,CHECKING,USD,417.91,5/29/2024 7:58,ACTIVE
ACC0004815,CUST004727,BUSINESS,USD,1585.75,9/22/2023 13:47,ACTIVE
ACC0004816,CUST003452,CHECKING,EUR,814.6,5/26/2024 0:54,ACTIVE
ACC0004817,CUST002625,CHECKING,AUD,5348.1,10/15/2023 13:19,ACTIVE
ACC0004818,CUST003754,BUSINESS,AUD,384.01,5/3/2023 7:55,ACTIVE
ACC0004819,CUST004327,BUSINESS,JPY,2328.84,9/7/2022 15:09,ACTIVE
ACC0004820,CUST007193,CHECKING,EUR,784.14,12/9/2025 15:54,ACTIVE
ACC0004821,CUST007381,CHECKING,CAD,906.9,8/28/2025 0:42,CLOSED
ACC0004822,CUST001928,SAVINGS,PKR,879.52,10/4/2021 5:45,CLOSED
ACC0004823,CUST008608,CHECKING,EUR,397.5,8/6/2024 13:53,ACTIVE
ACC0004824,CUST009103,SAVINGS,SGD,1078.24,12/28/2021 12:29,ACTIVE
ACC0004825,CUST007534,SAVINGS,SGD,1017.21,4/29/2026 1:47,CLOSED
ACC0004826,CUST008133,SAVINGS,INR,1464.82,1/11/2023 4:15,ACTIVE
ACC0004827,CUST007521,CHECKING,AUD,1213.67,11/23/2022 22:38,ACTIVE
ACC0004828,CUST006598,SAVINGS,AED,2857.19,3/16/2022 6:45,ACTIVE
ACC0004829,CUST005788,SAVINGS,AED,3321.63,2/8/2025 22:38,ACTIVE
ACC0004830,CUST000062,BUSINESS,AUD,310.83,10/30/2022 12:47,ACTIVE
ACC0004831,CUST006188,BUSINESS,EUR,3110.46,11/1/2024 20:18,ACTIVE
ACC0004832,CUST002656,BUSINESS,SGD,264.12,7/16/2023 4:35,ACTIVE
ACC0004833,CUST001969,CHECKING,GBP,2220.37,2/15/2023 14:35,CLOSED
ACC0004834,CUST008828,CHECKING,USD,2306.96,3/10/2023 5:59,ACTIVE
ACC0004835,CUST009520,CHECKING,EUR,110.66,12/27/2023 1:54,SUSPENDED
ACC0004836,CUST006805,BUSINESS,INR,1226.08,9/21/2021 12:46,ACTIVE
ACC0004837,CUST007877,BUSINESS,SGD,625.03,1/28/2026 17:39,ACTIVE
ACC0004838,CUST007215,CHECKING,EUR,441.19,2/27/2024 0:17,ACTIVE
ACC0004839,CUST004284,BUSINESS,JPY,5547.06,10/15/2021 12:17,ACTIVE
ACC0004840,CUST009810,CHECKING,GBP,500.49,11/19/2025 15:21,ACTIVE
ACC0004841,CUST000182,SAVINGS,EUR,416.69,2/26/2024 17:30,CLOSED
ACC0004842,CUST005901,BUSINESS,AED,1200.91,7/14/2026 10:34,SUSPENDED
ACC0004843,CUST007060,BUSINESS,PKR,2496.66,5/5/2023 19:09,ACTIVE
ACC0004844,CUST000602,SAVINGS,EUR,925.21,3/1/2026 13:46,ACTIVE
ACC0004845,CUST006506,CHECKING,INR,4445.49,9/19/2023 8:45,ACTIVE
ACC0004846,CUST008898,SAVINGS,EUR,2073.87,11/26/2023 18:21,ACTIVE
ACC0004847,CUST001549,CHECKING,USD,80.33,4/30/2022 22:04,ACTIVE
ACC0004848,CUST004135,BUSINESS,JPY,580.94,2/10/2025 5:31,ACTIVE
ACC0004849,CUST003369,SAVINGS,AED,558.8,11/3/2022 14:49,SUSPENDED
ACC0004850,CUST004541,BUSINESS,INR,1949.31,9/17/2023 16:25,SUSPENDED
ACC0004851,CUST001501,CHECKING,JPY,47,11/20/2022 13:09,SUSPENDED
ACC0004852,CUST005068,SAVINGS,PKR,23360.73,5/16/2024 19:03,ACTIVE
ACC0004853,CUST001607,CHECKING,CAD,2073.99,10/12/2022 3:47,ACTIVE
ACC0004854,CUST002971,CHECKING,INR,1311.14,12/26/2025 13:41,ACTIVE
ACC0004855,CUST006371,BUSINESS,INR,4527.3,11/24/2025 22:37,ACTIVE
ACC0004856,CUST007663,BUSINESS,CAD,18258.48,12/31/2023 21:13,CLOSED
ACC0004857,CUST001448,SAVINGS,AUD,3117.84,4/9/2024 2:54,CLOSED
ACC0004858,CUST000311,SAVINGS,AED,3424.04,11/13/2021 7:59,SUSPENDED
ACC0004859,CUST003695,SAVINGS,EUR,1282.84,11/4/2022 2:23,ACTIVE
ACC0004860,CUST008668,CHECKING,USD,925.35,6/29/2026 14:18,ACTIVE
ACC0004861,CUST006731,BUSINESS,EUR,619.58,8/9/2022 10:41,ACTIVE
ACC0004862,CUST009493,SAVINGS,EUR,406.94,4/28/2023 12:23,ACTIVE
ACC0004863,CUST009052,BUSINESS,EUR,480.86,6/11/2023 5:00,CLOSED
ACC0004864,CUST006100,BUSINESS,SGD,216.88,10/22/2022 0:05,ACTIVE
ACC0004865,CUST002735,CHECKING,JPY,1001.2,12/10/2022 5:52,SUSPENDED
ACC0004866,CUST004043,SAVINGS,SGD,145.24,9/20/2025 5:57,SUSPENDED
ACC0004867,CUST003234,CHECKING,JPY,1378.98,3/31/2025 14:57,ACTIVE
ACC0004868,CUST006720,CHECKING,AED,1049.85,10/28/2021 1:16,CLOSED
ACC0004869,CUST006454,SAVINGS,EUR,1308.09,5/30/2023 14:03,SUSPENDED
ACC0004870,CUST008136,CHECKING,JPY,586.07,8/20/2026 23:21,ACTIVE
ACC0004871,CUST006550,SAVINGS,GBP,44012.65,3/8/2023 14:06,ACTIVE
ACC0004872,CUST008515,SAVINGS,PKR,5609.06,9/12/2022 1:49,ACTIVE
ACC0004873,CUST007998,SAVINGS,CAD,246.3,6/8/2026 17:20,SUSPENDED
ACC0004874,CUST003435,SAVINGS,EUR,1450.18,7/12/2022 20:52,SUSPENDED
ACC0004875,CUST006966,CHECKING,EUR,528.68,2/21/2025 16:08,ACTIVE
ACC0004876,CUST005057,CHECKING,USD,324.61,6/5/2024 22:46,ACTIVE
ACC0004877,CUST004209,BUSINESS,INR,219.62,11/27/2025 11:58,ACTIVE
ACC0004878,CUST009582,SAVINGS,EUR,1842.1,12/20/2021 23:32,ACTIVE
ACC0004879,CUST009100,CHECKING,SGD,484.13,12/14/2024 10:24,SUSPENDED
ACC0004880,CUST008920,SAVINGS,EUR,3503.06,11/5/2023 0:17,ACTIVE
ACC0004881,CUST007084,SAVINGS,EUR,3613.89,6/19/2023 6:39,ACTIVE
ACC0004882,CUST003146,CHECKING,EUR,5702.71,1/2/2026 0:33,SUSPENDED
ACC0004883,CUST009944,CHECKING,PKR,394.31,10/22/2024 2:58,CLOSED
ACC0004884,CUST008029,SAVINGS,AUD,1939.99,6/20/2024 22:03,ACTIVE
ACC0004885,CUST005953,CHECKING,EUR,2342.43,3/9/2022 9:31,ACTIVE
ACC0004886,CUST001540,CHECKING,AED,620.79,10/30/2022 18:58,ACTIVE
ACC0004887,CUST003670,BUSINESS,EUR,434.36,8/7/2026 6:42,ACTIVE
ACC0004888,CUST005478,SAVINGS,EUR,7566.04,12/17/2025 18:38,SUSPENDED
ACC0004889,CUST000004,SAVINGS,JPY,1440.86,4/4/2025 15:31,ACTIVE
ACC0004890,CUST003006,BUSINESS,EUR,2352.33,1/30/2025 4:22,ACTIVE
ACC0004891,CUST006762,SAVINGS,EUR,408.92,8/28/2023 19:01,ACTIVE
ACC0004892,CUST002561,CHECKING,EUR,253.88,8/10/2022 0:34,ACTIVE
ACC0004893,CUST009586,BUSINESS,EUR,553.72,1/17/2026 5:14,ACTIVE
ACC0004894,CUST001426,CHECKING,EUR,944.99,11/27/2021 6:48,CLOSED
ACC0004895,CUST008595,SAVINGS,SGD,305.8,5/24/2024 20:40,ACTIVE
ACC0004896,CUST006300,SAVINGS,GBP,1083.75,12/22/2025 7:12,ACTIVE
ACC0004897,CUST009923,CHECKING,EUR,144.57,9/24/2023 19:07,ACTIVE
ACC0004898,CUST009877,BUSINESS,GBP,285.99,9/20/2021 14:24,ACTIVE
ACC0004899,CUST005614,SAVINGS,EUR,2453.06,6/28/2025 3:30,ACTIVE
ACC0004900,CUST008689,BUSINESS,JPY,2263.23,12/21/2024 5:26,ACTIVE
ACC0004901,CUST006250,SAVINGS,EUR,685.23,8/15/2026 14:34,SUSPENDED
ACC0004902,CUST009377,SAVINGS,EUR,323.33,11/23/2021 9:25,ACTIVE
ACC0004903,CUST003788,SAVINGS,EUR,319.61,3/2/2024 16:59,ACTIVE
ACC0004904,CUST002974,CHECKING,EUR,700.7,11/4/2024 13:55,SUSPENDED
ACC0004905,CUST006462,CHECKING,AUD,2376.59,5/9/2023 5:19,ACTIVE
ACC0004906,CUST002970,CHECKING,EUR,3340.56,5/3/2024 6:51,ACTIVE
ACC0004907,CUST002969,SAVINGS,EUR,604.36,11/5/2021 4:06,ACTIVE
ACC0004908,CUST003666,BUSINESS,AED,274.74,11/19/2025 12:30,ACTIVE
ACC0004909,CUST000937,SAVINGS,EUR,1512.34,9/5/2025 11:08,SUSPENDED
ACC0004910,CUST006340,BUSINESS,EUR,408.2,8/18/2023 4:19,SUSPENDED
ACC0004911,CUST007190,CHECKING,INR,588.81,7/31/2022 1:25,ACTIVE
ACC0004912,CUST005949,BUSINESS,USD,5379.4,4/22/2026 15:07,ACTIVE
ACC0004913,CUST001697,BUSINESS,JPY,2958.8,3/18/2026 21:28,CLOSED
ACC0004914,CUST005965,SAVINGS,GBP,1325.53,7/10/2024 4:23,CLOSED
ACC0004915,CUST007274,BUSINESS,EUR,238.34,8/28/2023 11:06,ACTIVE
ACC0004916,CUST002572,SAVINGS,AUD,1413.29,8/18/2025 3:28,ACTIVE
ACC0004917,CUST000117,CHECKING,CAD,3925.26,7/22/2025 19:30,ACTIVE
ACC0004918,CUST005500,SAVINGS,AED,698.71,9/22/2024 11:43,CLOSED
ACC0004919,CUST001571,SAVINGS,SGD,5548.8,9/9/2023 23:12,CLOSED
ACC0004920,CUST008178,CHECKING,INR,5173.45,7/3/2023 23:12,CLOSED
ACC0004921,CUST002997,BUSINESS,SGD,8074.61,8/21/2024 1:39,ACTIVE
ACC0004922,CUST000076,BUSINESS,SGD,1581.76,11/4/2023 9:31,ACTIVE
ACC0004923,CUST008323,SAVINGS,EUR,2219.13,1/10/2022 19:12,ACTIVE
ACC0004924,CUST008330,BUSINESS,PKR,5985.08,7/1/2026 13:07,CLOSED
ACC0004925,CUST008783,BUSINESS,EUR,1875.95,4/30/2024 11:12,CLOSED
ACC0004926,CUST009017,SAVINGS,JPY,600.95,9/22/2023 14:22,ACTIVE
ACC0004927,CUST000573,BUSINESS,USD,640.18,4/17/2023 20:48,ACTIVE
ACC0004928,CUST009912,SAVINGS,EUR,1460.11,2/3/2023 8:19,ACTIVE
ACC0004929,CUST005682,BUSINESS,USD,233.07,11/29/2023 8:04,ACTIVE
ACC0004930,CUST007846,BUSINESS,SGD,923.42,10/4/2023 4:36,ACTIVE
ACC0004931,CUST003483,BUSINESS,AED,4088.19,4/29/2023 21:04,ACTIVE
ACC0004932,CUST006730,SAVINGS,INR,79.08,6/7/2024 17:31,ACTIVE
ACC0004933,CUST008130,CHECKING,EUR,6914.52,10/23/2021 20:51,ACTIVE
ACC0004934,CUST006270,CHECKING,GBP,4216.87,12/29/2024 4:39,ACTIVE
ACC0004935,CUST008029,SAVINGS,AUD,631.62,7/19/2026 14:55,ACTIVE
ACC0004936,CUST006952,SAVINGS,AED,2105,2/15/2026 6:40,SUSPENDED
ACC0004937,CUST006451,SAVINGS,AED,1100.78,2/13/2024 4:07,CLOSED
ACC0004938,CUST005486,BUSINESS,SGD,4798.16,3/26/2024 21:21,ACTIVE
ACC0004939,CUST006345,SAVINGS,SGD,3566.07,9/20/2023 4:29,SUSPENDED
ACC0004940,CUST004249,BUSINESS,EUR,204.37,7/4/2023 0:47,CLOSED
ACC0004941,CUST004344,SAVINGS,EUR,2218.78,1/19/2026 9:22,CLOSED
ACC0004942,CUST001283,SAVINGS,GBP,856.84,10/26/2021 18:33,ACTIVE
ACC0004943,CUST003910,SAVINGS,USD,1211.24,1/6/2023 13:16,ACTIVE
ACC0004944,CUST004141,SAVINGS,AED,457.69,5/27/2024 21:39,CLOSED
ACC0004945,CUST000592,BUSINESS,AUD,8935.3,11/29/2023 4:43,CLOSED
ACC0004946,CUST002126,SAVINGS,EUR,3820.26,11/22/2025 19:43,ACTIVE
ACC0004947,CUST005973,CHECKING,EUR,451.36,5/30/2022 7:16,ACTIVE
ACC0004948,CUST008113,CHECKING,SGD,221.07,2/23/2023 9:05,SUSPENDED
ACC0004949,CUST000092,BUSINESS,JPY,690.35,9/4/2025 1:54,CLOSED
ACC0004950,CUST004472,BUSINESS,SGD,1847.16,4/10/2026 15:25,CLOSED
ACC0004951,CUST008589,BUSINESS,PKR,1463,9/9/2021 7:43,ACTIVE
ACC0004952,CUST005159,CHECKING,EUR,4933.28,12/30/2024 12:16,CLOSED
ACC0004953,CUST004239,SAVINGS,EUR,2829.64,11/10/2024 20:03,ACTIVE
ACC0004954,CUST003884,SAVINGS,JPY,3510.39,10/14/2023 16:02,ACTIVE
ACC0004955,CUST004582,BUSINESS,EUR,1623.32,4/12/2024 6:57,ACTIVE
ACC0004956,CUST007898,BUSINESS,EUR,207.03,5/6/2026 3:37,ACTIVE
ACC0004957,CUST006138,CHECKING,PKR,867.11,10/2/2024 7:38,SUSPENDED
ACC0004958,CUST003538,CHECKING,GBP,3913.19,2/8/2025 22:04,CLOSED
ACC0004959,CUST008744,SAVINGS,AED,1030.88,10/3/2025 10:38,ACTIVE
ACC0004960,CUST009509,CHECKING,GBP,2005.62,4/20/2026 20:55,ACTIVE
ACC0004961,CUST009948,CHECKING,GBP,748.07,11/8/2024 6:20,ACTIVE
ACC0004962,CUST006670,BUSINESS,EUR,318.69,1/12/2026 1:16,ACTIVE
ACC0004963,CUST004964,BUSINESS,EUR,945.76,2/6/2023 16:14,SUSPENDED
ACC0004964,CUST000703,BUSINESS,AUD,1588.99,1/13/2025 19:49,ACTIVE
ACC0004965,CUST000479,SAVINGS,PKR,499.28,11/26/2025 18:19,ACTIVE
ACC0004966,CUST007514,CHECKING,AED,826.46,9/6/2024 17:02,ACTIVE
ACC0004967,CUST004503,CHECKING,EUR,355.19,5/3/2024 6:46,ACTIVE
ACC0004968,CUST000022,BUSINESS,EUR,4201.07,8/2/2022 16:23,ACTIVE
ACC0004969,CUST003579,CHECKING,GBP,770.2,11/26/2022 12:37,CLOSED
ACC0004970,CUST004220,CHECKING,PKR,6268.59,9/25/2025 12:16,ACTIVE
ACC0004971,CUST001694,CHECKING,CAD,6867.1,2/5/2022 11:55,CLOSED
ACC0004972,CUST002313,SAVINGS,INR,995,6/17/2022 14:15,ACTIVE
ACC0004973,CUST008463,CHECKING,EUR,326.97,7/11/2022 23:01,SUSPENDED
ACC0004974,CUST007405,BUSINESS,JPY,89.74,2/19/2026 4:50,SUSPENDED
ACC0004975,CUST007076,CHECKING,EUR,187.46,5/20/2023 13:59,ACTIVE
ACC0004976,CUST004774,SAVINGS,AUD,210.9,3/25/2025 16:49,ACTIVE
ACC0004977,CUST004607,BUSINESS,GBP,5733.97,2/15/2022 9:53,ACTIVE
ACC0004978,CUST004366,BUSINESS,EUR,1260.15,1/4/2025 23:45,ACTIVE
ACC0004979,CUST007076,BUSINESS,EUR,1750.27,7/29/2023 19:15,ACTIVE
ACC0004980,CUST004058,CHECKING,AUD,76.36,11/15/2025 23:22,ACTIVE
ACC0004981,CUST007958,CHECKING,AUD,260.46,10/1/2021 18:14,SUSPENDED
ACC0004982,CUST007775,SAVINGS,USD,3179.55,5/17/2024 4:36,ACTIVE
ACC0004983,CUST005500,BUSINESS,AED,1547.09,7/6/2024 21:44,ACTIVE
ACC0004984,CUST000880,BUSINESS,EUR,919.06,4/7/2024 19:27,SUSPENDED
ACC0004985,CUST004648,CHECKING,CAD,2159.89,9/8/2024 8:48,ACTIVE
ACC0004986,CUST001455,CHECKING,AED,7808.42,2/17/2025 20:42,ACTIVE
ACC0004987,CUST008016,SAVINGS,EUR,841.13,7/6/2024 20:55,ACTIVE
ACC0004988,CUST007913,BUSINESS,EUR,1191.83,7/14/2022 8:27,ACTIVE
ACC0004989,CUST009771,SAVINGS,AUD,1381.76,6/29/2024 2:59,ACTIVE
ACC0004990,CUST006419,SAVINGS,EUR,19351.62,12/21/2023 8:56,SUSPENDED
ACC0004991,CUST004299,BUSINESS,EUR,88.3,5/29/2022 19:53,ACTIVE
ACC0004992,CUST007796,BUSINESS,JPY,2489.58,1/7/2024 2:06,CLOSED
ACC0004993,CUST007690,CHECKING,EUR,955.5,2/23/2023 0:28,SUSPENDED
ACC0004994,CUST003217,CHECKING,CAD,2164.89,7/11/2023 23:19,ACTIVE
ACC0004995,CUST006998,CHECKING,INR,498.28,3/24/2026 6:59,ACTIVE
ACC0004996,CUST004123,CHECKING,USD,1034.05,3/16/2025 8:14,ACTIVE
ACC0004997,CUST007327,BUSINESS,SGD,2575.23,4/18/2022 13:15,ACTIVE
ACC0004998,CUST004417,BUSINESS,EUR,45958.41,4/1/2024 23:46,ACTIVE
ACC0004999,CUST008653,BUSINESS,EUR,2891.83,4/30/2024 6:55,ACTIVE
ACC0005000,CUST005594,CHECKING,CAD,396.36,10/31/2021 3:05,ACTIVE
ACC0005001,CUST003006,SAVINGS,EUR,659.5,3/29/2024 17:59,ACTIVE
ACC0005002,CUST003043,SAVINGS,EUR,636.45,9/17/2022 16:23,ACTIVE
ACC0005003,CUST006611,BUSINESS,INR,127.13,7/24/2023 18:18,ACTIVE
ACC0005004,CUST005475,SAVINGS,EUR,737.96,5/15/2026 19:40,ACTIVE
ACC0005005,CUST000991,SAVINGS,EUR,2642.27,2/5/2023 1:02,ACTIVE
ACC0005006,CUST008877,BUSINESS,AUD,237.68,12/21/2022 8:24,ACTIVE
ACC0005007,CUST002621,BUSINESS,USD,3859.06,9/1/2024 7:35,ACTIVE
ACC0005008,CUST003919,BUSINESS,JPY,1969.1,1/10/2026 14:40,ACTIVE
ACC0005009,CUST001555,CHECKING,INR,454.37,3/13/2022 5:06,SUSPENDED
ACC0005010,CUST001799,CHECKING,EUR,925.34,12/3/2023 20:03,ACTIVE
ACC0005011,CUST008061,SAVINGS,JPY,7465.04,12/8/2021 4:24,ACTIVE
ACC0005012,CUST005963,BUSINESS,USD,2644.55,5/15/2022 18:45,CLOSED
ACC0005013,CUST009638,BUSINESS,USD,1108.25,9/22/2021 23:51,ACTIVE
ACC0005014,CUST001679,BUSINESS,EUR,824.5,7/30/2022 8:21,CLOSED
ACC0005015,CUST003394,CHECKING,USD,1202.23,9/6/2022 13:27,ACTIVE
ACC0005016,CUST006738,BUSINESS,PKR,593.41,7/23/2026 12:10,ACTIVE
ACC0005017,CUST000148,SAVINGS,JPY,87.73,11/10/2021 16:56,CLOSED
ACC0005018,CUST008275,CHECKING,AED,12715.96,7/30/2024 4:39,ACTIVE
ACC0005019,CUST009483,CHECKING,EUR,1321.32,12/11/2021 9:33,ACTIVE
ACC0005020,CUST006627,BUSINESS,JPY,1768.3,3/23/2024 0:31,ACTIVE
ACC0005021,CUST001952,CHECKING,USD,1023.02,4/8/2024 7:44,ACTIVE
ACC0005022,CUST004380,CHECKING,EUR,453.89,2/6/2023 17:12,ACTIVE
ACC0005023,CUST000587,SAVINGS,CAD,877.34,4/7/2026 19:08,SUSPENDED
ACC0005024,CUST003359,BUSINESS,GBP,160.89,7/7/2022 14:51,CLOSED
ACC0005025,CUST004938,SAVINGS,EUR,16856.71,3/21/2025 7:27,SUSPENDED
ACC0005026,CUST004406,BUSINESS,GBP,249.28,3/30/2024 5:18,ACTIVE
ACC0005027,CUST000175,CHECKING,GBP,317.87,5/7/2024 3:09,ACTIVE
ACC0005028,CUST008480,SAVINGS,INR,646.57,12/8/2025 10:50,ACTIVE
ACC0005029,CUST003491,SAVINGS,AUD,5144.54,12/12/2021 1:28,ACTIVE
ACC0005030,CUST004666,BUSINESS,USD,1115.89,2/20/2026 5:46,CLOSED
ACC0005031,CUST000119,SAVINGS,INR,248.8,7/30/2022 3:36,ACTIVE
ACC0005032,CUST002119,SAVINGS,USD,4940.42,12/10/2021 2:35,ACTIVE
ACC0005033,CUST008423,CHECKING,EUR,2636.48,1/9/2025 16:30,SUSPENDED
ACC0005034,CUST000163,CHECKING,PKR,2092.51,7/30/2023 2:17,ACTIVE
ACC0005035,CUST007401,BUSINESS,EUR,2588.62,6/20/2024 10:48,SUSPENDED
ACC0005036,CUST004012,BUSINESS,CAD,19404,9/6/2024 3:49,ACTIVE
ACC0005037,CUST004200,CHECKING,JPY,15094.93,7/5/2022 10:26,CLOSED
ACC0005038,CUST001356,SAVINGS,GBP,481.04,7/29/2026 6:16,ACTIVE
ACC0005039,CUST008508,SAVINGS,SGD,7697.59,10/28/2025 6:43,CLOSED
ACC0005040,CUST008235,SAVINGS,INR,1736.8,11/13/2022 8:58,ACTIVE
ACC0005041,CUST004378,CHECKING,EUR,1996.03,1/15/2025 14:51,SUSPENDED
ACC0005042,CUST009208,BUSINESS,EUR,143.92,4/8/2023 23:37,SUSPENDED
ACC0005043,CUST005169,BUSINESS,EUR,893.85,2/17/2024 17:27,SUSPENDED
ACC0005044,CUST003533,CHECKING,AED,413.48,12/20/2023 20:40,ACTIVE
ACC0005045,CUST003051,BUSINESS,EUR,2962.15,9/8/2024 9:10,ACTIVE
ACC0005046,CUST007556,BUSINESS,AED,3965.14,5/10/2024 18:36,ACTIVE
ACC0005047,CUST007139,CHECKING,SGD,90.98,3/10/2025 18:29,CLOSED
ACC0005048,CUST005608,CHECKING,EUR,1068.02,10/24/2024 1:58,ACTIVE
ACC0005049,CUST000887,CHECKING,JPY,4214.28,5/5/2026 13:13,CLOSED
ACC0005050,CUST005925,CHECKING,EUR,876.54,12/31/2022 6:39,ACTIVE
ACC0005051,CUST000619,CHECKING,EUR,2630.36,2/13/2024 13:50,SUSPENDED
ACC0005052,CUST009800,BUSINESS,EUR,1671.37,11/7/2025 13:35,SUSPENDED
ACC0005053,CUST006590,SAVINGS,INR,1652.41,3/15/2025 3:25,ACTIVE
ACC0005054,CUST003588,CHECKING,CAD,791.89,5/22/2026 15:35,SUSPENDED
ACC0005055,CUST002706,CHECKING,CAD,254.7,10/22/2022 6:55,ACTIVE
ACC0005056,CUST006547,SAVINGS,AUD,285.48,5/4/2024 1:19,ACTIVE
ACC0005057,CUST000053,CHECKING,INR,2568.87,3/12/2026 23:40,ACTIVE
ACC0005058,CUST007212,BUSINESS,USD,1122.54,10/21/2023 10:44,CLOSED
ACC0005059,CUST009719,CHECKING,AUD,928.7,9/7/2024 18:44,ACTIVE
ACC0005060,CUST004509,CHECKING,AED,659.4,11/22/2025 6:43,ACTIVE
ACC0005061,CUST007585,CHECKING,USD,760.35,10/12/2022 16:07,ACTIVE
ACC0005062,CUST000422,CHECKING,INR,3851.79,12/1/2022 11:11,ACTIVE
ACC0005063,CUST009983,SAVINGS,EUR,733.41,1/21/2022 10:43,ACTIVE
ACC0005064,CUST001531,BUSINESS,INR,219.36,10/19/2024 16:09,ACTIVE
ACC0005065,CUST000072,CHECKING,JPY,2676.81,1/7/2022 10:42,ACTIVE
ACC0005066,CUST002098,CHECKING,EUR,857.61,9/5/2022 14:54,ACTIVE
ACC0005067,CUST008712,CHECKING,JPY,1138.74,5/19/2022 2:32,CLOSED
ACC0005068,CUST000639,BUSINESS,CAD,7548.42,11/28/2024 20:17,ACTIVE
ACC0005069,CUST008474,CHECKING,EUR,1069.91,10/31/2021 19:12,ACTIVE
ACC0005070,CUST004931,BUSINESS,AUD,1551.57,11/3/2021 3:05,ACTIVE
ACC0005071,CUST000534,BUSINESS,USD,266.48,11/3/2022 7:47,ACTIVE
ACC0005072,CUST000917,SAVINGS,CAD,842.52,4/15/2025 20:34,ACTIVE
ACC0005073,CUST008695,SAVINGS,GBP,2278.86,1/22/2026 1:30,CLOSED
ACC0005074,CUST007345,CHECKING,CAD,169.62,3/19/2024 23:39,SUSPENDED
ACC0005075,CUST005881,SAVINGS,SGD,1395.51,8/16/2026 16:13,ACTIVE
ACC0005076,CUST009831,SAVINGS,EUR,1237.62,5/12/2025 4:28,ACTIVE
ACC0005077,CUST009616,BUSINESS,EUR,1152.33,9/11/2025 11:52,CLOSED
ACC0005078,CUST002464,SAVINGS,AED,3806.98,7/19/2025 8:11,CLOSED
ACC0005079,CUST005399,BUSINESS,EUR,1638.16,11/7/2025 18:36,CLOSED
ACC0005080,CUST005365,CHECKING,EUR,6461.95,5/1/2025 17:05,SUSPENDED
ACC0005081,CUST001720,SAVINGS,AED,332.85,9/6/2022 11:57,ACTIVE
ACC0005082,CUST008779,CHECKING,USD,1290.92,8/14/2026 4:16,ACTIVE
ACC0005083,CUST002382,BUSINESS,GBP,1213.62,2/25/2023 15:53,ACTIVE
ACC0005084,CUST008442,CHECKING,EUR,303.96,1/20/2022 11:24,ACTIVE
ACC0005085,CUST004498,CHECKING,INR,3454.92,10/11/2022 13:35,SUSPENDED
ACC0005086,CUST005817,CHECKING,EUR,17847.31,7/29/2026 11:37,SUSPENDED
ACC0005087,CUST005625,CHECKING,JPY,1074.48,8/12/2025 3:41,ACTIVE
ACC0005088,CUST005983,BUSINESS,EUR,2010.27,1/24/2025 17:25,ACTIVE
ACC0005089,CUST006862,BUSINESS,CAD,1213.69,10/3/2023 22:04,SUSPENDED
ACC0005090,CUST001299,SAVINGS,EUR,465.77,5/22/2025 0:47,ACTIVE
ACC0005091,CUST009696,CHECKING,EUR,123.36,6/12/2025 9:43,ACTIVE
ACC0005092,CUST000879,BUSINESS,AUD,470.16,7/21/2024 5:10,ACTIVE
ACC0005093,CUST009424,SAVINGS,AED,206.37,8/8/2024 2:21,CLOSED
ACC0005094,CUST005380,SAVINGS,PKR,8475.39,9/20/2024 22:17,ACTIVE
ACC0005095,CUST008222,SAVINGS,EUR,955.15,6/1/2025 6:29,ACTIVE
ACC0005096,CUST001693,BUSINESS,EUR,724.08,3/5/2024 17:45,ACTIVE
ACC0005097,CUST000245,BUSINESS,SGD,3187.48,8/16/2023 23:18,ACTIVE
ACC0005098,CUST008397,BUSINESS,AED,285.4,7/13/2022 15:13,ACTIVE
ACC0005099,CUST009588,BUSINESS,PKR,436.93,4/6/2023 0:51,ACTIVE
ACC0005100,CUST005331,BUSINESS,GBP,1189.97,11/27/2024 5:38,ACTIVE
ACC0005101,CUST008363,BUSINESS,SGD,3768.84,11/24/2024 13:02,ACTIVE
ACC0005102,CUST004183,SAVINGS,GBP,2002.24,6/6/2025 18:06,ACTIVE
ACC0005103,CUST004760,CHECKING,EUR,1477.33,6/7/2022 19:11,ACTIVE
ACC0005104,CUST005447,CHECKING,EUR,1204.41,6/6/2022 0:58,ACTIVE
ACC0005105,CUST006767,BUSINESS,AED,1772.74,1/20/2025 1:43,ACTIVE
ACC0005106,CUST005680,SAVINGS,EUR,1396.86,1/17/2023 19:07,SUSPENDED
ACC0005107,CUST003447,SAVINGS,INR,318.63,9/11/2024 12:08,ACTIVE
ACC0005108,CUST008329,BUSINESS,EUR,1158.98,5/17/2023 15:17,ACTIVE
ACC0005109,CUST001016,BUSINESS,JPY,302.35,7/2/2024 4:04,CLOSED
ACC0005110,CUST002198,BUSINESS,EUR,1208.7,3/4/2023 10:12,ACTIVE
ACC0005111,CUST007318,SAVINGS,CAD,615.98,10/19/2022 13:52,ACTIVE
ACC0005112,CUST004916,SAVINGS,GBP,23092.38,8/1/2023 0:58,ACTIVE
ACC0005113,CUST008138,SAVINGS,EUR,1045.37,5/27/2026 14:06,ACTIVE
ACC0005114,CUST006097,BUSINESS,INR,203.35,1/12/2025 8:52,ACTIVE
ACC0005115,CUST006062,SAVINGS,PKR,933.54,1/25/2023 23:17,CLOSED
ACC0005116,CUST001925,CHECKING,EUR,2045.16,7/15/2026 2:31,ACTIVE
ACC0005117,CUST008427,SAVINGS,INR,8168.47,5/5/2022 10:12,ACTIVE
ACC0005118,CUST004727,BUSINESS,USD,540.59,3/18/2026 22:06,SUSPENDED
ACC0005119,CUST004069,SAVINGS,EUR,164.2,9/13/2025 9:01,SUSPENDED
ACC0005120,CUST007700,BUSINESS,EUR,2922.53,8/16/2026 12:49,ACTIVE
ACC0005121,CUST000279,SAVINGS,EUR,209.2,5/11/2023 17:55,ACTIVE
ACC0005122,CUST004670,SAVINGS,AED,649.77,8/15/2025 4:18,ACTIVE
ACC0005123,CUST009828,SAVINGS,EUR,805.01,7/16/2024 17:27,SUSPENDED
ACC0005124,CUST005088,BUSINESS,AED,1008.72,10/10/2023 8:56,CLOSED
ACC0005125,CUST006817,SAVINGS,EUR,2507.39,7/6/2025 3:41,ACTIVE
ACC0005126,CUST001729,SAVINGS,AED,482.82,10/6/2022 19:49,ACTIVE
ACC0005127,CUST002173,CHECKING,EUR,789.6,9/19/2025 5:25,CLOSED
ACC0005128,CUST009235,SAVINGS,EUR,1078.01,8/30/2024 10:16,ACTIVE
ACC0005129,CUST008005,CHECKING,AUD,1312.27,6/28/2022 8:49,ACTIVE
ACC0005130,CUST005405,SAVINGS,SGD,1233.23,6/29/2023 14:32,SUSPENDED
ACC0005131,CUST003621,SAVINGS,CAD,1850.49,4/24/2022 3:20,ACTIVE
ACC0005132,CUST002765,SAVINGS,EUR,3018.78,6/6/2024 17:11,ACTIVE
ACC0005133,CUST007320,SAVINGS,EUR,1756.64,1/27/2026 11:39,SUSPENDED
ACC0005134,CUST000342,SAVINGS,EUR,1889.94,11/15/2024 22:12,ACTIVE
ACC0005135,CUST002031,CHECKING,AED,164.24,11/11/2022 18:18,ACTIVE
ACC0005136,CUST008042,CHECKING,SGD,1164.76,11/5/2021 15:41,CLOSED
ACC0005137,CUST007909,SAVINGS,SGD,1949.66,8/30/2025 6:24,ACTIVE
ACC0005138,CUST003234,CHECKING,JPY,2629.97,4/7/2022 9:44,ACTIVE
ACC0005139,CUST006027,CHECKING,GBP,477.79,5/26/2023 0:35,CLOSED
ACC0005140,CUST003309,SAVINGS,INR,497.28,2/9/2026 12:04,ACTIVE
ACC0005141,CUST008134,BUSINESS,PKR,550.64,7/6/2026 23:08,ACTIVE
ACC0005142,CUST000916,SAVINGS,USD,2087.45,10/17/2023 3:15,ACTIVE
ACC0005143,CUST005973,SAVINGS,EUR,3792.03,9/12/2025 6:50,SUSPENDED
ACC0005144,CUST003943,SAVINGS,AED,672.53,8/12/2025 1:08,ACTIVE
ACC0005145,CUST005827,BUSINESS,SGD,3260.24,5/12/2026 8:23,ACTIVE
ACC0005146,CUST005957,SAVINGS,EUR,1271.78,7/4/2024 13:05,ACTIVE
ACC0005147,CUST002016,SAVINGS,SGD,944.69,3/12/2024 19:59,SUSPENDED
ACC0005148,CUST003518,CHECKING,SGD,850.94,2/2/2022 9:55,ACTIVE
ACC0005149,CUST007925,BUSINESS,EUR,2686.34,6/4/2025 20:32,ACTIVE
ACC0005150,CUST006796,BUSINESS,EUR,1620.83,8/18/2026 2:55,ACTIVE
ACC0005151,CUST009184,BUSINESS,EUR,16831.22,11/11/2023 16:56,ACTIVE
ACC0005152,CUST000128,SAVINGS,EUR,394.39,8/3/2024 7:24,CLOSED
ACC0005153,CUST009512,CHECKING,SGD,2042.08,9/29/2023 2:55,ACTIVE
ACC0005154,CUST008237,SAVINGS,USD,581.12,6/15/2023 15:29,CLOSED
ACC0005155,CUST000833,SAVINGS,INR,386.39,12/23/2023 11:28,ACTIVE
ACC0005156,CUST001302,SAVINGS,AED,1082.43,5/15/2022 18:35,ACTIVE
ACC0005157,CUST006072,SAVINGS,SGD,1293.13,7/12/2022 5:15,CLOSED
ACC0005158,CUST007726,BUSINESS,INR,36381.23,3/22/2023 8:43,ACTIVE
ACC0005159,CUST002600,CHECKING,USD,879.21,7/4/2023 17:40,CLOSED
ACC0005160,CUST009488,SAVINGS,EUR,282.53,2/13/2025 1:01,SUSPENDED
ACC0005161,CUST003794,CHECKING,AED,1521.74,3/13/2024 19:55,ACTIVE
ACC0005162,CUST009110,SAVINGS,PKR,90.96,2/8/2025 12:58,ACTIVE
ACC0005163,CUST003975,CHECKING,EUR,982.06,3/10/2023 23:54,CLOSED
ACC0005164,CUST006886,CHECKING,GBP,1117.93,4/9/2026 3:21,SUSPENDED
ACC0005165,CUST009434,BUSINESS,AUD,2845.58,5/28/2024 18:41,SUSPENDED
ACC0005166,CUST008951,SAVINGS,INR,3527.51,1/24/2022 17:06,CLOSED
ACC0005167,CUST000401,CHECKING,SGD,599.27,11/3/2024 9:32,ACTIVE
ACC0005168,CUST006039,SAVINGS,JPY,915.31,7/11/2026 21:20,SUSPENDED
ACC0005169,CUST003227,BUSINESS,PKR,437.32,1/16/2025 7:56,ACTIVE
ACC0005170,CUST001522,CHECKING,EUR,283.25,7/13/2025 1:02,ACTIVE
ACC0005171,CUST003353,CHECKING,EUR,1590.61,12/22/2022 6:03,ACTIVE
ACC0005172,CUST002651,SAVINGS,GBP,237.86,9/13/2021 12:45,ACTIVE
ACC0005173,CUST000795,CHECKING,CAD,666.77,1/10/2025 17:03,SUSPENDED
ACC0005174,CUST003111,BUSINESS,JPY,332.22,11/29/2023 2:18,CLOSED
ACC0005175,CUST003889,BUSINESS,INR,2120.95,7/26/2025 10:34,ACTIVE
ACC0005176,CUST009350,SAVINGS,EUR,9525.39,4/7/2024 4:42,ACTIVE
ACC0005177,CUST008189,BUSINESS,EUR,230,9/11/2021 5:05,ACTIVE
ACC0005178,CUST003031,CHECKING,SGD,118.67,7/18/2024 9:33,CLOSED
ACC0005179,CUST003870,BUSINESS,JPY,944.01,10/19/2024 18:03,SUSPENDED
ACC0005180,CUST007333,BUSINESS,INR,1117.49,10/14/2021 14:40,ACTIVE
ACC0005181,CUST001029,BUSINESS,CAD,1425.66,7/21/2023 10:51,SUSPENDED
ACC0005182,CUST003462,BUSINESS,AED,641.89,9/11/2025 15:07,ACTIVE
ACC0005183,CUST004643,SAVINGS,EUR,861.98,5/2/2024 1:32,SUSPENDED
ACC0005184,CUST001628,SAVINGS,EUR,1704.48,10/2/2021 23:51,ACTIVE
ACC0005185,CUST007083,SAVINGS,EUR,3821.95,9/14/2022 21:40,ACTIVE
ACC0005186,CUST004473,CHECKING,EUR,105,2/17/2025 5:35,CLOSED
ACC0005187,CUST000130,BUSINESS,USD,704.35,8/25/2021 16:28,ACTIVE
ACC0005188,CUST004899,BUSINESS,EUR,1417.39,5/24/2024 17:00,CLOSED
ACC0005189,CUST001519,CHECKING,EUR,364.46,9/30/2024 15:36,ACTIVE
ACC0005190,CUST003054,BUSINESS,EUR,8755.2,10/23/2025 14:54,ACTIVE
ACC0005191,CUST007127,SAVINGS,AUD,511.58,1/7/2022 6:05,ACTIVE
ACC0005192,CUST004557,CHECKING,PKR,1043.62,1/5/2024 0:17,CLOSED
ACC0005193,CUST006768,SAVINGS,EUR,2137.15,9/26/2025 2:01,ACTIVE
ACC0005194,CUST000492,SAVINGS,SGD,539.4,12/21/2025 20:03,ACTIVE
ACC0005195,CUST009156,CHECKING,EUR,119.6,6/10/2025 14:49,CLOSED
ACC0005196,CUST002728,SAVINGS,AUD,655.64,3/9/2022 6:01,SUSPENDED
ACC0005197,CUST007113,SAVINGS,SGD,3771.88,10/11/2022 9:28,ACTIVE
ACC0005198,CUST007248,BUSINESS,GBP,731.96,8/16/2023 18:53,CLOSED
ACC0005199,CUST005362,BUSINESS,CAD,397.14,9/23/2025 13:54,ACTIVE
ACC0005200,CUST009006,SAVINGS,EUR,3330.26,2/24/2023 10:34,ACTIVE
ACC0005201,CUST004954,SAVINGS,GBP,737.36,5/18/2026 13:35,SUSPENDED
ACC0005202,CUST009282,CHECKING,EUR,594.55,8/21/2025 6:13,ACTIVE
ACC0005203,CUST006360,BUSINESS,EUR,1312.05,9/1/2023 13:26,ACTIVE
ACC0005204,CUST001447,SAVINGS,AUD,2765.29,9/22/2024 0:45,ACTIVE
ACC0005205,CUST006292,BUSINESS,INR,19111.7,10/22/2025 16:43,ACTIVE
ACC0005206,CUST009324,BUSINESS,EUR,2959.23,1/20/2025 13:35,CLOSED
ACC0005207,CUST005488,CHECKING,GBP,4410.79,1/22/2026 18:41,ACTIVE
ACC0005208,CUST005359,SAVINGS,JPY,597.55,9/10/2024 0:27,ACTIVE
ACC0005209,CUST006609,SAVINGS,GBP,320.2,5/4/2025 9:15,CLOSED
ACC0005210,CUST002363,CHECKING,SGD,1181.8,10/21/2023 4:50,SUSPENDED
ACC0005211,CUST004574,CHECKING,EUR,1247.13,12/9/2022 6:52,ACTIVE
ACC0005212,CUST006208,BUSINESS,PKR,300.6,3/1/2025 11:03,ACTIVE
ACC0005213,CUST009102,BUSINESS,EUR,888.6,8/9/2024 6:21,ACTIVE
ACC0005214,CUST004396,BUSINESS,SGD,1770.79,6/15/2023 4:37,ACTIVE
ACC0005215,CUST006398,SAVINGS,EUR,1689.98,7/31/2026 11:59,CLOSED
ACC0005216,CUST008510,CHECKING,EUR,2008.5,3/4/2022 8:03,ACTIVE
ACC0005217,CUST008811,CHECKING,EUR,1554.89,4/23/2024 2:30,ACTIVE
ACC0005218,CUST009447,CHECKING,EUR,596.8,1/24/2024 12:48,ACTIVE
ACC0005219,CUST002235,SAVINGS,SGD,591.89,8/29/2025 5:14,ACTIVE
ACC0005220,CUST009179,SAVINGS,JPY,260.15,5/6/2022 1:25,ACTIVE
ACC0005221,CUST003044,CHECKING,AED,9336.9,11/15/2025 13:45,ACTIVE
ACC0005222,CUST007663,CHECKING,CAD,1114.48,5/18/2025 20:24,ACTIVE
ACC0005223,CUST007963,BUSINESS,CAD,837.29,10/23/2023 4:37,SUSPENDED
ACC0005224,CUST004422,CHECKING,EUR,359.76,6/20/2022 10:07,ACTIVE
ACC0005225,CUST001054,CHECKING,EUR,37152.62,3/30/2025 19:04,SUSPENDED
ACC0005226,CUST006778,SAVINGS,PKR,302.48,2/15/2026 4:32,ACTIVE
ACC0005227,CUST008534,SAVINGS,EUR,655.49,3/30/2025 0:45,ACTIVE
ACC0005228,CUST008216,CHECKING,EUR,1806.24,10/19/2025 12:50,ACTIVE
ACC0005229,CUST004350,SAVINGS,USD,2253.54,1/20/2024 21:14,ACTIVE
ACC0005230,CUST009571,SAVINGS,AUD,3461.71,1/5/2024 10:34,CLOSED
ACC0005231,CUST005334,BUSINESS,AED,9596.27,2/13/2026 2:05,ACTIVE
ACC0005232,CUST006544,BUSINESS,EUR,2013.02,6/16/2026 4:29,CLOSED
ACC0005233,CUST006093,SAVINGS,GBP,308.82,1/2/2025 0:30,SUSPENDED
ACC0005234,CUST006314,BUSINESS,INR,805.66,8/30/2022 3:58,CLOSED
ACC0005235,CUST000035,CHECKING,INR,1586.68,7/5/2024 1:03,ACTIVE
ACC0005236,CUST005527,CHECKING,AUD,13119.71,7/11/2022 19:06,CLOSED
ACC0005237,CUST002159,SAVINGS,CAD,204.92,4/29/2025 10:51,CLOSED
ACC0005238,CUST007848,BUSINESS,JPY,4642.89,10/8/2021 14:01,ACTIVE
ACC0005239,CUST004279,BUSINESS,EUR,1360.89,10/18/2021 10:08,ACTIVE
ACC0005240,CUST009858,SAVINGS,EUR,2997.09,5/20/2026 14:07,ACTIVE
ACC0005241,CUST006787,CHECKING,AUD,970.3,10/1/2021 0:07,ACTIVE
ACC0005242,CUST007650,CHECKING,CAD,399.05,10/25/2023 19:32,ACTIVE
ACC0005243,CUST006736,CHECKING,INR,2700.11,1/25/2024 8:54,ACTIVE
ACC0005244,CUST007118,SAVINGS,AUD,2405.03,5/20/2023 4:42,ACTIVE
ACC0005245,CUST004118,SAVINGS,EUR,3520.89,9/28/2024 12:17,ACTIVE
ACC0005246,CUST000694,CHECKING,CAD,1079.26,3/16/2026 18:55,ACTIVE
ACC0005247,CUST002473,CHECKING,PKR,533.9,8/4/2023 0:31,CLOSED
ACC0005248,CUST008358,SAVINGS,GBP,168.93,7/27/2024 6:28,ACTIVE
ACC0005249,CUST004097,SAVINGS,INR,2931.44,7/20/2022 22:06,CLOSED
ACC0005250,CUST001635,SAVINGS,EUR,1823.78,8/31/2021 7:49,ACTIVE
ACC0005251,CUST000831,CHECKING,USD,344.14,1/19/2022 5:42,ACTIVE
ACC0005252,CUST001357,BUSINESS,INR,574.62,3/12/2025 11:12,SUSPENDED
ACC0005253,CUST001519,BUSINESS,EUR,626.34,8/28/2025 8:14,SUSPENDED
ACC0005254,CUST005696,BUSINESS,EUR,185.01,12/7/2021 6:47,CLOSED
ACC0005255,CUST000356,SAVINGS,EUR,411.08,6/12/2025 18:52,ACTIVE
ACC0005256,CUST006129,BUSINESS,EUR,281.29,4/27/2025 13:53,ACTIVE
ACC0005257,CUST003858,CHECKING,GBP,668.49,11/9/2021 12:52,ACTIVE
ACC0005258,CUST008968,SAVINGS,AED,451.95,9/29/2023 19:40,ACTIVE
ACC0005259,CUST008904,CHECKING,INR,155.65,11/27/2023 19:58,CLOSED
ACC0005260,CUST004311,CHECKING,GBP,12420.56,10/6/2024 14:44,ACTIVE
ACC0005261,CUST003045,BUSINESS,PKR,4929.78,7/16/2023 12:14,SUSPENDED
ACC0005262,CUST008204,SAVINGS,CAD,430.6,10/24/2021 21:07,ACTIVE
ACC0005263,CUST006730,BUSINESS,INR,1520.67,12/1/2021 9:09,ACTIVE
ACC0005264,CUST003051,SAVINGS,EUR,1809.78,7/18/2025 16:22,CLOSED
ACC0005265,CUST009684,BUSINESS,EUR,4579.31,4/5/2023 14:27,CLOSED
ACC0005266,CUST000781,SAVINGS,EUR,410.62,1/14/2024 20:11,ACTIVE
ACC0005267,CUST003395,CHECKING,INR,4066.46,5/24/2022 18:49,SUSPENDED
ACC0005268,CUST001570,CHECKING,AED,568.22,9/15/2024 20:13,ACTIVE
ACC0005269,CUST000665,BUSINESS,AED,220.74,12/20/2022 0:45,SUSPENDED
ACC0005270,CUST001269,BUSINESS,EUR,2614.85,9/24/2025 9:26,ACTIVE
ACC0005271,CUST000709,CHECKING,EUR,5161.13,12/31/2023 17:58,ACTIVE
ACC0005272,CUST002476,CHECKING,EUR,24477.04,12/16/2022 10:35,SUSPENDED
ACC0005273,CUST001336,BUSINESS,CAD,259.91,5/16/2022 12:17,ACTIVE
ACC0005274,CUST005728,SAVINGS,PKR,2536.91,11/7/2022 21:27,CLOSED
ACC0005275,CUST004842,BUSINESS,INR,670.64,3/22/2026 3:57,ACTIVE
ACC0005276,CUST005929,BUSINESS,CAD,2807.45,9/6/2022 18:04,SUSPENDED
ACC0005277,CUST000343,SAVINGS,SGD,187.81,9/27/2023 23:45,ACTIVE
ACC0005278,CUST007751,CHECKING,EUR,240.97,5/11/2023 8:52,CLOSED
ACC0005279,CUST002953,SAVINGS,PKR,432.23,2/25/2022 6:00,SUSPENDED
ACC0005280,CUST007033,CHECKING,USD,1205.63,3/1/2024 21:50,ACTIVE
ACC0005281,CUST004751,CHECKING,GBP,508.11,9/13/2023 6:44,ACTIVE
ACC0005282,CUST008255,CHECKING,AED,2418.41,2/13/2026 15:39,ACTIVE
ACC0005283,CUST005114,CHECKING,GBP,3760.37,2/11/2022 15:42,CLOSED
ACC0005284,CUST007930,SAVINGS,EUR,2251.82,9/1/2022 13:40,CLOSED
ACC0005285,CUST006002,CHECKING,USD,7650.64,4/26/2026 0:47,ACTIVE
ACC0005286,CUST000658,SAVINGS,PKR,1806.22,2/11/2022 23:46,ACTIVE
ACC0005287,CUST000178,BUSINESS,AUD,254.61,3/30/2026 17:13,ACTIVE
ACC0005288,CUST002293,CHECKING,CAD,5631.05,10/30/2025 12:55,ACTIVE
ACC0005289,CUST009008,BUSINESS,EUR,530.5,8/22/2024 10:47,ACTIVE
ACC0005290,CUST004711,SAVINGS,INR,3269.86,4/4/2023 7:58,ACTIVE
ACC0005291,CUST007536,CHECKING,CAD,7248,7/5/2025 19:19,ACTIVE
ACC0005292,CUST007324,CHECKING,EUR,1896.99,3/6/2024 2:24,ACTIVE
ACC0005293,CUST000717,SAVINGS,INR,182.11,7/23/2022 8:37,ACTIVE
ACC0005294,CUST001355,BUSINESS,EUR,364.36,2/17/2023 3:06,ACTIVE
ACC0005295,CUST007266,SAVINGS,AED,5363.08,3/15/2025 9:22,ACTIVE
ACC0005296,CUST001426,CHECKING,EUR,895.21,10/19/2021 19:35,ACTIVE
ACC0005297,CUST006963,SAVINGS,SGD,1206.51,11/9/2021 19:12,ACTIVE
ACC0005298,CUST006524,CHECKING,USD,2726,1/9/2023 0:05,ACTIVE
ACC0005299,CUST003632,CHECKING,EUR,2529.02,4/2/2025 12:16,ACTIVE
ACC0005300,CUST001417,SAVINGS,EUR,1532.35,5/21/2025 14:02,ACTIVE
ACC0005301,CUST005567,BUSINESS,JPY,853.72,12/1/2023 10:01,ACTIVE
ACC0005302,CUST006858,CHECKING,EUR,753.55,7/24/2024 14:23,ACTIVE
ACC0005303,CUST007434,SAVINGS,EUR,3070.14,1/5/2026 3:43,ACTIVE
ACC0005304,CUST005544,CHECKING,JPY,2130.87,12/6/2024 13:40,ACTIVE
ACC0005305,CUST007486,CHECKING,EUR,805.32,4/11/2022 4:31,ACTIVE
ACC0005306,CUST003965,SAVINGS,AED,4017.98,2/2/2026 14:54,CLOSED
ACC0005307,CUST007751,BUSINESS,EUR,939.32,6/30/2026 18:35,ACTIVE
ACC0005308,CUST002359,SAVINGS,SGD,394.65,11/3/2023 20:14,CLOSED
ACC0005309,CUST005146,CHECKING,AED,441.08,10/5/2022 13:59,ACTIVE
ACC0005310,CUST000127,SAVINGS,JPY,338.83,11/24/2021 21:02,CLOSED
ACC0005311,CUST007154,BUSINESS,JPY,790.85,11/27/2024 13:49,ACTIVE
ACC0005312,CUST000683,SAVINGS,CAD,4819.71,12/6/2022 1:03,SUSPENDED
ACC0005313,CUST000045,SAVINGS,EUR,417.33,2/26/2024 4:39,ACTIVE
ACC0005314,CUST001246,CHECKING,JPY,1374.95,3/17/2026 19:43,ACTIVE
ACC0005315,CUST001364,BUSINESS,SGD,498.68,3/13/2026 19:35,SUSPENDED
ACC0005316,CUST001497,SAVINGS,SGD,802.42,7/15/2025 4:55,ACTIVE
ACC0005317,CUST009812,CHECKING,SGD,179.1,12/2/2025 7:56,ACTIVE
ACC0005318,CUST003948,SAVINGS,EUR,841.64,10/2/2022 22:28,ACTIVE
ACC0005319,CUST009411,CHECKING,EUR,869.18,11/29/2021 11:26,CLOSED
ACC0005320,CUST003791,CHECKING,EUR,2097.17,1/7/2023 3:38,CLOSED
ACC0005321,CUST006072,SAVINGS,SGD,1433.59,6/4/2026 2:30,SUSPENDED
ACC0005322,CUST004619,BUSINESS,GBP,260.32,11/13/2022 8:17,SUSPENDED
ACC0005323,CUST005238,CHECKING,EUR,4028.05,8/12/2024 19:56,ACTIVE
ACC0005324,CUST005421,SAVINGS,JPY,1411.44,4/23/2023 4:16,ACTIVE
ACC0005325,CUST007248,BUSINESS,GBP,1391.41,4/20/2025 19:21,ACTIVE
ACC0005326,CUST003086,CHECKING,EUR,1084.62,8/9/2024 19:32,ACTIVE
ACC0005327,CUST008651,CHECKING,EUR,589.16,5/9/2024 7:42,ACTIVE
ACC0005328,CUST002424,SAVINGS,AED,1424.2,12/2/2022 8:04,ACTIVE
ACC0005329,CUST006488,BUSINESS,EUR,1940.51,12/20/2022 3:48,ACTIVE
ACC0005330,CUST006755,BUSINESS,EUR,134.79,11/1/2021 2:06,SUSPENDED
ACC0005331,CUST005478,BUSINESS,EUR,574.49,4/25/2024 21:09,CLOSED
ACC0005332,CUST005422,BUSINESS,EUR,807.6,4/5/2023 23:40,ACTIVE
ACC0005333,CUST009397,CHECKING,EUR,1491.3,3/24/2026 20:32,ACTIVE
ACC0005334,CUST000566,SAVINGS,EUR,4591.55,2/3/2024 10:58,ACTIVE
ACC0005335,CUST001062,SAVINGS,AUD,434.38,2/7/2026 20:46,CLOSED
ACC0005336,CUST004994,BUSINESS,EUR,603.32,3/6/2022 13:26,SUSPENDED
ACC0005337,CUST000538,SAVINGS,JPY,592.86,8/21/2023 8:51,ACTIVE
ACC0005338,CUST000818,BUSINESS,EUR,419.12,9/20/2021 4:03,ACTIVE
ACC0005339,CUST003119,SAVINGS,EUR,722.98,2/17/2023 6:41,ACTIVE
ACC0005340,CUST005981,BUSINESS,PKR,2765.46,8/25/2024 13:18,ACTIVE
ACC0005341,CUST003675,SAVINGS,EUR,309.64,7/9/2022 14:57,ACTIVE
ACC0005342,CUST003902,CHECKING,INR,1832.39,7/29/2024 14:04,ACTIVE
ACC0005343,CUST007897,BUSINESS,AED,142.27,8/12/2025 10:54,ACTIVE
ACC0005344,CUST004959,CHECKING,EUR,559.14,8/19/2022 12:56,ACTIVE
ACC0005345,CUST000868,CHECKING,EUR,738.49,12/23/2024 21:34,SUSPENDED
ACC0005346,CUST008852,SAVINGS,INR,8183.14,3/8/2022 10:27,ACTIVE
ACC0005347,CUST006646,SAVINGS,EUR,788.58,7/14/2024 0:05,ACTIVE
ACC0005348,CUST007387,SAVINGS,EUR,78.14,3/7/2024 8:26,ACTIVE
ACC0005349,CUST002404,CHECKING,EUR,99.62,2/19/2025 15:43,ACTIVE
ACC0005350,CUST000176,BUSINESS,EUR,1142.34,7/15/2025 19:06,ACTIVE
ACC0005351,CUST007223,CHECKING,EUR,2290.5,12/8/2022 20:04,ACTIVE
ACC0005352,CUST003014,SAVINGS,EUR,1720.8,4/6/2023 14:01,CLOSED
ACC0005353,CUST002780,BUSINESS,EUR,1340.88,10/11/2021 7:00,CLOSED
ACC0005354,CUST003670,CHECKING,EUR,4423.61,2/8/2024 13:40,CLOSED
ACC0005355,CUST009264,BUSINESS,EUR,573.92,3/26/2024 17:40,ACTIVE
ACC0005356,CUST001517,SAVINGS,AED,3209.57,7/21/2022 16:45,CLOSED
ACC0005357,CUST008833,SAVINGS,INR,154.71,4/19/2026 8:19,ACTIVE
ACC0005358,CUST008671,CHECKING,SGD,370.21,10/8/2024 22:52,ACTIVE
ACC0005359,CUST006203,BUSINESS,SGD,125.41,12/19/2021 4:46,ACTIVE
ACC0005360,CUST006144,CHECKING,PKR,788.54,6/5/2025 14:21,ACTIVE
ACC0005361,CUST009901,CHECKING,PKR,1037.41,3/30/2022 23:32,ACTIVE
ACC0005362,CUST003879,BUSINESS,USD,1257.55,4/23/2022 3:38,SUSPENDED
ACC0005363,CUST003916,CHECKING,AED,1181.17,5/31/2023 21:38,CLOSED
ACC0005364,CUST001134,CHECKING,GBP,360.3,12/5/2025 0:13,CLOSED
ACC0005365,CUST005688,BUSINESS,AED,872.8,5/8/2023 2:01,ACTIVE
ACC0005366,CUST009662,CHECKING,EUR,181.83,7/31/2024 18:31,ACTIVE
ACC0005367,CUST009939,BUSINESS,EUR,5630.06,3/20/2022 21:18,ACTIVE
ACC0005368,CUST004053,BUSINESS,AUD,761.77,11/12/2023 0:16,CLOSED
ACC0005369,CUST001207,SAVINGS,EUR,609.93,5/11/2025 11:40,SUSPENDED
ACC0005370,CUST003472,SAVINGS,JPY,7381.47,10/1/2023 4:46,ACTIVE
ACC0005371,CUST008185,CHECKING,AED,246.98,9/19/2024 15:32,SUSPENDED
ACC0005372,CUST009866,BUSINESS,EUR,284.09,2/14/2024 8:31,ACTIVE
ACC0005373,CUST004915,CHECKING,EUR,294.28,7/27/2025 19:10,ACTIVE
ACC0005374,CUST005741,BUSINESS,EUR,1010.86,1/18/2025 7:47,CLOSED
ACC0005375,CUST004850,SAVINGS,SGD,1840.8,10/10/2024 12:59,ACTIVE
ACC0005376,CUST005474,BUSINESS,EUR,2664.07,3/17/2026 7:23,ACTIVE
ACC0005377,CUST006040,SAVINGS,AUD,24014.05,1/3/2024 12:28,ACTIVE
ACC0005378,CUST008151,SAVINGS,GBP,73.75,3/20/2026 4:43,ACTIVE
ACC0005379,CUST000110,BUSINESS,EUR,2276.7,5/13/2026 18:22,ACTIVE
ACC0005380,CUST006422,CHECKING,EUR,561.97,5/24/2024 8:13,ACTIVE
ACC0005381,CUST007684,BUSINESS,EUR,542.56,3/11/2024 0:11,CLOSED
ACC0005382,CUST005249,SAVINGS,EUR,521.27,7/18/2025 18:05,ACTIVE
ACC0005383,CUST002987,SAVINGS,INR,368.51,2/16/2025 9:51,ACTIVE
ACC0005384,CUST009519,BUSINESS,AUD,8278.61,3/2/2023 2:34,ACTIVE
ACC0005385,CUST006729,CHECKING,EUR,3013.2,8/31/2021 7:58,ACTIVE
ACC0005386,CUST006276,BUSINESS,GBP,1127.59,4/8/2025 20:34,ACTIVE
ACC0005387,CUST001988,BUSINESS,USD,5548.14,6/23/2026 2:51,ACTIVE
ACC0005388,CUST008398,CHECKING,EUR,178.57,8/13/2023 23:50,CLOSED
ACC0005389,CUST001926,CHECKING,USD,222.11,1/24/2024 2:36,SUSPENDED
ACC0005390,CUST003610,SAVINGS,JPY,80.35,12/28/2025 1:35,ACTIVE
ACC0005391,CUST009628,BUSINESS,EUR,473.76,12/19/2024 14:31,ACTIVE
ACC0005392,CUST009660,SAVINGS,JPY,1331.47,10/8/2025 9:01,SUSPENDED
ACC0005393,CUST000058,BUSINESS,SGD,1240.7,6/14/2023 21:30,ACTIVE
ACC0005394,CUST007658,CHECKING,SGD,1311.87,7/11/2025 1:17,ACTIVE
ACC0005395,CUST003217,CHECKING,CAD,201.69,10/17/2021 5:55,ACTIVE
ACC0005396,CUST006656,BUSINESS,EUR,2874.94,3/23/2023 7:51,ACTIVE
ACC0005397,CUST008641,CHECKING,EUR,1461.99,7/28/2022 20:05,ACTIVE
ACC0005398,CUST008584,SAVINGS,EUR,2642.99,9/16/2025 19:34,ACTIVE
ACC0005399,CUST008044,SAVINGS,EUR,113.15,12/25/2024 13:54,ACTIVE
ACC0005400,CUST001387,SAVINGS,EUR,1593.66,9/4/2022 11:56,CLOSED
ACC0005401,CUST009645,SAVINGS,USD,263.67,9/20/2025 3:45,ACTIVE
ACC0005402,CUST006320,BUSINESS,EUR,680.76,11/10/2023 11:05,ACTIVE
ACC0005403,CUST001648,CHECKING,EUR,2082.32,5/10/2023 2:57,SUSPENDED
ACC0005404,CUST005503,SAVINGS,EUR,1223.31,10/29/2022 14:00,CLOSED
ACC0005405,CUST009829,SAVINGS,SGD,394.71,3/25/2025 6:42,ACTIVE
ACC0005406,CUST007111,CHECKING,AUD,1104.92,3/25/2024 1:04,ACTIVE
ACC0005407,CUST007367,CHECKING,JPY,174.54,5/12/2022 13:47,CLOSED
ACC0005408,CUST005210,BUSINESS,GBP,4360.41,9/26/2025 19:13,ACTIVE
ACC0005409,CUST006396,BUSINESS,AUD,857.19,1/3/2023 19:03,SUSPENDED
ACC0005410,CUST001837,BUSINESS,EUR,4197.57,3/24/2023 2:51,ACTIVE
ACC0005411,CUST002447,CHECKING,PKR,582.99,9/17/2024 3:17,ACTIVE
ACC0005412,CUST001969,CHECKING,GBP,585.06,9/24/2024 12:52,ACTIVE
ACC0005413,CUST006575,CHECKING,JPY,438.33,9/2/2022 2:20,CLOSED
ACC0005414,CUST009322,BUSINESS,EUR,3138.21,2/21/2024 2:44,CLOSED
ACC0005415,CUST007530,SAVINGS,USD,468.1,8/15/2024 15:39,CLOSED
ACC0005416,CUST008695,BUSINESS,GBP,2376.81,5/11/2026 2:07,SUSPENDED
ACC0005417,CUST002863,SAVINGS,SGD,693.02,12/21/2025 17:40,ACTIVE
ACC0005418,CUST000799,SAVINGS,INR,102.4,6/10/2024 3:09,ACTIVE
ACC0005419,CUST001735,SAVINGS,EUR,553.15,11/2/2021 16:41,ACTIVE
ACC0005420,CUST004353,BUSINESS,SGD,266.42,9/15/2022 11:22,SUSPENDED
ACC0005421,CUST006817,BUSINESS,EUR,1142.17,4/7/2026 6:57,ACTIVE
ACC0005422,CUST003099,SAVINGS,EUR,262.83,3/12/2023 6:25,SUSPENDED
ACC0005423,CUST001977,BUSINESS,EUR,3331.47,8/17/2026 20:23,ACTIVE
ACC0005424,CUST001852,SAVINGS,USD,983.1,8/17/2026 15:13,CLOSED
ACC0005425,CUST008137,SAVINGS,SGD,886.15,7/2/2026 2:49,SUSPENDED
ACC0005426,CUST007361,SAVINGS,EUR,2409.25,10/12/2021 10:28,ACTIVE
ACC0005427,CUST007392,BUSINESS,EUR,3486.62,6/9/2022 17:36,ACTIVE
ACC0005428,CUST006125,BUSINESS,AUD,1070.5,9/25/2021 5:33,SUSPENDED
ACC0005429,CUST005458,BUSINESS,USD,434.66,7/30/2022 10:03,SUSPENDED
ACC0005430,CUST005029,CHECKING,SGD,130.48,2/15/2022 15:21,SUSPENDED
ACC0005431,CUST003854,SAVINGS,GBP,481.42,2/6/2023 15:00,ACTIVE
ACC0005432,CUST009903,BUSINESS,AED,522.88,11/13/2024 7:05,SUSPENDED
ACC0005433,CUST007696,CHECKING,AED,1246.97,9/26/2023 17:29,ACTIVE
ACC0005434,CUST005746,CHECKING,CAD,724.75,8/10/2026 2:49,ACTIVE
ACC0005435,CUST001315,BUSINESS,SGD,2503.69,12/26/2021 3:34,ACTIVE
ACC0005436,CUST001009,BUSINESS,CAD,525.54,10/4/2021 21:55,ACTIVE
ACC0005437,CUST004165,SAVINGS,EUR,1024.08,7/8/2022 20:35,CLOSED
ACC0005438,CUST009469,CHECKING,EUR,4540.47,8/9/2026 8:17,ACTIVE
ACC0005439,CUST006251,SAVINGS,EUR,1652.74,11/27/2021 2:28,ACTIVE
ACC0005440,CUST009459,CHECKING,JPY,1020.41,6/17/2025 23:57,SUSPENDED
ACC0005441,CUST006886,BUSINESS,GBP,532.54,8/19/2023 9:09,SUSPENDED
ACC0005442,CUST003100,CHECKING,AUD,512.92,6/23/2026 10:50,ACTIVE
ACC0005443,CUST003916,BUSINESS,AED,395.15,12/19/2023 0:36,ACTIVE
ACC0005444,CUST003488,BUSINESS,CAD,572.95,6/3/2026 7:43,ACTIVE
ACC0005445,CUST004020,BUSINESS,AED,2715.68,5/21/2026 12:05,ACTIVE
ACC0005446,CUST009123,CHECKING,JPY,840.28,10/2/2023 7:13,ACTIVE
ACC0005447,CUST005259,BUSINESS,AUD,217.08,3/30/2024 20:50,ACTIVE
ACC0005448,CUST008690,CHECKING,GBP,9152.69,8/26/2021 15:30,SUSPENDED
ACC0005449,CUST007823,SAVINGS,JPY,1609.95,6/16/2023 9:42,ACTIVE
ACC0005450,CUST003858,SAVINGS,GBP,202.69,12/16/2021 14:28,ACTIVE
ACC0005451,CUST002916,SAVINGS,JPY,645.34,4/2/2025 1:46,CLOSED
ACC0005452,CUST002813,CHECKING,SGD,1252.71,8/28/2021 3:37,ACTIVE
ACC0005453,CUST009802,BUSINESS,SGD,8480.38,7/1/2025 17:22,ACTIVE
ACC0005454,CUST008993,SAVINGS,EUR,290.11,9/9/2025 3:09,ACTIVE
ACC0005455,CUST007866,BUSINESS,EUR,3537.76,3/17/2022 9:05,ACTIVE
ACC0005456,CUST001864,CHECKING,EUR,5880.42,3/8/2026 19:47,SUSPENDED
ACC0005457,CUST002583,SAVINGS,EUR,515.75,7/30/2025 0:43,SUSPENDED
ACC0005458,CUST009655,CHECKING,SGD,786.02,2/23/2023 6:58,ACTIVE
ACC0005459,CUST006036,CHECKING,INR,316.22,10/14/2025 4:11,ACTIVE
ACC0005460,CUST003781,BUSINESS,EUR,859.07,1/20/2022 14:55,ACTIVE
ACC0005461,CUST002090,CHECKING,INR,1049.52,4/6/2023 5:29,SUSPENDED
ACC0005462,CUST003622,CHECKING,JPY,2420.14,11/10/2023 16:45,ACTIVE
ACC0005463,CUST007539,BUSINESS,PKR,4057.09,4/28/2024 7:12,ACTIVE
ACC0005464,CUST005500,CHECKING,AED,446.88,2/12/2022 7:30,ACTIVE
ACC0005465,CUST009301,BUSINESS,EUR,103.46,10/25/2024 17:04,ACTIVE
ACC0005466,CUST007199,SAVINGS,EUR,1069.03,4/15/2026 14:39,CLOSED
ACC0005467,CUST000909,SAVINGS,PKR,1559.69,12/7/2025 23:56,ACTIVE
ACC0005468,CUST007903,BUSINESS,INR,1479.27,2/2/2023 21:00,CLOSED
ACC0005469,CUST008110,BUSINESS,SGD,740.99,1/7/2022 2:58,ACTIVE
ACC0005470,CUST009217,CHECKING,JPY,1273.73,2/9/2023 2:33,ACTIVE
ACC0005471,CUST004926,CHECKING,SGD,6758.35,10/11/2023 19:43,ACTIVE
ACC0005472,CUST002057,BUSINESS,GBP,1733.82,10/17/2023 21:24,ACTIVE
ACC0005473,CUST003469,SAVINGS,GBP,700.61,1/18/2025 13:43,CLOSED
ACC0005474,CUST005231,CHECKING,EUR,601.7,1/25/2024 15:42,ACTIVE
ACC0005475,CUST004058,BUSINESS,AUD,894.42,6/1/2023 4:42,CLOSED
ACC0005476,CUST001254,CHECKING,INR,7817.25,8/28/2025 5:24,CLOSED
ACC0005477,CUST005414,SAVINGS,PKR,880.1,2/14/2024 1:26,ACTIVE
ACC0005478,CUST000519,BUSINESS,AUD,1070.89,3/9/2023 17:27,ACTIVE
ACC0005479,CUST007528,CHECKING,EUR,614.75,11/30/2022 21:11,ACTIVE
ACC0005480,CUST004452,BUSINESS,EUR,4100.15,5/29/2024 6:34,ACTIVE
ACC0005481,CUST003082,SAVINGS,EUR,11519.59,10/27/2025 0:01,SUSPENDED
ACC0005482,CUST006114,SAVINGS,AUD,1883.21,10/31/2025 5:54,CLOSED
ACC0005483,CUST005773,SAVINGS,JPY,1211.15,12/28/2025 17:28,ACTIVE
ACC0005484,CUST004204,CHECKING,EUR,1146.12,7/13/2023 18:18,ACTIVE
ACC0005485,CUST009448,CHECKING,CAD,62.73,9/24/2021 4:54,ACTIVE
ACC0005486,CUST008780,SAVINGS,GBP,2681.63,4/12/2024 11:50,ACTIVE
ACC0005487,CUST000079,BUSINESS,EUR,1288.2,10/6/2022 17:20,SUSPENDED
ACC0005488,CUST005168,SAVINGS,EUR,1833.55,7/15/2022 11:35,ACTIVE
ACC0005489,CUST006550,BUSINESS,GBP,466.96,12/26/2023 4:44,ACTIVE
ACC0005490,CUST003733,BUSINESS,PKR,691.35,5/19/2024 13:43,CLOSED
ACC0005491,CUST004467,SAVINGS,PKR,669.66,5/24/2023 0:44,ACTIVE
ACC0005492,CUST000991,BUSINESS,EUR,3736.66,12/21/2025 7:31,ACTIVE
ACC0005493,CUST000257,SAVINGS,EUR,696.1,1/5/2023 6:20,ACTIVE
ACC0005494,CUST007976,BUSINESS,EUR,13348.94,4/29/2023 5:59,SUSPENDED
ACC0005495,CUST007766,SAVINGS,EUR,1839.11,9/9/2023 20:51,SUSPENDED
ACC0005496,CUST003162,SAVINGS,USD,237.27,1/31/2023 2:26,ACTIVE
ACC0005497,CUST009578,CHECKING,EUR,939.87,6/2/2022 21:37,ACTIVE
ACC0005498,CUST000023,CHECKING,EUR,501.69,6/27/2023 20:42,SUSPENDED
ACC0005499,CUST001164,BUSINESS,SGD,78.79,12/16/2021 18:19,SUSPENDED
ACC0005500,CUST006811,BUSINESS,SGD,7475.34,3/26/2022 10:37,SUSPENDED
ACC0005501,CUST001862,CHECKING,EUR,2549.8,7/5/2023 0:32,ACTIVE
ACC0005502,CUST009605,CHECKING,EUR,2079.43,4/27/2026 9:32,ACTIVE
ACC0005503,CUST007345,SAVINGS,CAD,1337.4,11/30/2024 7:53,ACTIVE
ACC0005504,CUST008662,SAVINGS,USD,208.84,1/8/2026 2:48,SUSPENDED
ACC0005505,CUST001271,CHECKING,GBP,613.79,1/12/2023 12:59,ACTIVE
ACC0005506,CUST005324,BUSINESS,EUR,3011.33,10/23/2022 21:56,ACTIVE
ACC0005507,CUST000616,CHECKING,USD,310.61,1/10/2025 17:46,ACTIVE
ACC0005508,CUST007505,SAVINGS,AUD,52.56,8/12/2025 21:48,ACTIVE
ACC0005509,CUST000872,BUSINESS,PKR,835.03,2/14/2023 2:52,ACTIVE
ACC0005510,CUST006751,SAVINGS,SGD,925.09,10/1/2023 14:19,CLOSED
ACC0005511,CUST002644,SAVINGS,JPY,1290.36,7/27/2024 17:22,ACTIVE
ACC0005512,CUST004947,SAVINGS,EUR,2628.64,3/22/2025 12:54,ACTIVE
ACC0005513,CUST004651,SAVINGS,GBP,2356.96,7/3/2022 11:23,ACTIVE
ACC0005514,CUST000054,CHECKING,JPY,1495.96,3/11/2022 23:08,ACTIVE
ACC0005515,CUST003777,SAVINGS,USD,4603.8,2/5/2024 10:40,CLOSED
ACC0005516,CUST004107,SAVINGS,EUR,177.19,4/14/2023 0:47,SUSPENDED
ACC0005517,CUST002780,CHECKING,EUR,2009.21,2/21/2025 6:56,CLOSED
ACC0005518,CUST004096,BUSINESS,GBP,2325.86,6/26/2022 11:24,ACTIVE
ACC0005519,CUST000065,SAVINGS,AUD,247.78,1/21/2024 4:20,ACTIVE
ACC0005520,CUST007288,CHECKING,EUR,180.65,10/27/2025 20:34,CLOSED
ACC0005521,CUST004835,CHECKING,EUR,448.03,6/8/2024 5:53,ACTIVE
ACC0005522,CUST006307,SAVINGS,EUR,495.79,12/13/2024 5:38,ACTIVE
ACC0005523,CUST005580,SAVINGS,USD,2708.37,10/27/2022 17:08,ACTIVE
ACC0005524,CUST000813,BUSINESS,INR,524.56,8/21/2026 14:42,CLOSED
ACC0005525,CUST000830,SAVINGS,EUR,392.44,6/16/2025 1:47,ACTIVE
ACC0005526,CUST004094,BUSINESS,CAD,526.39,5/24/2026 3:26,SUSPENDED
ACC0005527,CUST001262,CHECKING,EUR,4197.98,4/8/2026 20:57,ACTIVE
ACC0005528,CUST009472,SAVINGS,EUR,1113.93,12/3/2022 18:26,ACTIVE
ACC0005529,CUST006410,CHECKING,EUR,884.39,10/2/2023 10:30,ACTIVE
ACC0005530,CUST002187,CHECKING,JPY,961.02,9/8/2024 17:07,ACTIVE
ACC0005531,CUST001400,BUSINESS,GBP,5169.2,7/14/2024 7:18,ACTIVE
ACC0005532,CUST000008,CHECKING,AUD,446.3,6/6/2023 22:24,ACTIVE
ACC0005533,CUST004769,BUSINESS,AUD,5316.71,4/2/2022 7:25,ACTIVE
ACC0005534,CUST007989,SAVINGS,USD,1411.76,3/4/2026 21:35,ACTIVE
ACC0005535,CUST001104,SAVINGS,EUR,904.6,11/2/2023 4:54,SUSPENDED
ACC0005536,CUST000682,BUSINESS,GBP,22050.28,2/20/2024 7:17,ACTIVE
ACC0005537,CUST007146,SAVINGS,AED,308.97,4/8/2024 1:55,CLOSED
ACC0005538,CUST001408,BUSINESS,PKR,717.36,12/19/2024 23:05,CLOSED
ACC0005539,CUST005502,SAVINGS,AUD,249.91,1/3/2022 22:21,ACTIVE
ACC0005540,CUST003142,CHECKING,SGD,3439.06,3/11/2024 3:36,CLOSED
ACC0005541,CUST003229,SAVINGS,EUR,8325.07,1/10/2026 2:43,ACTIVE
ACC0005542,CUST005893,BUSINESS,EUR,8134.81,2/13/2026 4:57,ACTIVE
ACC0005543,CUST002302,BUSINESS,PKR,4763.5,5/11/2023 10:25,ACTIVE
ACC0005544,CUST009786,CHECKING,EUR,865.11,7/4/2024 2:52,ACTIVE
ACC0005545,CUST007064,BUSINESS,INR,707.48,12/25/2024 4:00,ACTIVE
ACC0005546,CUST009043,CHECKING,EUR,147.61,5/6/2023 17:08,ACTIVE
ACC0005547,CUST001621,BUSINESS,AUD,12620.13,1/26/2024 23:59,ACTIVE
ACC0005548,CUST007757,BUSINESS,EUR,1925.18,10/21/2025 17:06,ACTIVE
ACC0005549,CUST009271,CHECKING,INR,607.68,6/28/2022 6:45,CLOSED
ACC0005550,CUST005394,CHECKING,USD,5397.38,4/24/2025 9:34,CLOSED
ACC0005551,CUST004982,BUSINESS,EUR,341.27,5/10/2026 2:37,ACTIVE
ACC0005552,CUST002789,CHECKING,EUR,1786.38,2/18/2026 0:24,SUSPENDED
ACC0005553,CUST001903,BUSINESS,EUR,891.45,2/23/2022 0:42,CLOSED
ACC0005554,CUST001682,BUSINESS,USD,2359.99,7/22/2022 2:19,ACTIVE
ACC0005555,CUST002622,BUSINESS,GBP,1016.08,8/31/2025 4:01,SUSPENDED
ACC0005556,CUST009955,SAVINGS,EUR,192.27,7/17/2025 9:36,SUSPENDED
ACC0005557,CUST001850,SAVINGS,EUR,1200.74,5/19/2022 22:12,ACTIVE
ACC0005558,CUST004658,CHECKING,INR,3860.83,2/21/2022 12:06,ACTIVE
ACC0005559,CUST003546,BUSINESS,EUR,1058.85,4/14/2026 22:01,ACTIVE
ACC0005560,CUST006501,BUSINESS,USD,2779.81,4/28/2025 14:46,SUSPENDED
ACC0005561,CUST003106,BUSINESS,CAD,312.74,12/26/2024 16:06,ACTIVE
ACC0005562,CUST004662,CHECKING,EUR,1062.61,10/8/2024 0:55,ACTIVE
ACC0005563,CUST005267,CHECKING,SGD,518.32,11/12/2023 6:39,ACTIVE
ACC0005564,CUST001978,CHECKING,PKR,2687.53,12/26/2021 17:27,CLOSED
ACC0005565,CUST000501,CHECKING,EUR,1138.87,1/5/2025 13:19,ACTIVE
ACC0005566,CUST004948,CHECKING,AUD,2510.13,9/23/2024 21:03,ACTIVE
ACC0005567,CUST000847,BUSINESS,EUR,4045.06,11/16/2021 19:24,SUSPENDED
ACC0005568,CUST004960,BUSINESS,EUR,2514.78,2/2/2022 6:15,ACTIVE
ACC0005569,CUST007141,BUSINESS,AUD,1521.94,11/20/2022 16:38,SUSPENDED
ACC0005570,CUST008414,BUSINESS,EUR,331.01,4/30/2023 12:46,ACTIVE
ACC0005571,CUST006607,SAVINGS,EUR,1092.97,10/17/2024 15:58,SUSPENDED
ACC0005572,CUST004871,BUSINESS,PKR,578.41,1/27/2025 19:15,ACTIVE
ACC0005573,CUST008888,CHECKING,EUR,725.69,3/23/2024 16:41,ACTIVE
ACC0005574,CUST003058,BUSINESS,INR,699.64,5/11/2022 9:19,ACTIVE
ACC0005575,CUST004052,BUSINESS,JPY,338.35,3/10/2024 17:17,ACTIVE
ACC0005576,CUST007489,BUSINESS,JPY,104.71,12/8/2021 6:39,ACTIVE
ACC0005577,CUST009940,CHECKING,SGD,491.88,8/29/2025 2:25,ACTIVE
ACC0005578,CUST005115,SAVINGS,EUR,1383.06,7/4/2025 10:24,CLOSED
ACC0005579,CUST009449,CHECKING,EUR,217.5,8/2/2022 3:35,ACTIVE
ACC0005580,CUST003136,CHECKING,AUD,1117.47,10/18/2023 3:52,CLOSED
ACC0005581,CUST001863,BUSINESS,EUR,10724.89,11/13/2022 15:47,CLOSED
ACC0005582,CUST000417,CHECKING,EUR,3743.09,5/5/2022 5:47,ACTIVE
ACC0005583,CUST003125,CHECKING,EUR,7881.31,11/3/2021 16:43,SUSPENDED
ACC0005584,CUST005156,CHECKING,AED,1753.47,5/8/2024 16:41,ACTIVE
ACC0005585,CUST001677,SAVINGS,EUR,4451.57,4/6/2024 18:21,ACTIVE
ACC0005586,CUST008743,CHECKING,EUR,460.01,9/25/2023 14:53,ACTIVE
ACC0005587,CUST004749,CHECKING,INR,506.13,6/18/2024 14:29,SUSPENDED
ACC0005588,CUST004108,BUSINESS,INR,40.98,5/19/2022 3:56,ACTIVE
ACC0005589,CUST002055,CHECKING,PKR,4552.24,4/11/2023 17:21,CLOSED
ACC0005590,CUST004126,SAVINGS,PKR,6963.16,5/31/2025 1:36,ACTIVE
ACC0005591,CUST006440,SAVINGS,EUR,564.64,7/3/2022 3:02,ACTIVE
ACC0005592,CUST003977,CHECKING,USD,808.56,12/17/2025 13:43,ACTIVE
ACC0005593,CUST002285,SAVINGS,GBP,443.8,8/22/2023 1:16,ACTIVE
ACC0005594,CUST004148,CHECKING,AUD,1735.73,11/14/2023 5:05,ACTIVE
ACC0005595,CUST008797,SAVINGS,AED,4229.84,10/28/2025 22:02,ACTIVE
ACC0005596,CUST000645,SAVINGS,EUR,135.46,8/5/2026 19:46,ACTIVE
ACC0005597,CUST006306,CHECKING,GBP,1792.43,7/10/2026 17:30,ACTIVE
ACC0005598,CUST002206,BUSINESS,SGD,786.82,12/2/2022 9:53,CLOSED
ACC0005599,CUST003243,BUSINESS,EUR,1256.48,12/15/2022 4:47,CLOSED
ACC0005600,CUST009668,BUSINESS,AUD,1902.25,7/8/2022 5:29,ACTIVE
ACC0005601,CUST006990,BUSINESS,EUR,874.94,2/23/2022 13:39,ACTIVE
ACC0005602,CUST007697,SAVINGS,EUR,968.45,4/20/2026 8:26,ACTIVE
ACC0005603,CUST008833,BUSINESS,INR,848.4,1/4/2022 10:27,ACTIVE
ACC0005604,CUST007976,CHECKING,EUR,3513.54,5/27/2025 10:16,ACTIVE
ACC0005605,CUST000651,SAVINGS,EUR,1812.59,6/11/2025 8:20,CLOSED
ACC0005606,CUST005539,CHECKING,JPY,1428.96,4/4/2026 21:54,ACTIVE
ACC0005607,CUST000849,CHECKING,CAD,238.62,10/22/2024 18:49,ACTIVE
ACC0005608,CUST003583,BUSINESS,EUR,696.25,12/18/2025 6:41,ACTIVE
ACC0005609,CUST006069,CHECKING,EUR,3224.08,5/26/2024 12:45,ACTIVE
ACC0005610,CUST009804,BUSINESS,EUR,1147.38,5/18/2022 14:17,ACTIVE
ACC0005611,CUST002370,SAVINGS,GBP,2419.79,2/17/2023 21:50,ACTIVE
ACC0005612,CUST002254,SAVINGS,GBP,9134.5,1/9/2026 5:09,ACTIVE
ACC0005613,CUST002996,SAVINGS,USD,3813.59,12/1/2022 6:56,ACTIVE
ACC0005614,CUST004741,CHECKING,EUR,1226.34,8/26/2022 8:45,ACTIVE
ACC0005615,CUST008714,BUSINESS,EUR,593.96,7/31/2025 0:30,CLOSED
ACC0005616,CUST003398,BUSINESS,EUR,51.2,5/3/2025 16:08,ACTIVE
ACC0005617,CUST007953,SAVINGS,PKR,896,8/24/2026 22:17,CLOSED
ACC0005618,CUST003833,BUSINESS,EUR,741.58,4/19/2025 7:08,SUSPENDED
ACC0005619,CUST005228,BUSINESS,EUR,1751.87,2/21/2022 19:37,ACTIVE
ACC0005620,CUST003597,BUSINESS,EUR,911.7,8/1/2023 13:54,CLOSED
ACC0005621,CUST001695,BUSINESS,SGD,746.61,3/3/2026 0:44,ACTIVE
ACC0005622,CUST008377,BUSINESS,EUR,129.63,8/28/2023 4:19,ACTIVE
ACC0005623,CUST006248,BUSINESS,GBP,354.97,11/16/2023 8:37,ACTIVE
ACC0005624,CUST002727,SAVINGS,EUR,1942.99,10/28/2025 22:42,SUSPENDED
ACC0005625,CUST006988,BUSINESS,USD,8596.32,2/12/2026 18:27,ACTIVE
ACC0005626,CUST007834,BUSINESS,GBP,975.52,4/23/2025 19:25,ACTIVE
ACC0005627,CUST004493,CHECKING,GBP,1625.18,12/1/2022 11:12,CLOSED
ACC0005628,CUST003806,SAVINGS,EUR,3439.13,2/17/2025 17:08,ACTIVE
ACC0005629,CUST003785,CHECKING,AED,414.44,12/26/2023 1:30,SUSPENDED
ACC0005630,CUST009865,SAVINGS,GBP,1703.05,3/28/2025 14:30,SUSPENDED
ACC0005631,CUST003855,CHECKING,PKR,450.97,5/13/2022 3:29,ACTIVE
ACC0005632,CUST006986,BUSINESS,EUR,3095.76,1/7/2025 11:41,SUSPENDED
ACC0005633,CUST009719,CHECKING,AUD,1315.12,8/30/2022 10:15,CLOSED
ACC0005634,CUST001326,BUSINESS,AUD,1568.92,6/21/2024 15:41,ACTIVE
ACC0005635,CUST005223,CHECKING,AED,428.75,2/3/2022 10:57,ACTIVE
ACC0005636,CUST007661,BUSINESS,AUD,2561.73,3/20/2022 16:46,ACTIVE
ACC0005637,CUST005672,CHECKING,INR,13381.86,3/6/2026 0:12,ACTIVE
ACC0005638,CUST000055,SAVINGS,AED,327.18,2/23/2025 23:15,ACTIVE
ACC0005639,CUST006144,CHECKING,PKR,729.45,10/31/2021 8:39,CLOSED
ACC0005640,CUST009152,BUSINESS,AUD,1447.99,7/9/2024 2:08,ACTIVE
ACC0005641,CUST009279,SAVINGS,EUR,2817.73,10/4/2021 13:26,CLOSED
ACC0005642,CUST009468,BUSINESS,SGD,560.34,9/1/2023 3:46,SUSPENDED
ACC0005643,CUST006546,CHECKING,USD,36.61,6/6/2024 10:33,ACTIVE
ACC0005644,CUST007473,SAVINGS,USD,5602.83,12/9/2021 17:47,SUSPENDED
ACC0005645,CUST006819,BUSINESS,AUD,2731.5,10/5/2021 3:12,ACTIVE
ACC0005646,CUST002053,CHECKING,EUR,135.43,11/22/2025 6:41,ACTIVE
ACC0005647,CUST008960,CHECKING,EUR,528.96,3/12/2026 6:11,ACTIVE
ACC0005648,CUST009484,SAVINGS,SGD,7199.87,2/6/2025 21:30,ACTIVE
ACC0005649,CUST004215,BUSINESS,USD,6231.4,3/26/2022 4:34,ACTIVE
ACC0005650,CUST005882,SAVINGS,EUR,3382.49,6/21/2022 5:14,CLOSED
ACC0005651,CUST002807,CHECKING,EUR,887.73,10/26/2023 21:04,ACTIVE
ACC0005652,CUST009547,SAVINGS,JPY,1211.46,10/31/2021 19:08,ACTIVE
ACC0005653,CUST001652,CHECKING,AED,937.19,8/5/2025 17:43,ACTIVE
ACC0005654,CUST000567,BUSINESS,USD,4246.66,4/24/2025 23:40,ACTIVE
ACC0005655,CUST001103,SAVINGS,SGD,383.37,6/29/2025 11:20,ACTIVE
ACC0005656,CUST001578,BUSINESS,GBP,416.98,10/27/2021 12:56,ACTIVE
ACC0005657,CUST003411,BUSINESS,USD,3686.12,8/14/2023 10:02,CLOSED
ACC0005658,CUST005807,CHECKING,EUR,1039.78,3/18/2024 6:49,CLOSED
ACC0005659,CUST001631,CHECKING,JPY,5733.96,8/8/2025 15:01,SUSPENDED
ACC0005660,CUST006730,SAVINGS,INR,489.89,10/28/2021 6:24,ACTIVE
ACC0005661,CUST005614,CHECKING,EUR,1026.87,12/9/2021 10:18,CLOSED
ACC0005662,CUST003775,SAVINGS,USD,362.53,12/14/2025 8:14,ACTIVE
ACC0005663,CUST006585,SAVINGS,SGD,1106.37,10/7/2022 3:27,CLOSED
ACC0005664,CUST009919,CHECKING,CAD,186,1/5/2025 3:21,ACTIVE
ACC0005665,CUST000499,SAVINGS,EUR,610.84,4/11/2023 4:08,ACTIVE
ACC0005666,CUST008049,CHECKING,EUR,195.68,10/4/2025 23:40,ACTIVE
ACC0005667,CUST002333,CHECKING,GBP,2521.75,3/15/2024 0:17,ACTIVE
ACC0005668,CUST004274,CHECKING,AED,2591.28,2/18/2025 21:36,ACTIVE
ACC0005669,CUST007977,BUSINESS,EUR,137.51,1/20/2024 17:09,ACTIVE
ACC0005670,CUST000648,BUSINESS,JPY,5435.26,11/2/2024 23:46,ACTIVE
ACC0005671,CUST002827,CHECKING,EUR,21958.25,12/9/2022 15:47,CLOSED
ACC0005672,CUST008930,CHECKING,INR,1158.88,10/21/2022 6:29,ACTIVE
ACC0005673,CUST008454,CHECKING,PKR,508.09,8/8/2024 20:32,ACTIVE
ACC0005674,CUST001035,BUSINESS,EUR,32506.54,1/6/2022 19:46,SUSPENDED
ACC0005675,CUST009343,CHECKING,EUR,225.26,6/16/2025 10:43,ACTIVE
ACC0005676,CUST005034,BUSINESS,GBP,1123.41,11/12/2023 14:18,ACTIVE
ACC0005677,CUST005246,CHECKING,EUR,1360.42,7/16/2025 3:11,ACTIVE
ACC0005678,CUST001157,CHECKING,AED,5509.21,5/9/2025 4:35,ACTIVE
ACC0005679,CUST005197,BUSINESS,PKR,1688.65,1/28/2023 22:57,ACTIVE
ACC0005680,CUST004001,SAVINGS,SGD,602.83,6/12/2022 9:46,ACTIVE
ACC0005681,CUST001153,CHECKING,JPY,350.23,6/11/2026 5:24,ACTIVE
ACC0005682,CUST009935,CHECKING,AUD,727.65,4/22/2026 23:12,ACTIVE
ACC0005683,CUST001723,CHECKING,EUR,327.57,7/14/2026 3:20,SUSPENDED
ACC0005684,CUST008256,SAVINGS,EUR,1161.41,9/19/2023 12:24,ACTIVE
ACC0005685,CUST003945,CHECKING,EUR,557.22,4/9/2026 12:35,ACTIVE
ACC0005686,CUST005478,BUSINESS,EUR,182.57,6/29/2023 12:05,ACTIVE
ACC0005687,CUST000432,CHECKING,EUR,4945.21,5/13/2024 5:04,ACTIVE
ACC0005688,CUST008726,CHECKING,PKR,603.53,7/2/2026 18:46,SUSPENDED
ACC0005689,CUST000307,CHECKING,EUR,239.42,8/8/2023 13:40,CLOSED
ACC0005690,CUST006841,SAVINGS,USD,896.13,10/6/2021 12:27,SUSPENDED
ACC0005691,CUST006099,BUSINESS,EUR,1190.4,4/15/2022 8:38,ACTIVE
ACC0005692,CUST000614,CHECKING,EUR,134.86,12/27/2024 20:28,ACTIVE
ACC0005693,CUST001110,BUSINESS,EUR,1632.68,12/17/2025 18:14,ACTIVE
ACC0005694,CUST004990,CHECKING,EUR,312.13,10/25/2023 22:05,CLOSED
ACC0005695,CUST004143,CHECKING,EUR,8546.14,6/16/2026 17:27,SUSPENDED
ACC0005696,CUST001430,SAVINGS,EUR,2056.48,6/1/2025 23:16,ACTIVE
ACC0005697,CUST002208,BUSINESS,CAD,678.66,3/3/2022 23:40,ACTIVE
ACC0005698,CUST006925,CHECKING,CAD,448.45,5/28/2025 0:54,ACTIVE
ACC0005699,CUST009014,SAVINGS,EUR,966.85,3/18/2022 16:16,SUSPENDED
ACC0005700,CUST007301,BUSINESS,AUD,2287.81,8/23/2026 4:44,CLOSED
ACC0005701,CUST003139,CHECKING,GBP,1063.59,9/28/2022 6:18,ACTIVE
ACC0005702,CUST004613,BUSINESS,CAD,845.06,9/21/2024 16:10,SUSPENDED
ACC0005703,CUST009404,SAVINGS,USD,1176.2,10/5/2025 6:04,ACTIVE
ACC0005704,CUST003435,BUSINESS,EUR,531.32,6/6/2024 15:57,ACTIVE
ACC0005705,CUST000338,SAVINGS,AED,726.44,8/31/2022 21:19,ACTIVE
ACC0005706,CUST005102,BUSINESS,EUR,89.75,7/12/2022 14:13,ACTIVE
ACC0005707,CUST004192,CHECKING,JPY,3527.95,7/17/2025 22:07,CLOSED
ACC0005708,CUST003358,SAVINGS,EUR,1569.57,4/23/2022 5:06,ACTIVE
ACC0005709,CUST002126,CHECKING,EUR,433.48,10/19/2023 7:45,ACTIVE
ACC0005710,CUST006740,SAVINGS,EUR,10705.17,3/1/2024 0:13,ACTIVE
ACC0005711,CUST000738,CHECKING,EUR,1217.34,11/11/2021 6:51,ACTIVE
ACC0005712,CUST006474,CHECKING,EUR,316.28,4/15/2023 3:07,ACTIVE
ACC0005713,CUST000197,BUSINESS,EUR,3065.86,1/29/2024 7:44,ACTIVE
ACC0005714,CUST001811,CHECKING,AED,1768.09,3/1/2023 10:10,ACTIVE
ACC0005715,CUST003841,SAVINGS,EUR,1760.75,3/19/2026 18:51,ACTIVE
ACC0005716,CUST005472,BUSINESS,EUR,657.93,7/12/2025 23:34,ACTIVE
ACC0005717,CUST009359,SAVINGS,EUR,1882.95,5/13/2024 4:39,ACTIVE
ACC0005718,CUST000776,BUSINESS,EUR,801.02,2/2/2025 14:16,ACTIVE
ACC0005719,CUST002405,BUSINESS,SGD,2136.94,5/30/2025 3:05,CLOSED
ACC0005720,CUST002096,BUSINESS,INR,111.5,5/13/2023 5:20,ACTIVE
ACC0005721,CUST009778,SAVINGS,EUR,651.55,8/12/2022 10:03,ACTIVE
ACC0005722,CUST007607,CHECKING,EUR,8661.01,7/22/2022 2:36,CLOSED
ACC0005723,CUST001395,SAVINGS,EUR,436.82,1/19/2022 8:23,ACTIVE
ACC0005724,CUST001258,BUSINESS,EUR,531.34,9/17/2022 13:33,SUSPENDED
ACC0005725,CUST009829,BUSINESS,SGD,640.63,8/9/2025 11:31,SUSPENDED
ACC0005726,CUST009082,SAVINGS,PKR,255.25,12/1/2024 1:37,CLOSED
ACC0005727,CUST009073,SAVINGS,JPY,77.48,12/5/2024 8:38,ACTIVE
ACC0005728,CUST006939,SAVINGS,EUR,831.55,9/2/2021 0:48,CLOSED
ACC0005729,CUST007176,SAVINGS,EUR,1290.82,3/14/2023 19:37,ACTIVE
ACC0005730,CUST003568,BUSINESS,GBP,1029.67,5/23/2025 17:29,ACTIVE
ACC0005731,CUST007614,BUSINESS,PKR,921.63,6/6/2022 8:07,ACTIVE
ACC0005732,CUST002111,CHECKING,PKR,1154.76,10/12/2022 1:18,SUSPENDED
ACC0005733,CUST008799,CHECKING,USD,3742.13,3/5/2025 8:25,SUSPENDED
ACC0005734,CUST009401,CHECKING,INR,872.59,4/17/2022 11:06,SUSPENDED
ACC0005735,CUST007479,BUSINESS,PKR,550.65,7/28/2024 20:10,CLOSED
ACC0005736,CUST002634,CHECKING,EUR,782.62,1/3/2024 4:59,ACTIVE
ACC0005737,CUST008302,SAVINGS,JPY,2197.81,12/17/2021 13:58,ACTIVE
ACC0005738,CUST000637,SAVINGS,EUR,5969.58,1/6/2026 1:07,ACTIVE
ACC0005739,CUST001916,BUSINESS,EUR,516.06,10/6/2024 15:10,ACTIVE
ACC0005740,CUST005228,SAVINGS,EUR,1234.87,1/21/2025 16:06,CLOSED
ACC0005741,CUST008214,SAVINGS,EUR,1645.88,5/10/2022 4:32,SUSPENDED
ACC0005742,CUST001385,BUSINESS,EUR,333.25,9/10/2021 1:43,CLOSED
ACC0005743,CUST007476,BUSINESS,EUR,1123.83,8/7/2023 22:34,ACTIVE
ACC0005744,CUST004597,CHECKING,AUD,188.9,5/14/2023 15:49,SUSPENDED
ACC0005745,CUST009102,BUSINESS,EUR,131.25,3/9/2024 3:36,ACTIVE
ACC0005746,CUST008170,BUSINESS,CAD,1702.91,5/29/2026 17:02,CLOSED
ACC0005747,CUST006599,SAVINGS,INR,691.84,9/8/2022 5:15,CLOSED
ACC0005748,CUST000657,CHECKING,EUR,1397.91,2/21/2022 2:45,CLOSED
ACC0005749,CUST001753,SAVINGS,EUR,1073.34,2/24/2022 18:42,ACTIVE
ACC0005750,CUST005227,BUSINESS,CAD,339.79,9/17/2023 12:44,ACTIVE
ACC0005751,CUST003158,BUSINESS,CAD,1038.67,4/12/2023 0:08,ACTIVE
ACC0005752,CUST008837,BUSINESS,USD,249.7,4/21/2024 4:02,ACTIVE
ACC0005753,CUST003907,BUSINESS,EUR,5820.65,7/17/2024 11:28,ACTIVE
ACC0005754,CUST002298,CHECKING,CAD,215.47,6/9/2023 5:28,ACTIVE
ACC0005755,CUST004570,SAVINGS,EUR,867.02,7/14/2026 4:10,SUSPENDED
ACC0005756,CUST003133,CHECKING,EUR,313.96,4/4/2023 12:34,SUSPENDED
ACC0005757,CUST002994,SAVINGS,PKR,2174.39,8/4/2022 6:25,ACTIVE
ACC0005758,CUST009234,SAVINGS,JPY,736.77,9/11/2025 15:55,ACTIVE
ACC0005759,CUST000510,SAVINGS,JPY,588.51,4/14/2024 8:17,ACTIVE
ACC0005760,CUST008464,SAVINGS,EUR,3052.88,10/2/2022 12:35,ACTIVE
ACC0005761,CUST007473,CHECKING,USD,1136.05,11/17/2022 4:53,ACTIVE
ACC0005762,CUST000894,BUSINESS,PKR,2038.51,6/10/2022 10:07,ACTIVE
ACC0005763,CUST001224,SAVINGS,INR,337.78,5/2/2025 22:23,ACTIVE
ACC0005764,CUST007515,BUSINESS,INR,203.21,9/23/2024 4:12,CLOSED
ACC0005765,CUST004573,CHECKING,EUR,1247.19,8/9/2026 8:14,ACTIVE
ACC0005766,CUST005675,SAVINGS,JPY,747.99,11/29/2025 0:35,CLOSED
ACC0005767,CUST005706,BUSINESS,SGD,2325.57,6/21/2022 13:59,ACTIVE
ACC0005768,CUST003589,BUSINESS,EUR,996.36,5/16/2022 5:04,ACTIVE
ACC0005769,CUST004375,SAVINGS,EUR,1402.61,9/20/2024 8:56,ACTIVE
ACC0005770,CUST007376,BUSINESS,EUR,156.33,9/15/2025 4:41,CLOSED
ACC0005771,CUST009724,BUSINESS,JPY,10573.69,6/14/2026 15:34,ACTIVE
ACC0005772,CUST007472,SAVINGS,AED,900.46,5/31/2022 18:11,CLOSED
ACC0005773,CUST008247,BUSINESS,SGD,2532.86,5/3/2023 18:45,SUSPENDED
ACC0005774,CUST009631,CHECKING,EUR,402.1,12/9/2024 20:54,CLOSED
ACC0005775,CUST002219,CHECKING,EUR,1587.02,6/4/2025 3:05,ACTIVE
ACC0005776,CUST000635,SAVINGS,EUR,229.66,2/3/2026 0:19,ACTIVE
ACC0005777,CUST000150,SAVINGS,AED,1886.51,7/21/2024 20:19,ACTIVE
ACC0005778,CUST005085,SAVINGS,EUR,715.39,10/2/2023 11:21,ACTIVE
ACC0005779,CUST002045,CHECKING,EUR,1135.73,5/31/2025 6:55,ACTIVE
ACC0005780,CUST006596,CHECKING,JPY,2534.04,11/20/2022 4:53,CLOSED
ACC0005781,CUST007268,SAVINGS,AUD,249.87,4/2/2026 6:45,CLOSED
ACC0005782,CUST008058,BUSINESS,INR,482.32,2/26/2022 7:32,CLOSED
ACC0005783,CUST000256,SAVINGS,EUR,1898.44,12/19/2024 14:28,ACTIVE
ACC0005784,CUST000377,BUSINESS,INR,13600.55,9/11/2023 5:36,ACTIVE
ACC0005785,CUST009044,SAVINGS,EUR,929.18,11/24/2024 18:13,ACTIVE
ACC0005786,CUST007922,CHECKING,EUR,2229.12,4/15/2026 16:50,SUSPENDED
ACC0005787,CUST006856,SAVINGS,EUR,964.52,10/14/2022 9:21,ACTIVE
ACC0005788,CUST002441,SAVINGS,USD,11278.96,11/14/2023 14:00,ACTIVE
ACC0005789,CUST004790,SAVINGS,PKR,134.74,2/2/2026 7:30,ACTIVE
ACC0005790,CUST000972,BUSINESS,EUR,1228.5,4/13/2022 17:36,ACTIVE
ACC0005791,CUST009224,BUSINESS,PKR,155.92,11/1/2025 15:54,ACTIVE
ACC0005792,CUST007701,CHECKING,PKR,54.17,3/26/2023 13:09,ACTIVE
ACC0005793,CUST000257,CHECKING,EUR,1567.06,11/3/2025 8:52,SUSPENDED
ACC0005794,CUST007589,SAVINGS,AED,1296.47,7/14/2022 4:08,ACTIVE
ACC0005795,CUST003784,CHECKING,CAD,779.14,7/2/2023 17:34,ACTIVE
ACC0005796,CUST005347,SAVINGS,EUR,965.42,3/23/2022 22:08,ACTIVE
ACC0005797,CUST004674,BUSINESS,USD,45159.65,6/8/2022 11:20,ACTIVE
ACC0005798,CUST003673,CHECKING,USD,804.47,6/7/2024 20:13,ACTIVE
ACC0005799,CUST004003,CHECKING,AUD,2022.62,1/11/2026 20:47,ACTIVE
ACC0005800,CUST006164,BUSINESS,EUR,503.09,1/31/2023 1:39,ACTIVE
ACC0005801,CUST008686,BUSINESS,EUR,1562.87,6/8/2024 17:28,SUSPENDED
ACC0005802,CUST007912,BUSINESS,GBP,823.96,1/27/2022 10:37,ACTIVE
ACC0005803,CUST009843,BUSINESS,EUR,670.07,3/26/2026 9:27,ACTIVE
ACC0005804,CUST003503,BUSINESS,JPY,9727.17,2/17/2024 9:03,ACTIVE
ACC0005805,CUST004273,CHECKING,GBP,4503.55,6/17/2023 19:13,SUSPENDED
ACC0005806,CUST001657,SAVINGS,EUR,1292.19,1/8/2024 5:09,ACTIVE
ACC0005807,CUST009746,BUSINESS,EUR,69.06,3/20/2023 0:48,SUSPENDED
ACC0005808,CUST009665,BUSINESS,AUD,711.08,6/12/2022 4:15,ACTIVE
ACC0005809,CUST004279,SAVINGS,EUR,28103.04,8/24/2022 20:33,SUSPENDED
ACC0005810,CUST002636,SAVINGS,SGD,831.48,1/4/2023 20:28,ACTIVE
ACC0005811,CUST000366,SAVINGS,PKR,4121.04,6/15/2022 19:27,SUSPENDED
ACC0005812,CUST001986,CHECKING,EUR,6187.78,4/18/2026 18:35,CLOSED
ACC0005813,CUST003140,CHECKING,EUR,1426.18,3/16/2023 22:58,ACTIVE
ACC0005814,CUST008383,SAVINGS,EUR,399.34,3/23/2026 11:27,ACTIVE
ACC0005815,CUST004016,CHECKING,USD,59.01,2/11/2026 18:06,ACTIVE
ACC0005816,CUST001372,SAVINGS,EUR,2492.39,1/30/2023 13:17,ACTIVE
ACC0005817,CUST006209,SAVINGS,PKR,412.52,8/23/2026 22:09,ACTIVE
ACC0005818,CUST008358,CHECKING,GBP,1354.76,6/15/2022 1:59,ACTIVE
ACC0005819,CUST007598,SAVINGS,EUR,244.74,11/9/2023 6:00,SUSPENDED
ACC0005820,CUST001322,SAVINGS,EUR,797.69,8/16/2024 2:16,ACTIVE
ACC0005821,CUST000354,CHECKING,AUD,1141.92,4/16/2024 15:54,ACTIVE
ACC0005822,CUST003966,SAVINGS,INR,1513.7,8/19/2025 1:12,ACTIVE
ACC0005823,CUST003241,BUSINESS,AED,287.78,1/8/2022 14:44,ACTIVE
ACC0005824,CUST005802,SAVINGS,EUR,4611.43,5/15/2024 23:24,CLOSED
ACC0005825,CUST007685,SAVINGS,EUR,535.78,1/19/2024 18:22,ACTIVE
ACC0005826,CUST005417,CHECKING,AUD,147.03,10/6/2023 0:50,ACTIVE
ACC0005827,CUST002263,SAVINGS,EUR,962.15,6/6/2023 17:30,ACTIVE
ACC0005828,CUST002537,CHECKING,INR,1142.82,2/28/2023 9:58,ACTIVE
ACC0005829,CUST001197,SAVINGS,EUR,1329.7,6/11/2022 13:50,ACTIVE
ACC0005830,CUST001790,BUSINESS,JPY,5622.65,12/16/2022 10:49,ACTIVE
ACC0005831,CUST001861,BUSINESS,JPY,825.72,5/17/2024 19:25,ACTIVE
ACC0005832,CUST002253,CHECKING,AUD,949.99,9/12/2024 4:19,ACTIVE
ACC0005833,CUST000190,SAVINGS,EUR,291.83,2/23/2024 1:32,ACTIVE
ACC0005834,CUST004061,BUSINESS,EUR,2935.59,4/14/2023 21:14,ACTIVE
ACC0005835,CUST009553,CHECKING,USD,1368.09,11/5/2022 10:56,ACTIVE
ACC0005836,CUST000542,SAVINGS,SGD,662.46,12/31/2023 9:06,ACTIVE
ACC0005837,CUST002893,CHECKING,AUD,111.54,2/18/2024 15:57,CLOSED
ACC0005838,CUST005068,SAVINGS,PKR,6206.14,6/25/2023 6:03,ACTIVE
ACC0005839,CUST006945,SAVINGS,CAD,251.33,3/18/2023 13:53,CLOSED
ACC0005840,CUST004004,BUSINESS,AED,539.4,2/16/2023 14:38,ACTIVE
ACC0005841,CUST003280,BUSINESS,AUD,1685.83,2/26/2022 15:39,ACTIVE
ACC0005842,CUST002230,SAVINGS,EUR,260.9,8/13/2025 21:02,ACTIVE
ACC0005843,CUST001965,CHECKING,EUR,182.69,1/9/2026 18:39,ACTIVE
ACC0005844,CUST001781,BUSINESS,AUD,85.74,8/1/2022 16:55,ACTIVE
ACC0005845,CUST009354,BUSINESS,CAD,2605.02,11/9/2021 20:55,SUSPENDED
ACC0005846,CUST005097,SAVINGS,AED,570.08,6/16/2024 18:12,CLOSED
ACC0005847,CUST002322,SAVINGS,EUR,36780.54,11/25/2021 17:55,CLOSED
ACC0005848,CUST001398,BUSINESS,EUR,332.54,4/24/2026 22:01,ACTIVE
ACC0005849,CUST005398,SAVINGS,EUR,362.95,8/12/2026 22:10,ACTIVE
ACC0005850,CUST007186,SAVINGS,SGD,556.42,5/22/2026 20:28,SUSPENDED
ACC0005851,CUST002527,SAVINGS,EUR,1468.15,12/12/2023 3:28,SUSPENDED
ACC0005852,CUST002085,BUSINESS,EUR,623.75,2/4/2022 23:50,CLOSED
ACC0005853,CUST006042,CHECKING,EUR,2286.55,4/1/2026 1:09,SUSPENDED
ACC0005854,CUST001745,SAVINGS,USD,338.9,5/9/2022 4:10,SUSPENDED
ACC0005855,CUST009512,BUSINESS,SGD,208.95,2/4/2025 18:50,ACTIVE
ACC0005856,CUST000515,CHECKING,CAD,126.74,7/28/2025 17:35,ACTIVE
ACC0005857,CUST002189,CHECKING,USD,76.07,1/6/2023 14:46,ACTIVE
ACC0005858,CUST009096,SAVINGS,AUD,588.94,9/22/2023 18:20,SUSPENDED
ACC0005859,CUST003769,SAVINGS,PKR,764.2,6/21/2023 1:22,SUSPENDED
ACC0005860,CUST000917,BUSINESS,CAD,514.03,1/25/2025 0:26,ACTIVE
ACC0005861,CUST005461,BUSINESS,EUR,4876.03,8/16/2026 13:09,ACTIVE
ACC0005862,CUST008323,BUSINESS,EUR,4786.89,9/24/2023 5:48,ACTIVE
ACC0005863,CUST005507,CHECKING,JPY,733.8,10/24/2024 20:53,ACTIVE
ACC0005864,CUST005180,CHECKING,EUR,127.4,7/1/2022 16:55,ACTIVE
ACC0005865,CUST008331,CHECKING,EUR,555.55,1/8/2022 10:05,SUSPENDED
ACC0005866,CUST007391,CHECKING,GBP,533.9,8/6/2025 5:47,ACTIVE
ACC0005867,CUST004248,SAVINGS,INR,498.42,6/30/2023 15:42,ACTIVE
ACC0005868,CUST005868,CHECKING,EUR,474.73,1/5/2026 7:25,ACTIVE
ACC0005869,CUST007756,SAVINGS,USD,500.62,10/30/2024 11:33,ACTIVE
ACC0005870,CUST007905,SAVINGS,EUR,689.63,3/9/2022 0:09,ACTIVE
ACC0005871,CUST004481,BUSINESS,SGD,511.5,5/7/2024 9:14,ACTIVE
ACC0005872,CUST004335,BUSINESS,JPY,1408.09,7/4/2023 18:12,ACTIVE
ACC0005873,CUST000556,SAVINGS,AED,1689.93,2/8/2024 7:03,ACTIVE
ACC0005874,CUST004626,CHECKING,JPY,367.68,6/16/2023 8:28,ACTIVE
ACC0005875,CUST007124,CHECKING,AUD,5040.59,9/21/2024 9:31,ACTIVE
ACC0005876,CUST009312,BUSINESS,SGD,338.3,4/4/2025 11:47,SUSPENDED
ACC0005877,CUST002224,SAVINGS,EUR,157.38,9/16/2025 13:11,ACTIVE
ACC0005878,CUST008952,SAVINGS,AED,1731.83,1/29/2024 9:02,ACTIVE
ACC0005879,CUST007496,SAVINGS,AED,411.21,4/4/2022 7:01,ACTIVE
ACC0005880,CUST003407,SAVINGS,CAD,1612.51,7/31/2024 21:29,ACTIVE
ACC0005881,CUST009728,CHECKING,EUR,61.29,2/5/2024 10:35,SUSPENDED
ACC0005882,CUST005762,BUSINESS,EUR,5831.02,9/13/2021 6:28,ACTIVE
ACC0005883,CUST006224,CHECKING,EUR,2457.14,3/19/2024 15:26,SUSPENDED
ACC0005884,CUST001650,CHECKING,EUR,181.17,3/18/2025 23:05,ACTIVE
ACC0005885,CUST000363,SAVINGS,AUD,185.95,6/18/2022 6:06,ACTIVE
ACC0005886,CUST007665,CHECKING,EUR,8157.71,6/6/2025 3:01,ACTIVE
ACC0005887,CUST004150,SAVINGS,AED,452.66,1/2/2024 17:05,CLOSED
ACC0005888,CUST003246,BUSINESS,EUR,403.02,10/9/2024 13:12,ACTIVE
ACC0005889,CUST000714,CHECKING,AED,72.29,5/13/2024 0:27,ACTIVE
ACC0005890,CUST000991,BUSINESS,EUR,719.87,2/18/2025 23:58,SUSPENDED
ACC0005891,CUST003647,CHECKING,SGD,834.42,4/24/2023 12:21,CLOSED
ACC0005892,CUST004144,SAVINGS,EUR,2587.87,10/21/2025 19:14,ACTIVE
ACC0005893,CUST007215,BUSINESS,EUR,204.61,5/17/2026 17:08,ACTIVE
ACC0005894,CUST006507,CHECKING,EUR,176.91,12/23/2021 7:22,ACTIVE
ACC0005895,CUST001707,BUSINESS,GBP,1884.01,9/3/2022 15:19,ACTIVE
ACC0005896,CUST004861,CHECKING,PKR,3670.47,1/27/2026 23:18,ACTIVE
ACC0005897,CUST006460,CHECKING,EUR,166.44,10/8/2025 12:54,ACTIVE
ACC0005898,CUST002158,SAVINGS,USD,4015.1,6/23/2022 16:48,ACTIVE
ACC0005899,CUST003787,BUSINESS,EUR,1147.17,6/3/2024 16:54,CLOSED
ACC0005900,CUST009577,SAVINGS,AED,4064.99,5/30/2022 20:58,ACTIVE
ACC0005901,CUST009790,BUSINESS,CAD,1008.01,7/31/2023 17:33,SUSPENDED
ACC0005902,CUST004238,SAVINGS,SGD,53.16,9/21/2021 9:44,ACTIVE
ACC0005903,CUST007536,BUSINESS,CAD,913.83,9/10/2021 20:32,SUSPENDED
ACC0005904,CUST005858,CHECKING,INR,3913.44,1/6/2025 22:00,CLOSED
ACC0005905,CUST003978,SAVINGS,GBP,375.22,4/4/2023 16:24,ACTIVE
ACC0005906,CUST008182,BUSINESS,USD,688.45,3/4/2024 11:15,ACTIVE
ACC0005907,CUST009338,SAVINGS,AUD,887.71,12/13/2021 12:59,CLOSED
ACC0005908,CUST004302,SAVINGS,EUR,33.8,3/16/2025 17:10,ACTIVE
ACC0005909,CUST009905,BUSINESS,INR,8148.73,6/21/2022 10:34,CLOSED
ACC0005910,CUST005806,BUSINESS,EUR,371.8,2/19/2023 14:10,SUSPENDED
ACC0005911,CUST005801,SAVINGS,EUR,2012,8/23/2026 23:25,CLOSED
ACC0005912,CUST008308,CHECKING,USD,988.27,7/11/2026 15:20,ACTIVE
ACC0005913,CUST007351,BUSINESS,GBP,4959.91,1/18/2023 3:40,ACTIVE
ACC0005914,CUST001790,SAVINGS,JPY,1785.17,11/8/2024 15:12,CLOSED
ACC0005915,CUST004717,BUSINESS,GBP,827.24,11/30/2022 19:48,CLOSED
ACC0005916,CUST002355,SAVINGS,INR,375.32,8/3/2023 12:13,CLOSED
ACC0005917,CUST001745,BUSINESS,USD,2856.7,12/10/2024 17:35,ACTIVE
ACC0005918,CUST002175,CHECKING,CAD,115.8,8/2/2022 15:45,CLOSED
ACC0005919,CUST004586,CHECKING,EUR,2380.51,4/9/2026 6:22,ACTIVE
ACC0005920,CUST003495,BUSINESS,JPY,293.29,8/6/2022 3:07,ACTIVE
ACC0005921,CUST006458,BUSINESS,EUR,4928.26,10/4/2024 23:14,ACTIVE
ACC0005922,CUST007796,SAVINGS,JPY,1330.83,5/20/2025 16:04,ACTIVE
ACC0005923,CUST007564,SAVINGS,INR,2375.47,8/14/2025 14:27,ACTIVE
ACC0005924,CUST000499,BUSINESS,EUR,1210.01,6/1/2025 7:34,ACTIVE
ACC0005925,CUST000663,SAVINGS,JPY,133.91,2/8/2025 16:50,CLOSED
ACC0005926,CUST006381,SAVINGS,AUD,390.38,2/3/2024 21:49,CLOSED
ACC0005927,CUST006007,CHECKING,GBP,2457.42,10/8/2022 20:48,ACTIVE
ACC0005928,CUST002677,BUSINESS,EUR,1339.41,5/13/2023 13:40,ACTIVE
ACC0005929,CUST003792,BUSINESS,EUR,4524.16,8/16/2025 12:07,ACTIVE
ACC0005930,CUST002012,CHECKING,EUR,1779.22,2/28/2026 18:51,ACTIVE
ACC0005931,CUST000108,CHECKING,EUR,343.76,12/1/2025 8:25,CLOSED
ACC0005932,CUST002151,BUSINESS,EUR,421.88,5/4/2024 7:10,CLOSED
ACC0005933,CUST009882,CHECKING,EUR,1240.79,12/18/2021 9:13,ACTIVE
ACC0005934,CUST007813,BUSINESS,PKR,68.25,7/2/2025 13:08,ACTIVE
ACC0005935,CUST005547,BUSINESS,JPY,8169.23,6/10/2026 18:20,ACTIVE
ACC0005936,CUST002781,BUSINESS,GBP,1863.28,11/24/2021 20:08,CLOSED
ACC0005937,CUST002210,SAVINGS,PKR,4781.17,4/7/2024 3:40,ACTIVE
ACC0005938,CUST008035,SAVINGS,INR,164.56,7/27/2025 4:01,ACTIVE
ACC0005939,CUST002992,CHECKING,EUR,4882.82,10/30/2024 16:45,SUSPENDED
ACC0005940,CUST003444,SAVINGS,AED,15959.33,8/11/2024 6:32,CLOSED
ACC0005941,CUST004342,CHECKING,AED,224.74,12/24/2022 20:55,ACTIVE
ACC0005942,CUST007485,CHECKING,EUR,2767.45,4/29/2023 18:02,CLOSED
ACC0005943,CUST002183,BUSINESS,EUR,1098.09,9/24/2021 0:24,ACTIVE
ACC0005944,CUST008521,CHECKING,EUR,171.86,9/20/2023 8:26,SUSPENDED
ACC0005945,CUST006853,BUSINESS,EUR,1981.21,6/4/2023 0:08,SUSPENDED
ACC0005946,CUST003066,CHECKING,EUR,2981.92,4/23/2024 11:48,ACTIVE
ACC0005947,CUST001962,CHECKING,EUR,533.07,10/26/2021 12:03,ACTIVE
ACC0005948,CUST002261,SAVINGS,JPY,4443.07,7/18/2022 19:12,ACTIVE
ACC0005949,CUST008024,SAVINGS,EUR,148.4,3/2/2023 5:14,ACTIVE
ACC0005950,CUST001110,SAVINGS,EUR,182.42,8/2/2023 14:52,ACTIVE
ACC0005951,CUST004119,BUSINESS,SGD,1291.96,1/26/2023 20:34,SUSPENDED
ACC0005952,CUST006314,BUSINESS,INR,1130.55,6/28/2026 13:59,CLOSED
ACC0005953,CUST006270,SAVINGS,GBP,464.11,9/12/2021 0:40,ACTIVE
ACC0005954,CUST008139,CHECKING,SGD,2897.24,1/29/2022 9:43,ACTIVE
ACC0005955,CUST005841,SAVINGS,AUD,2073.67,7/13/2022 0:44,ACTIVE
ACC0005956,CUST001826,CHECKING,GBP,3071.03,8/21/2022 22:39,ACTIVE
ACC0005957,CUST002974,CHECKING,EUR,945.99,1/12/2023 5:28,SUSPENDED
ACC0005958,CUST009303,BUSINESS,INR,2259.95,12/1/2023 7:17,ACTIVE
ACC0005959,CUST001074,BUSINESS,AUD,642.41,8/28/2023 1:29,ACTIVE
ACC0005960,CUST003637,CHECKING,EUR,12894.84,1/12/2024 20:45,CLOSED
ACC0005961,CUST009312,SAVINGS,SGD,413.62,7/21/2022 9:04,ACTIVE
ACC0005962,CUST007804,BUSINESS,EUR,13716.53,8/31/2024 7:10,ACTIVE
ACC0005963,CUST003817,SAVINGS,PKR,1143.52,12/16/2025 9:37,ACTIVE
ACC0005964,CUST003732,CHECKING,EUR,210.48,12/7/2022 21:42,ACTIVE
ACC0005965,CUST007805,CHECKING,EUR,5662.92,10/31/2022 12:16,ACTIVE
ACC0005966,CUST001404,BUSINESS,EUR,1275.48,5/12/2022 13:27,ACTIVE
ACC0005967,CUST008474,SAVINGS,EUR,3045.28,1/25/2023 18:44,ACTIVE
ACC0005968,CUST002620,BUSINESS,AED,4762.97,5/12/2022 22:58,CLOSED
ACC0005969,CUST007437,BUSINESS,INR,1645.08,10/20/2024 9:08,ACTIVE
ACC0005970,CUST009938,BUSINESS,EUR,538.78,4/18/2022 16:36,CLOSED
ACC0005971,CUST000440,BUSINESS,USD,3536.37,7/13/2022 1:42,ACTIVE
ACC0005972,CUST006750,BUSINESS,AED,1097.63,1/8/2022 4:37,CLOSED
ACC0005973,CUST000304,CHECKING,JPY,2497.46,5/5/2026 8:50,SUSPENDED
ACC0005974,CUST000964,SAVINGS,GBP,82.73,3/31/2026 14:28,ACTIVE
ACC0005975,CUST002832,CHECKING,EUR,1875.03,8/26/2021 7:43,SUSPENDED
ACC0005976,CUST007825,CHECKING,USD,509.64,4/6/2026 1:45,ACTIVE
ACC0005977,CUST001987,BUSINESS,AED,7974.24,6/17/2026 7:22,SUSPENDED
ACC0005978,CUST004576,SAVINGS,EUR,2316.25,7/27/2024 20:33,ACTIVE
ACC0005979,CUST004020,BUSINESS,AED,1462.39,1/25/2022 15:19,CLOSED
ACC0005980,CUST005298,BUSINESS,CAD,1965.64,12/12/2024 14:40,ACTIVE
ACC0005981,CUST000620,CHECKING,USD,330.92,2/10/2025 11:53,ACTIVE
ACC0005982,CUST003436,CHECKING,EUR,7691.78,10/26/2024 4:19,ACTIVE
ACC0005983,CUST008456,BUSINESS,AED,11963.85,7/30/2023 7:56,ACTIVE
ACC0005984,CUST005748,CHECKING,AUD,1757.23,7/22/2024 20:57,ACTIVE
ACC0005985,CUST005911,SAVINGS,EUR,7394.44,1/5/2025 22:10,SUSPENDED
ACC0005986,CUST000485,CHECKING,EUR,553.92,6/13/2022 4:07,ACTIVE
ACC0005987,CUST003222,CHECKING,JPY,421.35,12/13/2023 8:39,SUSPENDED
ACC0005988,CUST008615,BUSINESS,EUR,1151.83,2/23/2022 12:14,ACTIVE
ACC0005989,CUST007110,CHECKING,EUR,1848.13,11/9/2021 5:36,SUSPENDED
ACC0005990,CUST004637,CHECKING,PKR,683.49,4/25/2026 13:37,ACTIVE
ACC0005991,CUST005509,CHECKING,AED,2090.84,6/25/2022 0:19,ACTIVE
ACC0005992,CUST004583,CHECKING,EUR,1583.93,3/18/2024 13:32,ACTIVE
ACC0005993,CUST000394,CHECKING,EUR,330.97,8/17/2024 15:58,ACTIVE
ACC0005994,CUST008409,BUSINESS,EUR,2043.77,9/30/2022 0:30,SUSPENDED
ACC0005995,CUST006934,SAVINGS,CAD,3090.95,5/4/2026 8:52,CLOSED
ACC0005996,CUST005728,BUSINESS,PKR,1347.17,12/26/2024 12:31,CLOSED
ACC0005997,CUST007940,SAVINGS,AED,4372.88,9/29/2021 9:07,ACTIVE
ACC0005998,CUST008868,SAVINGS,AED,254.45,1/26/2025 20:34,ACTIVE
ACC0005999,CUST009629,SAVINGS,EUR,1922.81,3/17/2026 1:45,SUSPENDED
ACC0006000,CUST001589,SAVINGS,AUD,269.26,12/23/2022 13:45,ACTIVE
ACC0006001,CUST000707,SAVINGS,CAD,288.04,5/24/2022 20:06,SUSPENDED
ACC0006002,CUST007172,CHECKING,AUD,514.34,10/5/2025 16:23,ACTIVE
ACC0006003,CUST006404,SAVINGS,CAD,354.08,4/5/2024 1:40,SUSPENDED
ACC0006004,CUST004773,BUSINESS,CAD,568.16,11/17/2023 18:26,ACTIVE
ACC0006005,CUST002097,SAVINGS,CAD,848.12,11/1/2025 12:22,ACTIVE
ACC0006006,CUST008220,SAVINGS,EUR,2994.66,10/15/2021 6:58,ACTIVE
ACC0006007,CUST001711,BUSINESS,AUD,745.91,9/27/2025 12:59,ACTIVE
ACC0006008,CUST004720,BUSINESS,EUR,163.57,10/15/2023 20:31,ACTIVE
ACC0006009,CUST000645,SAVINGS,EUR,4307.36,6/22/2024 6:59,ACTIVE
ACC0006010,CUST009068,SAVINGS,INR,401.61,2/13/2023 22:40,CLOSED
ACC0006011,CUST005308,CHECKING,AUD,1022.02,10/30/2022 20:03,CLOSED
ACC0006012,CUST004248,SAVINGS,INR,1874.03,3/4/2024 1:49,ACTIVE
ACC0006013,CUST001738,SAVINGS,INR,1393.44,11/23/2023 14:54,ACTIVE
ACC0006014,CUST004273,BUSINESS,GBP,4076.59,4/17/2026 16:18,ACTIVE
ACC0006015,CUST004848,BUSINESS,EUR,1948.48,7/31/2026 0:40,ACTIVE
ACC0006016,CUST009405,SAVINGS,PKR,390.11,6/1/2025 7:55,ACTIVE
ACC0006017,CUST006976,BUSINESS,EUR,14977.05,1/16/2025 3:10,ACTIVE
ACC0006018,CUST007359,SAVINGS,GBP,1384.65,8/7/2023 12:03,ACTIVE
ACC0006019,CUST007236,BUSINESS,SGD,918.91,6/28/2026 12:30,CLOSED
ACC0006020,CUST009171,BUSINESS,CAD,3486.7,9/4/2022 22:38,CLOSED
ACC0006021,CUST006873,BUSINESS,EUR,1479.32,11/12/2024 22:32,SUSPENDED
ACC0006022,CUST005897,BUSINESS,EUR,1770.6,11/26/2021 0:09,ACTIVE
ACC0006023,CUST007316,SAVINGS,INR,21820.84,1/19/2022 14:42,SUSPENDED
ACC0006024,CUST001235,CHECKING,AUD,788.28,6/19/2025 20:56,ACTIVE
ACC0006025,CUST006477,BUSINESS,AED,748.96,1/3/2025 21:46,ACTIVE
ACC0006026,CUST007500,BUSINESS,GBP,1261.29,6/27/2026 19:31,ACTIVE
ACC0006027,CUST007026,SAVINGS,PKR,3967.21,2/9/2024 6:28,ACTIVE
ACC0006028,CUST008258,SAVINGS,EUR,179.86,5/8/2022 13:01,SUSPENDED
ACC0006029,CUST003870,BUSINESS,JPY,103.68,3/16/2025 10:03,SUSPENDED
ACC0006030,CUST007374,BUSINESS,EUR,542.11,6/3/2024 0:13,SUSPENDED
ACC0006031,CUST005195,CHECKING,AED,154.36,5/25/2026 4:34,ACTIVE
ACC0006032,CUST007745,CHECKING,AUD,658.66,8/7/2025 15:45,ACTIVE
ACC0006033,CUST002624,SAVINGS,JPY,2004.2,11/15/2021 18:19,SUSPENDED
ACC0006034,CUST003486,CHECKING,CAD,376.57,4/9/2022 4:30,ACTIVE
ACC0006035,CUST004358,SAVINGS,EUR,197.91,8/11/2024 13:01,CLOSED
ACC0006036,CUST009792,BUSINESS,GBP,1191.78,9/21/2022 0:14,ACTIVE
ACC0006037,CUST004239,CHECKING,EUR,3087.3,8/10/2024 21:18,ACTIVE
ACC0006038,CUST008956,CHECKING,AED,143.46,2/3/2022 23:31,ACTIVE
ACC0006039,CUST007216,CHECKING,EUR,2934.46,3/14/2025 14:27,ACTIVE
ACC0006040,CUST000644,SAVINGS,JPY,2924.17,9/25/2023 1:17,CLOSED
ACC0006041,CUST009654,CHECKING,AED,3445.77,7/4/2024 15:51,ACTIVE
ACC0006042,CUST005646,CHECKING,PKR,4732.35,3/4/2024 20:20,SUSPENDED
ACC0006043,CUST007325,SAVINGS,CAD,15404.53,8/2/2022 19:05,ACTIVE
ACC0006044,CUST009502,CHECKING,EUR,715.29,5/3/2025 3:47,ACTIVE
ACC0006045,CUST009659,CHECKING,AUD,1250.73,6/3/2025 13:42,ACTIVE
ACC0006046,CUST003614,BUSINESS,PKR,665.32,2/13/2026 22:36,CLOSED
ACC0006047,CUST002606,SAVINGS,AED,1099.24,6/22/2024 16:44,ACTIVE
ACC0006048,CUST005609,SAVINGS,EUR,6901.18,7/17/2023 22:53,ACTIVE
ACC0006049,CUST002310,SAVINGS,AUD,218.32,11/14/2021 19:32,ACTIVE
ACC0006050,CUST007927,CHECKING,USD,390.23,1/2/2024 6:02,ACTIVE
ACC0006051,CUST002529,CHECKING,USD,5725.11,3/28/2024 2:43,ACTIVE
ACC0006052,CUST000441,BUSINESS,PKR,3729.55,4/26/2024 17:05,ACTIVE
ACC0006053,CUST007502,BUSINESS,AUD,709.27,12/11/2024 23:34,SUSPENDED
ACC0006054,CUST009439,SAVINGS,CAD,3057.28,8/10/2025 4:30,SUSPENDED
ACC0006055,CUST001887,SAVINGS,GBP,1651.53,7/31/2024 18:06,ACTIVE
ACC0006056,CUST002325,BUSINESS,EUR,6636.43,7/28/2026 8:45,ACTIVE
ACC0006057,CUST002976,SAVINGS,INR,1199.2,1/5/2026 12:13,ACTIVE
ACC0006058,CUST006237,CHECKING,INR,3754.68,3/9/2022 18:14,ACTIVE
ACC0006059,CUST009509,BUSINESS,GBP,26118.9,5/15/2026 9:05,CLOSED
ACC0006060,CUST000014,SAVINGS,EUR,2247.83,1/30/2025 15:43,ACTIVE
ACC0006061,CUST008810,CHECKING,PKR,1163.51,9/21/2023 21:27,ACTIVE
ACC0006062,CUST009925,CHECKING,AUD,2609.56,10/21/2022 21:38,CLOSED
ACC0006063,CUST003368,CHECKING,EUR,707.45,3/15/2024 23:34,ACTIVE
ACC0006064,CUST004402,CHECKING,PKR,19255.68,6/6/2023 6:36,ACTIVE
ACC0006065,CUST006647,SAVINGS,EUR,1361.15,5/5/2023 4:38,CLOSED
ACC0006066,CUST003098,CHECKING,GBP,790.35,5/11/2024 12:06,SUSPENDED
ACC0006067,CUST008448,SAVINGS,INR,402.29,9/21/2021 15:42,ACTIVE
ACC0006068,CUST008784,SAVINGS,PKR,4091.49,3/19/2026 1:30,SUSPENDED
ACC0006069,CUST009865,SAVINGS,GBP,3104.55,8/25/2024 0:28,CLOSED
ACC0006070,CUST007229,CHECKING,JPY,603.76,5/31/2022 11:23,CLOSED
ACC0006071,CUST008165,CHECKING,EUR,2190.19,8/18/2022 4:19,ACTIVE
ACC0006072,CUST000721,CHECKING,EUR,179.42,9/24/2022 6:48,ACTIVE
ACC0006073,CUST004463,SAVINGS,PKR,1369.18,8/8/2025 6:00,ACTIVE
ACC0006074,CUST004555,CHECKING,EUR,1888.06,11/10/2023 19:26,ACTIVE
ACC0006075,CUST007294,CHECKING,EUR,8508.29,1/2/2026 21:41,ACTIVE
ACC0006076,CUST004552,BUSINESS,PKR,434.86,7/2/2022 8:58,SUSPENDED
ACC0006077,CUST001300,BUSINESS,CAD,236.51,11/28/2024 22:06,CLOSED
ACC0006078,CUST007999,SAVINGS,EUR,374.46,11/11/2022 13:04,ACTIVE
ACC0006079,CUST003228,SAVINGS,SGD,220.55,3/23/2025 17:31,SUSPENDED
ACC0006080,CUST007171,CHECKING,EUR,5453.37,2/27/2026 14:07,CLOSED
ACC0006081,CUST006252,CHECKING,EUR,7032.99,10/11/2024 22:44,SUSPENDED
ACC0006082,CUST007511,SAVINGS,GBP,1610.44,2/15/2023 13:51,ACTIVE
ACC0006083,CUST001300,SAVINGS,CAD,4748.36,11/10/2021 4:04,ACTIVE
ACC0006084,CUST008025,SAVINGS,AUD,1287.88,7/15/2024 23:58,ACTIVE
ACC0006085,CUST005326,SAVINGS,AUD,978.35,4/15/2025 0:34,ACTIVE
ACC0006086,CUST008219,SAVINGS,EUR,735.36,3/2/2025 11:17,ACTIVE
ACC0006087,CUST001998,BUSINESS,PKR,755.61,9/15/2021 21:34,ACTIVE
ACC0006088,CUST004760,BUSINESS,EUR,171.17,6/26/2024 14:38,CLOSED
ACC0006089,CUST008184,SAVINGS,EUR,1505.84,7/18/2026 19:52,ACTIVE
ACC0006090,CUST004491,CHECKING,PKR,1044.82,6/12/2026 14:13,ACTIVE
ACC0006091,CUST008289,SAVINGS,INR,2682.31,7/4/2026 22:48,ACTIVE
ACC0006092,CUST001041,SAVINGS,EUR,1226.88,4/18/2023 22:57,ACTIVE
ACC0006093,CUST009902,BUSINESS,EUR,902.13,11/22/2022 22:48,SUSPENDED
ACC0006094,CUST007703,CHECKING,SGD,385.51,3/13/2022 8:11,ACTIVE
ACC0006095,CUST003396,BUSINESS,EUR,1195.82,7/20/2026 21:40,ACTIVE
ACC0006096,CUST009371,CHECKING,EUR,2659.48,7/30/2025 16:24,ACTIVE
ACC0006097,CUST002639,CHECKING,USD,278.1,12/19/2023 13:38,ACTIVE
ACC0006098,CUST003585,BUSINESS,GBP,1218,1/23/2025 13:45,SUSPENDED
ACC0006099,CUST008588,CHECKING,PKR,1450.48,11/1/2024 17:45,ACTIVE
ACC0006100,CUST005146,BUSINESS,AED,463.28,1/1/2025 5:11,ACTIVE
ACC0006101,CUST000235,SAVINGS,EUR,541.62,5/29/2023 8:55,CLOSED
ACC0006102,CUST002014,CHECKING,EUR,1446.26,3/1/2026 19:44,ACTIVE
ACC0006103,CUST000111,SAVINGS,JPY,281.43,11/28/2022 5:15,CLOSED
ACC0006104,CUST004475,BUSINESS,USD,1668.88,10/24/2024 6:02,ACTIVE
ACC0006105,CUST005753,SAVINGS,USD,374.49,2/15/2025 19:51,ACTIVE
ACC0006106,CUST007914,CHECKING,AED,3926.19,1/15/2022 12:21,ACTIVE
ACC0006107,CUST004357,CHECKING,JPY,18131.27,12/27/2022 13:34,CLOSED
ACC0006108,CUST007613,BUSINESS,EUR,390.37,2/14/2026 8:09,CLOSED
ACC0006109,CUST006224,SAVINGS,EUR,2081.93,6/4/2025 10:23,ACTIVE
ACC0006110,CUST004862,SAVINGS,EUR,458.48,12/30/2024 4:16,ACTIVE
ACC0006111,CUST008980,BUSINESS,USD,3824.35,6/6/2022 16:07,ACTIVE
ACC0006112,CUST009450,CHECKING,EUR,240.25,5/20/2025 9:21,ACTIVE
ACC0006113,CUST006585,BUSINESS,SGD,1952.18,2/28/2025 22:52,CLOSED
ACC0006114,CUST005081,SAVINGS,INR,384.68,3/21/2026 8:55,ACTIVE
ACC0006115,CUST006565,SAVINGS,AED,855.44,6/12/2022 11:40,CLOSED
ACC0006116,CUST007375,SAVINGS,PKR,318.23,7/13/2023 20:06,ACTIVE
ACC0006117,CUST007764,BUSINESS,EUR,2941.93,12/15/2025 21:07,ACTIVE
ACC0006118,CUST006306,SAVINGS,GBP,401.67,6/11/2026 16:12,ACTIVE
ACC0006119,CUST007876,SAVINGS,EUR,2126.76,8/22/2022 9:06,ACTIVE
ACC0006120,CUST009211,SAVINGS,EUR,725.66,10/31/2021 6:48,ACTIVE
ACC0006121,CUST000138,BUSINESS,AUD,955.88,10/3/2022 21:49,CLOSED
ACC0006122,CUST005604,BUSINESS,EUR,1309.38,12/25/2021 22:52,ACTIVE
ACC0006123,CUST009603,SAVINGS,SGD,439.58,4/14/2026 2:17,ACTIVE
ACC0006124,CUST005400,SAVINGS,GBP,1411.55,11/24/2025 2:45,ACTIVE
ACC0006125,CUST001157,SAVINGS,AED,6880.19,4/19/2024 6:23,ACTIVE
ACC0006126,CUST001017,SAVINGS,EUR,431.08,12/4/2021 13:59,SUSPENDED
ACC0006127,CUST008803,BUSINESS,CAD,4474.6,2/20/2023 19:35,ACTIVE
ACC0006128,CUST008671,CHECKING,SGD,6619.12,3/7/2026 7:14,SUSPENDED
ACC0006129,CUST009148,BUSINESS,INR,411.83,8/7/2026 21:19,ACTIVE
ACC0006130,CUST002353,SAVINGS,EUR,191.32,8/17/2023 15:05,ACTIVE
ACC0006131,CUST004901,BUSINESS,CAD,1575.54,3/21/2025 3:53,ACTIVE
ACC0006132,CUST002323,CHECKING,AUD,568.56,6/24/2024 11:42,ACTIVE
ACC0006133,CUST007064,CHECKING,INR,10325,10/20/2021 0:55,CLOSED
ACC0006134,CUST009077,SAVINGS,CAD,1143.41,1/3/2022 16:44,CLOSED
ACC0006135,CUST000666,SAVINGS,EUR,418.79,10/8/2023 11:26,SUSPENDED
ACC0006136,CUST002789,BUSINESS,EUR,276.83,3/13/2022 7:51,SUSPENDED
ACC0006137,CUST007659,BUSINESS,JPY,4055.73,10/29/2021 20:02,ACTIVE
ACC0006138,CUST008622,SAVINGS,EUR,552.57,3/5/2026 8:05,CLOSED
ACC0006139,CUST004516,CHECKING,AED,1155.85,5/3/2024 11:31,ACTIVE
ACC0006140,CUST006225,SAVINGS,EUR,3452.88,7/14/2025 13:53,ACTIVE
ACC0006141,CUST005002,SAVINGS,PKR,613.32,5/20/2026 4:42,ACTIVE
ACC0006142,CUST003313,BUSINESS,CAD,1037.83,5/18/2026 22:33,ACTIVE
ACC0006143,CUST004027,CHECKING,AUD,1075.05,1/1/2023 21:16,ACTIVE
ACC0006144,CUST004210,CHECKING,EUR,2489.88,5/5/2024 20:59,ACTIVE
ACC0006145,CUST003179,CHECKING,EUR,2228.07,2/7/2026 18:45,SUSPENDED
ACC0006146,CUST003112,BUSINESS,USD,842.07,12/15/2023 16:23,ACTIVE
ACC0006147,CUST003962,CHECKING,GBP,1183.67,11/5/2022 22:13,ACTIVE
ACC0006148,CUST001778,CHECKING,SGD,701.95,3/20/2023 21:01,SUSPENDED
ACC0006149,CUST004307,BUSINESS,GBP,186.21,10/23/2021 0:10,ACTIVE
ACC0006150,CUST006562,SAVINGS,GBP,1493.86,1/3/2026 8:35,ACTIVE
ACC0006151,CUST008221,BUSINESS,PKR,10621.44,11/9/2024 2:02,ACTIVE
ACC0006152,CUST005622,BUSINESS,EUR,379.76,9/3/2024 5:12,ACTIVE
ACC0006153,CUST005240,SAVINGS,JPY,433.7,9/21/2022 7:40,ACTIVE
ACC0006154,CUST004744,SAVINGS,EUR,385.73,2/6/2022 7:31,ACTIVE
ACC0006155,CUST009331,SAVINGS,USD,2616.28,7/6/2025 5:08,ACTIVE
ACC0006156,CUST005630,CHECKING,CAD,1878.41,11/20/2025 20:22,ACTIVE
ACC0006157,CUST003160,SAVINGS,EUR,906.65,2/21/2024 13:36,SUSPENDED
ACC0006158,CUST007496,SAVINGS,AED,364.45,2/5/2026 7:22,ACTIVE
ACC0006159,CUST007452,BUSINESS,AED,1225.19,12/17/2024 1:32,SUSPENDED
ACC0006160,CUST003460,SAVINGS,EUR,167.75,1/22/2022 12:07,ACTIVE
ACC0006161,CUST007424,BUSINESS,EUR,1302.59,3/6/2023 23:03,SUSPENDED
ACC0006162,CUST003273,BUSINESS,SGD,3120.75,8/27/2024 19:47,SUSPENDED
ACC0006163,CUST007476,BUSINESS,EUR,244.34,2/9/2025 8:11,ACTIVE
ACC0006164,CUST003958,SAVINGS,JPY,174.33,8/17/2023 3:24,ACTIVE
ACC0006165,CUST006512,SAVINGS,CAD,7297.78,9/9/2025 11:21,SUSPENDED
ACC0006166,CUST007079,CHECKING,CAD,526.31,12/22/2025 0:04,CLOSED
ACC0006167,CUST003332,BUSINESS,EUR,4286.12,6/9/2022 16:58,CLOSED
ACC0006168,CUST009424,SAVINGS,AED,911.6,5/31/2022 13:10,CLOSED
ACC0006169,CUST008802,SAVINGS,EUR,902.94,12/12/2024 23:34,CLOSED
ACC0006170,CUST004102,CHECKING,AUD,1855.84,2/6/2022 11:08,ACTIVE
ACC0006171,CUST008748,CHECKING,EUR,379.63,5/16/2025 18:10,ACTIVE
ACC0006172,CUST006342,CHECKING,PKR,1285.62,12/1/2022 0:40,CLOSED
ACC0006173,CUST002010,BUSINESS,AED,693.82,5/28/2025 16:13,SUSPENDED
ACC0006174,CUST009555,CHECKING,JPY,224.84,9/19/2023 12:04,CLOSED
ACC0006175,CUST007081,CHECKING,EUR,1644.15,2/10/2023 18:13,ACTIVE
ACC0006176,CUST006957,BUSINESS,CAD,799.54,11/27/2025 6:49,ACTIVE
ACC0006177,CUST007710,SAVINGS,GBP,908.3,10/20/2024 14:13,CLOSED
ACC0006178,CUST002755,BUSINESS,PKR,256.67,10/26/2024 3:45,ACTIVE
ACC0006179,CUST006445,BUSINESS,USD,7403.29,11/1/2025 16:56,SUSPENDED
ACC0006180,CUST004653,CHECKING,PKR,3140.25,7/29/2025 21:18,ACTIVE
ACC0006181,CUST008606,SAVINGS,INR,3487.66,9/11/2025 6:40,ACTIVE
ACC0006182,CUST007951,BUSINESS,EUR,760.11,12/2/2023 4:36,ACTIVE
ACC0006183,CUST003134,SAVINGS,CAD,137.69,5/18/2026 17:08,ACTIVE
ACC0006184,CUST009251,BUSINESS,USD,11424.33,10/25/2023 0:09,SUSPENDED
ACC0006185,CUST000797,CHECKING,EUR,1019.11,8/27/2021 15:44,ACTIVE
ACC0006186,CUST002149,BUSINESS,CAD,446.5,2/3/2026 2:19,ACTIVE
ACC0006187,CUST001263,BUSINESS,USD,1808.34,9/19/2024 10:23,ACTIVE
ACC0006188,CUST005126,BUSINESS,SGD,4449.49,1/19/2023 17:11,CLOSED
ACC0006189,CUST002085,CHECKING,EUR,1066.72,3/8/2023 10:08,ACTIVE
ACC0006190,CUST008848,BUSINESS,EUR,5086.22,2/8/2026 12:23,ACTIVE
ACC0006191,CUST002603,CHECKING,USD,4022.26,3/12/2025 23:35,ACTIVE
ACC0006192,CUST002035,SAVINGS,AED,301.37,5/20/2022 11:43,CLOSED
ACC0006193,CUST001233,BUSINESS,AUD,488.55,2/20/2026 17:16,ACTIVE
ACC0006194,CUST004490,SAVINGS,CAD,3460.07,9/19/2022 2:07,CLOSED
ACC0006195,CUST006271,CHECKING,JPY,42.3,5/20/2025 21:42,ACTIVE
ACC0006196,CUST004435,SAVINGS,AUD,916.58,11/26/2022 1:51,CLOSED
ACC0006197,CUST002997,CHECKING,SGD,196.96,2/14/2025 21:18,ACTIVE
ACC0006198,CUST001538,SAVINGS,EUR,619.02,9/14/2021 14:40,ACTIVE
ACC0006199,CUST006964,SAVINGS,AUD,766.18,11/10/2024 2:36,ACTIVE
ACC0006200,CUST003864,BUSINESS,AED,713.45,7/13/2024 8:37,ACTIVE
ACC0006201,CUST005781,CHECKING,PKR,565.26,9/18/2025 23:13,SUSPENDED
ACC0006202,CUST002551,SAVINGS,EUR,293.96,5/3/2025 18:20,ACTIVE
ACC0006203,CUST002155,SAVINGS,CAD,17159.26,12/24/2025 13:33,ACTIVE
ACC0006204,CUST005293,CHECKING,EUR,10310.87,1/2/2023 2:30,CLOSED
ACC0006205,CUST008823,CHECKING,CAD,271.92,5/11/2025 23:53,ACTIVE
ACC0006206,CUST000238,CHECKING,USD,7321.28,8/26/2025 15:15,ACTIVE
ACC0006207,CUST008103,SAVINGS,JPY,679.01,11/24/2022 16:38,ACTIVE
ACC0006208,CUST009754,BUSINESS,EUR,1280.52,2/6/2026 6:13,ACTIVE
ACC0006209,CUST001074,BUSINESS,AUD,1016.45,3/1/2023 23:49,ACTIVE
ACC0006210,CUST002616,CHECKING,AED,496.86,4/6/2024 11:29,ACTIVE
ACC0006211,CUST004639,BUSINESS,CAD,3571.08,7/16/2022 8:26,ACTIVE
ACC0006212,CUST003107,SAVINGS,GBP,1275.46,7/27/2025 18:57,ACTIVE
ACC0006213,CUST007994,SAVINGS,USD,619.02,11/30/2025 3:33,ACTIVE
ACC0006214,CUST000238,BUSINESS,USD,229.18,1/27/2025 4:47,SUSPENDED
ACC0006215,CUST003480,BUSINESS,PKR,375.29,12/16/2025 2:20,ACTIVE
ACC0006216,CUST003017,BUSINESS,EUR,152.99,1/6/2022 18:30,ACTIVE
ACC0006217,CUST009573,BUSINESS,USD,1112.84,11/21/2023 1:27,SUSPENDED
ACC0006218,CUST009964,SAVINGS,AED,260.86,1/30/2023 23:45,ACTIVE
ACC0006219,CUST002290,SAVINGS,AED,797.38,2/17/2026 4:59,ACTIVE
ACC0006220,CUST000065,SAVINGS,AUD,5676.68,3/27/2026 1:55,ACTIVE
ACC0006221,CUST001410,CHECKING,AED,4624.67,10/25/2025 18:05,SUSPENDED
ACC0006222,CUST000198,SAVINGS,GBP,1054.97,12/30/2025 12:33,ACTIVE
ACC0006223,CUST001577,BUSINESS,EUR,987.82,1/10/2023 4:15,SUSPENDED
ACC0006224,CUST002850,CHECKING,EUR,10465.61,6/6/2024 22:09,CLOSED
ACC0006225,CUST005383,BUSINESS,EUR,2048.59,7/2/2026 6:34,CLOSED
ACC0006226,CUST003958,CHECKING,JPY,739.99,2/11/2026 10:00,ACTIVE
ACC0006227,CUST007778,BUSINESS,SGD,198.1,1/4/2025 22:46,CLOSED
ACC0006228,CUST003615,SAVINGS,JPY,1759.26,5/23/2025 9:17,ACTIVE
ACC0006229,CUST005810,SAVINGS,SGD,2966.65,12/18/2022 10:23,ACTIVE
ACC0006230,CUST007223,SAVINGS,EUR,513.89,3/3/2024 14:17,ACTIVE
ACC0006231,CUST007170,CHECKING,USD,1555.33,9/7/2022 18:25,ACTIVE
ACC0006232,CUST005849,SAVINGS,JPY,708.9,9/9/2024 7:39,ACTIVE
ACC0006233,CUST005531,SAVINGS,EUR,879.33,2/8/2024 7:03,ACTIVE
ACC0006234,CUST009133,CHECKING,EUR,55.4,9/13/2022 18:39,ACTIVE
ACC0006235,CUST007671,CHECKING,JPY,840.39,9/28/2024 1:28,ACTIVE
ACC0006236,CUST006384,SAVINGS,EUR,3509.55,9/2/2025 2:50,ACTIVE
ACC0006237,CUST001733,SAVINGS,EUR,514.05,3/28/2022 23:42,CLOSED
ACC0006238,CUST004048,BUSINESS,CAD,1167.98,9/9/2025 17:03,ACTIVE
ACC0006239,CUST009456,BUSINESS,AUD,442.69,5/11/2025 8:56,ACTIVE
ACC0006240,CUST009949,SAVINGS,EUR,1690.08,2/5/2023 13:58,ACTIVE
ACC0006241,CUST007581,BUSINESS,JPY,845.71,2/1/2025 13:48,ACTIVE
ACC0006242,CUST002275,CHECKING,CAD,355.28,6/29/2026 19:36,ACTIVE
ACC0006243,CUST000965,BUSINESS,CAD,5426.57,11/19/2024 7:16,ACTIVE
ACC0006244,CUST003403,SAVINGS,GBP,3343.32,8/2/2025 5:51,ACTIVE
ACC0006245,CUST004089,BUSINESS,AUD,530.65,2/22/2023 9:41,ACTIVE
ACC0006246,CUST007155,CHECKING,SGD,1992.9,3/12/2026 15:40,ACTIVE
ACC0006247,CUST008841,BUSINESS,EUR,2089.95,6/19/2026 14:16,CLOSED
ACC0006248,CUST005416,BUSINESS,CAD,2370.28,10/25/2022 6:07,ACTIVE
ACC0006249,CUST004719,SAVINGS,EUR,143.58,9/15/2024 18:51,ACTIVE
ACC0006250,CUST003096,CHECKING,INR,3669.93,10/12/2025 8:17,CLOSED
ACC0006251,CUST009257,CHECKING,SGD,553.56,4/16/2025 9:02,ACTIVE
ACC0006252,CUST009880,BUSINESS,JPY,713.8,8/10/2024 18:44,ACTIVE
ACC0006253,CUST003622,SAVINGS,JPY,25989.77,6/22/2024 19:06,ACTIVE
ACC0006254,CUST009839,CHECKING,AED,1575.37,7/4/2024 15:00,ACTIVE
ACC0006255,CUST007236,SAVINGS,SGD,689.81,3/18/2022 15:52,SUSPENDED
ACC0006256,CUST003972,BUSINESS,USD,77.76,11/21/2023 12:39,CLOSED
ACC0006257,CUST005942,SAVINGS,AED,5812.21,4/25/2025 4:38,ACTIVE
ACC0006258,CUST001435,SAVINGS,AED,218.27,9/19/2024 23:35,ACTIVE
ACC0006259,CUST001381,BUSINESS,EUR,328.94,8/25/2026 8:07,ACTIVE
ACC0006260,CUST006905,BUSINESS,USD,736.84,12/13/2025 4:48,ACTIVE
ACC0006261,CUST002905,CHECKING,USD,6001.08,8/8/2023 3:55,CLOSED
ACC0006262,CUST006416,BUSINESS,EUR,2773.56,3/15/2022 23:11,CLOSED
ACC0006263,CUST005329,BUSINESS,EUR,907.41,12/7/2023 23:47,ACTIVE
ACC0006264,CUST000752,CHECKING,JPY,1587.56,5/8/2023 20:40,CLOSED
ACC0006265,CUST004524,SAVINGS,EUR,533.54,2/17/2022 12:19,ACTIVE
ACC0006266,CUST006454,SAVINGS,EUR,1296.71,8/2/2024 13:17,ACTIVE
ACC0006267,CUST006428,SAVINGS,GBP,1197.52,8/6/2023 9:01,ACTIVE
ACC0006268,CUST004113,CHECKING,INR,3507.03,12/30/2022 6:47,ACTIVE
ACC0006269,CUST009232,SAVINGS,EUR,3500.33,7/10/2022 19:36,SUSPENDED
ACC0006270,CUST001523,SAVINGS,EUR,1983.81,4/4/2026 2:54,ACTIVE
ACC0006271,CUST002561,BUSINESS,EUR,709.94,7/21/2026 12:03,CLOSED
ACC0006272,CUST000123,BUSINESS,EUR,2670.94,8/31/2023 20:53,ACTIVE
ACC0006273,CUST007593,BUSINESS,PKR,982.05,7/20/2022 14:42,ACTIVE
ACC0006274,CUST002706,SAVINGS,CAD,299.38,9/26/2024 8:42,ACTIVE
ACC0006275,CUST008196,CHECKING,PKR,675.91,10/7/2023 0:02,ACTIVE
ACC0006276,CUST002576,SAVINGS,EUR,1213.7,1/17/2022 15:12,SUSPENDED
ACC0006277,CUST000770,BUSINESS,AED,3269.06,6/6/2024 16:44,SUSPENDED
ACC0006278,CUST007308,BUSINESS,PKR,879.86,12/31/2025 10:33,ACTIVE
ACC0006279,CUST007904,CHECKING,AUD,256.97,11/19/2024 21:42,ACTIVE
ACC0006280,CUST009857,CHECKING,EUR,1173.9,10/13/2024 13:02,ACTIVE
ACC0006281,CUST008855,SAVINGS,GBP,1256.58,11/20/2023 11:13,ACTIVE
ACC0006282,CUST000648,CHECKING,JPY,1370.6,4/11/2026 6:14,ACTIVE
ACC0006283,CUST009634,CHECKING,EUR,3307.16,6/4/2023 22:14,ACTIVE
ACC0006284,CUST006931,CHECKING,EUR,3724.57,8/13/2023 14:22,CLOSED
ACC0006285,CUST002303,SAVINGS,CAD,537.51,12/5/2025 19:33,SUSPENDED
ACC0006286,CUST006949,BUSINESS,AED,523.55,6/5/2026 18:07,ACTIVE
ACC0006287,CUST007307,SAVINGS,EUR,314.74,1/10/2022 14:42,ACTIVE
ACC0006288,CUST006595,SAVINGS,AED,2536.6,4/7/2025 14:19,SUSPENDED
ACC0006289,CUST006770,CHECKING,EUR,6239.06,11/24/2025 4:19,ACTIVE
ACC0006290,CUST002715,BUSINESS,JPY,751.37,7/29/2022 16:58,CLOSED
ACC0006291,CUST005064,SAVINGS,INR,820.8,7/13/2022 17:20,CLOSED
ACC0006292,CUST000456,CHECKING,AUD,6375,11/3/2025 17:07,ACTIVE
ACC0006293,CUST004493,SAVINGS,GBP,2011.57,1/26/2024 19:52,CLOSED
ACC0006294,CUST003549,CHECKING,CAD,1851,2/15/2023 7:32,ACTIVE
ACC0006295,CUST004703,SAVINGS,GBP,262.67,9/28/2024 9:30,ACTIVE
ACC0006296,CUST006769,BUSINESS,SGD,2476.18,5/8/2022 10:50,ACTIVE
ACC0006297,CUST001066,SAVINGS,AUD,359.62,1/6/2026 11:32,ACTIVE
ACC0006298,CUST006731,BUSINESS,EUR,281.23,4/10/2025 12:49,ACTIVE
ACC0006299,CUST005455,CHECKING,EUR,723.34,8/13/2025 3:29,ACTIVE
ACC0006300,CUST005122,SAVINGS,EUR,542.97,6/9/2024 23:15,ACTIVE
ACC0006301,CUST005138,CHECKING,EUR,840.57,2/23/2025 10:12,SUSPENDED
ACC0006302,CUST006004,CHECKING,SGD,194.58,11/12/2024 2:13,CLOSED
ACC0006303,CUST008188,SAVINGS,EUR,3465.39,9/6/2025 22:25,SUSPENDED
ACC0006304,CUST006335,SAVINGS,AUD,4243.84,7/5/2022 21:21,CLOSED
ACC0006305,CUST009279,SAVINGS,EUR,105.97,6/30/2025 1:15,SUSPENDED
ACC0006306,CUST006692,SAVINGS,AUD,3548.04,9/30/2024 19:55,ACTIVE
ACC0006307,CUST000207,CHECKING,EUR,414.62,9/18/2022 11:35,CLOSED
ACC0006308,CUST003747,BUSINESS,EUR,3066.74,3/15/2024 5:03,ACTIVE
ACC0006309,CUST007336,BUSINESS,EUR,1010.16,1/14/2022 7:07,ACTIVE
ACC0006310,CUST002515,CHECKING,EUR,1135.16,7/15/2025 0:26,SUSPENDED
ACC0006311,CUST006475,BUSINESS,EUR,878.21,8/18/2024 19:52,ACTIVE
ACC0006312,CUST008452,SAVINGS,AUD,4696.42,1/17/2026 17:10,CLOSED
ACC0006313,CUST002289,CHECKING,EUR,247.77,11/6/2024 18:36,ACTIVE
ACC0006314,CUST009240,CHECKING,CAD,2274.26,7/27/2022 4:28,ACTIVE
ACC0006315,CUST002096,SAVINGS,INR,4111.72,9/30/2023 9:47,ACTIVE
ACC0006316,CUST004352,SAVINGS,EUR,2590.5,6/11/2026 15:50,ACTIVE
ACC0006317,CUST007864,BUSINESS,INR,17847.86,8/10/2023 7:00,CLOSED
ACC0006318,CUST006034,BUSINESS,GBP,581.3,12/23/2023 9:22,ACTIVE
ACC0006319,CUST007425,BUSINESS,USD,3459.11,8/26/2025 6:06,ACTIVE
ACC0006320,CUST003766,SAVINGS,EUR,965.54,11/11/2023 0:30,ACTIVE
ACC0006321,CUST006771,CHECKING,AUD,4817.87,8/3/2026 14:38,ACTIVE
ACC0006322,CUST001149,SAVINGS,USD,1086.56,9/29/2024 11:27,ACTIVE
ACC0006323,CUST007040,SAVINGS,EUR,688.52,1/4/2022 17:37,ACTIVE
ACC0006324,CUST000941,CHECKING,EUR,5256.85,1/23/2022 8:50,SUSPENDED
ACC0006325,CUST007732,CHECKING,JPY,607.97,3/5/2024 11:37,SUSPENDED
ACC0006326,CUST001270,CHECKING,SGD,201.29,4/1/2024 15:21,ACTIVE
ACC0006327,CUST002544,CHECKING,CAD,589.8,3/12/2022 16:29,SUSPENDED
ACC0006328,CUST009168,CHECKING,GBP,2305.01,3/28/2026 18:05,ACTIVE
ACC0006329,CUST000265,BUSINESS,EUR,5828.1,9/10/2024 17:11,ACTIVE
ACC0006330,CUST005927,BUSINESS,USD,1253.07,2/15/2022 12:27,ACTIVE
ACC0006331,CUST005102,BUSINESS,EUR,5333.89,9/24/2021 14:48,ACTIVE
ACC0006332,CUST009931,CHECKING,EUR,214.9,4/19/2025 15:01,ACTIVE
ACC0006333,CUST009951,BUSINESS,EUR,644.25,12/16/2021 6:32,ACTIVE
ACC0006334,CUST000540,CHECKING,EUR,775.66,4/19/2023 2:41,CLOSED
ACC0006335,CUST005008,BUSINESS,USD,955.78,9/19/2021 0:10,ACTIVE
ACC0006336,CUST002181,BUSINESS,JPY,1213.07,11/21/2025 16:20,ACTIVE
ACC0006337,CUST000420,SAVINGS,EUR,2512.65,1/24/2026 23:05,ACTIVE
ACC0006338,CUST009694,SAVINGS,INR,643.06,4/5/2024 20:28,ACTIVE
ACC0006339,CUST009888,CHECKING,EUR,1295.74,9/5/2023 9:14,SUSPENDED
ACC0006340,CUST007666,BUSINESS,AUD,1038.83,11/7/2024 0:52,ACTIVE
ACC0006341,CUST004818,SAVINGS,CAD,361.02,8/18/2023 3:20,ACTIVE
ACC0006342,CUST007503,BUSINESS,EUR,956.81,1/1/2024 14:12,SUSPENDED
ACC0006343,CUST000394,CHECKING,EUR,922.98,2/15/2026 8:27,ACTIVE
ACC0006344,CUST008287,CHECKING,USD,899.56,1/17/2025 13:11,ACTIVE
ACC0006345,CUST004972,SAVINGS,AUD,1139.23,5/8/2022 21:34,ACTIVE
ACC0006346,CUST006425,SAVINGS,GBP,1200.88,5/23/2024 5:14,SUSPENDED
ACC0006347,CUST005057,BUSINESS,USD,652.78,4/17/2025 12:48,SUSPENDED
ACC0006348,CUST003637,SAVINGS,EUR,5050.58,5/15/2024 8:23,CLOSED
ACC0006349,CUST000080,BUSINESS,EUR,269.51,4/15/2026 19:01,SUSPENDED
ACC0006350,CUST005068,CHECKING,PKR,461.66,12/29/2025 6:09,SUSPENDED
ACC0006351,CUST006693,BUSINESS,USD,30821.15,9/4/2025 22:26,ACTIVE
ACC0006352,CUST005833,BUSINESS,GBP,315.58,4/17/2023 4:18,ACTIVE
ACC0006353,CUST008674,SAVINGS,INR,216.05,2/18/2024 17:04,ACTIVE
ACC0006354,CUST009491,CHECKING,EUR,2647.5,11/29/2021 17:31,ACTIVE
ACC0006355,CUST006999,CHECKING,EUR,90.69,11/1/2023 7:04,SUSPENDED
ACC0006356,CUST007811,CHECKING,EUR,826.89,5/12/2026 21:14,ACTIVE
ACC0006357,CUST006232,BUSINESS,INR,14400.09,12/30/2024 3:52,ACTIVE
ACC0006358,CUST003453,CHECKING,INR,171.76,10/5/2023 5:12,ACTIVE
ACC0006359,CUST007339,BUSINESS,EUR,101.66,4/7/2026 18:49,ACTIVE
ACC0006360,CUST007993,CHECKING,CAD,181.45,11/25/2023 14:00,CLOSED
ACC0006361,CUST004984,BUSINESS,JPY,3222.88,4/4/2022 10:46,ACTIVE
ACC0006362,CUST008853,BUSINESS,INR,4229.05,5/8/2023 6:33,SUSPENDED
ACC0006363,CUST002714,SAVINGS,AED,592.82,9/8/2025 11:23,ACTIVE
ACC0006364,CUST004432,SAVINGS,PKR,2489.54,10/15/2021 14:27,ACTIVE
ACC0006365,CUST003153,BUSINESS,EUR,5815.64,5/31/2025 2:31,CLOSED
ACC0006366,CUST003948,SAVINGS,EUR,9365.76,2/1/2026 6:23,CLOSED
ACC0006367,CUST004120,SAVINGS,EUR,815.99,8/26/2025 15:57,ACTIVE
ACC0006368,CUST006517,CHECKING,CAD,69.29,11/22/2021 20:44,ACTIVE
ACC0006369,CUST005791,CHECKING,EUR,409.5,8/6/2023 18:03,ACTIVE
ACC0006370,CUST009823,BUSINESS,GBP,657.1,4/7/2023 22:53,CLOSED
ACC0006371,CUST006330,CHECKING,EUR,803.74,2/1/2022 20:28,SUSPENDED
ACC0006372,CUST000790,SAVINGS,EUR,875.3,5/24/2022 2:31,SUSPENDED
ACC0006373,CUST006486,CHECKING,SGD,4199.3,1/11/2024 6:47,SUSPENDED
ACC0006374,CUST008994,SAVINGS,EUR,5060.97,3/19/2022 5:16,CLOSED
ACC0006375,CUST008519,BUSINESS,EUR,892.47,8/8/2022 21:05,SUSPENDED
ACC0006376,CUST007715,BUSINESS,SGD,4097.7,12/15/2025 15:28,ACTIVE
ACC0006377,CUST004454,SAVINGS,USD,1684.45,12/4/2022 2:03,SUSPENDED
ACC0006378,CUST004175,CHECKING,CAD,1184.89,12/11/2024 14:26,ACTIVE
ACC0006379,CUST005902,CHECKING,AUD,3254.69,2/16/2022 22:34,SUSPENDED
ACC0006380,CUST007000,BUSINESS,AUD,1195.96,4/26/2025 20:49,CLOSED
ACC0006381,CUST005309,SAVINGS,SGD,12956.77,1/7/2022 0:14,ACTIVE
ACC0006382,CUST003761,BUSINESS,SGD,195.18,12/14/2024 9:26,ACTIVE
ACC0006383,CUST004475,CHECKING,USD,590.99,2/18/2026 22:56,SUSPENDED
ACC0006384,CUST008852,CHECKING,INR,942.16,1/26/2023 18:02,CLOSED
ACC0006385,CUST003856,CHECKING,USD,1858.16,5/3/2022 16:02,SUSPENDED
ACC0006386,CUST004057,BUSINESS,SGD,5021.84,9/5/2025 12:27,ACTIVE
ACC0006387,CUST001988,SAVINGS,USD,1064.99,5/26/2025 18:09,SUSPENDED
ACC0006388,CUST003124,SAVINGS,EUR,199,3/21/2025 1:40,ACTIVE
ACC0006389,CUST006895,BUSINESS,PKR,3013.98,12/22/2023 16:58,ACTIVE
ACC0006390,CUST002216,BUSINESS,EUR,2713.38,1/17/2025 1:29,ACTIVE
ACC0006391,CUST008094,SAVINGS,AUD,106.67,11/25/2025 7:46,SUSPENDED
ACC0006392,CUST004059,BUSINESS,INR,1091.64,10/27/2021 8:18,SUSPENDED
ACC0006393,CUST009029,CHECKING,INR,162.69,7/25/2024 23:02,ACTIVE
ACC0006394,CUST002585,CHECKING,EUR,493.94,11/17/2025 21:50,ACTIVE
ACC0006395,CUST001258,SAVINGS,EUR,371.16,3/9/2024 14:12,ACTIVE
ACC0006396,CUST001570,BUSINESS,AED,2896.09,2/1/2023 2:44,ACTIVE
ACC0006397,CUST002956,CHECKING,AUD,1261.68,8/25/2021 22:57,ACTIVE
ACC0006398,CUST002512,CHECKING,GBP,234.46,7/29/2024 15:10,SUSPENDED
ACC0006399,CUST001629,SAVINGS,USD,3152.9,12/6/2021 1:02,ACTIVE
ACC0006400,CUST003544,CHECKING,JPY,196.26,3/3/2022 15:20,ACTIVE
ACC0006401,CUST003971,SAVINGS,GBP,1629.68,3/8/2026 16:00,CLOSED
ACC0006402,CUST003553,BUSINESS,CAD,412.89,12/20/2021 6:31,ACTIVE
ACC0006403,CUST004770,CHECKING,EUR,707.11,9/23/2021 6:32,SUSPENDED
ACC0006404,CUST009066,CHECKING,PKR,2008.46,12/16/2021 11:59,ACTIVE
ACC0006405,CUST002752,SAVINGS,JPY,2050.3,3/8/2022 3:20,ACTIVE
ACC0006406,CUST003008,CHECKING,EUR,5455.41,2/22/2026 0:18,ACTIVE
ACC0006407,CUST009000,BUSINESS,AED,993.56,12/10/2022 20:13,ACTIVE
ACC0006408,CUST007929,CHECKING,EUR,1584.05,3/17/2025 5:56,ACTIVE
ACC0006409,CUST001842,CHECKING,AED,648.53,9/6/2021 18:16,SUSPENDED
ACC0006410,CUST005697,BUSINESS,AUD,1364.29,1/17/2025 8:44,ACTIVE
ACC0006411,CUST004013,CHECKING,SGD,1858.24,3/23/2023 11:56,CLOSED
ACC0006412,CUST007480,SAVINGS,GBP,974.6,3/6/2022 17:49,CLOSED
ACC0006413,CUST005247,SAVINGS,JPY,125.9,8/26/2022 18:08,SUSPENDED
ACC0006414,CUST000226,CHECKING,JPY,1632.33,9/7/2022 7:34,CLOSED
ACC0006415,CUST000094,BUSINESS,INR,1698.45,9/18/2021 20:00,ACTIVE
ACC0006416,CUST009533,BUSINESS,EUR,484.83,11/28/2024 9:46,CLOSED
ACC0006417,CUST001298,SAVINGS,INR,234.8,3/18/2026 2:17,ACTIVE
ACC0006418,CUST005616,CHECKING,USD,6444.97,5/25/2026 7:39,ACTIVE
ACC0006419,CUST004818,SAVINGS,CAD,1977.79,9/24/2025 22:18,SUSPENDED
ACC0006420,CUST003907,SAVINGS,EUR,833.06,9/8/2021 22:54,ACTIVE
ACC0006421,CUST008361,SAVINGS,PKR,280.22,12/28/2021 3:39,ACTIVE
ACC0006422,CUST006107,CHECKING,USD,409.04,8/9/2026 2:18,ACTIVE
ACC0006423,CUST004665,BUSINESS,SGD,5234.93,2/9/2022 17:04,ACTIVE
ACC0006424,CUST004989,SAVINGS,JPY,1293.61,4/8/2024 0:24,SUSPENDED
ACC0006425,CUST001889,CHECKING,SGD,566.4,1/14/2023 14:55,ACTIVE
ACC0006426,CUST000960,BUSINESS,CAD,2021.56,9/28/2023 15:22,CLOSED
ACC0006427,CUST009052,SAVINGS,EUR,412.7,12/3/2022 11:21,ACTIVE
ACC0006428,CUST002186,SAVINGS,EUR,6640.96,2/15/2025 14:15,ACTIVE
ACC0006429,CUST008734,CHECKING,GBP,5560.04,3/2/2025 18:08,ACTIVE
ACC0006430,CUST004170,CHECKING,GBP,626.48,7/20/2023 12:21,ACTIVE
ACC0006431,CUST003890,BUSINESS,JPY,515.74,1/14/2024 12:31,CLOSED
ACC0006432,CUST008515,CHECKING,PKR,47.38,8/14/2024 7:39,SUSPENDED
ACC0006433,CUST003312,SAVINGS,EUR,185.32,1/22/2025 1:33,CLOSED
ACC0006434,CUST009305,BUSINESS,EUR,219.78,4/10/2024 12:30,ACTIVE
ACC0006435,CUST002929,CHECKING,AED,1289.78,7/13/2024 5:19,ACTIVE
ACC0006436,CUST001856,SAVINGS,CAD,741.38,12/14/2021 12:59,CLOSED
ACC0006437,CUST000207,CHECKING,EUR,218.24,11/27/2023 8:44,ACTIVE
ACC0006438,CUST009836,BUSINESS,AED,782.59,12/6/2021 23:53,ACTIVE
ACC0006439,CUST002916,SAVINGS,JPY,2011.03,9/20/2025 19:00,CLOSED
ACC0006440,CUST001247,BUSINESS,GBP,2066.08,2/23/2024 12:11,ACTIVE
ACC0006441,CUST002275,BUSINESS,CAD,112.21,11/26/2022 3:59,CLOSED
ACC0006442,CUST005740,CHECKING,SGD,940.19,8/20/2024 12:58,CLOSED
ACC0006443,CUST007388,SAVINGS,AUD,208.51,11/7/2022 16:21,ACTIVE
ACC0006444,CUST005914,CHECKING,PKR,3235.94,9/20/2022 5:57,CLOSED
ACC0006445,CUST000704,CHECKING,AUD,2810.1,10/12/2021 3:29,ACTIVE
ACC0006446,CUST003609,CHECKING,PKR,373.29,1/24/2023 20:05,ACTIVE
ACC0006447,CUST007155,SAVINGS,SGD,437.36,3/7/2022 22:49,SUSPENDED
ACC0006448,CUST005675,BUSINESS,JPY,630.48,8/2/2023 23:09,ACTIVE
ACC0006449,CUST002714,BUSINESS,AED,73.45,6/5/2024 15:02,CLOSED
ACC0006450,CUST003525,CHECKING,CAD,1641.17,10/4/2022 1:51,ACTIVE
ACC0006451,CUST008096,BUSINESS,EUR,790.44,11/14/2021 3:16,ACTIVE
ACC0006452,CUST001664,BUSINESS,INR,3512.95,9/1/2025 4:22,ACTIVE
ACC0006453,CUST006569,SAVINGS,EUR,293.51,3/2/2025 0:26,SUSPENDED
ACC0006454,CUST001816,CHECKING,SGD,521.68,11/17/2023 11:01,ACTIVE
ACC0006455,CUST007673,BUSINESS,CAD,179.86,10/6/2023 4:02,SUSPENDED
ACC0006456,CUST006741,BUSINESS,GBP,328.6,7/28/2024 3:21,ACTIVE
ACC0006457,CUST009795,CHECKING,PKR,265.5,6/24/2026 17:13,ACTIVE
ACC0006458,CUST005241,CHECKING,JPY,3623.4,6/28/2023 3:44,ACTIVE
ACC0006459,CUST003094,BUSINESS,JPY,474.42,12/10/2022 18:02,ACTIVE
ACC0006460,CUST004204,CHECKING,EUR,1272.85,10/3/2024 10:56,ACTIVE
ACC0006461,CUST007249,CHECKING,USD,694.42,3/22/2025 18:10,ACTIVE
ACC0006462,CUST002796,CHECKING,EUR,239.04,9/9/2022 9:11,ACTIVE
ACC0006463,CUST009395,SAVINGS,EUR,896.09,12/25/2025 22:20,ACTIVE
ACC0006464,CUST007919,BUSINESS,USD,2250.54,5/15/2023 15:47,ACTIVE
ACC0006465,CUST003420,BUSINESS,GBP,257.41,8/23/2025 22:20,ACTIVE
ACC0006466,CUST004636,BUSINESS,EUR,2895.56,12/27/2021 20:02,ACTIVE
ACC0006467,CUST005915,CHECKING,CAD,395.57,9/15/2022 16:27,ACTIVE
ACC0006468,CUST009967,BUSINESS,GBP,614.26,7/25/2024 9:47,ACTIVE
ACC0006469,CUST001217,CHECKING,EUR,2073.14,7/6/2025 7:13,CLOSED
ACC0006470,CUST005616,CHECKING,USD,494.66,9/26/2025 1:28,ACTIVE
ACC0006471,CUST005282,SAVINGS,AUD,1147.21,4/2/2024 6:43,ACTIVE
ACC0006472,CUST008645,SAVINGS,GBP,751.73,4/17/2024 7:25,SUSPENDED
ACC0006473,CUST005242,CHECKING,EUR,1280.8,5/17/2022 8:21,SUSPENDED
ACC0006474,CUST004772,SAVINGS,JPY,63,3/28/2025 4:16,ACTIVE
ACC0006475,CUST007317,CHECKING,PKR,122.04,4/2/2025 20:44,ACTIVE
ACC0006476,CUST008136,BUSINESS,JPY,2296.54,12/11/2022 3:23,ACTIVE
ACC0006477,CUST007147,SAVINGS,EUR,3807.08,8/24/2022 1:37,SUSPENDED
ACC0006478,CUST008064,CHECKING,AUD,367.75,2/1/2024 3:31,CLOSED
ACC0006479,CUST000114,BUSINESS,SGD,818.25,6/2/2024 1:31,CLOSED
ACC0006480,CUST003723,CHECKING,AED,1561.91,6/11/2026 22:29,CLOSED
ACC0006481,CUST007365,SAVINGS,GBP,2519.61,1/10/2026 5:24,ACTIVE
ACC0006482,CUST004819,CHECKING,EUR,96.23,4/1/2024 19:15,ACTIVE
ACC0006483,CUST008355,CHECKING,EUR,378.7,1/18/2026 7:41,ACTIVE
ACC0006484,CUST005369,BUSINESS,SGD,735.76,12/9/2023 20:56,ACTIVE
ACC0006485,CUST001380,SAVINGS,GBP,2549.79,9/24/2025 7:21,ACTIVE
ACC0006486,CUST007240,CHECKING,GBP,21985.02,4/28/2022 17:35,ACTIVE
ACC0006487,CUST009748,SAVINGS,USD,834.13,4/11/2025 1:47,ACTIVE
ACC0006488,CUST002254,BUSINESS,GBP,202.68,7/9/2026 7:11,ACTIVE
ACC0006489,CUST009253,CHECKING,AUD,1777.07,7/20/2023 14:59,ACTIVE
ACC0006490,CUST008965,CHECKING,EUR,5351.84,3/26/2025 7:09,ACTIVE
ACC0006491,CUST000179,SAVINGS,EUR,1248.4,6/25/2022 12:50,ACTIVE
ACC0006492,CUST001475,CHECKING,PKR,369.45,11/6/2025 15:42,ACTIVE
ACC0006493,CUST003167,SAVINGS,AED,3461.97,5/21/2024 18:45,ACTIVE
ACC0006494,CUST006999,CHECKING,EUR,2431.48,11/4/2024 9:04,ACTIVE
ACC0006495,CUST008752,CHECKING,GBP,320.12,5/10/2026 2:38,ACTIVE
ACC0006496,CUST009774,CHECKING,JPY,1733.18,2/6/2023 20:29,ACTIVE
ACC0006497,CUST000483,CHECKING,EUR,3629.02,1/17/2025 16:23,ACTIVE
ACC0006498,CUST000680,SAVINGS,PKR,4529.05,3/14/2026 3:24,ACTIVE
ACC0006499,CUST001053,CHECKING,PKR,1012.58,3/12/2022 8:23,CLOSED
ACC0006500,CUST007686,BUSINESS,EUR,713.59,11/5/2023 19:23,CLOSED
ACC0006501,CUST004476,SAVINGS,EUR,4782.55,8/24/2022 4:17,ACTIVE
ACC0006502,CUST001454,SAVINGS,PKR,256.67,10/5/2024 15:51,ACTIVE
ACC0006503,CUST006437,SAVINGS,USD,1856.22,6/10/2024 18:48,SUSPENDED
ACC0006504,CUST005762,SAVINGS,EUR,211.87,11/25/2021 4:50,SUSPENDED
ACC0006505,CUST007138,BUSINESS,EUR,3938.09,5/19/2022 17:47,SUSPENDED
ACC0006506,CUST006645,CHECKING,EUR,804.6,2/29/2024 7:07,CLOSED
ACC0006507,CUST001468,CHECKING,AED,5025.6,7/2/2024 5:05,ACTIVE
ACC0006508,CUST000918,SAVINGS,INR,1977.71,7/9/2025 21:23,CLOSED
ACC0006509,CUST009899,CHECKING,INR,252.68,10/7/2021 13:49,ACTIVE
ACC0006510,CUST004879,BUSINESS,EUR,6060.53,10/1/2021 20:38,CLOSED
ACC0006511,CUST001315,CHECKING,SGD,7055.02,1/18/2024 12:06,SUSPENDED
ACC0006512,CUST008540,CHECKING,SGD,3161.32,10/15/2021 5:48,SUSPENDED
ACC0006513,CUST001024,CHECKING,SGD,439.7,6/13/2022 4:38,ACTIVE
ACC0006514,CUST004496,SAVINGS,GBP,759.59,10/10/2025 18:42,CLOSED
ACC0006515,CUST006667,SAVINGS,EUR,1305.72,4/6/2023 13:50,CLOSED
ACC0006516,CUST006589,SAVINGS,EUR,471.32,8/1/2023 13:38,ACTIVE
ACC0006517,CUST006818,CHECKING,JPY,8356.67,7/17/2025 22:40,SUSPENDED
ACC0006518,CUST005544,CHECKING,JPY,1304,6/28/2024 11:48,ACTIVE
ACC0006519,CUST009249,SAVINGS,EUR,42.78,8/19/2026 17:42,CLOSED
ACC0006520,CUST000475,CHECKING,AUD,1647.85,6/3/2022 0:31,ACTIVE
ACC0006521,CUST000640,BUSINESS,EUR,722.13,7/12/2022 3:03,ACTIVE
ACC0006522,CUST001550,SAVINGS,AUD,1002.34,2/5/2023 19:30,ACTIVE
ACC0006523,CUST005021,SAVINGS,EUR,704.62,2/18/2026 10:44,ACTIVE
ACC0006524,CUST007917,SAVINGS,PKR,2888.39,3/24/2025 23:06,ACTIVE
ACC0006525,CUST002113,CHECKING,AED,4203.3,4/23/2022 20:51,CLOSED
ACC0006526,CUST003370,BUSINESS,AUD,1540.19,8/5/2023 20:04,ACTIVE
ACC0006527,CUST004122,BUSINESS,INR,729.84,9/1/2022 6:24,ACTIVE
ACC0006528,CUST003769,SAVINGS,PKR,1043.56,2/1/2026 2:08,ACTIVE
ACC0006529,CUST008271,CHECKING,GBP,1122.73,1/14/2026 3:06,ACTIVE
ACC0006530,CUST007544,BUSINESS,EUR,418.67,6/9/2023 9:29,ACTIVE
ACC0006531,CUST005286,CHECKING,AED,2196.71,7/14/2024 2:54,CLOSED
ACC0006532,CUST002438,CHECKING,GBP,1904.64,6/13/2024 16:33,SUSPENDED
ACC0006533,CUST005789,BUSINESS,EUR,6964.14,6/15/2025 12:38,SUSPENDED
ACC0006534,CUST002992,BUSINESS,EUR,4946.42,12/14/2021 19:44,ACTIVE
ACC0006535,CUST008588,BUSINESS,PKR,481.64,6/2/2022 11:22,SUSPENDED
ACC0006536,CUST007771,CHECKING,EUR,2934.69,3/22/2025 5:47,ACTIVE
ACC0006537,CUST008226,SAVINGS,EUR,350.32,11/22/2021 10:19,ACTIVE
ACC0006538,CUST007514,CHECKING,AED,2527.84,6/23/2022 17:03,SUSPENDED
ACC0006539,CUST009957,CHECKING,INR,589.96,4/13/2025 13:21,ACTIVE
ACC0006540,CUST005562,BUSINESS,INR,321.21,5/20/2022 19:56,ACTIVE
ACC0006541,CUST000261,CHECKING,EUR,1534.65,10/18/2024 5:53,CLOSED
ACC0006542,CUST004177,CHECKING,SGD,44.28,7/11/2026 14:37,SUSPENDED
ACC0006543,CUST003977,BUSINESS,USD,134.13,3/5/2024 16:09,SUSPENDED
ACC0006544,CUST006569,BUSINESS,EUR,886.26,2/2/2023 19:04,ACTIVE
ACC0006545,CUST003203,BUSINESS,GBP,1210.67,8/9/2024 3:02,SUSPENDED
ACC0006546,CUST008660,SAVINGS,EUR,704.03,10/10/2023 1:04,ACTIVE
ACC0006547,CUST004689,BUSINESS,AUD,164.79,5/30/2024 21:54,ACTIVE
ACC0006548,CUST004368,CHECKING,CAD,410.97,10/25/2022 18:16,CLOSED
ACC0006549,CUST007454,CHECKING,EUR,1753.64,9/20/2024 12:51,SUSPENDED
ACC0006550,CUST009130,CHECKING,GBP,2204.24,8/31/2023 19:20,ACTIVE
ACC0006551,CUST006438,BUSINESS,GBP,1075.49,6/22/2025 22:10,ACTIVE
ACC0006552,CUST002145,BUSINESS,EUR,4394.9,10/7/2021 3:06,ACTIVE
ACC0006553,CUST009877,CHECKING,GBP,1766.71,3/16/2024 10:04,SUSPENDED
ACC0006554,CUST009059,SAVINGS,EUR,447.22,12/21/2022 0:51,CLOSED
ACC0006555,CUST007438,SAVINGS,SGD,783.21,11/22/2021 21:30,ACTIVE
ACC0006556,CUST002549,SAVINGS,EUR,203.68,12/13/2024 6:11,ACTIVE
ACC0006557,CUST005464,CHECKING,EUR,963.17,9/9/2024 4:18,ACTIVE
ACC0006558,CUST005108,CHECKING,AUD,4165.2,8/18/2026 8:14,ACTIVE
ACC0006559,CUST002590,CHECKING,EUR,2495.76,8/21/2026 21:12,ACTIVE
ACC0006560,CUST006735,SAVINGS,GBP,5898.25,5/28/2024 5:08,ACTIVE
ACC0006561,CUST004028,SAVINGS,USD,762.45,1/13/2024 9:07,ACTIVE
ACC0006562,CUST001912,SAVINGS,JPY,5515.51,12/27/2023 5:16,CLOSED
ACC0006563,CUST002183,CHECKING,EUR,869.6,9/5/2021 19:02,ACTIVE
ACC0006564,CUST006527,BUSINESS,EUR,6411.84,4/27/2026 21:19,ACTIVE
ACC0006565,CUST004185,BUSINESS,JPY,1068.24,10/1/2021 19:55,ACTIVE
ACC0006566,CUST002901,SAVINGS,EUR,2562.34,8/18/2026 12:15,ACTIVE
ACC0006567,CUST006573,CHECKING,GBP,6439.04,8/7/2026 13:22,SUSPENDED
ACC0006568,CUST009120,SAVINGS,AED,869.47,5/6/2024 7:57,ACTIVE
ACC0006569,CUST003558,CHECKING,CAD,1425.2,5/30/2026 18:01,ACTIVE
ACC0006570,CUST007527,CHECKING,GBP,5149.4,12/22/2022 2:20,ACTIVE
ACC0006571,CUST004521,SAVINGS,EUR,934.86,1/22/2026 3:01,ACTIVE
ACC0006572,CUST005949,BUSINESS,USD,224.74,11/3/2022 19:16,ACTIVE
ACC0006573,CUST005022,CHECKING,PKR,14351.48,8/18/2022 16:51,ACTIVE
ACC0006574,CUST004760,CHECKING,EUR,624.08,6/28/2024 3:01,ACTIVE
ACC0006575,CUST001270,CHECKING,SGD,1326.78,4/4/2024 1:38,ACTIVE
ACC0006576,CUST005563,SAVINGS,GBP,4390.54,7/29/2026 18:45,SUSPENDED
ACC0006577,CUST004342,SAVINGS,AED,528.38,4/10/2025 4:01,SUSPENDED
ACC0006578,CUST005447,SAVINGS,EUR,327.2,4/4/2023 21:08,CLOSED
ACC0006579,CUST004733,CHECKING,PKR,1486.95,9/30/2021 11:05,ACTIVE
ACC0006580,CUST009081,BUSINESS,EUR,127.52,12/10/2025 9:52,CLOSED
ACC0006581,CUST004904,CHECKING,SGD,776.28,8/26/2023 13:35,CLOSED
ACC0006582,CUST004920,SAVINGS,EUR,1471.51,9/20/2025 19:08,ACTIVE
ACC0006583,CUST008285,CHECKING,EUR,793.19,9/19/2025 0:32,ACTIVE
ACC0006584,CUST001223,CHECKING,INR,172.06,10/24/2022 6:01,SUSPENDED
ACC0006585,CUST001823,CHECKING,JPY,7428.01,7/13/2024 10:03,ACTIVE
ACC0006586,CUST004475,SAVINGS,USD,1241.71,8/12/2022 23:40,CLOSED
ACC0006587,CUST002845,SAVINGS,EUR,6108.17,4/4/2026 17:06,CLOSED
ACC0006588,CUST006348,SAVINGS,EUR,802.68,11/28/2025 12:34,ACTIVE
ACC0006589,CUST009612,BUSINESS,EUR,381.45,8/6/2023 7:49,SUSPENDED
ACC0006590,CUST007245,CHECKING,GBP,1514.77,4/18/2023 9:42,ACTIVE
ACC0006591,CUST007225,BUSINESS,PKR,846.45,6/2/2026 10:14,ACTIVE
ACC0006592,CUST005296,CHECKING,EUR,266.85,7/2/2024 21:29,CLOSED
ACC0006593,CUST008656,SAVINGS,EUR,6398,9/22/2023 2:35,ACTIVE
ACC0006594,CUST009338,CHECKING,AUD,519.71,3/20/2024 8:17,ACTIVE
ACC0006595,CUST003930,CHECKING,EUR,120.5,8/21/2026 9:48,ACTIVE
ACC0006596,CUST007614,SAVINGS,PKR,5398.08,4/26/2022 15:48,ACTIVE
ACC0006597,CUST004278,SAVINGS,EUR,598.75,12/8/2021 18:27,CLOSED
ACC0006598,CUST001234,BUSINESS,INR,528.8,3/2/2023 14:34,ACTIVE
ACC0006599,CUST004555,SAVINGS,EUR,131.83,12/14/2024 19:45,SUSPENDED
ACC0006600,CUST002907,BUSINESS,SGD,8858.47,7/24/2023 20:49,ACTIVE
ACC0006601,CUST000799,SAVINGS,INR,233.37,4/16/2026 10:43,ACTIVE
ACC0006602,CUST009138,CHECKING,EUR,1176.31,3/14/2025 18:18,ACTIVE
ACC0006603,CUST005314,BUSINESS,EUR,3278.51,2/5/2024 16:04,ACTIVE
ACC0006604,CUST001249,CHECKING,CAD,1819.03,7/7/2023 6:21,CLOSED
ACC0006605,CUST008244,CHECKING,EUR,1020.87,10/12/2024 6:53,ACTIVE
ACC0006606,CUST004113,SAVINGS,INR,142.31,2/26/2024 18:21,ACTIVE
ACC0006607,CUST003910,BUSINESS,USD,415.02,11/5/2023 5:18,ACTIVE
ACC0006608,CUST008767,BUSINESS,USD,1373.83,10/11/2025 13:00,CLOSED
ACC0006609,CUST006291,CHECKING,EUR,426.41,10/2/2021 7:03,ACTIVE
ACC0006610,CUST003369,BUSINESS,AED,1399.73,6/15/2025 15:06,ACTIVE
ACC0006611,CUST001164,SAVINGS,SGD,2485.16,7/14/2024 3:17,CLOSED
ACC0006612,CUST006812,CHECKING,AED,3480.75,5/12/2024 16:26,ACTIVE
ACC0006613,CUST006894,BUSINESS,AED,251.79,2/13/2024 15:51,CLOSED
ACC0006614,CUST009673,SAVINGS,PKR,15305.62,9/21/2024 7:10,ACTIVE
ACC0006615,CUST000434,SAVINGS,GBP,2754.46,4/9/2023 12:50,SUSPENDED
ACC0006616,CUST006771,CHECKING,AUD,1094.38,3/9/2026 13:09,CLOSED
ACC0006617,CUST007306,SAVINGS,PKR,4053.94,4/19/2026 14:37,SUSPENDED
ACC0006618,CUST001679,CHECKING,EUR,18741.38,2/5/2023 14:56,ACTIVE
ACC0006619,CUST008502,SAVINGS,SGD,195.1,12/22/2022 13:12,SUSPENDED
ACC0006620,CUST000606,SAVINGS,SGD,836.88,9/13/2023 14:19,ACTIVE
ACC0006621,CUST000147,SAVINGS,PKR,63.17,12/17/2023 0:19,ACTIVE
ACC0006622,CUST004363,SAVINGS,AUD,1381.85,11/27/2021 6:16,ACTIVE
ACC0006623,CUST005735,BUSINESS,INR,1700.15,6/16/2026 22:20,ACTIVE
ACC0006624,CUST001678,CHECKING,JPY,1046.29,9/4/2022 14:31,ACTIVE
ACC0006625,CUST005218,CHECKING,JPY,499.98,6/10/2025 20:21,ACTIVE
ACC0006626,CUST003130,CHECKING,EUR,93.75,12/7/2021 6:53,ACTIVE
ACC0006627,CUST000723,CHECKING,EUR,1716.84,12/3/2025 7:03,ACTIVE
ACC0006628,CUST000864,CHECKING,CAD,6288.77,6/19/2026 22:15,ACTIVE
ACC0006629,CUST002705,BUSINESS,USD,539.57,5/17/2024 17:05,SUSPENDED
ACC0006630,CUST008866,SAVINGS,JPY,1859.52,10/11/2025 3:06,SUSPENDED
ACC0006631,CUST003717,BUSINESS,GBP,167.04,3/30/2024 21:20,ACTIVE
ACC0006632,CUST001849,CHECKING,EUR,1898.19,6/16/2023 20:36,ACTIVE
ACC0006633,CUST009080,SAVINGS,GBP,683.99,2/15/2026 5:55,ACTIVE
ACC0006634,CUST004330,BUSINESS,SGD,439.26,11/16/2022 12:10,CLOSED
ACC0006635,CUST008979,SAVINGS,EUR,440.35,4/16/2025 7:22,ACTIVE
ACC0006636,CUST006094,CHECKING,PKR,683.8,11/16/2025 22:42,ACTIVE
ACC0006637,CUST006473,SAVINGS,INR,1735.27,2/23/2026 10:19,SUSPENDED
ACC0006638,CUST009905,BUSINESS,INR,227.1,12/4/2022 3:59,ACTIVE
ACC0006639,CUST008279,SAVINGS,EUR,680.93,5/29/2026 18:59,ACTIVE
ACC0006640,CUST000532,CHECKING,INR,1043.39,1/1/2023 14:10,CLOSED
ACC0006641,CUST001106,SAVINGS,EUR,293.29,5/26/2025 2:13,ACTIVE
ACC0006642,CUST004560,SAVINGS,EUR,9471.08,8/25/2024 9:33,ACTIVE
ACC0006643,CUST004218,SAVINGS,EUR,393.79,8/3/2026 4:20,ACTIVE
ACC0006644,CUST007794,CHECKING,CAD,491.11,1/25/2026 5:16,ACTIVE
ACC0006645,CUST002779,CHECKING,EUR,339.01,6/30/2025 20:18,CLOSED
ACC0006646,CUST008737,SAVINGS,EUR,9491.73,11/6/2024 19:45,ACTIVE
ACC0006647,CUST005800,BUSINESS,EUR,2129.17,2/9/2026 19:43,ACTIVE
ACC0006648,CUST002780,BUSINESS,EUR,356.41,1/9/2022 3:46,CLOSED
ACC0006649,CUST005277,BUSINESS,USD,4135.97,8/11/2025 13:23,SUSPENDED
ACC0006650,CUST009825,SAVINGS,USD,1395.26,7/17/2026 8:18,ACTIVE
ACC0006651,CUST005303,BUSINESS,INR,1493.24,5/13/2026 18:53,ACTIVE
ACC0006652,CUST007157,CHECKING,EUR,725.33,3/26/2022 8:36,ACTIVE
ACC0006653,CUST009975,BUSINESS,EUR,446.17,1/13/2022 10:44,ACTIVE
ACC0006654,CUST009717,CHECKING,EUR,1644.71,9/4/2024 12:25,ACTIVE
ACC0006655,CUST005571,SAVINGS,EUR,570.15,9/8/2022 5:57,ACTIVE
ACC0006656,CUST007830,BUSINESS,EUR,9702.19,8/13/2023 6:38,ACTIVE
ACC0006657,CUST009844,BUSINESS,EUR,239.09,7/30/2022 0:39,SUSPENDED
ACC0006658,CUST003424,SAVINGS,JPY,6928.43,4/4/2024 15:46,ACTIVE
ACC0006659,CUST007120,CHECKING,GBP,959.5,5/13/2025 22:23,ACTIVE
ACC0006660,CUST005110,BUSINESS,USD,1570.11,8/8/2026 21:59,CLOSED
ACC0006661,CUST001634,CHECKING,AED,2980.33,12/29/2022 5:09,ACTIVE
ACC0006662,CUST009612,CHECKING,EUR,514.76,8/5/2026 4:20,SUSPENDED
ACC0006663,CUST004467,BUSINESS,PKR,3093.62,7/7/2023 0:22,CLOSED
ACC0006664,CUST008774,CHECKING,EUR,42.56,5/19/2023 6:22,ACTIVE
ACC0006665,CUST000073,SAVINGS,EUR,462.21,11/27/2025 18:43,ACTIVE
ACC0006666,CUST009336,CHECKING,PKR,361.81,11/7/2024 21:55,ACTIVE
ACC0006667,CUST005587,SAVINGS,EUR,243.66,6/29/2023 23:54,CLOSED
ACC0006668,CUST000417,CHECKING,EUR,847.3,11/26/2023 20:18,SUSPENDED
ACC0006669,CUST005826,BUSINESS,INR,1742.19,9/10/2024 21:28,CLOSED
ACC0006670,CUST006715,BUSINESS,CAD,2548.33,12/9/2025 8:10,CLOSED
ACC0006671,CUST006277,SAVINGS,EUR,1464.18,10/11/2025 15:45,CLOSED
ACC0006672,CUST000248,BUSINESS,AUD,493.32,2/3/2023 22:23,ACTIVE
ACC0006673,CUST003465,SAVINGS,EUR,1707.56,7/22/2023 21:49,ACTIVE
ACC0006674,CUST007668,SAVINGS,EUR,1273.01,12/2/2024 10:38,ACTIVE
ACC0006675,CUST007966,SAVINGS,EUR,3372.02,10/5/2023 4:50,ACTIVE
ACC0006676,CUST002809,CHECKING,PKR,2785.89,11/2/2024 19:09,ACTIVE
ACC0006677,CUST001452,BUSINESS,EUR,1137.48,12/4/2022 13:30,ACTIVE
ACC0006678,CUST002123,SAVINGS,EUR,373.64,2/11/2026 23:16,ACTIVE
ACC0006679,CUST002241,SAVINGS,EUR,500.93,6/19/2024 4:07,ACTIVE
ACC0006680,CUST004682,CHECKING,JPY,566.94,12/4/2025 1:40,SUSPENDED
ACC0006681,CUST000383,CHECKING,PKR,751.21,2/4/2024 17:03,ACTIVE
ACC0006682,CUST005657,BUSINESS,EUR,1512.71,8/25/2026 2:37,ACTIVE
ACC0006683,CUST000998,BUSINESS,PKR,2586.88,4/14/2026 4:14,ACTIVE
ACC0006684,CUST009938,BUSINESS,EUR,1031.38,4/12/2022 4:31,ACTIVE
ACC0006685,CUST005270,SAVINGS,EUR,1118.06,7/20/2022 2:10,ACTIVE
ACC0006686,CUST003939,SAVINGS,AED,1302.4,11/5/2023 0:33,ACTIVE
ACC0006687,CUST004529,BUSINESS,AED,590.47,10/25/2024 12:29,ACTIVE
ACC0006688,CUST007711,SAVINGS,GBP,361.24,10/16/2025 16:00,CLOSED
ACC0006689,CUST009679,SAVINGS,AED,133.42,9/20/2024 4:45,ACTIVE
ACC0006690,CUST007328,BUSINESS,EUR,476.19,2/21/2026 5:17,ACTIVE
ACC0006691,CUST005940,SAVINGS,AUD,1934.83,7/21/2025 22:19,ACTIVE
ACC0006692,CUST003662,SAVINGS,PKR,471.78,7/20/2023 14:20,ACTIVE
ACC0006693,CUST009178,BUSINESS,CAD,824.38,3/4/2026 11:52,CLOSED
ACC0006694,CUST005778,BUSINESS,EUR,1919.3,2/15/2025 2:21,CLOSED
ACC0006695,CUST002535,SAVINGS,EUR,2048.43,4/16/2026 23:09,ACTIVE
ACC0006696,CUST002793,CHECKING,INR,300.23,2/14/2026 12:21,ACTIVE
ACC0006697,CUST009025,SAVINGS,JPY,3628.12,11/25/2021 20:43,ACTIVE
ACC0006698,CUST007504,BUSINESS,USD,4242.13,10/8/2024 18:20,CLOSED
ACC0006699,CUST000842,CHECKING,EUR,282.64,1/22/2022 21:45,CLOSED
ACC0006700,CUST008058,SAVINGS,INR,408.05,7/19/2025 20:45,ACTIVE
ACC0006701,CUST002586,SAVINGS,JPY,4579.33,3/19/2024 8:28,SUSPENDED
ACC0006702,CUST002870,BUSINESS,GBP,919.45,4/24/2024 3:07,ACTIVE
ACC0006703,CUST009218,BUSINESS,EUR,76.42,6/20/2022 23:29,ACTIVE
ACC0006704,CUST005370,CHECKING,SGD,204.46,9/12/2022 10:56,ACTIVE
ACC0006705,CUST006512,SAVINGS,CAD,813.02,6/26/2024 2:59,ACTIVE
ACC0006706,CUST009582,BUSINESS,EUR,271.61,3/1/2023 13:06,SUSPENDED
ACC0006707,CUST000865,CHECKING,AED,667.74,2/22/2024 19:06,ACTIVE
ACC0006708,CUST003672,BUSINESS,AED,1140.1,8/1/2025 14:49,SUSPENDED
ACC0006709,CUST005562,SAVINGS,INR,6340.45,4/13/2022 10:47,ACTIVE
ACC0006710,CUST007171,CHECKING,EUR,773.91,2/18/2026 8:19,ACTIVE
ACC0006711,CUST009180,SAVINGS,INR,3972.1,5/22/2025 3:45,ACTIVE
ACC0006712,CUST005612,BUSINESS,EUR,6090.66,5/16/2022 3:05,CLOSED
ACC0006713,CUST001346,CHECKING,EUR,6131.36,10/22/2021 5:10,ACTIVE
ACC0006714,CUST002352,SAVINGS,AED,1543.34,12/23/2021 7:57,SUSPENDED
ACC0006715,CUST005241,SAVINGS,JPY,103.96,11/8/2021 13:53,ACTIVE
ACC0006716,CUST003628,BUSINESS,EUR,1906.43,5/3/2023 20:16,SUSPENDED
ACC0006717,CUST005583,CHECKING,EUR,3858.68,8/29/2021 1:08,CLOSED
ACC0006718,CUST003305,BUSINESS,USD,994.98,2/3/2022 21:48,SUSPENDED
ACC0006719,CUST007899,SAVINGS,SGD,8897.28,9/26/2023 21:08,CLOSED
ACC0006720,CUST004058,SAVINGS,AUD,3077.28,7/19/2024 18:25,ACTIVE
ACC0006721,CUST004659,SAVINGS,EUR,2168.8,10/14/2022 17:49,ACTIVE
ACC0006722,CUST005117,CHECKING,USD,4038.61,9/8/2025 16:23,CLOSED
ACC0006723,CUST007117,BUSINESS,USD,1636.06,5/29/2024 21:48,ACTIVE
ACC0006724,CUST000357,SAVINGS,SGD,55.07,6/25/2022 19:52,ACTIVE
ACC0006725,CUST008375,SAVINGS,EUR,602.47,8/5/2025 10:26,ACTIVE
ACC0006726,CUST000368,SAVINGS,EUR,4612.85,2/13/2023 6:34,ACTIVE
ACC0006727,CUST003351,SAVINGS,EUR,416.09,2/26/2026 21:57,ACTIVE
ACC0006728,CUST001249,CHECKING,CAD,838.68,12/27/2024 10:35,SUSPENDED
ACC0006729,CUST009812,SAVINGS,SGD,313,7/15/2023 18:26,SUSPENDED
ACC0006730,CUST008127,CHECKING,EUR,9327.36,9/29/2022 20:24,ACTIVE
ACC0006731,CUST002359,BUSINESS,SGD,8248.54,1/10/2024 5:29,ACTIVE
ACC0006732,CUST006266,SAVINGS,AUD,379.69,4/1/2024 18:52,SUSPENDED
ACC0006733,CUST003090,BUSINESS,GBP,1308.66,5/2/2026 8:17,ACTIVE
ACC0006734,CUST008317,CHECKING,AUD,484.64,11/2/2025 2:11,ACTIVE
ACC0006735,CUST001678,BUSINESS,JPY,2293.73,12/10/2025 7:20,SUSPENDED
ACC0006736,CUST001081,SAVINGS,PKR,2021.55,9/8/2023 9:27,ACTIVE
ACC0006737,CUST006302,CHECKING,GBP,2904.59,4/4/2025 6:38,ACTIVE
ACC0006738,CUST003316,BUSINESS,PKR,1633.21,12/19/2021 14:58,CLOSED
ACC0006739,CUST003792,CHECKING,EUR,37141.4,1/2/2022 3:12,SUSPENDED
ACC0006740,CUST006123,SAVINGS,EUR,319.42,11/26/2022 17:48,ACTIVE
ACC0006741,CUST001423,BUSINESS,USD,140.79,12/12/2025 3:20,CLOSED
ACC0006742,CUST004938,CHECKING,EUR,684.23,3/23/2024 5:02,ACTIVE
ACC0006743,CUST007044,CHECKING,JPY,167.07,10/14/2024 19:12,CLOSED
ACC0006744,CUST002962,BUSINESS,INR,182.92,9/13/2024 5:11,ACTIVE
ACC0006745,CUST009911,CHECKING,INR,329.78,4/12/2026 18:09,ACTIVE
ACC0006746,CUST003646,SAVINGS,INR,362.63,3/19/2023 0:21,SUSPENDED
ACC0006747,CUST008853,CHECKING,INR,348.79,12/8/2025 14:43,CLOSED
ACC0006748,CUST002595,BUSINESS,EUR,2042.36,4/2/2022 4:54,ACTIVE
ACC0006749,CUST000515,BUSINESS,CAD,597.39,3/1/2024 4:23,ACTIVE
ACC0006750,CUST006808,SAVINGS,AED,884.11,1/30/2025 20:52,CLOSED
ACC0006751,CUST006770,SAVINGS,EUR,3206.96,7/4/2022 0:01,ACTIVE
ACC0006752,CUST007599,SAVINGS,EUR,437.21,8/10/2025 23:21,ACTIVE
ACC0006753,CUST006817,SAVINGS,EUR,798.35,1/27/2023 20:41,ACTIVE
ACC0006754,CUST006185,SAVINGS,USD,1700.9,8/23/2025 10:27,ACTIVE
ACC0006755,CUST005712,SAVINGS,EUR,106.71,11/29/2021 23:02,ACTIVE
ACC0006756,CUST000954,CHECKING,EUR,62.68,5/11/2022 20:11,ACTIVE
ACC0006757,CUST008262,CHECKING,EUR,1661.28,5/17/2026 16:54,SUSPENDED
ACC0006758,CUST005421,BUSINESS,JPY,1979.14,6/30/2026 18:47,ACTIVE
ACC0006759,CUST003311,SAVINGS,PKR,13056.8,8/23/2022 1:01,CLOSED
ACC0006760,CUST001820,CHECKING,SGD,1325.72,6/7/2023 18:47,ACTIVE
ACC0006761,CUST002290,SAVINGS,AED,2932.73,1/8/2026 18:09,SUSPENDED
ACC0006762,CUST003348,BUSINESS,JPY,867.34,5/24/2026 0:09,ACTIVE
ACC0006763,CUST006087,CHECKING,CAD,1566.62,11/9/2025 11:51,ACTIVE
ACC0006764,CUST000808,BUSINESS,EUR,8108.82,9/18/2022 8:14,SUSPENDED
ACC0006765,CUST002217,CHECKING,EUR,85.73,8/12/2022 12:09,CLOSED
ACC0006766,CUST004088,CHECKING,INR,1801.44,10/8/2025 16:24,CLOSED
ACC0006767,CUST001348,CHECKING,EUR,14224.26,10/6/2022 18:08,ACTIVE
ACC0006768,CUST001145,SAVINGS,EUR,1538.31,4/3/2026 7:08,CLOSED
ACC0006769,CUST008521,SAVINGS,EUR,7948.09,9/26/2023 15:55,ACTIVE
ACC0006770,CUST000467,SAVINGS,EUR,515.4,1/27/2025 20:26,ACTIVE
ACC0006771,CUST002348,SAVINGS,EUR,1055.26,8/31/2021 20:14,ACTIVE
ACC0006772,CUST000285,SAVINGS,USD,1141.65,5/3/2025 17:13,ACTIVE
ACC0006773,CUST006924,CHECKING,EUR,76.62,11/17/2024 21:47,ACTIVE
ACC0006774,CUST007210,SAVINGS,AUD,269.94,3/29/2025 16:07,CLOSED
ACC0006775,CUST001739,SAVINGS,AED,294.05,3/26/2026 15:36,CLOSED
ACC0006776,CUST002021,BUSINESS,AUD,2940.92,12/12/2025 13:58,ACTIVE
ACC0006777,CUST005009,BUSINESS,AUD,3123.11,12/22/2023 15:41,ACTIVE
ACC0006778,CUST007160,CHECKING,EUR,1617.83,10/14/2023 23:57,ACTIVE
ACC0006779,CUST006883,SAVINGS,SGD,2948.12,4/16/2026 7:34,SUSPENDED
ACC0006780,CUST004009,BUSINESS,SGD,900.56,11/3/2025 23:20,ACTIVE
ACC0006781,CUST002226,SAVINGS,PKR,4639.3,8/19/2026 16:10,CLOSED
ACC0006782,CUST009485,SAVINGS,AED,1108.26,2/5/2024 14:20,ACTIVE
ACC0006783,CUST000894,CHECKING,PKR,1175.49,9/17/2023 13:22,SUSPENDED
ACC0006784,CUST004619,CHECKING,GBP,797.35,5/22/2022 19:04,ACTIVE
ACC0006785,CUST009287,SAVINGS,EUR,2493.25,6/29/2025 11:31,ACTIVE
ACC0006786,CUST002767,SAVINGS,JPY,661.53,4/18/2023 13:18,ACTIVE
ACC0006787,CUST000551,CHECKING,JPY,3539.42,5/1/2023 17:08,ACTIVE
ACC0006788,CUST005919,BUSINESS,GBP,281.86,10/15/2022 7:13,SUSPENDED
ACC0006789,CUST003380,SAVINGS,AUD,293.33,10/3/2022 4:12,ACTIVE
ACC0006790,CUST001830,CHECKING,EUR,2502.17,11/23/2021 21:35,ACTIVE
ACC0006791,CUST008949,CHECKING,INR,986.09,2/12/2025 19:19,SUSPENDED
ACC0006792,CUST004334,BUSINESS,PKR,636.08,2/22/2023 10:12,SUSPENDED
ACC0006793,CUST009873,CHECKING,PKR,3190.94,1/8/2024 12:06,SUSPENDED
ACC0006794,CUST009658,SAVINGS,PKR,529.16,5/11/2026 13:55,SUSPENDED
ACC0006795,CUST005870,CHECKING,EUR,862.43,11/29/2021 5:08,ACTIVE
ACC0006796,CUST005470,BUSINESS,EUR,5878.6,8/4/2025 20:57,SUSPENDED
ACC0006797,CUST001102,BUSINESS,GBP,6953.29,1/5/2023 12:57,CLOSED
ACC0006798,CUST009568,SAVINGS,EUR,7236.39,7/13/2025 15:59,ACTIVE
ACC0006799,CUST006449,BUSINESS,AUD,781.68,1/25/2024 16:47,ACTIVE
ACC0006800,CUST004892,SAVINGS,PKR,4802.27,6/30/2023 7:45,ACTIVE
ACC0006801,CUST005267,CHECKING,SGD,351.17,7/3/2024 23:57,ACTIVE
ACC0006802,CUST009572,CHECKING,PKR,369.34,12/26/2025 22:08,ACTIVE
ACC0006803,CUST004225,CHECKING,EUR,65.33,9/27/2024 8:59,ACTIVE
ACC0006804,CUST002784,SAVINGS,EUR,8163.61,12/2/2024 8:14,ACTIVE
ACC0006805,CUST008624,SAVINGS,EUR,388.86,7/3/2026 11:56,ACTIVE
ACC0006806,CUST008821,SAVINGS,GBP,942.15,6/13/2023 8:32,ACTIVE
ACC0006807,CUST004189,SAVINGS,JPY,367.83,9/25/2022 11:52,ACTIVE
ACC0006808,CUST001133,BUSINESS,USD,2525.51,12/4/2025 5:56,SUSPENDED
ACC0006809,CUST007700,SAVINGS,EUR,698.71,10/23/2025 9:41,SUSPENDED
ACC0006810,CUST005680,CHECKING,EUR,229.11,11/28/2023 16:04,ACTIVE
ACC0006811,CUST004936,SAVINGS,EUR,1863.1,9/27/2023 22:08,ACTIVE
ACC0006812,CUST000713,BUSINESS,EUR,196.28,2/11/2024 7:27,SUSPENDED
ACC0006813,CUST003744,SAVINGS,EUR,401.46,10/24/2022 15:39,ACTIVE
ACC0006814,CUST002348,BUSINESS,EUR,87.51,2/3/2022 16:55,ACTIVE
ACC0006815,CUST000729,BUSINESS,GBP,198.59,6/17/2024 21:58,ACTIVE
ACC0006816,CUST008250,BUSINESS,EUR,1358.63,10/16/2021 16:59,ACTIVE
ACC0006817,CUST000939,BUSINESS,SGD,103.81,1/13/2023 9:50,ACTIVE
ACC0006818,CUST001257,SAVINGS,EUR,185.42,1/31/2024 13:10,ACTIVE
ACC0006819,CUST000532,BUSINESS,INR,1093.52,2/13/2022 11:20,ACTIVE
ACC0006820,CUST003954,SAVINGS,EUR,571.16,8/11/2026 22:40,CLOSED
ACC0006821,CUST006937,CHECKING,SGD,11973.41,9/10/2021 12:59,CLOSED
ACC0006822,CUST004067,CHECKING,EUR,9903.82,8/26/2024 5:34,ACTIVE
ACC0006823,CUST001602,CHECKING,GBP,387.03,12/31/2021 0:26,CLOSED
ACC0006824,CUST004884,CHECKING,JPY,2140.01,5/28/2026 22:23,CLOSED
ACC0006825,CUST007985,BUSINESS,AED,2694.96,6/11/2023 9:58,SUSPENDED
ACC0006826,CUST002090,BUSINESS,INR,535.41,1/28/2024 9:07,CLOSED
ACC0006827,CUST001439,SAVINGS,CAD,182.24,8/10/2024 7:11,ACTIVE
ACC0006828,CUST005736,SAVINGS,INR,1080.57,2/18/2022 2:00,ACTIVE
ACC0006829,CUST002908,SAVINGS,PKR,891.21,4/26/2023 8:26,ACTIVE
ACC0006830,CUST004729,BUSINESS,EUR,650.07,6/29/2025 5:06,ACTIVE
ACC0006831,CUST008239,BUSINESS,AED,1864.56,8/19/2023 17:08,CLOSED
ACC0006832,CUST003297,CHECKING,INR,445.47,10/27/2024 11:04,SUSPENDED
ACC0006833,CUST006548,SAVINGS,AED,275.23,10/2/2021 21:13,CLOSED
ACC0006834,CUST008227,SAVINGS,EUR,1250,3/6/2023 15:17,ACTIVE
ACC0006835,CUST005818,BUSINESS,INR,1742.65,11/30/2024 11:47,ACTIVE
ACC0006836,CUST006929,SAVINGS,EUR,267.21,6/26/2026 1:39,SUSPENDED
ACC0006837,CUST008325,CHECKING,SGD,3339.94,2/12/2023 13:14,ACTIVE
ACC0006838,CUST005875,BUSINESS,USD,131.03,7/26/2024 1:17,ACTIVE
ACC0006839,CUST001800,BUSINESS,CAD,547.99,1/10/2023 17:19,ACTIVE
ACC0006840,CUST005977,SAVINGS,CAD,804.64,4/9/2025 15:39,CLOSED
ACC0006841,CUST006823,CHECKING,EUR,511.08,3/24/2022 12:01,ACTIVE
ACC0006842,CUST006793,BUSINESS,EUR,556.64,8/30/2025 0:51,SUSPENDED
ACC0006843,CUST004941,CHECKING,INR,10355.67,10/22/2024 16:53,SUSPENDED
ACC0006844,CUST003925,SAVINGS,CAD,395.02,5/12/2022 7:40,CLOSED
ACC0006845,CUST003916,SAVINGS,AED,20526.38,10/7/2024 3:52,ACTIVE
ACC0006846,CUST006674,BUSINESS,USD,1852.98,10/28/2023 3:11,ACTIVE
ACC0006847,CUST005598,BUSINESS,SGD,1224.72,5/22/2022 8:21,ACTIVE
ACC0006848,CUST005138,CHECKING,EUR,1942.03,2/5/2026 19:31,CLOSED
ACC0006849,CUST006772,CHECKING,EUR,22831.88,4/11/2026 21:16,ACTIVE
ACC0006850,CUST003590,CHECKING,EUR,332.85,10/21/2022 20:00,SUSPENDED
ACC0006851,CUST005476,SAVINGS,EUR,285.86,2/28/2023 18:11,ACTIVE
ACC0006852,CUST003070,CHECKING,GBP,443.26,12/18/2025 11:47,ACTIVE
ACC0006853,CUST006086,CHECKING,INR,1139.76,6/28/2025 9:28,SUSPENDED
ACC0006854,CUST002435,SAVINGS,USD,138.25,12/2/2021 21:18,ACTIVE
ACC0006855,CUST009945,SAVINGS,USD,1126.43,2/12/2022 13:46,ACTIVE
ACC0006856,CUST009724,CHECKING,JPY,8368.72,11/12/2022 2:21,ACTIVE
ACC0006857,CUST002381,BUSINESS,EUR,1315.13,3/24/2022 3:53,CLOSED
ACC0006858,CUST007040,BUSINESS,EUR,771.84,7/2/2023 19:34,ACTIVE
ACC0006859,CUST005111,BUSINESS,USD,522.28,4/20/2025 4:40,CLOSED
ACC0006860,CUST006355,BUSINESS,SGD,3223.47,5/25/2022 15:38,ACTIVE
ACC0006861,CUST009068,SAVINGS,INR,407.08,6/27/2023 18:28,SUSPENDED
ACC0006862,CUST007893,BUSINESS,EUR,10053.49,7/28/2026 0:56,SUSPENDED
ACC0006863,CUST009938,SAVINGS,EUR,11159.34,6/25/2026 8:35,CLOSED
ACC0006864,CUST003248,CHECKING,EUR,1492.34,2/5/2023 4:51,SUSPENDED
ACC0006865,CUST006961,CHECKING,USD,1081.58,6/3/2023 20:05,ACTIVE
ACC0006866,CUST005694,CHECKING,AED,3777.4,12/19/2022 22:55,ACTIVE
ACC0006867,CUST000835,SAVINGS,AED,4079.62,6/28/2023 13:47,CLOSED
ACC0006868,CUST003357,SAVINGS,EUR,416.88,8/21/2026 22:36,SUSPENDED
ACC0006869,CUST003002,CHECKING,EUR,582.97,12/11/2025 1:20,ACTIVE
ACC0006870,CUST009231,BUSINESS,EUR,224.34,6/5/2025 16:17,ACTIVE
ACC0006871,CUST006914,SAVINGS,EUR,1791.62,1/12/2024 19:08,ACTIVE
ACC0006872,CUST003852,CHECKING,EUR,2440.49,2/11/2024 4:06,ACTIVE
ACC0006873,CUST002198,SAVINGS,EUR,217.04,6/10/2024 8:49,ACTIVE
ACC0006874,CUST006642,BUSINESS,JPY,635.09,6/16/2022 4:45,CLOSED
ACC0006875,CUST000164,CHECKING,AED,217.74,1/6/2023 5:25,ACTIVE
ACC0006876,CUST006398,CHECKING,EUR,372.95,11/23/2022 12:00,ACTIVE
ACC0006877,CUST009928,CHECKING,PKR,2124.35,8/15/2025 18:58,SUSPENDED
ACC0006878,CUST008232,SAVINGS,AUD,454.78,3/23/2025 20:11,ACTIVE
ACC0006879,CUST007647,BUSINESS,PKR,764.34,9/2/2021 16:20,CLOSED
ACC0006880,CUST000279,BUSINESS,EUR,155.59,6/25/2025 23:55,ACTIVE
ACC0006881,CUST005668,CHECKING,EUR,1372.5,3/12/2026 6:49,ACTIVE
ACC0006882,CUST000073,SAVINGS,EUR,1039.89,3/19/2025 3:20,ACTIVE
ACC0006883,CUST002848,CHECKING,EUR,457.26,4/20/2025 5:54,ACTIVE
ACC0006884,CUST006771,CHECKING,AUD,874.09,9/17/2021 18:24,ACTIVE
ACC0006885,CUST006836,SAVINGS,GBP,1361.52,6/14/2025 7:20,ACTIVE
ACC0006886,CUST005781,SAVINGS,PKR,412.47,1/29/2025 16:28,ACTIVE
ACC0006887,CUST006123,SAVINGS,EUR,186.51,2/14/2024 11:33,SUSPENDED
ACC0006888,CUST004741,CHECKING,EUR,9572.88,2/8/2024 4:38,SUSPENDED
ACC0006889,CUST008534,SAVINGS,EUR,512.9,9/23/2022 22:24,ACTIVE
ACC0006890,CUST000031,SAVINGS,CAD,976.42,9/5/2021 7:28,ACTIVE
ACC0006891,CUST000579,CHECKING,USD,3688.62,7/5/2025 13:24,CLOSED
ACC0006892,CUST002611,SAVINGS,AUD,75725.2,12/20/2021 5:57,ACTIVE
ACC0006893,CUST000303,CHECKING,SGD,246.32,11/6/2025 10:28,ACTIVE
ACC0006894,CUST005056,BUSINESS,EUR,1881.44,10/23/2025 6:06,ACTIVE
ACC0006895,CUST007283,SAVINGS,EUR,469.16,7/11/2022 6:10,CLOSED
ACC0006896,CUST006242,CHECKING,JPY,574.47,8/13/2023 21:16,CLOSED
ACC0006897,CUST005323,CHECKING,USD,462.08,10/19/2024 22:39,CLOSED
ACC0006898,CUST003757,SAVINGS,EUR,284.07,7/9/2026 18:02,ACTIVE
ACC0006899,CUST001325,CHECKING,EUR,1043.62,12/23/2022 1:31,SUSPENDED
ACC0006900,CUST008436,BUSINESS,EUR,186.9,8/24/2023 14:18,ACTIVE
ACC0006901,CUST000211,CHECKING,USD,3415.81,10/1/2023 3:33,SUSPENDED
ACC0006902,CUST000055,BUSINESS,AED,1171.46,5/25/2022 23:05,ACTIVE
ACC0006903,CUST009547,SAVINGS,JPY,1820.6,2/19/2023 23:14,SUSPENDED
ACC0006904,CUST006768,CHECKING,EUR,626.77,4/21/2026 11:41,CLOSED
ACC0006905,CUST001100,BUSINESS,AED,705.82,8/12/2026 5:00,ACTIVE
ACC0006906,CUST003275,BUSINESS,CAD,1548.55,11/27/2025 0:44,CLOSED
ACC0006907,CUST001050,BUSINESS,EUR,271.28,5/4/2024 3:43,ACTIVE
ACC0006908,CUST001539,BUSINESS,EUR,713.66,8/23/2022 17:33,ACTIVE
ACC0006909,CUST008234,CHECKING,CAD,390.9,5/28/2022 0:18,ACTIVE
ACC0006910,CUST007937,BUSINESS,EUR,376.65,12/20/2025 23:59,ACTIVE
ACC0006911,CUST003426,BUSINESS,AUD,87.2,4/21/2025 22:40,ACTIVE
ACC0006912,CUST006946,SAVINGS,PKR,5470.86,9/3/2021 0:24,ACTIVE
ACC0006913,CUST003745,SAVINGS,AED,481.14,8/8/2024 2:06,CLOSED
ACC0006914,CUST004977,SAVINGS,USD,4429.54,12/8/2023 19:52,ACTIVE
ACC0006915,CUST008309,CHECKING,INR,3954.27,9/25/2022 8:29,CLOSED
ACC0006916,CUST004035,CHECKING,USD,234.35,5/7/2023 8:35,ACTIVE
ACC0006917,CUST005348,BUSINESS,CAD,297.05,4/16/2022 3:49,SUSPENDED
ACC0006918,CUST004586,SAVINGS,EUR,23685.15,7/5/2022 12:01,ACTIVE
ACC0006919,CUST003154,CHECKING,EUR,8965.25,1/19/2023 6:45,CLOSED
ACC0006920,CUST008051,BUSINESS,EUR,1055.93,11/9/2024 3:32,ACTIVE
ACC0006921,CUST002835,BUSINESS,EUR,1493.46,11/4/2022 2:14,CLOSED
ACC0006922,CUST009851,SAVINGS,AED,514.39,8/27/2024 14:05,ACTIVE
ACC0006923,CUST003686,SAVINGS,USD,1842.4,6/23/2025 16:28,ACTIVE
ACC0006924,CUST003584,SAVINGS,EUR,463.77,12/14/2023 5:48,CLOSED
ACC0006925,CUST003243,BUSINESS,EUR,95.7,1/4/2026 23:09,CLOSED
ACC0006926,CUST001764,BUSINESS,PKR,224.56,1/14/2024 21:17,ACTIVE
ACC0006927,CUST002545,BUSINESS,EUR,1124.74,1/4/2025 23:12,ACTIVE
ACC0006928,CUST005619,CHECKING,GBP,282.23,1/24/2025 10:34,CLOSED
ACC0006929,CUST007344,BUSINESS,EUR,1011.58,11/7/2025 23:08,ACTIVE
ACC0006930,CUST006793,SAVINGS,EUR,301.99,3/31/2024 12:43,ACTIVE
ACC0006931,CUST009537,BUSINESS,EUR,428.88,12/7/2024 19:57,ACTIVE
ACC0006932,CUST000778,BUSINESS,SGD,3052.75,6/1/2024 14:09,ACTIVE
ACC0006933,CUST000894,SAVINGS,PKR,1475.83,7/23/2024 8:08,ACTIVE
ACC0006934,CUST008214,SAVINGS,EUR,1083.99,11/8/2021 8:44,SUSPENDED
ACC0006935,CUST001010,SAVINGS,CAD,3148.74,9/25/2024 17:17,ACTIVE
ACC0006936,CUST002062,BUSINESS,EUR,1952.24,6/27/2025 21:32,ACTIVE
ACC0006937,CUST005403,CHECKING,PKR,6222.18,4/24/2024 23:40,ACTIVE
ACC0006938,CUST004786,BUSINESS,CAD,631.54,3/9/2022 4:44,SUSPENDED
ACC0006939,CUST001184,BUSINESS,AUD,654.87,6/27/2026 16:56,ACTIVE
ACC0006940,CUST002622,BUSINESS,GBP,230.14,12/2/2023 6:01,SUSPENDED
ACC0006941,CUST008280,CHECKING,AED,655.39,8/16/2023 18:54,SUSPENDED
ACC0006942,CUST008238,CHECKING,USD,3490.23,10/25/2023 5:22,ACTIVE
ACC0006943,CUST001210,SAVINGS,USD,5218.6,9/26/2022 22:23,ACTIVE
ACC0006944,CUST004531,BUSINESS,JPY,3471.58,7/5/2024 3:02,ACTIVE
ACC0006945,CUST007238,SAVINGS,JPY,127.35,1/2/2024 12:13,ACTIVE
ACC0006946,CUST004395,BUSINESS,EUR,4022.96,11/29/2025 21:33,ACTIVE
ACC0006947,CUST004032,SAVINGS,EUR,120.76,11/5/2022 22:41,CLOSED
ACC0006948,CUST001391,SAVINGS,EUR,3221.95,5/12/2024 6:30,ACTIVE
ACC0006949,CUST007217,SAVINGS,GBP,705.32,9/21/2021 20:47,ACTIVE
ACC0006950,CUST002256,BUSINESS,JPY,2547.94,3/16/2026 21:38,ACTIVE
ACC0006951,CUST002194,BUSINESS,SGD,221.64,9/30/2024 20:00,ACTIVE
ACC0006952,CUST001779,BUSINESS,SGD,4471.15,3/8/2022 22:22,CLOSED
ACC0006953,CUST005371,BUSINESS,USD,189.05,4/28/2022 23:24,ACTIVE
ACC0006954,CUST009234,BUSINESS,JPY,491.69,9/18/2024 1:42,ACTIVE
ACC0006955,CUST002147,BUSINESS,PKR,331.06,4/3/2024 4:46,ACTIVE
ACC0006956,CUST009207,SAVINGS,SGD,133.6,7/4/2026 20:06,SUSPENDED
ACC0006957,CUST004858,CHECKING,EUR,1228.36,11/27/2023 16:53,CLOSED
ACC0006958,CUST004195,BUSINESS,AED,9578.79,6/24/2025 15:11,ACTIVE
ACC0006959,CUST007505,SAVINGS,AUD,26910.89,10/29/2024 16:07,ACTIVE
ACC0006960,CUST006474,CHECKING,EUR,1232.24,9/20/2021 17:04,CLOSED
ACC0006961,CUST003895,BUSINESS,EUR,4188.16,3/2/2024 14:38,SUSPENDED
ACC0006962,CUST007159,SAVINGS,GBP,1448.83,3/31/2025 23:00,CLOSED
ACC0006963,CUST005570,CHECKING,EUR,1995.52,10/20/2024 22:19,CLOSED
ACC0006964,CUST000557,BUSINESS,JPY,727.36,6/26/2023 5:32,SUSPENDED
ACC0006965,CUST001482,BUSINESS,USD,1385.88,10/29/2023 11:18,ACTIVE
ACC0006966,CUST009738,SAVINGS,EUR,2090.12,2/7/2023 13:29,CLOSED
ACC0006967,CUST006559,BUSINESS,INR,547.77,7/19/2024 19:08,ACTIVE
ACC0006968,CUST008448,CHECKING,INR,999.25,3/15/2024 11:03,ACTIVE
ACC0006969,CUST003413,BUSINESS,EUR,1022.38,12/12/2022 23:04,CLOSED
ACC0006970,CUST005974,BUSINESS,EUR,2956.27,12/6/2022 15:26,ACTIVE
ACC0006971,CUST006286,CHECKING,EUR,305.14,11/29/2025 7:58,ACTIVE
ACC0006972,CUST009490,SAVINGS,AED,1030.86,6/5/2026 6:40,ACTIVE
ACC0006973,CUST002527,BUSINESS,EUR,10877.01,11/5/2021 14:45,ACTIVE
ACC0006974,CUST000503,SAVINGS,EUR,4433.18,8/4/2023 11:16,ACTIVE
ACC0006975,CUST001738,BUSINESS,INR,5535.93,12/14/2022 1:47,ACTIVE
ACC0006976,CUST003765,SAVINGS,JPY,1129.26,3/26/2025 7:01,ACTIVE
ACC0006977,CUST008701,SAVINGS,PKR,1611.95,9/3/2021 8:34,SUSPENDED
ACC0006978,CUST000682,SAVINGS,GBP,3650.73,2/4/2023 15:59,ACTIVE
ACC0006979,CUST000012,BUSINESS,AED,7131.71,6/30/2026 4:56,ACTIVE
ACC0006980,CUST000477,CHECKING,USD,105.43,9/24/2025 13:37,CLOSED
ACC0006981,CUST003518,BUSINESS,SGD,226.21,2/10/2024 13:06,SUSPENDED
ACC0006982,CUST001642,CHECKING,EUR,5278.16,6/3/2026 1:05,ACTIVE
ACC0006983,CUST000187,BUSINESS,JPY,786.61,11/9/2021 2:26,SUSPENDED
ACC0006984,CUST006995,SAVINGS,AUD,489.77,5/24/2024 0:14,ACTIVE
ACC0006985,CUST007023,CHECKING,PKR,243.47,7/12/2025 10:20,ACTIVE
ACC0006986,CUST002686,CHECKING,SGD,563.39,4/4/2025 2:30,ACTIVE
ACC0006987,CUST007272,CHECKING,SGD,203.8,5/14/2026 10:23,ACTIVE
ACC0006988,CUST004100,BUSINESS,EUR,13484.73,6/22/2025 10:45,ACTIVE
ACC0006989,CUST006150,SAVINGS,EUR,1067.5,5/1/2023 13:47,ACTIVE
ACC0006990,CUST007914,CHECKING,AED,1022.96,5/30/2023 20:54,ACTIVE
ACC0006991,CUST001649,BUSINESS,EUR,2220.95,7/31/2024 3:33,CLOSED
ACC0006992,CUST000042,SAVINGS,EUR,3480.09,1/14/2023 0:28,ACTIVE
ACC0006993,CUST005341,SAVINGS,CAD,3412.04,12/14/2021 23:08,ACTIVE
ACC0006994,CUST003176,BUSINESS,EUR,3977.25,7/1/2022 13:07,ACTIVE
ACC0006995,CUST008014,SAVINGS,CAD,514.39,1/26/2026 2:00,ACTIVE
ACC0006996,CUST005205,SAVINGS,PKR,767.06,5/2/2026 5:27,ACTIVE
ACC0006997,CUST007383,CHECKING,EUR,2759.59,7/6/2025 17:12,SUSPENDED
ACC0006998,CUST003998,CHECKING,PKR,582.39,1/2/2025 11:11,ACTIVE
ACC0006999,CUST004117,BUSINESS,EUR,1089.93,5/31/2022 17:02,SUSPENDED
ACC0007000,CUST000093,BUSINESS,GBP,1769.61,5/16/2022 23:33,CLOSED
ACC0007001,CUST005599,SAVINGS,EUR,2813.61,2/2/2022 10:20,ACTIVE
ACC0007002,CUST009008,BUSINESS,EUR,129.9,6/13/2025 16:32,SUSPENDED
ACC0007003,CUST008113,BUSINESS,SGD,2585.55,5/1/2025 10:44,ACTIVE
ACC0007004,CUST000821,SAVINGS,GBP,828.43,5/9/2023 19:57,SUSPENDED
ACC0007005,CUST008235,SAVINGS,INR,2563.04,12/23/2021 20:37,SUSPENDED
ACC0007006,CUST002041,CHECKING,JPY,2785.88,1/15/2023 13:02,ACTIVE
ACC0007007,CUST005416,CHECKING,CAD,7551.47,1/21/2026 10:28,ACTIVE
ACC0007008,CUST002239,BUSINESS,SGD,5564.4,3/30/2025 17:18,ACTIVE
ACC0007009,CUST006921,SAVINGS,EUR,5518.64,4/5/2025 17:28,ACTIVE
ACC0007010,CUST005182,SAVINGS,INR,6200.62,7/28/2024 14:11,ACTIVE
ACC0007011,CUST008330,CHECKING,PKR,1555.66,9/21/2023 16:46,CLOSED
ACC0007012,CUST000536,BUSINESS,GBP,1139.82,10/1/2024 13:21,ACTIVE
ACC0007013,CUST008449,CHECKING,INR,3125.6,5/18/2026 3:34,ACTIVE
ACC0007014,CUST000232,CHECKING,SGD,2639.9,4/20/2022 13:07,ACTIVE
ACC0007015,CUST006326,CHECKING,EUR,756.82,4/30/2026 13:27,ACTIVE
ACC0007016,CUST009968,SAVINGS,AED,1782.53,7/29/2026 9:27,CLOSED
ACC0007017,CUST000213,CHECKING,PKR,1051.41,4/29/2026 1:48,ACTIVE
ACC0007018,CUST001153,BUSINESS,JPY,393.58,8/30/2024 0:04,CLOSED
ACC0007019,CUST000911,CHECKING,INR,5159.28,8/8/2025 7:30,ACTIVE
ACC0007020,CUST003435,BUSINESS,EUR,1171.73,7/23/2022 6:41,SUSPENDED
ACC0007021,CUST005247,SAVINGS,JPY,12816,6/2/2025 2:32,ACTIVE
ACC0007022,CUST007226,BUSINESS,AED,155.93,12/30/2022 2:17,ACTIVE
ACC0007023,CUST005064,BUSINESS,INR,562.2,5/2/2022 12:46,ACTIVE
ACC0007024,CUST004638,CHECKING,EUR,1140.44,11/28/2023 17:35,ACTIVE
ACC0007025,CUST009380,CHECKING,USD,4293.5,1/28/2026 13:32,SUSPENDED
ACC0007026,CUST000532,BUSINESS,INR,1771.11,1/19/2025 21:40,SUSPENDED
ACC0007027,CUST004527,CHECKING,SGD,1591.71,5/21/2026 17:38,ACTIVE
ACC0007028,CUST001759,BUSINESS,EUR,283.52,3/17/2026 8:11,SUSPENDED
ACC0007029,CUST005210,BUSINESS,GBP,273.6,1/18/2023 18:49,ACTIVE
ACC0007030,CUST008157,CHECKING,JPY,1614.86,8/26/2023 20:51,SUSPENDED
ACC0007031,CUST003589,CHECKING,EUR,213.38,5/20/2026 15:19,ACTIVE
ACC0007032,CUST003296,CHECKING,AED,579.26,9/8/2024 13:53,ACTIVE
ACC0007033,CUST004814,CHECKING,JPY,2000.4,7/31/2024 21:40,CLOSED
ACC0007034,CUST008873,BUSINESS,SGD,337.38,9/4/2022 12:25,ACTIVE
ACC0007035,CUST002870,SAVINGS,GBP,7528.32,7/31/2024 17:26,CLOSED
ACC0007036,CUST001111,CHECKING,EUR,4763.43,7/7/2022 16:15,ACTIVE
ACC0007037,CUST009551,BUSINESS,AUD,166.38,11/24/2021 1:49,ACTIVE
ACC0007038,CUST003217,SAVINGS,CAD,358.22,8/14/2026 7:11,SUSPENDED
ACC0007039,CUST004919,BUSINESS,EUR,70.6,9/25/2023 21:13,ACTIVE
ACC0007040,CUST009468,SAVINGS,SGD,428.76,10/18/2023 13:42,ACTIVE
ACC0007041,CUST009461,SAVINGS,EUR,2750.85,2/1/2025 2:56,ACTIVE
ACC0007042,CUST002973,SAVINGS,SGD,667.36,3/31/2025 17:11,SUSPENDED
ACC0007043,CUST007348,BUSINESS,CAD,1906.37,5/17/2025 22:26,SUSPENDED
ACC0007044,CUST009661,CHECKING,JPY,176.48,8/28/2023 20:34,CLOSED
ACC0007045,CUST003740,CHECKING,USD,2857.12,1/24/2022 6:53,ACTIVE
ACC0007046,CUST009140,BUSINESS,EUR,563.33,12/15/2025 7:26,CLOSED
ACC0007047,CUST007335,BUSINESS,AED,1112.77,4/1/2026 20:34,ACTIVE
ACC0007048,CUST007672,SAVINGS,SGD,980.98,9/14/2021 17:16,ACTIVE
ACC0007049,CUST000595,BUSINESS,EUR,238.45,11/11/2023 1:39,ACTIVE
ACC0007050,CUST002709,BUSINESS,JPY,274.87,4/8/2026 9:28,SUSPENDED
ACC0007051,CUST009458,SAVINGS,CAD,3502.92,9/6/2021 16:03,ACTIVE
ACC0007052,CUST003310,SAVINGS,INR,1770.1,2/23/2026 4:24,ACTIVE
ACC0007053,CUST003481,BUSINESS,AED,3866.32,6/7/2022 2:26,SUSPENDED
ACC0007054,CUST007707,BUSINESS,EUR,1619.04,2/12/2023 17:09,ACTIVE
ACC0007055,CUST008746,SAVINGS,AUD,1301.91,10/8/2025 14:42,ACTIVE
ACC0007056,CUST004755,BUSINESS,USD,138.21,9/28/2022 4:01,CLOSED
ACC0007057,CUST003186,CHECKING,SGD,792.79,11/3/2025 5:30,SUSPENDED
ACC0007058,CUST001638,BUSINESS,AUD,1061.18,1/5/2024 1:56,ACTIVE
ACC0007059,CUST006676,CHECKING,EUR,11426.94,4/24/2025 5:00,ACTIVE
ACC0007060,CUST009314,BUSINESS,CAD,2500.75,10/8/2021 5:46,ACTIVE
ACC0007061,CUST007336,BUSINESS,EUR,6927.63,12/30/2021 21:55,ACTIVE
ACC0007062,CUST002956,SAVINGS,AUD,2246.31,5/1/2022 7:07,ACTIVE
ACC0007063,CUST003971,BUSINESS,GBP,467.05,9/8/2022 4:09,ACTIVE
ACC0007064,CUST000073,SAVINGS,EUR,1262.12,5/29/2022 6:27,ACTIVE
ACC0007065,CUST005706,SAVINGS,SGD,1456.03,10/4/2024 11:32,SUSPENDED
ACC0007066,CUST001309,BUSINESS,AED,355.32,5/8/2025 9:46,ACTIVE
ACC0007067,CUST001921,CHECKING,INR,691.41,3/8/2025 5:50,ACTIVE
ACC0007068,CUST001728,CHECKING,SGD,856.69,8/26/2023 23:58,ACTIVE
ACC0007069,CUST008346,SAVINGS,EUR,7530.7,9/3/2022 18:35,ACTIVE
ACC0007070,CUST005589,SAVINGS,EUR,90.3,3/15/2022 19:44,ACTIVE
ACC0007071,CUST006652,SAVINGS,AUD,4660.99,11/15/2021 8:16,ACTIVE
ACC0007072,CUST001172,BUSINESS,EUR,356.33,12/26/2025 1:04,ACTIVE
ACC0007073,CUST009154,BUSINESS,EUR,211.35,12/4/2023 16:24,SUSPENDED
ACC0007074,CUST002209,CHECKING,USD,4518.48,4/13/2026 16:15,ACTIVE
ACC0007075,CUST000968,CHECKING,AED,2639.32,10/18/2024 19:43,SUSPENDED
ACC0007076,CUST007274,SAVINGS,EUR,4941.49,7/19/2024 23:47,ACTIVE
ACC0007077,CUST004421,CHECKING,EUR,2866.49,7/13/2025 5:42,ACTIVE
ACC0007078,CUST008250,BUSINESS,EUR,12988.43,4/15/2023 4:03,ACTIVE
ACC0007079,CUST003904,BUSINESS,AUD,2144.09,7/23/2023 6:16,ACTIVE
ACC0007080,CUST003428,SAVINGS,EUR,908.89,1/19/2026 23:36,ACTIVE
ACC0007081,CUST006195,SAVINGS,EUR,1654.93,7/6/2022 6:56,ACTIVE
ACC0007082,CUST008682,SAVINGS,USD,4876.4,11/29/2022 12:30,ACTIVE
ACC0007083,CUST009743,BUSINESS,EUR,430.41,10/11/2023 7:38,ACTIVE
ACC0007084,CUST004363,BUSINESS,AUD,501.57,10/24/2021 10:02,ACTIVE
ACC0007085,CUST002867,SAVINGS,GBP,756.91,7/14/2022 16:12,ACTIVE
ACC0007086,CUST005597,SAVINGS,AED,87.75,1/31/2024 4:57,ACTIVE
ACC0007087,CUST003103,SAVINGS,EUR,1294.26,10/29/2025 6:39,ACTIVE
ACC0007088,CUST009441,SAVINGS,PKR,114.05,2/6/2025 12:11,ACTIVE
ACC0007089,CUST004240,BUSINESS,PKR,1168.73,12/7/2024 3:57,ACTIVE
ACC0007090,CUST001553,BUSINESS,AUD,3097.49,8/9/2026 11:40,CLOSED
ACC0007091,CUST005066,SAVINGS,SGD,618.78,1/13/2025 21:00,ACTIVE
ACC0007092,CUST007416,SAVINGS,EUR,8205.33,1/1/2024 1:30,ACTIVE
ACC0007093,CUST005824,SAVINGS,SGD,190.07,4/24/2026 14:55,CLOSED
ACC0007094,CUST004923,SAVINGS,INR,4580.27,11/24/2023 17:11,CLOSED
ACC0007095,CUST008491,BUSINESS,EUR,2465.54,4/26/2025 6:01,ACTIVE
ACC0007096,CUST005295,CHECKING,CAD,139.88,5/22/2022 23:04,CLOSED
ACC0007097,CUST006870,BUSINESS,INR,28366.19,6/21/2024 3:49,SUSPENDED
ACC0007098,CUST009396,CHECKING,USD,1015.88,7/21/2022 12:49,CLOSED
ACC0007099,CUST001844,BUSINESS,EUR,382.61,11/18/2021 3:29,ACTIVE
ACC0007100,CUST001708,CHECKING,EUR,202.65,8/14/2022 17:40,ACTIVE
ACC0007101,CUST005156,BUSINESS,AED,842.17,3/13/2024 8:25,ACTIVE
ACC0007102,CUST007805,CHECKING,EUR,941.16,5/15/2024 20:21,ACTIVE
ACC0007103,CUST008904,SAVINGS,INR,1240.38,1/30/2023 18:37,ACTIVE
ACC0007104,CUST005240,SAVINGS,JPY,767.12,7/13/2026 22:09,ACTIVE
ACC0007105,CUST004700,BUSINESS,EUR,2344.6,6/1/2025 23:08,ACTIVE
ACC0007106,CUST008101,CHECKING,PKR,688.73,7/9/2022 13:45,CLOSED
ACC0007107,CUST006034,CHECKING,GBP,107.56,7/11/2025 13:34,CLOSED
ACC0007108,CUST006779,BUSINESS,CAD,916.69,5/17/2023 18:08,ACTIVE
ACC0007109,CUST009970,BUSINESS,SGD,64.01,9/19/2021 9:10,ACTIVE
ACC0007110,CUST008258,BUSINESS,EUR,1676.6,12/23/2023 11:44,ACTIVE
ACC0007111,CUST001110,BUSINESS,EUR,338.61,3/31/2023 10:02,ACTIVE
ACC0007112,CUST004247,SAVINGS,EUR,1334.13,6/27/2022 9:52,ACTIVE
ACC0007113,CUST000992,CHECKING,EUR,5307.57,3/30/2022 8:14,ACTIVE
ACC0007114,CUST005244,BUSINESS,EUR,351.25,4/7/2023 11:56,ACTIVE
ACC0007115,CUST000846,CHECKING,GBP,3918.67,12/9/2025 6:52,CLOSED
ACC0007116,CUST004903,BUSINESS,EUR,651.93,6/8/2025 20:33,CLOSED
ACC0007117,CUST005638,SAVINGS,AED,8989.69,5/28/2024 14:15,ACTIVE
ACC0007118,CUST003950,CHECKING,EUR,707.56,9/16/2021 11:26,SUSPENDED
ACC0007119,CUST009472,CHECKING,EUR,399.98,6/12/2026 23:49,ACTIVE
ACC0007120,CUST004926,BUSINESS,SGD,2501.6,4/10/2023 22:15,ACTIVE
ACC0007121,CUST002268,SAVINGS,EUR,650.05,4/8/2022 13:02,ACTIVE
ACC0007122,CUST007407,CHECKING,AED,399.52,9/3/2021 0:53,ACTIVE
ACC0007123,CUST001264,SAVINGS,GBP,618.06,2/21/2025 13:31,ACTIVE
ACC0007124,CUST007709,BUSINESS,EUR,1039.48,7/17/2022 9:40,CLOSED
ACC0007125,CUST002187,SAVINGS,JPY,5489.63,9/30/2025 14:13,ACTIVE
ACC0007126,CUST008773,BUSINESS,EUR,107.67,7/27/2023 16:03,ACTIVE
ACC0007127,CUST003319,CHECKING,PKR,1127.43,7/19/2024 9:50,ACTIVE
ACC0007128,CUST002382,SAVINGS,GBP,2321.3,8/1/2024 23:33,ACTIVE
ACC0007129,CUST006186,CHECKING,EUR,1383.18,10/23/2025 21:43,CLOSED
ACC0007130,CUST008608,BUSINESS,EUR,5280.83,9/10/2022 20:30,CLOSED
ACC0007131,CUST006385,CHECKING,EUR,1003.03,9/19/2025 18:20,CLOSED
ACC0007132,CUST008377,BUSINESS,EUR,878.78,9/16/2025 6:32,ACTIVE
ACC0007133,CUST009503,SAVINGS,PKR,2232.32,5/28/2025 17:53,CLOSED
ACC0007134,CUST004112,SAVINGS,SGD,1235.43,12/24/2022 19:39,ACTIVE
ACC0007135,CUST002947,CHECKING,EUR,686.43,8/13/2022 4:54,CLOSED
ACC0007136,CUST007691,CHECKING,PKR,2037.28,4/18/2025 15:57,ACTIVE
ACC0007137,CUST009118,SAVINGS,AUD,501.18,11/24/2024 19:36,CLOSED
ACC0007138,CUST004573,SAVINGS,EUR,526.68,2/9/2024 4:27,SUSPENDED
ACC0007139,CUST007273,BUSINESS,SGD,581.96,2/25/2022 0:38,ACTIVE
ACC0007140,CUST006771,BUSINESS,AUD,5561.83,4/27/2022 16:51,ACTIVE
ACC0007141,CUST009352,CHECKING,USD,22.98,12/15/2024 13:36,ACTIVE
ACC0007142,CUST002540,CHECKING,SGD,1762.91,3/1/2023 9:36,CLOSED
ACC0007143,CUST009371,SAVINGS,EUR,1142.67,5/17/2024 0:45,ACTIVE
ACC0007144,CUST002879,BUSINESS,EUR,145.9,6/12/2026 1:26,ACTIVE
ACC0007145,CUST002286,BUSINESS,JPY,1590.29,7/23/2024 13:43,CLOSED
ACC0007146,CUST000016,SAVINGS,EUR,1940.89,4/26/2023 0:53,ACTIVE
ACC0007147,CUST005711,CHECKING,EUR,2225.12,10/27/2023 23:39,CLOSED
ACC0007148,CUST009499,SAVINGS,EUR,45.5,9/15/2024 11:48,CLOSED
ACC0007149,CUST001554,BUSINESS,AUD,5651.45,12/10/2023 13:00,ACTIVE
ACC0007150,CUST004499,SAVINGS,AUD,452.47,7/8/2025 13:30,ACTIVE
ACC0007151,CUST004559,CHECKING,SGD,2499.59,9/3/2025 9:34,SUSPENDED
ACC0007152,CUST002691,SAVINGS,USD,2668.54,11/1/2022 0:45,SUSPENDED
ACC0007153,CUST008681,CHECKING,INR,382.97,3/11/2026 20:40,ACTIVE
ACC0007154,CUST004281,CHECKING,GBP,2422.49,11/29/2021 21:18,ACTIVE
ACC0007155,CUST003806,SAVINGS,EUR,690.49,12/1/2025 17:51,ACTIVE
ACC0007156,CUST003681,CHECKING,CAD,91.32,4/21/2023 22:19,ACTIVE
ACC0007157,CUST002598,BUSINESS,EUR,4452.81,11/10/2025 5:20,ACTIVE
ACC0007158,CUST007064,SAVINGS,INR,432.66,12/19/2022 13:30,ACTIVE
ACC0007159,CUST005348,BUSINESS,CAD,393.31,5/18/2024 3:12,ACTIVE
ACC0007160,CUST000149,SAVINGS,EUR,676.09,7/18/2026 9:52,ACTIVE
ACC0007161,CUST009496,BUSINESS,AUD,1520.33,8/10/2024 5:23,ACTIVE
ACC0007162,CUST005903,SAVINGS,EUR,1023.8,4/19/2025 11:22,ACTIVE
ACC0007163,CUST006990,BUSINESS,EUR,2116.84,7/23/2022 3:11,SUSPENDED
ACC0007164,CUST007155,BUSINESS,SGD,219.78,12/24/2024 12:30,ACTIVE
ACC0007165,CUST001514,CHECKING,EUR,449.95,3/14/2026 14:23,ACTIVE
ACC0007166,CUST006008,CHECKING,JPY,954.13,6/6/2026 20:11,SUSPENDED
ACC0007167,CUST006846,CHECKING,GBP,10694.28,5/11/2023 22:36,SUSPENDED
ACC0007168,CUST006682,BUSINESS,INR,956.64,11/14/2025 2:31,ACTIVE
ACC0007169,CUST006324,SAVINGS,GBP,4033,5/2/2024 13:16,CLOSED
ACC0007170,CUST003446,SAVINGS,EUR,1148.56,10/18/2021 14:03,ACTIVE
ACC0007171,CUST006335,CHECKING,AUD,613.76,7/20/2022 10:16,CLOSED
ACC0007172,CUST008583,BUSINESS,PKR,815.61,4/1/2024 18:15,ACTIVE
ACC0007173,CUST003456,CHECKING,EUR,895.96,5/11/2026 16:04,SUSPENDED
ACC0007174,CUST002786,SAVINGS,SGD,2262.84,9/17/2022 16:07,SUSPENDED
ACC0007175,CUST007199,CHECKING,EUR,5707.48,1/15/2022 9:28,SUSPENDED
ACC0007176,CUST009798,BUSINESS,GBP,1688.54,2/1/2023 20:23,CLOSED
ACC0007177,CUST004743,SAVINGS,EUR,4557.33,11/17/2025 4:41,ACTIVE
ACC0007178,CUST003498,SAVINGS,SGD,344.55,11/19/2021 2:20,ACTIVE
ACC0007179,CUST001279,SAVINGS,EUR,666.77,9/6/2023 20:42,ACTIVE
ACC0007180,CUST004000,CHECKING,EUR,459.82,1/10/2025 8:26,SUSPENDED
ACC0007181,CUST004809,SAVINGS,EUR,1599.32,1/2/2024 7:45,ACTIVE
ACC0007182,CUST001690,SAVINGS,USD,712.83,2/4/2025 18:17,ACTIVE
ACC0007183,CUST006458,CHECKING,EUR,2632.6,8/24/2024 12:36,SUSPENDED
ACC0007184,CUST000234,CHECKING,CAD,358.81,9/13/2025 3:12,ACTIVE
ACC0007185,CUST006640,SAVINGS,EUR,1154.75,1/12/2025 22:46,SUSPENDED
ACC0007186,CUST000805,BUSINESS,USD,2500.46,3/23/2022 13:18,ACTIVE
ACC0007187,CUST008186,SAVINGS,EUR,91.99,1/6/2022 16:18,SUSPENDED
ACC0007188,CUST001323,BUSINESS,SGD,13988.03,9/17/2024 3:06,ACTIVE
ACC0007189,CUST007097,CHECKING,JPY,780.72,11/3/2022 12:18,ACTIVE
ACC0007190,CUST003647,BUSINESS,SGD,96.54,11/21/2025 16:36,ACTIVE
ACC0007191,CUST003748,CHECKING,JPY,1325.72,2/14/2023 5:42,ACTIVE
ACC0007192,CUST001605,SAVINGS,INR,1141.54,4/6/2023 8:42,ACTIVE
ACC0007193,CUST003849,SAVINGS,USD,993.99,11/22/2025 15:05,ACTIVE
ACC0007194,CUST002932,CHECKING,EUR,3602.67,7/31/2024 22:03,SUSPENDED
ACC0007195,CUST004492,SAVINGS,EUR,2689.03,4/16/2024 4:10,ACTIVE
ACC0007196,CUST005014,CHECKING,EUR,1567.84,4/27/2023 11:18,ACTIVE
ACC0007197,CUST000044,BUSINESS,GBP,1882.18,5/29/2024 18:09,CLOSED
ACC0007198,CUST005428,SAVINGS,AED,967.55,4/1/2024 19:13,SUSPENDED
ACC0007199,CUST006200,CHECKING,EUR,9233.46,8/31/2025 13:51,ACTIVE
ACC0007200,CUST009420,SAVINGS,INR,185.85,10/1/2025 13:35,ACTIVE
ACC0007201,CUST001706,BUSINESS,AED,1296.71,5/17/2026 8:06,ACTIVE
ACC0007202,CUST008380,SAVINGS,EUR,1185.63,2/15/2022 10:42,SUSPENDED
ACC0007203,CUST006996,CHECKING,AUD,2910.08,8/30/2022 5:31,ACTIVE
ACC0007204,CUST006270,BUSINESS,GBP,398.37,5/13/2024 4:40,ACTIVE
ACC0007205,CUST000717,BUSINESS,INR,135.31,2/11/2023 3:46,CLOSED
ACC0007206,CUST000986,CHECKING,AUD,1323.7,4/25/2025 17:29,ACTIVE
ACC0007207,CUST000101,SAVINGS,EUR,1536.83,9/28/2021 12:47,ACTIVE
ACC0007208,CUST009686,CHECKING,EUR,6551.96,10/26/2025 10:37,CLOSED
ACC0007209,CUST001703,SAVINGS,USD,238.79,3/4/2024 11:57,ACTIVE
ACC0007210,CUST005497,CHECKING,SGD,4383.63,3/9/2026 19:57,SUSPENDED
ACC0007211,CUST001736,BUSINESS,EUR,18786.56,12/3/2024 5:58,ACTIVE
ACC0007212,CUST002198,SAVINGS,EUR,696.93,6/19/2026 4:53,ACTIVE
ACC0007213,CUST001190,CHECKING,EUR,232.96,6/27/2023 5:22,ACTIVE
ACC0007214,CUST006372,BUSINESS,EUR,672.92,7/7/2024 4:19,ACTIVE
ACC0007215,CUST008941,BUSINESS,EUR,1115.22,1/9/2026 0:46,ACTIVE
ACC0007216,CUST005234,SAVINGS,EUR,2157.15,2/2/2026 6:51,ACTIVE
ACC0007217,CUST002417,CHECKING,EUR,539.33,3/31/2023 21:22,ACTIVE
ACC0007218,CUST005721,CHECKING,EUR,7088.57,7/2/2026 18:53,ACTIVE
ACC0007219,CUST004487,CHECKING,AUD,287.89,10/9/2025 18:08,ACTIVE
ACC0007220,CUST008599,BUSINESS,AED,136.04,5/6/2026 9:13,ACTIVE
ACC0007221,CUST005678,SAVINGS,AED,4138.35,11/28/2023 22:23,CLOSED
ACC0007222,CUST004166,CHECKING,EUR,71.55,6/15/2025 21:36,ACTIVE
ACC0007223,CUST001250,CHECKING,SGD,858.38,8/8/2022 20:56,CLOSED
ACC0007224,CUST000251,BUSINESS,EUR,46222.29,1/30/2025 15:05,ACTIVE
ACC0007225,CUST002811,BUSINESS,PKR,1080.9,1/18/2025 6:45,SUSPENDED
ACC0007226,CUST006142,CHECKING,EUR,285.74,5/24/2024 11:00,ACTIVE
ACC0007227,CUST003996,BUSINESS,EUR,1023.64,7/4/2026 19:32,CLOSED
ACC0007228,CUST000419,SAVINGS,EUR,1031.78,5/3/2022 14:25,CLOSED
ACC0007229,CUST000499,SAVINGS,EUR,1329.79,1/22/2024 17:53,ACTIVE
ACC0007230,CUST007283,CHECKING,EUR,2427.74,3/18/2024 16:10,ACTIVE
ACC0007231,CUST008862,SAVINGS,EUR,315.16,11/7/2023 18:07,ACTIVE
ACC0007232,CUST003644,BUSINESS,INR,8308.69,8/25/2024 2:14,ACTIVE
ACC0007233,CUST002000,SAVINGS,EUR,1471.65,10/17/2021 7:59,ACTIVE
ACC0007234,CUST004174,SAVINGS,USD,2623.21,7/29/2023 23:16,SUSPENDED
ACC0007235,CUST005191,SAVINGS,EUR,516.06,3/4/2023 1:13,ACTIVE
ACC0007236,CUST001082,CHECKING,EUR,5134.09,4/26/2023 5:52,SUSPENDED
ACC0007237,CUST009051,BUSINESS,EUR,805.56,9/13/2022 3:01,ACTIVE
ACC0007238,CUST004796,BUSINESS,EUR,1530.06,12/1/2022 16:59,ACTIVE
ACC0007239,CUST002566,CHECKING,EUR,357.91,11/20/2023 15:39,ACTIVE
ACC0007240,CUST008318,BUSINESS,CAD,331.52,12/26/2025 22:23,SUSPENDED
ACC0007241,CUST001184,SAVINGS,AUD,2504.5,6/19/2026 23:05,CLOSED
ACC0007242,CUST002966,CHECKING,PKR,643.98,8/10/2022 14:04,SUSPENDED
ACC0007243,CUST009610,BUSINESS,EUR,393.63,10/27/2023 18:49,ACTIVE
ACC0007244,CUST002273,CHECKING,EUR,506.83,1/2/2023 0:31,ACTIVE
ACC0007245,CUST006431,BUSINESS,EUR,2537.02,10/21/2025 8:06,ACTIVE
ACC0007246,CUST001970,CHECKING,JPY,515.51,11/25/2023 1:01,ACTIVE
ACC0007247,CUST009950,SAVINGS,INR,952.24,9/27/2022 21:34,ACTIVE
ACC0007248,CUST005475,CHECKING,EUR,1116.59,6/10/2024 10:32,ACTIVE
ACC0007249,CUST000935,SAVINGS,SGD,109.86,12/12/2025 16:09,CLOSED
ACC0007250,CUST003736,BUSINESS,EUR,187.66,6/13/2026 16:10,ACTIVE
ACC0007251,CUST004564,BUSINESS,JPY,1641.78,7/11/2022 0:54,SUSPENDED
ACC0007252,CUST001039,CHECKING,AUD,452.85,9/16/2024 13:10,SUSPENDED
ACC0007253,CUST004839,CHECKING,INR,3897.42,11/18/2024 2:12,ACTIVE
ACC0007254,CUST004048,BUSINESS,CAD,3498.78,5/16/2024 21:06,ACTIVE
ACC0007255,CUST005987,CHECKING,AED,2599.31,3/13/2024 21:50,CLOSED
ACC0007256,CUST002759,SAVINGS,CAD,9737.37,6/18/2024 1:27,ACTIVE
ACC0007257,CUST009837,SAVINGS,GBP,992.57,4/5/2026 14:09,ACTIVE
ACC0007258,CUST003928,BUSINESS,EUR,2389.07,12/6/2022 10:21,ACTIVE
ACC0007259,CUST008288,SAVINGS,EUR,543.87,10/2/2025 4:13,ACTIVE
ACC0007260,CUST000775,BUSINESS,EUR,20802.82,6/30/2023 14:31,ACTIVE
ACC0007261,CUST007895,BUSINESS,INR,11853.29,7/20/2025 20:28,ACTIVE
ACC0007262,CUST005813,SAVINGS,EUR,1112.38,3/21/2023 15:43,ACTIVE
ACC0007263,CUST009767,BUSINESS,GBP,1743.94,11/6/2021 6:52,SUSPENDED
ACC0007264,CUST004359,CHECKING,AED,5603.56,11/5/2023 10:53,CLOSED
ACC0007265,CUST009211,SAVINGS,EUR,919.13,8/15/2022 21:47,CLOSED
ACC0007266,CUST008595,CHECKING,SGD,498.72,5/11/2025 8:57,ACTIVE
ACC0007267,CUST003683,CHECKING,EUR,3130,12/19/2025 11:51,SUSPENDED
ACC0007268,CUST006732,BUSINESS,EUR,1204.87,8/22/2026 11:18,ACTIVE
ACC0007269,CUST001574,SAVINGS,SGD,1365.93,5/9/2023 19:48,SUSPENDED
ACC0007270,CUST006742,BUSINESS,GBP,402.97,12/2/2023 8:52,ACTIVE
ACC0007271,CUST002098,BUSINESS,EUR,139.6,1/28/2023 21:00,CLOSED
ACC0007272,CUST000767,BUSINESS,CAD,1455.89,11/30/2023 6:56,ACTIVE
ACC0007273,CUST000334,SAVINGS,USD,3248.52,8/30/2022 15:06,ACTIVE
ACC0007274,CUST004463,BUSINESS,PKR,836.34,2/7/2026 22:56,SUSPENDED
ACC0007275,CUST008120,BUSINESS,AUD,6146.98,5/16/2024 7:31,ACTIVE
ACC0007276,CUST005482,BUSINESS,USD,471.21,10/20/2021 11:25,ACTIVE
ACC0007277,CUST005161,CHECKING,EUR,309.31,2/11/2024 9:37,SUSPENDED
ACC0007278,CUST002053,CHECKING,EUR,1011.64,2/11/2026 19:22,ACTIVE
ACC0007279,CUST008000,CHECKING,EUR,993.16,8/22/2026 22:54,ACTIVE
ACC0007280,CUST000973,BUSINESS,EUR,2762.7,2/24/2022 13:58,ACTIVE
ACC0007281,CUST007919,SAVINGS,USD,432.7,9/29/2021 23:34,ACTIVE
ACC0007282,CUST004214,SAVINGS,CAD,5663.02,12/11/2024 13:15,SUSPENDED
ACC0007283,CUST003793,BUSINESS,PKR,11617.88,10/26/2021 4:28,ACTIVE
ACC0007284,CUST001176,SAVINGS,JPY,1046.31,1/2/2025 7:16,ACTIVE
ACC0007285,CUST007937,SAVINGS,EUR,4913.06,11/1/2025 17:34,CLOSED
ACC0007286,CUST000162,CHECKING,AUD,308.65,10/5/2021 1:23,ACTIVE
ACC0007287,CUST004198,SAVINGS,CAD,3984.89,2/12/2026 21:20,ACTIVE
ACC0007288,CUST008649,BUSINESS,EUR,3853.48,11/8/2025 7:41,SUSPENDED
ACC0007289,CUST004540,BUSINESS,AED,3090.61,1/15/2025 6:56,ACTIVE
ACC0007290,CUST005400,BUSINESS,GBP,1076.34,9/21/2022 15:48,ACTIVE
ACC0007291,CUST003410,SAVINGS,PKR,31.66,12/6/2023 6:26,ACTIVE
ACC0007292,CUST004557,BUSINESS,PKR,507.72,11/29/2021 9:41,ACTIVE
ACC0007293,CUST006634,SAVINGS,SGD,517.44,12/21/2025 17:37,ACTIVE
ACC0007294,CUST007250,CHECKING,SGD,339.03,9/25/2022 10:19,ACTIVE
ACC0007295,CUST006452,SAVINGS,EUR,1269.9,5/29/2026 22:53,CLOSED
ACC0007296,CUST000952,SAVINGS,EUR,663.31,6/24/2023 10:41,ACTIVE
ACC0007297,CUST004315,CHECKING,GBP,407.67,6/26/2023 6:29,ACTIVE
ACC0007298,CUST000110,BUSINESS,EUR,307.8,2/4/2022 6:57,ACTIVE
ACC0007299,CUST008901,CHECKING,CAD,464.7,11/29/2021 13:04,ACTIVE
ACC0007300,CUST007150,BUSINESS,PKR,4212.45,7/26/2026 5:21,SUSPENDED
ACC0007301,CUST003453,BUSINESS,INR,496.1,3/16/2023 2:34,CLOSED
ACC0007302,CUST002521,SAVINGS,GBP,591.15,8/20/2025 21:50,ACTIVE
ACC0007303,CUST008741,BUSINESS,AUD,633.95,7/5/2023 14:03,SUSPENDED
ACC0007304,CUST004621,CHECKING,CAD,1647.13,8/14/2023 0:10,ACTIVE
ACC0007305,CUST003539,BUSINESS,EUR,1896,1/28/2026 15:37,ACTIVE
ACC0007306,CUST005981,CHECKING,PKR,28.4,5/22/2024 1:18,ACTIVE
ACC0007307,CUST000299,CHECKING,CAD,3736.72,12/14/2022 9:48,ACTIVE
ACC0007308,CUST009957,BUSINESS,INR,6146.52,5/25/2026 17:24,ACTIVE
ACC0007309,CUST007916,SAVINGS,GBP,310.99,3/2/2023 3:45,ACTIVE
ACC0007310,CUST002170,BUSINESS,EUR,341.46,5/6/2024 1:06,ACTIVE
ACC0007311,CUST006861,BUSINESS,GBP,638.87,11/7/2025 3:51,ACTIVE
ACC0007312,CUST009158,CHECKING,EUR,442.66,11/10/2021 5:52,ACTIVE
ACC0007313,CUST001617,SAVINGS,JPY,1434.7,11/10/2022 8:30,ACTIVE
ACC0007314,CUST006560,SAVINGS,USD,106.08,1/19/2025 21:53,SUSPENDED
ACC0007315,CUST001139,SAVINGS,EUR,286.71,11/14/2025 6:28,ACTIVE
ACC0007316,CUST002449,SAVINGS,EUR,6953.75,12/28/2022 19:33,CLOSED
ACC0007317,CUST009069,CHECKING,EUR,360.01,3/21/2022 7:47,ACTIVE
ACC0007318,CUST005543,CHECKING,EUR,4876.16,4/3/2026 21:09,ACTIVE
ACC0007319,CUST006316,SAVINGS,SGD,1679.76,1/28/2023 23:50,ACTIVE
ACC0007320,CUST009992,BUSINESS,AED,125.07,8/24/2024 18:45,ACTIVE
ACC0007321,CUST003608,CHECKING,AUD,2350.53,10/24/2025 5:23,ACTIVE
ACC0007322,CUST005864,CHECKING,EUR,952.22,4/16/2022 13:38,SUSPENDED
ACC0007323,CUST006008,CHECKING,JPY,634.88,9/16/2024 18:14,CLOSED
ACC0007324,CUST006507,CHECKING,EUR,1471.37,7/1/2025 7:33,SUSPENDED
ACC0007325,CUST008804,SAVINGS,PKR,1938.29,10/29/2025 13:13,ACTIVE
ACC0007326,CUST002963,BUSINESS,CAD,2563.45,8/16/2023 20:00,SUSPENDED
ACC0007327,CUST007668,CHECKING,EUR,4509.33,9/11/2022 14:23,ACTIVE
ACC0007328,CUST000495,CHECKING,JPY,1789.63,9/25/2025 11:01,ACTIVE
ACC0007329,CUST004161,BUSINESS,EUR,210.45,6/11/2024 23:05,SUSPENDED
ACC0007330,CUST008010,BUSINESS,INR,621.18,9/12/2023 3:41,ACTIVE
ACC0007331,CUST007460,SAVINGS,INR,37483.57,2/6/2025 20:21,ACTIVE
ACC0007332,CUST008020,CHECKING,AED,2615.97,7/31/2023 6:42,CLOSED
ACC0007333,CUST007366,SAVINGS,CAD,18828.84,6/7/2025 9:04,ACTIVE
ACC0007334,CUST004514,BUSINESS,EUR,5851.9,3/27/2026 3:45,SUSPENDED
ACC0007335,CUST000653,BUSINESS,EUR,1465.81,11/25/2024 23:13,ACTIVE
ACC0007336,CUST007518,BUSINESS,EUR,1574.49,1/5/2022 17:53,ACTIVE
ACC0007337,CUST009883,SAVINGS,JPY,1049.54,7/11/2023 21:07,ACTIVE
ACC0007338,CUST006380,SAVINGS,JPY,136.27,12/27/2024 8:08,SUSPENDED
ACC0007339,CUST007853,SAVINGS,EUR,1120.64,8/22/2022 6:51,ACTIVE
ACC0007340,CUST009988,SAVINGS,CAD,4688.23,2/16/2026 3:07,ACTIVE
ACC0007341,CUST000514,BUSINESS,EUR,534.02,1/15/2024 16:28,ACTIVE
ACC0007342,CUST004110,CHECKING,SGD,1797.84,9/9/2023 10:52,ACTIVE
ACC0007343,CUST007703,CHECKING,SGD,3046.99,2/15/2025 21:32,ACTIVE
ACC0007344,CUST008871,BUSINESS,PKR,368.11,3/16/2026 20:48,SUSPENDED
ACC0007345,CUST001583,CHECKING,PKR,638.06,1/22/2023 17:24,SUSPENDED
ACC0007346,CUST000331,SAVINGS,EUR,323.28,1/4/2023 2:30,ACTIVE
ACC0007347,CUST008142,SAVINGS,CAD,408.87,8/16/2026 19:50,ACTIVE
ACC0007348,CUST004554,CHECKING,INR,233.9,1/12/2026 2:09,ACTIVE
ACC0007349,CUST007763,BUSINESS,CAD,372.21,4/2/2023 6:18,ACTIVE
ACC0007350,CUST001706,BUSINESS,AED,6023.04,6/1/2023 7:18,SUSPENDED
ACC0007351,CUST008295,SAVINGS,SGD,365.56,2/24/2025 15:33,CLOSED
ACC0007352,CUST007438,CHECKING,SGD,1276.34,8/11/2026 19:39,CLOSED
ACC0007353,CUST006953,BUSINESS,SGD,599.78,4/12/2022 1:42,SUSPENDED
ACC0007354,CUST001653,SAVINGS,AUD,4512.65,8/21/2026 2:55,ACTIVE
ACC0007355,CUST008296,SAVINGS,AUD,5289.05,7/4/2024 6:05,ACTIVE
ACC0007356,CUST003795,SAVINGS,INR,3092.96,5/27/2025 14:20,ACTIVE
ACC0007357,CUST005050,CHECKING,EUR,1583.45,7/26/2022 20:55,ACTIVE
ACC0007358,CUST000526,SAVINGS,EUR,831.08,9/12/2025 5:13,SUSPENDED
ACC0007359,CUST005437,SAVINGS,SGD,262.37,4/23/2026 14:02,SUSPENDED
ACC0007360,CUST006875,SAVINGS,INR,11296.35,6/1/2023 13:41,ACTIVE
ACC0007361,CUST002383,SAVINGS,EUR,440.71,9/26/2021 8:07,ACTIVE
ACC0007362,CUST007817,BUSINESS,CAD,2431.77,1/31/2022 14:16,ACTIVE
ACC0007363,CUST008999,CHECKING,EUR,3910.73,4/20/2023 15:45,SUSPENDED
ACC0007364,CUST002353,BUSINESS,EUR,563.22,11/21/2021 0:32,ACTIVE
ACC0007365,CUST002724,SAVINGS,EUR,3810.88,10/11/2024 23:41,SUSPENDED
ACC0007366,CUST008750,BUSINESS,EUR,2743.68,11/14/2024 18:04,ACTIVE
ACC0007367,CUST002697,SAVINGS,SGD,8721.59,4/10/2024 6:00,SUSPENDED
ACC0007368,CUST009544,CHECKING,GBP,624.4,10/15/2023 19:33,SUSPENDED
ACC0007369,CUST006625,CHECKING,CAD,234.38,5/5/2022 18:02,CLOSED
ACC0007370,CUST008681,SAVINGS,INR,597.89,5/20/2024 16:28,ACTIVE
ACC0007371,CUST005697,BUSINESS,AUD,1408.98,5/10/2026 8:04,SUSPENDED
ACC0007372,CUST005485,SAVINGS,PKR,1175.98,2/1/2025 10:46,ACTIVE
ACC0007373,CUST007622,BUSINESS,EUR,683.94,4/25/2026 5:46,ACTIVE
ACC0007374,CUST001012,BUSINESS,EUR,110.94,7/31/2026 7:10,ACTIVE
ACC0007375,CUST003515,SAVINGS,CAD,1928.66,10/10/2025 18:57,ACTIVE
ACC0007376,CUST003330,CHECKING,EUR,11693.79,4/2/2024 22:57,SUSPENDED
ACC0007377,CUST005258,SAVINGS,USD,1914.29,1/30/2026 12:14,SUSPENDED
ACC0007378,CUST006612,SAVINGS,JPY,2277.79,11/30/2022 12:14,ACTIVE
ACC0007379,CUST008079,CHECKING,CAD,2179.68,4/18/2026 10:03,ACTIVE
ACC0007380,CUST004186,SAVINGS,USD,1765.97,7/4/2025 4:12,SUSPENDED
ACC0007381,CUST001565,SAVINGS,PKR,3354.3,5/7/2024 7:44,CLOSED
ACC0007382,CUST005005,CHECKING,INR,1762.43,3/18/2026 7:52,ACTIVE
ACC0007383,CUST000969,BUSINESS,EUR,753.54,6/5/2023 5:26,CLOSED
ACC0007384,CUST004453,CHECKING,GBP,421.92,4/13/2023 16:29,ACTIVE
ACC0007385,CUST006056,SAVINGS,PKR,813.41,6/23/2022 14:46,ACTIVE
ACC0007386,CUST002442,CHECKING,EUR,1598.71,4/18/2026 8:07,ACTIVE
ACC0007387,CUST000835,BUSINESS,AED,750.47,9/22/2023 11:30,ACTIVE
ACC0007388,CUST005118,CHECKING,AED,1599.12,10/20/2021 21:44,ACTIVE
ACC0007389,CUST009950,SAVINGS,INR,1857.49,10/2/2022 13:26,ACTIVE
ACC0007390,CUST009574,SAVINGS,USD,2980.41,5/21/2022 19:05,SUSPENDED
ACC0007391,CUST002644,CHECKING,JPY,5112.04,6/5/2024 7:09,CLOSED
ACC0007392,CUST009205,BUSINESS,SGD,1204.25,11/1/2025 7:26,CLOSED
ACC0007393,CUST005410,BUSINESS,INR,228.3,9/8/2023 21:58,ACTIVE
ACC0007394,CUST002521,SAVINGS,GBP,724.79,12/18/2022 14:19,ACTIVE
ACC0007395,CUST004381,SAVINGS,INR,1156.18,9/14/2021 5:54,SUSPENDED
ACC0007396,CUST007954,BUSINESS,EUR,121.16,3/12/2026 17:44,CLOSED
ACC0007397,CUST009818,CHECKING,AED,5804.55,6/5/2023 23:01,ACTIVE
ACC0007398,CUST001883,BUSINESS,JPY,1300.95,2/20/2025 17:12,SUSPENDED
ACC0007399,CUST007872,BUSINESS,EUR,1733.02,7/1/2022 8:49,ACTIVE
ACC0007400,CUST006735,SAVINGS,GBP,5645.6,11/10/2024 7:05,CLOSED
ACC0007401,CUST005271,SAVINGS,CAD,514.83,3/22/2023 15:52,ACTIVE
ACC0007402,CUST006001,BUSINESS,AED,2183.86,11/9/2022 18:28,ACTIVE
ACC0007403,CUST009180,BUSINESS,INR,961.18,12/6/2025 9:31,CLOSED
ACC0007404,CUST003988,BUSINESS,PKR,879.27,8/22/2025 0:12,ACTIVE
ACC0007405,CUST001097,CHECKING,EUR,434.14,2/9/2024 8:09,CLOSED
ACC0007406,CUST005286,CHECKING,AED,8092.75,9/1/2025 9:59,SUSPENDED
ACC0007407,CUST002341,SAVINGS,AED,698.82,8/19/2023 8:19,CLOSED
ACC0007408,CUST009669,CHECKING,EUR,2538.57,5/22/2022 15:41,ACTIVE
ACC0007409,CUST008120,SAVINGS,AUD,115.58,3/12/2022 18:50,ACTIVE
ACC0007410,CUST009147,SAVINGS,JPY,4518.73,10/12/2021 15:36,ACTIVE
ACC0007411,CUST006575,CHECKING,JPY,3876.37,12/11/2025 22:30,CLOSED
ACC0007412,CUST001751,SAVINGS,AUD,1232.65,9/29/2022 13:59,ACTIVE
ACC0007413,CUST003677,BUSINESS,AED,835.2,2/23/2022 13:15,ACTIVE
ACC0007414,CUST004214,CHECKING,CAD,1772.24,2/26/2024 10:21,ACTIVE
ACC0007415,CUST005738,SAVINGS,EUR,17095.13,1/29/2026 2:41,ACTIVE
ACC0007416,CUST000766,SAVINGS,JPY,132.17,8/7/2022 19:37,ACTIVE
ACC0007417,CUST003293,CHECKING,INR,2802.96,2/8/2025 4:21,ACTIVE
ACC0007418,CUST006502,SAVINGS,EUR,367.26,6/17/2022 18:38,ACTIVE
ACC0007419,CUST005770,CHECKING,EUR,1070.73,3/10/2022 23:11,ACTIVE
ACC0007420,CUST000010,SAVINGS,GBP,814.48,4/4/2023 22:24,ACTIVE
ACC0007421,CUST002552,SAVINGS,AED,655.91,10/10/2023 17:48,SUSPENDED
ACC0007422,CUST007680,CHECKING,SGD,1082.95,4/19/2025 10:37,ACTIVE
ACC0007423,CUST007045,CHECKING,AED,281.18,2/12/2023 15:09,CLOSED
ACC0007424,CUST005338,CHECKING,AUD,3770.7,5/22/2026 3:09,ACTIVE
ACC0007425,CUST004844,CHECKING,AED,127.36,4/28/2026 3:12,CLOSED
ACC0007426,CUST007513,CHECKING,AED,2095.86,10/15/2024 18:48,SUSPENDED
ACC0007427,CUST009954,CHECKING,PKR,741.12,9/20/2025 3:14,CLOSED
ACC0007428,CUST004819,CHECKING,EUR,269.05,3/6/2022 14:27,SUSPENDED
ACC0007429,CUST008975,BUSINESS,AUD,1398.09,7/11/2022 21:19,ACTIVE
ACC0007430,CUST007981,BUSINESS,EUR,169.3,10/26/2024 0:52,ACTIVE
ACC0007431,CUST007568,SAVINGS,PKR,1150.16,4/10/2026 12:57,ACTIVE
ACC0007432,CUST002752,SAVINGS,JPY,198.85,2/11/2025 18:28,ACTIVE
ACC0007433,CUST002357,BUSINESS,EUR,1907.46,9/1/2025 5:59,ACTIVE
ACC0007434,CUST005112,CHECKING,EUR,361.68,7/27/2022 3:22,ACTIVE
ACC0007435,CUST006493,BUSINESS,EUR,638.3,6/29/2026 0:39,ACTIVE
ACC0007436,CUST009414,CHECKING,PKR,1560.47,3/8/2025 23:20,ACTIVE
ACC0007437,CUST008361,SAVINGS,PKR,433.96,8/11/2024 18:30,ACTIVE
ACC0007438,CUST004469,SAVINGS,SGD,1022.95,1/3/2023 1:44,ACTIVE
ACC0007439,CUST005497,SAVINGS,SGD,178.29,5/1/2025 6:47,ACTIVE
ACC0007440,CUST004633,SAVINGS,EUR,2338,9/10/2023 1:56,ACTIVE
ACC0007441,CUST008395,CHECKING,AED,9117,9/23/2021 7:59,CLOSED
ACC0007442,CUST000735,BUSINESS,INR,31277.39,1/21/2023 22:47,ACTIVE
ACC0007443,CUST007141,BUSINESS,AUD,1223.42,2/8/2025 7:14,ACTIVE
ACC0007444,CUST006403,BUSINESS,INR,2823.82,3/25/2025 0:22,ACTIVE
ACC0007445,CUST005248,BUSINESS,INR,129.44,2/13/2026 2:21,CLOSED
ACC0007446,CUST005750,CHECKING,PKR,6656.05,1/16/2022 13:35,CLOSED
ACC0007447,CUST003028,SAVINGS,SGD,2783.53,5/21/2023 14:15,ACTIVE
ACC0007448,CUST003893,SAVINGS,EUR,613.56,10/30/2022 7:16,ACTIVE
ACC0007449,CUST007722,CHECKING,SGD,4839.74,6/2/2025 9:32,ACTIVE
ACC0007450,CUST002213,CHECKING,EUR,808.05,6/6/2023 8:46,CLOSED
ACC0007451,CUST000909,BUSINESS,PKR,632.94,6/9/2026 14:32,ACTIVE
ACC0007452,CUST006290,SAVINGS,EUR,1939.92,6/16/2026 9:25,ACTIVE
ACC0007453,CUST006652,SAVINGS,AUD,306.12,2/7/2025 23:20,ACTIVE
ACC0007454,CUST000070,SAVINGS,INR,3736.67,5/6/2025 11:19,ACTIVE
ACC0007455,CUST002929,SAVINGS,AED,308.84,12/1/2024 11:41,ACTIVE
ACC0007456,CUST001867,BUSINESS,GBP,311.04,3/1/2023 4:50,ACTIVE
ACC0007457,CUST009261,SAVINGS,AUD,368.11,7/19/2026 1:51,ACTIVE
ACC0007458,CUST005488,CHECKING,GBP,2728.21,10/28/2021 11:25,CLOSED
ACC0007459,CUST002731,BUSINESS,GBP,523.15,7/24/2026 4:32,CLOSED
ACC0007460,CUST007117,CHECKING,USD,217.54,3/25/2022 5:28,ACTIVE
ACC0007461,CUST009014,BUSINESS,EUR,530.16,5/19/2023 6:03,ACTIVE
ACC0007462,CUST005992,BUSINESS,EUR,1055.27,7/13/2025 22:37,ACTIVE
ACC0007463,CUST003929,BUSINESS,AED,265.82,1/17/2024 22:23,ACTIVE
ACC0007464,CUST005455,SAVINGS,EUR,275.33,3/22/2022 9:55,ACTIVE
ACC0007465,CUST003061,CHECKING,EUR,13815.63,1/1/2023 3:32,ACTIVE
ACC0007466,CUST006196,SAVINGS,GBP,390.46,4/15/2026 3:17,SUSPENDED
ACC0007467,CUST009177,SAVINGS,USD,744.23,6/5/2023 18:35,ACTIVE
ACC0007468,CUST005848,SAVINGS,USD,705.79,8/21/2026 23:20,ACTIVE
ACC0007469,CUST002186,SAVINGS,EUR,661.41,4/4/2022 12:17,ACTIVE
ACC0007470,CUST005166,CHECKING,CAD,2311.42,5/29/2025 13:43,ACTIVE
ACC0007471,CUST007217,CHECKING,GBP,3421.29,7/31/2024 21:03,CLOSED
ACC0007472,CUST005699,BUSINESS,CAD,759.65,11/11/2024 19:30,ACTIVE
ACC0007473,CUST008155,CHECKING,SGD,248.69,10/12/2025 0:32,ACTIVE
ACC0007474,CUST002564,BUSINESS,EUR,5061.05,6/19/2023 11:40,ACTIVE
ACC0007475,CUST000592,BUSINESS,AUD,978.08,7/13/2024 9:05,ACTIVE
ACC0007476,CUST008710,SAVINGS,JPY,8746.3,1/16/2022 0:41,ACTIVE
ACC0007477,CUST004740,CHECKING,USD,74.09,3/9/2026 6:27,ACTIVE
ACC0007478,CUST003129,SAVINGS,EUR,1386.43,2/19/2023 21:28,CLOSED
ACC0007479,CUST009613,BUSINESS,EUR,10963.51,10/4/2022 10:03,CLOSED
ACC0007480,CUST008949,BUSINESS,INR,717.72,9/25/2021 6:44,ACTIVE
ACC0007481,CUST002840,SAVINGS,EUR,836.65,12/25/2023 16:27,SUSPENDED
ACC0007482,CUST006507,BUSINESS,EUR,1563.39,11/6/2025 22:42,ACTIVE
ACC0007483,CUST006540,CHECKING,EUR,560.85,7/11/2023 18:12,ACTIVE
ACC0007484,CUST007060,CHECKING,PKR,754.09,11/2/2021 1:28,ACTIVE
ACC0007485,CUST006274,BUSINESS,CAD,731.15,6/17/2022 1:16,ACTIVE
ACC0007486,CUST005485,BUSINESS,PKR,516.51,10/5/2022 6:21,ACTIVE
ACC0007487,CUST001031,SAVINGS,AED,4791.64,11/21/2023 8:06,ACTIVE
ACC0007488,CUST007907,BUSINESS,EUR,1907.01,7/19/2026 3:38,ACTIVE
ACC0007489,CUST005952,CHECKING,JPY,1481.42,11/19/2021 11:03,SUSPENDED
ACC0007490,CUST003290,SAVINGS,USD,2893.68,6/12/2025 12:19,SUSPENDED
ACC0007491,CUST004104,BUSINESS,EUR,798.53,1/11/2024 7:32,ACTIVE
ACC0007492,CUST003570,CHECKING,EUR,433.09,12/26/2025 23:21,ACTIVE
ACC0007493,CUST007444,CHECKING,CAD,532.11,2/28/2026 19:44,ACTIVE
ACC0007494,CUST004116,SAVINGS,EUR,1098.98,2/25/2023 6:02,SUSPENDED
ACC0007495,CUST000326,BUSINESS,EUR,307.64,1/7/2024 3:55,ACTIVE
ACC0007496,CUST008070,SAVINGS,PKR,601.66,6/28/2022 23:23,CLOSED
ACC0007497,CUST002614,CHECKING,EUR,590.32,4/21/2026 17:13,ACTIVE
ACC0007498,CUST004405,SAVINGS,AUD,14037.22,6/19/2023 4:36,ACTIVE
ACC0007499,CUST006500,SAVINGS,INR,39.31,6/28/2023 19:59,CLOSED
ACC0007500,CUST006172,CHECKING,AED,884,8/24/2024 18:52,ACTIVE
ACC0007501,CUST002437,BUSINESS,SGD,8697.86,3/19/2025 22:52,ACTIVE
ACC0007502,CUST005495,CHECKING,SGD,1269.29,8/16/2025 7:07,ACTIVE
ACC0007503,CUST002313,CHECKING,INR,2708.37,11/25/2022 11:41,CLOSED
ACC0007504,CUST004288,SAVINGS,SGD,1236.19,11/29/2021 23:50,ACTIVE
ACC0007505,CUST008357,CHECKING,EUR,492.35,9/5/2025 20:38,ACTIVE
ACC0007506,CUST001757,SAVINGS,AUD,74.42,3/9/2022 10:11,SUSPENDED
ACC0007507,CUST001772,CHECKING,EUR,1403.25,10/21/2021 19:38,SUSPENDED
ACC0007508,CUST007254,CHECKING,EUR,432.37,7/31/2022 6:44,SUSPENDED
ACC0007509,CUST009149,BUSINESS,JPY,419.72,12/14/2023 4:47,ACTIVE
ACC0007510,CUST000714,BUSINESS,AED,602.58,10/6/2025 12:11,SUSPENDED
ACC0007511,CUST004114,CHECKING,EUR,8900.24,7/20/2023 0:37,ACTIVE
ACC0007512,CUST004949,BUSINESS,JPY,19649.46,1/2/2024 1:37,CLOSED
ACC0007513,CUST001957,CHECKING,EUR,1423.18,11/2/2022 13:41,ACTIVE
ACC0007514,CUST008444,CHECKING,INR,627.84,8/17/2025 13:47,ACTIVE
ACC0007515,CUST009855,CHECKING,EUR,267.02,2/13/2023 23:39,ACTIVE
ACC0007516,CUST000233,BUSINESS,GBP,1924.17,2/14/2023 9:49,ACTIVE
ACC0007517,CUST005303,BUSINESS,INR,9315.98,1/26/2022 18:43,SUSPENDED
ACC0007518,CUST009712,BUSINESS,SGD,815,1/14/2026 15:09,ACTIVE
ACC0007519,CUST005402,BUSINESS,EUR,63.13,7/2/2026 12:28,SUSPENDED
ACC0007520,CUST000685,BUSINESS,EUR,2450.53,10/13/2024 15:29,ACTIVE
ACC0007521,CUST004388,CHECKING,EUR,3577.72,3/23/2026 0:03,ACTIVE
ACC0007522,CUST003550,SAVINGS,SGD,163.53,9/26/2021 10:03,CLOSED
ACC0007523,CUST000413,SAVINGS,USD,1355.3,11/13/2021 13:16,ACTIVE
ACC0007524,CUST009059,BUSINESS,EUR,1884.6,7/18/2022 16:08,ACTIVE
ACC0007525,CUST000791,SAVINGS,INR,1004.53,9/19/2024 7:47,ACTIVE
ACC0007526,CUST003627,SAVINGS,PKR,424.57,4/14/2022 22:23,CLOSED
ACC0007527,CUST008491,BUSINESS,EUR,3711.25,8/5/2025 7:40,CLOSED
ACC0007528,CUST007080,BUSINESS,EUR,675.83,1/23/2024 3:26,SUSPENDED
ACC0007529,CUST000624,BUSINESS,USD,184.52,3/30/2026 5:40,ACTIVE
ACC0007530,CUST001732,CHECKING,CAD,93.75,12/10/2025 6:58,ACTIVE
ACC0007531,CUST001593,SAVINGS,EUR,4979.17,2/18/2025 9:18,CLOSED
ACC0007532,CUST006797,BUSINESS,PKR,2298.46,10/11/2022 4:28,ACTIVE
ACC0007533,CUST006849,CHECKING,EUR,1218.73,9/24/2022 19:22,ACTIVE
ACC0007534,CUST001231,CHECKING,SGD,646.56,10/24/2021 14:56,ACTIVE
ACC0007535,CUST007048,SAVINGS,EUR,581.26,2/10/2025 17:33,ACTIVE
ACC0007536,CUST004232,CHECKING,EUR,301.6,3/18/2026 23:43,SUSPENDED
ACC0007537,CUST001881,CHECKING,AED,653.44,3/21/2025 16:02,CLOSED
ACC0007538,CUST005681,BUSINESS,JPY,86.13,9/26/2025 15:38,SUSPENDED
ACC0007539,CUST003116,SAVINGS,JPY,453.38,9/24/2023 11:45,ACTIVE
ACC0007540,CUST000845,SAVINGS,EUR,755.12,2/19/2025 15:01,ACTIVE
ACC0007541,CUST008344,BUSINESS,JPY,2279.83,12/26/2023 21:05,ACTIVE
ACC0007542,CUST009582,BUSINESS,EUR,1045.33,9/5/2023 22:46,CLOSED
ACC0007543,CUST005260,BUSINESS,USD,2846.68,3/12/2026 5:48,ACTIVE
ACC0007544,CUST002821,SAVINGS,CAD,5535.64,11/29/2023 7:51,ACTIVE
ACC0007545,CUST009482,CHECKING,EUR,3904.18,3/11/2022 16:00,ACTIVE
ACC0007546,CUST004010,CHECKING,EUR,1928.72,10/25/2024 8:07,ACTIVE
ACC0007547,CUST004256,BUSINESS,EUR,1112.36,1/14/2023 14:39,ACTIVE
ACC0007548,CUST006053,SAVINGS,EUR,338,10/7/2023 14:37,CLOSED
ACC0007549,CUST005800,SAVINGS,EUR,2664.93,9/10/2024 3:14,CLOSED
ACC0007550,CUST001966,SAVINGS,EUR,8231.28,1/29/2026 6:15,ACTIVE
ACC0007551,CUST005807,SAVINGS,EUR,1653.3,3/17/2023 3:57,SUSPENDED
ACC0007552,CUST001582,CHECKING,EUR,10945.8,3/5/2022 4:33,ACTIVE
ACC0007553,CUST004677,BUSINESS,EUR,175.79,10/19/2022 6:20,SUSPENDED
ACC0007554,CUST005659,CHECKING,EUR,274.51,7/6/2026 16:24,ACTIVE
ACC0007555,CUST003853,BUSINESS,GBP,3060.22,1/2/2022 9:07,SUSPENDED
ACC0007556,CUST006490,SAVINGS,EUR,1505.9,3/31/2022 6:07,CLOSED
ACC0007557,CUST001646,SAVINGS,AED,5305.71,1/1/2025 1:45,ACTIVE
ACC0007558,CUST005763,CHECKING,EUR,1076.46,1/20/2025 19:20,SUSPENDED
ACC0007559,CUST006318,CHECKING,AUD,387,10/12/2024 23:09,CLOSED
ACC0007560,CUST009234,SAVINGS,JPY,848.69,7/19/2022 6:57,ACTIVE
ACC0007561,CUST002133,CHECKING,JPY,174.3,9/25/2024 16:53,ACTIVE
ACC0007562,CUST000377,SAVINGS,INR,283.07,3/30/2022 19:03,ACTIVE
ACC0007563,CUST004444,BUSINESS,USD,3522.52,8/3/2025 5:14,SUSPENDED
ACC0007564,CUST008016,SAVINGS,EUR,3125.49,11/19/2023 17:49,ACTIVE
ACC0007565,CUST001541,CHECKING,EUR,1695.28,11/1/2025 2:42,ACTIVE
ACC0007566,CUST001618,CHECKING,SGD,139.03,5/26/2025 16:40,CLOSED
ACC0007567,CUST009315,SAVINGS,INR,713.31,1/2/2023 20:45,ACTIVE
ACC0007568,CUST008029,SAVINGS,AUD,252.14,9/18/2023 21:39,ACTIVE
ACC0007569,CUST008915,SAVINGS,INR,4500.03,1/16/2024 23:13,ACTIVE
ACC0007570,CUST008258,BUSINESS,EUR,544.32,6/6/2023 6:33,ACTIVE
ACC0007571,CUST005291,BUSINESS,INR,298,4/23/2025 17:50,ACTIVE
ACC0007572,CUST009448,CHECKING,CAD,1136.55,12/28/2024 11:08,ACTIVE
ACC0007573,CUST000593,BUSINESS,GBP,508.68,3/18/2025 6:16,ACTIVE
ACC0007574,CUST006046,SAVINGS,USD,6506.08,1/20/2024 1:30,CLOSED
ACC0007575,CUST004576,CHECKING,EUR,454.06,5/17/2025 21:45,CLOSED
ACC0007576,CUST007764,BUSINESS,EUR,204.57,2/13/2026 22:32,SUSPENDED
ACC0007577,CUST005782,BUSINESS,AUD,82.81,2/15/2024 19:22,SUSPENDED
ACC0007578,CUST008355,CHECKING,EUR,1056.86,4/26/2025 5:04,SUSPENDED
ACC0007579,CUST002818,CHECKING,EUR,558.74,7/3/2024 5:19,ACTIVE
ACC0007580,CUST006277,SAVINGS,EUR,197.42,9/18/2021 15:08,ACTIVE
ACC0007581,CUST003214,CHECKING,EUR,4569.1,7/1/2023 17:00,ACTIVE
ACC0007582,CUST009797,SAVINGS,GBP,2442.3,9/11/2023 4:23,ACTIVE
ACC0007583,CUST007512,SAVINGS,AUD,1060.12,9/11/2024 5:41,CLOSED
ACC0007584,CUST002675,CHECKING,SGD,5637.47,10/23/2021 21:01,ACTIVE
ACC0007585,CUST006789,BUSINESS,JPY,2428.53,11/30/2023 18:17,ACTIVE
ACC0007586,CUST001359,CHECKING,USD,408.53,11/26/2024 23:27,ACTIVE
ACC0007587,CUST005579,CHECKING,GBP,315.11,12/12/2025 3:47,ACTIVE
ACC0007588,CUST002012,BUSINESS,EUR,2926.55,1/18/2022 9:31,ACTIVE
ACC0007589,CUST009951,BUSINESS,EUR,1764.53,7/9/2022 3:41,ACTIVE
ACC0007590,CUST005558,BUSINESS,CAD,1344.39,5/18/2024 0:01,ACTIVE
ACC0007591,CUST009192,BUSINESS,SGD,397.11,10/16/2022 21:19,ACTIVE
ACC0007592,CUST002638,CHECKING,EUR,2274.55,6/17/2025 21:54,SUSPENDED
ACC0007593,CUST000291,CHECKING,EUR,442.93,2/6/2025 14:00,ACTIVE
ACC0007594,CUST008146,CHECKING,USD,970.31,8/14/2024 18:31,CLOSED
ACC0007595,CUST000439,SAVINGS,EUR,6225.03,12/20/2021 13:54,ACTIVE
ACC0007596,CUST009242,SAVINGS,GBP,496.21,12/28/2024 9:22,ACTIVE
ACC0007597,CUST000291,CHECKING,EUR,166.07,12/7/2021 19:46,CLOSED
ACC0007598,CUST006334,BUSINESS,SGD,310.12,9/30/2023 0:43,SUSPENDED
ACC0007599,CUST004691,SAVINGS,SGD,3616.13,12/18/2021 5:54,ACTIVE
ACC0007600,CUST003658,SAVINGS,EUR,1488.73,7/7/2025 16:25,CLOSED
ACC0007601,CUST003499,SAVINGS,EUR,939.5,9/22/2024 8:25,ACTIVE
ACC0007602,CUST004619,BUSINESS,GBP,595.31,11/29/2025 11:03,ACTIVE
ACC0007603,CUST001200,CHECKING,EUR,1963.4,7/26/2024 6:09,CLOSED
ACC0007604,CUST003555,CHECKING,EUR,395.87,2/14/2025 14:29,ACTIVE
ACC0007605,CUST002027,BUSINESS,AUD,1582.56,5/15/2023 5:50,ACTIVE
ACC0007606,CUST006996,SAVINGS,AUD,456,3/4/2025 22:17,SUSPENDED
ACC0007607,CUST000819,SAVINGS,EUR,373.46,8/19/2023 3:28,ACTIVE
ACC0007608,CUST007969,BUSINESS,EUR,510.31,10/10/2022 9:31,ACTIVE
ACC0007609,CUST007712,SAVINGS,EUR,698.9,2/14/2023 16:18,CLOSED
ACC0007610,CUST002225,CHECKING,JPY,1034.22,9/10/2022 20:37,CLOSED
ACC0007611,CUST001599,CHECKING,AUD,1454.69,11/10/2023 6:21,CLOSED
ACC0007612,CUST001008,SAVINGS,AED,13.12,7/5/2024 10:29,ACTIVE
ACC0007613,CUST009033,CHECKING,AUD,416.06,10/10/2025 8:10,SUSPENDED
ACC0007614,CUST004102,CHECKING,AUD,685.48,11/7/2024 15:06,CLOSED
ACC0007615,CUST007673,BUSINESS,CAD,6674.67,8/27/2023 14:35,ACTIVE
ACC0007616,CUST006460,CHECKING,EUR,300.06,10/27/2023 2:33,ACTIVE
ACC0007617,CUST008950,SAVINGS,EUR,1333.22,7/5/2023 11:40,ACTIVE
ACC0007618,CUST007794,BUSINESS,CAD,6594.8,10/4/2023 6:24,ACTIVE
ACC0007619,CUST003633,CHECKING,EUR,226.88,8/6/2026 18:14,CLOSED
ACC0007620,CUST004629,CHECKING,PKR,1759.47,11/18/2025 22:29,ACTIVE
ACC0007621,CUST005317,CHECKING,EUR,418.75,3/29/2022 0:36,SUSPENDED
ACC0007622,CUST003703,BUSINESS,USD,598.51,2/16/2023 15:57,ACTIVE
ACC0007623,CUST002195,SAVINGS,EUR,418.33,9/24/2023 17:35,ACTIVE
ACC0007624,CUST005900,SAVINGS,EUR,455.67,3/3/2025 12:27,ACTIVE
ACC0007625,CUST007390,CHECKING,AUD,28747.17,7/11/2023 5:45,ACTIVE
ACC0007626,CUST007475,SAVINGS,CAD,3021.01,12/19/2021 2:31,ACTIVE
ACC0007627,CUST007306,BUSINESS,PKR,4113.73,5/11/2025 21:00,ACTIVE
ACC0007628,CUST000785,CHECKING,AED,1979.09,8/26/2022 0:30,ACTIVE
ACC0007629,CUST008539,BUSINESS,EUR,159.57,7/21/2023 5:45,ACTIVE
ACC0007630,CUST003059,CHECKING,EUR,1761.55,6/7/2025 15:11,ACTIVE
ACC0007631,CUST004620,BUSINESS,CAD,3973.95,8/15/2025 10:20,ACTIVE
ACC0007632,CUST007078,CHECKING,SGD,393.83,3/5/2022 2:13,ACTIVE
ACC0007633,CUST006201,CHECKING,PKR,3492.57,1/8/2025 7:04,SUSPENDED
ACC0007634,CUST003774,BUSINESS,EUR,2553.46,8/31/2022 1:53,ACTIVE
ACC0007635,CUST008753,SAVINGS,EUR,10121.81,12/11/2025 9:59,SUSPENDED
ACC0007636,CUST008283,SAVINGS,AUD,664.25,9/12/2025 22:55,ACTIVE
ACC0007637,CUST000260,BUSINESS,EUR,293.79,3/14/2026 2:46,CLOSED
ACC0007638,CUST004676,SAVINGS,EUR,710.55,1/20/2022 6:36,ACTIVE
ACC0007639,CUST009632,BUSINESS,AUD,6140.65,5/2/2022 11:41,ACTIVE
ACC0007640,CUST006038,BUSINESS,GBP,122.23,4/26/2026 21:45,SUSPENDED
ACC0007641,CUST009734,SAVINGS,EUR,91.65,8/11/2025 8:16,ACTIVE
ACC0007642,CUST007780,CHECKING,EUR,1220.82,3/18/2022 21:01,ACTIVE
ACC0007643,CUST009441,BUSINESS,PKR,644.77,2/23/2025 20:37,CLOSED
ACC0007644,CUST004005,BUSINESS,EUR,1106.85,12/2/2024 8:45,SUSPENDED
ACC0007645,CUST002911,BUSINESS,EUR,3409.68,8/18/2026 8:54,ACTIVE
ACC0007646,CUST003955,CHECKING,EUR,565.05,7/1/2026 18:23,CLOSED
ACC0007647,CUST000895,CHECKING,EUR,115.86,5/10/2023 17:36,ACTIVE
ACC0007648,CUST005088,SAVINGS,AED,12751.16,12/2/2023 22:35,ACTIVE
ACC0007649,CUST006877,BUSINESS,CAD,331.4,5/25/2022 5:09,CLOSED
ACC0007650,CUST007770,BUSINESS,CAD,307.71,2/11/2022 16:01,ACTIVE
ACC0007651,CUST006743,BUSINESS,EUR,4123.53,6/15/2024 3:55,ACTIVE
ACC0007652,CUST007410,BUSINESS,SGD,691.33,7/18/2024 19:56,CLOSED
ACC0007653,CUST001119,BUSINESS,EUR,1016.31,11/23/2024 20:26,SUSPENDED
ACC0007654,CUST008467,SAVINGS,PKR,1957.35,10/17/2025 21:23,ACTIVE
ACC0007655,CUST006788,BUSINESS,EUR,4025.08,1/19/2023 0:02,ACTIVE
ACC0007656,CUST003684,BUSINESS,EUR,734.98,11/23/2023 13:25,ACTIVE
ACC0007657,CUST004761,BUSINESS,EUR,6795,9/27/2022 8:06,ACTIVE
ACC0007658,CUST009598,CHECKING,JPY,84.52,6/25/2025 2:07,CLOSED
ACC0007659,CUST001060,CHECKING,PKR,2729.15,12/24/2023 1:39,CLOSED
ACC0007660,CUST009180,SAVINGS,INR,400.44,10/8/2022 16:45,CLOSED
ACC0007661,CUST007180,CHECKING,GBP,5691.48,12/11/2021 13:04,ACTIVE
ACC0007662,CUST005443,BUSINESS,EUR,1300.43,6/1/2025 7:37,ACTIVE
ACC0007663,CUST001432,BUSINESS,EUR,489.07,1/4/2026 8:13,ACTIVE
ACC0007664,CUST007547,CHECKING,GBP,2429.42,2/29/2024 21:40,ACTIVE
ACC0007665,CUST007986,BUSINESS,EUR,3202.95,3/2/2023 10:57,ACTIVE
ACC0007666,CUST002256,SAVINGS,JPY,2369.12,7/31/2025 17:38,CLOSED
ACC0007667,CUST003223,BUSINESS,AED,318.74,8/28/2022 15:39,SUSPENDED
ACC0007668,CUST006211,SAVINGS,EUR,613.5,7/19/2025 10:12,ACTIVE
ACC0007669,CUST009220,BUSINESS,EUR,1091.29,3/10/2022 10:38,ACTIVE
ACC0007670,CUST007615,BUSINESS,EUR,1043.66,4/14/2023 9:56,ACTIVE
ACC0007671,CUST007843,BUSINESS,AUD,2696.46,5/20/2025 20:11,CLOSED
ACC0007672,CUST002519,CHECKING,EUR,97.72,7/25/2024 11:08,ACTIVE
ACC0007673,CUST000721,BUSINESS,EUR,1637.94,1/18/2025 14:18,CLOSED
ACC0007674,CUST002021,CHECKING,AUD,774.35,3/31/2024 9:35,ACTIVE
ACC0007675,CUST001597,BUSINESS,CAD,400.93,5/22/2026 9:48,ACTIVE
ACC0007676,CUST002915,BUSINESS,EUR,449.9,3/17/2025 21:59,ACTIVE
ACC0007677,CUST006820,BUSINESS,USD,847.72,5/27/2025 12:09,ACTIVE
ACC0007678,CUST006474,CHECKING,EUR,14.57,8/9/2022 18:26,ACTIVE
ACC0007679,CUST001406,SAVINGS,EUR,472.7,11/22/2023 14:27,ACTIVE
ACC0007680,CUST005298,BUSINESS,CAD,383.38,7/15/2023 0:45,ACTIVE
ACC0007681,CUST001765,SAVINGS,EUR,2078.37,2/28/2025 4:51,SUSPENDED
ACC0007682,CUST000701,BUSINESS,AUD,417.12,1/1/2024 10:19,CLOSED
ACC0007683,CUST006514,SAVINGS,EUR,847.14,3/6/2026 8:09,ACTIVE
ACC0007684,CUST000230,BUSINESS,EUR,6979.5,7/14/2026 22:14,SUSPENDED
ACC0007685,CUST000130,CHECKING,USD,3616.35,8/13/2023 15:42,CLOSED
ACC0007686,CUST004345,BUSINESS,CAD,3238.05,11/3/2024 3:52,ACTIVE
ACC0007687,CUST008436,BUSINESS,EUR,601.94,5/11/2022 15:40,ACTIVE
ACC0007688,CUST003005,SAVINGS,EUR,2104.09,7/27/2025 18:40,ACTIVE
ACC0007689,CUST002859,SAVINGS,GBP,828.26,4/29/2024 12:04,CLOSED
ACC0007690,CUST004801,BUSINESS,EUR,866.7,9/29/2021 3:11,CLOSED
ACC0007691,CUST009653,SAVINGS,EUR,1792.96,11/27/2025 13:49,ACTIVE
ACC0007692,CUST005728,BUSINESS,PKR,535.72,1/5/2026 4:14,CLOSED
ACC0007693,CUST002106,BUSINESS,AED,6578.77,9/16/2025 22:23,ACTIVE
ACC0007694,CUST008459,CHECKING,AED,904.92,10/5/2021 0:06,ACTIVE
ACC0007695,CUST005658,CHECKING,JPY,2303.15,2/26/2022 12:48,ACTIVE
ACC0007696,CUST002037,BUSINESS,AUD,6290.03,12/21/2022 17:42,ACTIVE
ACC0007697,CUST002545,BUSINESS,EUR,3781.91,10/13/2024 21:58,ACTIVE
ACC0007698,CUST001048,CHECKING,EUR,202.21,7/26/2022 4:33,CLOSED
ACC0007699,CUST003558,SAVINGS,CAD,1870.34,2/20/2026 13:31,ACTIVE
ACC0007700,CUST003851,SAVINGS,EUR,3043.8,5/18/2026 9:14,ACTIVE
ACC0007701,CUST007079,SAVINGS,CAD,3197.86,2/8/2023 1:21,ACTIVE
ACC0007702,CUST007332,BUSINESS,AED,288.31,5/24/2026 21:13,ACTIVE
ACC0007703,CUST008155,SAVINGS,SGD,498.48,8/5/2022 4:37,ACTIVE
ACC0007704,CUST004108,BUSINESS,INR,3617.25,1/2/2025 4:36,ACTIVE
ACC0007705,CUST006358,SAVINGS,INR,439.61,1/13/2022 3:35,SUSPENDED
ACC0007706,CUST007899,SAVINGS,SGD,765.37,1/26/2023 22:25,ACTIVE
ACC0007707,CUST003389,BUSINESS,EUR,7266.65,6/2/2024 17:47,ACTIVE
ACC0007708,CUST000149,SAVINGS,EUR,1035.5,10/10/2023 17:42,CLOSED
ACC0007709,CUST009672,SAVINGS,EUR,458.46,8/28/2023 1:32,SUSPENDED
ACC0007710,CUST001510,SAVINGS,EUR,382.55,11/17/2023 18:05,ACTIVE
ACC0007711,CUST007706,SAVINGS,EUR,1634.78,2/16/2024 20:08,ACTIVE
ACC0007712,CUST002988,BUSINESS,EUR,221.46,3/28/2022 3:02,ACTIVE
ACC0007713,CUST006766,CHECKING,AED,815.01,8/15/2022 23:31,CLOSED
ACC0007714,CUST009445,BUSINESS,AUD,1635.78,8/29/2021 0:50,ACTIVE
ACC0007715,CUST007887,SAVINGS,EUR,5213.36,2/9/2023 23:29,ACTIVE
ACC0007716,CUST006440,BUSINESS,EUR,2443.18,2/18/2023 21:59,ACTIVE
ACC0007717,CUST009900,SAVINGS,PKR,465.5,12/7/2021 1:49,CLOSED
ACC0007718,CUST004473,SAVINGS,EUR,4510.23,4/10/2022 20:29,ACTIVE
ACC0007719,CUST001477,SAVINGS,PKR,765.54,7/21/2023 20:16,ACTIVE
ACC0007720,CUST002790,SAVINGS,EUR,248.93,6/8/2026 23:36,ACTIVE
ACC0007721,CUST006034,SAVINGS,GBP,892.08,10/17/2022 18:17,ACTIVE
ACC0007722,CUST008200,BUSINESS,EUR,6159.82,4/4/2022 8:37,ACTIVE
ACC0007723,CUST000827,CHECKING,EUR,1337.14,2/23/2025 2:39,ACTIVE
ACC0007724,CUST005706,CHECKING,SGD,1113.24,11/10/2021 15:54,ACTIVE
ACC0007725,CUST009386,SAVINGS,USD,7821.67,7/12/2026 8:12,CLOSED
ACC0007726,CUST002366,SAVINGS,EUR,196.84,11/2/2022 6:26,ACTIVE
ACC0007727,CUST008717,SAVINGS,EUR,234.46,11/30/2022 16:21,CLOSED
ACC0007728,CUST006222,SAVINGS,EUR,157.75,2/19/2026 12:18,ACTIVE
ACC0007729,CUST005246,BUSINESS,EUR,1715.02,4/4/2023 13:54,ACTIVE
ACC0007730,CUST007776,BUSINESS,CAD,1339.15,7/20/2025 6:27,ACTIVE
ACC0007731,CUST000908,BUSINESS,EUR,6983.35,8/30/2021 21:36,ACTIVE
ACC0007732,CUST002882,BUSINESS,SGD,1468.75,10/16/2025 10:14,CLOSED
ACC0007733,CUST003670,BUSINESS,EUR,675.2,2/17/2023 9:06,SUSPENDED
ACC0007734,CUST004875,SAVINGS,EUR,1099,3/18/2025 0:52,ACTIVE
ACC0007735,CUST004392,BUSINESS,EUR,1263,9/24/2023 18:46,ACTIVE
ACC0007736,CUST001180,CHECKING,AED,147.51,9/13/2023 2:13,CLOSED
ACC0007737,CUST006208,CHECKING,PKR,28350.44,11/29/2022 21:25,ACTIVE
ACC0007738,CUST009985,BUSINESS,CAD,2046.42,6/15/2026 4:24,CLOSED
ACC0007739,CUST009954,CHECKING,PKR,1410.94,4/25/2023 18:14,CLOSED
ACC0007740,CUST006634,BUSINESS,SGD,2294.33,7/15/2023 16:28,ACTIVE
ACC0007741,CUST001759,BUSINESS,EUR,2569.05,2/3/2022 6:19,ACTIVE
ACC0007742,CUST002885,SAVINGS,CAD,926.43,10/2/2021 7:05,ACTIVE
ACC0007743,CUST006463,BUSINESS,USD,514.15,12/13/2022 10:50,ACTIVE
ACC0007744,CUST004189,CHECKING,JPY,2251.47,5/20/2023 12:17,SUSPENDED
ACC0007745,CUST000627,BUSINESS,EUR,1742.11,2/5/2023 7:31,ACTIVE
ACC0007746,CUST001043,BUSINESS,EUR,414.94,4/7/2026 21:34,SUSPENDED
ACC0007747,CUST005520,SAVINGS,JPY,6020,5/24/2024 9:00,ACTIVE
ACC0007748,CUST003567,CHECKING,EUR,1559.35,1/13/2023 22:38,ACTIVE
ACC0007749,CUST006454,CHECKING,EUR,2632.75,9/2/2022 1:48,ACTIVE
ACC0007750,CUST002378,BUSINESS,CAD,5827.28,11/7/2022 23:01,ACTIVE
ACC0007751,CUST000882,SAVINGS,AED,1125.82,12/4/2023 23:38,CLOSED
ACC0007752,CUST001266,SAVINGS,EUR,1604.14,9/20/2021 11:06,ACTIVE
ACC0007753,CUST000926,SAVINGS,INR,2898.74,12/30/2021 6:48,SUSPENDED
ACC0007754,CUST007575,BUSINESS,EUR,459.51,12/16/2024 15:28,CLOSED
ACC0007755,CUST000909,SAVINGS,PKR,1170.12,10/28/2022 1:39,SUSPENDED
ACC0007756,CUST001772,CHECKING,EUR,1274.94,10/4/2022 19:50,ACTIVE
ACC0007757,CUST005963,CHECKING,USD,348.18,12/14/2023 2:06,CLOSED
ACC0007758,CUST007806,BUSINESS,SGD,17697.24,6/13/2022 0:03,CLOSED
ACC0007759,CUST004037,BUSINESS,JPY,202.6,10/4/2025 18:35,ACTIVE
ACC0007760,CUST005979,CHECKING,EUR,230.97,3/24/2024 22:02,ACTIVE
ACC0007761,CUST002674,BUSINESS,EUR,5308.54,2/20/2026 20:48,ACTIVE
ACC0007762,CUST009515,BUSINESS,USD,2580.97,2/4/2025 2:48,SUSPENDED
ACC0007763,CUST006432,SAVINGS,GBP,320.17,1/8/2022 9:58,ACTIVE
ACC0007764,CUST007682,BUSINESS,EUR,2272.75,10/31/2021 18:29,ACTIVE
ACC0007765,CUST005483,SAVINGS,AUD,6383.17,1/22/2025 7:53,ACTIVE
ACC0007766,CUST008468,BUSINESS,EUR,1057.52,12/8/2023 18:17,SUSPENDED
ACC0007767,CUST000606,SAVINGS,SGD,24799.72,1/2/2026 7:30,ACTIVE
ACC0007768,CUST002985,BUSINESS,EUR,138.54,12/7/2025 12:19,SUSPENDED
ACC0007769,CUST009915,SAVINGS,PKR,2521.45,12/28/2022 8:35,SUSPENDED
ACC0007770,CUST009853,CHECKING,EUR,4446.33,10/13/2023 4:29,ACTIVE
ACC0007771,CUST004792,BUSINESS,EUR,3195.86,7/3/2025 15:09,SUSPENDED
ACC0007772,CUST003000,SAVINGS,SGD,858.15,5/5/2025 21:27,ACTIVE
ACC0007773,CUST000814,BUSINESS,SGD,773.92,11/11/2021 18:04,ACTIVE
ACC0007774,CUST009403,CHECKING,GBP,1868.66,2/3/2023 9:24,ACTIVE
ACC0007775,CUST001719,CHECKING,GBP,2918.73,10/12/2021 23:10,ACTIVE
ACC0007776,CUST006408,BUSINESS,AUD,2259.66,2/19/2023 20:05,SUSPENDED
ACC0007777,CUST003196,SAVINGS,USD,3820.24,8/4/2025 20:01,ACTIVE
ACC0007778,CUST006893,CHECKING,SGD,322.9,1/22/2025 13:01,ACTIVE
ACC0007779,CUST001055,CHECKING,CAD,834.37,8/19/2026 17:21,ACTIVE
ACC0007780,CUST008930,BUSINESS,INR,354.95,8/5/2026 20:54,ACTIVE
ACC0007781,CUST001241,SAVINGS,EUR,689.98,10/31/2021 23:26,ACTIVE
ACC0007782,CUST007898,CHECKING,EUR,3708.06,12/7/2023 0:36,CLOSED
ACC0007783,CUST002219,BUSINESS,EUR,1248.35,5/1/2024 2:16,SUSPENDED
ACC0007784,CUST001105,BUSINESS,EUR,25040.03,1/18/2022 1:21,ACTIVE
ACC0007785,CUST002831,BUSINESS,EUR,1383.11,5/25/2026 1:59,CLOSED
ACC0007786,CUST006135,CHECKING,INR,1178.07,3/27/2023 18:05,CLOSED
ACC0007787,CUST009674,SAVINGS,AED,1245.66,10/15/2021 10:34,ACTIVE
ACC0007788,CUST001393,SAVINGS,EUR,510.11,2/4/2023 8:34,ACTIVE
ACC0007789,CUST005974,SAVINGS,EUR,1023.1,4/30/2025 14:22,SUSPENDED
ACC0007790,CUST009831,CHECKING,EUR,4244.36,10/10/2022 21:00,ACTIVE
ACC0007791,CUST003607,BUSINESS,EUR,1257.35,7/15/2025 22:03,ACTIVE
ACC0007792,CUST005924,CHECKING,PKR,423.2,5/3/2026 13:31,CLOSED
ACC0007793,CUST008959,SAVINGS,AED,361.37,1/20/2023 11:32,SUSPENDED
ACC0007794,CUST008033,BUSINESS,CAD,638.91,10/29/2025 3:57,ACTIVE
ACC0007795,CUST007163,CHECKING,JPY,1198.27,1/8/2023 8:38,ACTIVE
ACC0007796,CUST002480,CHECKING,EUR,4593.07,6/20/2024 2:25,SUSPENDED
ACC0007797,CUST002906,BUSINESS,INR,219.51,6/20/2023 21:44,ACTIVE
ACC0007798,CUST003860,SAVINGS,PKR,747.11,7/22/2026 4:41,ACTIVE
ACC0007799,CUST008900,SAVINGS,EUR,1303.97,2/14/2026 3:54,SUSPENDED
ACC0007800,CUST008157,CHECKING,JPY,121.46,4/5/2023 10:55,ACTIVE
ACC0007801,CUST003177,SAVINGS,EUR,403.3,10/25/2025 1:38,SUSPENDED
ACC0007802,CUST006717,SAVINGS,AUD,484.99,2/11/2024 3:54,ACTIVE
ACC0007803,CUST002567,SAVINGS,EUR,421.93,5/4/2024 5:24,SUSPENDED
ACC0007804,CUST005076,BUSINESS,EUR,1380.59,7/27/2023 12:56,ACTIVE
ACC0007805,CUST004360,SAVINGS,CAD,904.45,6/4/2025 11:06,ACTIVE
ACC0007806,CUST005898,SAVINGS,EUR,563.21,12/1/2023 14:32,ACTIVE
ACC0007807,CUST007453,BUSINESS,PKR,1832.72,2/4/2022 2:35,ACTIVE
ACC0007808,CUST008519,CHECKING,EUR,8670.57,4/15/2022 19:49,ACTIVE
ACC0007809,CUST000161,CHECKING,EUR,7840.89,3/27/2023 15:47,SUSPENDED
ACC0007810,CUST005791,BUSINESS,EUR,109.14,12/2/2024 9:13,CLOSED
ACC0007811,CUST000808,BUSINESS,EUR,2191.82,4/6/2026 17:34,SUSPENDED
ACC0007812,CUST000805,BUSINESS,USD,885.69,12/1/2023 21:57,ACTIVE
ACC0007813,CUST005179,SAVINGS,EUR,1321.06,12/15/2021 14:20,CLOSED
ACC0007814,CUST005088,SAVINGS,AED,679.98,3/18/2026 17:30,ACTIVE
ACC0007815,CUST005545,BUSINESS,USD,1262.82,7/29/2024 18:51,ACTIVE
ACC0007816,CUST000197,SAVINGS,EUR,1315.13,3/11/2025 5:32,SUSPENDED
ACC0007817,CUST000173,CHECKING,INR,547.44,2/20/2024 5:40,ACTIVE
ACC0007818,CUST009209,BUSINESS,GBP,374.04,5/3/2023 11:54,SUSPENDED
ACC0007819,CUST006889,SAVINGS,CAD,640.06,11/11/2022 11:42,SUSPENDED
ACC0007820,CUST008059,SAVINGS,EUR,1452.6,9/23/2021 18:24,ACTIVE
ACC0007821,CUST008185,SAVINGS,AED,2250.25,2/23/2025 11:30,ACTIVE
ACC0007822,CUST009639,CHECKING,USD,3053.42,6/21/2024 5:52,ACTIVE
ACC0007823,CUST008707,BUSINESS,AUD,606.06,7/30/2023 10:44,SUSPENDED
ACC0007824,CUST006993,SAVINGS,EUR,1541.66,8/26/2022 1:23,ACTIVE
ACC0007825,CUST006294,BUSINESS,GBP,3480.75,11/21/2022 3:24,ACTIVE
ACC0007826,CUST006368,SAVINGS,EUR,4441.35,11/22/2023 15:30,ACTIVE
ACC0007827,CUST003593,CHECKING,CAD,1021.88,1/22/2026 6:55,ACTIVE
ACC0007828,CUST007278,SAVINGS,INR,841.24,9/6/2023 12:03,ACTIVE
ACC0007829,CUST009406,SAVINGS,EUR,1379.32,3/4/2026 16:05,ACTIVE
ACC0007830,CUST003255,SAVINGS,EUR,275.99,2/26/2023 0:06,SUSPENDED
ACC0007831,CUST002424,CHECKING,AED,869.28,6/21/2025 5:02,CLOSED
ACC0007832,CUST007052,CHECKING,AUD,2679.82,1/26/2022 5:43,SUSPENDED
ACC0007833,CUST001876,BUSINESS,AUD,2369.27,12/20/2024 8:29,ACTIVE
ACC0007834,CUST005652,CHECKING,JPY,792.89,5/4/2024 7:13,ACTIVE
ACC0007835,CUST003582,SAVINGS,CAD,1424.05,3/27/2024 20:41,ACTIVE
ACC0007836,CUST003388,BUSINESS,INR,407.65,7/7/2024 21:37,CLOSED
ACC0007837,CUST008172,CHECKING,AUD,2550.87,6/27/2025 10:06,ACTIVE
ACC0007838,CUST005132,CHECKING,USD,998.86,9/3/2023 12:29,ACTIVE
ACC0007839,CUST002697,CHECKING,SGD,787.5,11/22/2023 6:03,SUSPENDED
ACC0007840,CUST004748,CHECKING,EUR,710.47,5/26/2026 18:53,ACTIVE
ACC0007841,CUST000064,SAVINGS,AED,1016.91,6/12/2024 4:32,ACTIVE
ACC0007842,CUST002140,SAVINGS,SGD,640.69,12/19/2023 23:25,ACTIVE
ACC0007843,CUST007835,BUSINESS,INR,2415.77,8/27/2022 8:41,SUSPENDED
ACC0007844,CUST006998,CHECKING,INR,682.43,7/1/2023 11:59,SUSPENDED
ACC0007845,CUST001246,SAVINGS,JPY,7417.2,10/21/2022 0:13,ACTIVE
ACC0007846,CUST009626,SAVINGS,EUR,6362.98,8/20/2023 9:27,ACTIVE
ACC0007847,CUST003871,SAVINGS,GBP,376.21,5/11/2025 3:35,ACTIVE
ACC0007848,CUST000264,BUSINESS,SGD,1192.31,11/21/2024 15:45,SUSPENDED
ACC0007849,CUST005196,BUSINESS,SGD,502.31,4/6/2022 4:52,ACTIVE
ACC0007850,CUST009937,BUSINESS,CAD,741.02,3/12/2025 13:10,ACTIVE
ACC0007851,CUST007194,SAVINGS,INR,12123.65,3/18/2023 1:38,ACTIVE
ACC0007852,CUST003799,SAVINGS,EUR,758.18,10/11/2024 5:24,ACTIVE
ACC0007853,CUST005978,CHECKING,INR,1689.64,3/14/2023 12:06,SUSPENDED
ACC0007854,CUST007229,BUSINESS,JPY,2099.78,7/20/2023 8:26,SUSPENDED
ACC0007855,CUST008637,SAVINGS,EUR,330.05,12/3/2021 6:15,SUSPENDED
ACC0007856,CUST007380,SAVINGS,INR,393.03,5/6/2026 17:17,SUSPENDED
ACC0007857,CUST009759,BUSINESS,CAD,257.95,3/23/2022 12:29,CLOSED
ACC0007858,CUST005675,BUSINESS,JPY,378.73,7/28/2025 6:34,ACTIVE
ACC0007859,CUST007417,CHECKING,INR,35.87,7/1/2023 21:54,ACTIVE
ACC0007860,CUST001856,BUSINESS,CAD,2108.01,4/15/2023 3:22,SUSPENDED
ACC0007861,CUST008770,SAVINGS,SGD,12900.65,11/16/2023 22:47,ACTIVE
ACC0007862,CUST004325,BUSINESS,USD,1309.48,3/11/2024 21:01,SUSPENDED
ACC0007863,CUST006395,CHECKING,EUR,200.43,6/25/2024 12:53,ACTIVE
ACC0007864,CUST003984,BUSINESS,AED,507.08,11/18/2022 9:36,ACTIVE
ACC0007865,CUST002967,SAVINGS,GBP,632.29,10/11/2021 4:56,ACTIVE
ACC0007866,CUST004112,SAVINGS,SGD,323.4,10/16/2023 18:21,ACTIVE
ACC0007867,CUST007920,SAVINGS,JPY,3078.57,9/3/2024 9:03,ACTIVE
ACC0007868,CUST007186,BUSINESS,SGD,2899.55,11/27/2022 15:01,ACTIVE
ACC0007869,CUST001301,CHECKING,EUR,274.09,1/13/2024 3:19,ACTIVE
ACC0007870,CUST008317,SAVINGS,AUD,2617.82,11/20/2022 19:18,SUSPENDED
ACC0007871,CUST007457,SAVINGS,EUR,6851.17,2/25/2022 21:08,ACTIVE
ACC0007872,CUST006284,CHECKING,SGD,10754.4,8/29/2024 16:55,SUSPENDED
ACC0007873,CUST001334,BUSINESS,AED,34141,1/24/2023 7:31,SUSPENDED
ACC0007874,CUST008506,SAVINGS,EUR,371.52,3/2/2025 9:02,ACTIVE
ACC0007875,CUST006117,SAVINGS,GBP,32502.25,10/31/2025 8:23,SUSPENDED
ACC0007876,CUST008813,CHECKING,EUR,716.91,5/14/2023 6:48,ACTIVE
ACC0007877,CUST003071,BUSINESS,AUD,538.64,1/21/2026 22:25,ACTIVE
ACC0007878,CUST000467,CHECKING,EUR,1623.74,12/28/2025 14:52,ACTIVE
ACC0007879,CUST009654,CHECKING,AED,545.4,10/2/2021 18:47,ACTIVE
ACC0007880,CUST004697,SAVINGS,EUR,1770.21,6/28/2025 9:12,CLOSED
ACC0007881,CUST001857,SAVINGS,EUR,224.96,11/13/2024 21:41,ACTIVE
ACC0007882,CUST006223,SAVINGS,EUR,823.45,8/13/2022 15:37,SUSPENDED
ACC0007883,CUST005970,SAVINGS,AUD,5129.17,10/6/2023 23:28,ACTIVE
ACC0007884,CUST005285,BUSINESS,AED,1024.06,9/3/2022 17:32,SUSPENDED
ACC0007885,CUST001101,BUSINESS,EUR,1299.73,4/24/2026 21:47,ACTIVE
ACC0007886,CUST004543,SAVINGS,EUR,1939.74,9/10/2025 4:41,ACTIVE
ACC0007887,CUST004759,SAVINGS,EUR,4468.44,11/29/2024 18:52,ACTIVE
ACC0007888,CUST007690,CHECKING,EUR,150.46,8/5/2023 9:17,ACTIVE
ACC0007889,CUST003088,BUSINESS,AUD,2211.51,7/11/2024 5:52,ACTIVE
ACC0007890,CUST004047,CHECKING,JPY,794.91,2/13/2024 14:41,ACTIVE
ACC0007891,CUST005509,CHECKING,AED,1339.38,1/2/2022 13:15,ACTIVE
ACC0007892,CUST006093,CHECKING,GBP,3912.53,11/8/2021 15:38,CLOSED
ACC0007893,CUST006037,BUSINESS,INR,261.64,2/8/2023 7:53,ACTIVE
ACC0007894,CUST005141,BUSINESS,USD,325.33,10/26/2022 20:19,CLOSED
ACC0007895,CUST008876,CHECKING,EUR,107.5,9/21/2021 17:36,SUSPENDED
ACC0007896,CUST006488,CHECKING,EUR,567.37,12/31/2022 8:22,SUSPENDED
ACC0007897,CUST003046,BUSINESS,AUD,5412.78,5/5/2025 17:09,CLOSED
ACC0007898,CUST001967,BUSINESS,EUR,948.89,7/11/2025 14:59,ACTIVE
ACC0007899,CUST000002,BUSINESS,SGD,219.61,5/28/2026 9:55,ACTIVE
ACC0007900,CUST009178,SAVINGS,CAD,612.28,5/21/2026 23:02,CLOSED
ACC0007901,CUST005329,BUSINESS,EUR,183.93,3/17/2025 21:29,ACTIVE
ACC0007902,CUST008262,BUSINESS,EUR,284.23,8/16/2026 21:32,SUSPENDED
ACC0007903,CUST002397,BUSINESS,EUR,1748.62,9/16/2024 7:51,ACTIVE
ACC0007904,CUST003119,SAVINGS,EUR,268.1,7/10/2022 3:46,ACTIVE
ACC0007905,CUST004056,CHECKING,JPY,4167.87,12/26/2022 16:58,SUSPENDED
ACC0007906,CUST007682,SAVINGS,EUR,1006.92,9/16/2025 7:45,ACTIVE
ACC0007907,CUST009520,BUSINESS,EUR,1215.26,8/31/2021 1:25,SUSPENDED
ACC0007908,CUST004052,SAVINGS,JPY,785.21,4/26/2024 17:29,ACTIVE
ACC0007909,CUST006749,CHECKING,CAD,2772.26,10/22/2025 21:00,SUSPENDED
ACC0007910,CUST008185,BUSINESS,AED,2806.78,11/22/2021 14:39,SUSPENDED
ACC0007911,CUST008169,BUSINESS,GBP,1639.37,1/3/2023 22:49,ACTIVE
ACC0007912,CUST005489,CHECKING,EUR,2159.75,10/3/2025 20:47,ACTIVE
ACC0007913,CUST004790,SAVINGS,PKR,850.22,4/9/2023 14:47,ACTIVE
ACC0007914,CUST000760,SAVINGS,EUR,2102,10/28/2021 13:46,CLOSED
ACC0007915,CUST002302,BUSINESS,PKR,731.1,8/17/2023 16:17,ACTIVE
ACC0007916,CUST002574,BUSINESS,PKR,1099.57,1/25/2026 7:18,CLOSED
ACC0007917,CUST000446,BUSINESS,INR,788.73,3/18/2023 8:03,ACTIVE
ACC0007918,CUST000283,SAVINGS,JPY,633.55,2/23/2022 15:44,SUSPENDED
ACC0007919,CUST003790,BUSINESS,EUR,479.65,2/10/2022 4:59,ACTIVE
ACC0007920,CUST002418,SAVINGS,USD,1922.2,9/20/2021 19:12,ACTIVE
ACC0007921,CUST002421,SAVINGS,EUR,5285.52,12/20/2021 17:47,SUSPENDED
ACC0007922,CUST002595,SAVINGS,EUR,4470.8,7/3/2023 11:03,ACTIVE
ACC0007923,CUST006322,CHECKING,AED,242.77,8/25/2026 1:52,ACTIVE
ACC0007924,CUST005449,BUSINESS,EUR,5151.5,10/1/2021 6:58,ACTIVE
ACC0007925,CUST001285,BUSINESS,EUR,748.6,5/29/2022 19:33,ACTIVE
ACC0007926,CUST006970,SAVINGS,GBP,2254.94,7/31/2022 7:14,ACTIVE
ACC0007927,CUST001109,SAVINGS,CAD,369.64,3/3/2022 4:57,ACTIVE
ACC0007928,CUST005235,CHECKING,EUR,1300.33,5/28/2026 14:55,SUSPENDED
ACC0007929,CUST009030,BUSINESS,EUR,1597.94,1/24/2022 14:51,ACTIVE
ACC0007930,CUST002697,SAVINGS,SGD,184.65,1/29/2022 12:28,CLOSED
ACC0007931,CUST005173,BUSINESS,EUR,2275.42,6/23/2026 4:14,ACTIVE
ACC0007932,CUST009672,BUSINESS,EUR,5514.42,2/15/2023 8:14,ACTIVE
ACC0007933,CUST000562,BUSINESS,INR,889.29,5/28/2026 12:11,CLOSED
ACC0007934,CUST008206,SAVINGS,EUR,5609.42,1/30/2023 7:55,ACTIVE
ACC0007935,CUST008108,SAVINGS,EUR,873.38,8/9/2022 13:15,CLOSED
ACC0007936,CUST005168,CHECKING,EUR,3039.66,9/5/2021 20:57,CLOSED
ACC0007937,CUST009022,CHECKING,AUD,76.53,4/30/2023 11:04,ACTIVE
ACC0007938,CUST003208,BUSINESS,EUR,19980.92,4/11/2026 4:07,ACTIVE
ACC0007939,CUST005550,BUSINESS,JPY,6598.19,2/26/2026 14:22,CLOSED
ACC0007940,CUST007819,CHECKING,EUR,779.34,9/28/2025 1:37,ACTIVE
ACC0007941,CUST008546,CHECKING,EUR,102.87,1/1/2026 5:35,SUSPENDED
ACC0007942,CUST006078,CHECKING,INR,1549.42,7/17/2022 22:47,ACTIVE
ACC0007943,CUST000394,SAVINGS,EUR,193.89,6/28/2024 22:41,ACTIVE
ACC0007944,CUST003112,CHECKING,USD,1870.24,8/16/2022 8:24,ACTIVE
ACC0007945,CUST009929,SAVINGS,GBP,1797.01,2/13/2024 8:27,ACTIVE
ACC0007946,CUST002977,CHECKING,EUR,354.36,7/18/2022 0:12,ACTIVE
ACC0007947,CUST008762,CHECKING,EUR,4209.76,8/10/2025 16:08,ACTIVE
ACC0007948,CUST006360,BUSINESS,EUR,2883.3,12/7/2025 13:02,ACTIVE
ACC0007949,CUST009057,SAVINGS,EUR,3536.84,8/3/2026 2:38,ACTIVE
ACC0007950,CUST003001,SAVINGS,CAD,1108.35,1/6/2023 7:09,SUSPENDED
ACC0007951,CUST005466,CHECKING,PKR,200.61,4/8/2025 7:36,ACTIVE
ACC0007952,CUST009326,BUSINESS,INR,3545.54,10/8/2024 16:25,ACTIVE
ACC0007953,CUST001830,SAVINGS,EUR,792.79,1/29/2024 8:27,CLOSED
ACC0007954,CUST009397,CHECKING,EUR,206.91,2/13/2022 1:57,ACTIVE
ACC0007955,CUST001384,CHECKING,EUR,5554.96,4/26/2022 10:08,ACTIVE
ACC0007956,CUST001695,SAVINGS,SGD,13619.92,12/31/2024 10:07,ACTIVE
ACC0007957,CUST000042,SAVINGS,EUR,1043.67,2/23/2023 20:30,CLOSED
ACC0007958,CUST003150,BUSINESS,EUR,14631.7,1/16/2024 15:35,ACTIVE
ACC0007959,CUST008671,SAVINGS,SGD,1223.63,11/1/2022 21:22,SUSPENDED
ACC0007960,CUST003535,CHECKING,EUR,694.68,9/1/2024 16:02,ACTIVE
ACC0007961,CUST009164,SAVINGS,CAD,514.63,10/7/2024 9:26,CLOSED
ACC0007962,CUST008223,CHECKING,AED,7820.46,10/12/2024 17:39,ACTIVE
ACC0007963,CUST008453,CHECKING,EUR,430.02,7/16/2023 9:57,ACTIVE
ACC0007964,CUST007259,CHECKING,EUR,2650.02,12/27/2025 9:55,ACTIVE
ACC0007965,CUST008778,SAVINGS,EUR,560.6,10/1/2025 23:35,ACTIVE
ACC0007966,CUST005505,BUSINESS,SGD,631.21,1/25/2022 21:55,ACTIVE
ACC0007967,CUST000753,SAVINGS,EUR,3775.54,7/2/2026 21:28,ACTIVE
ACC0007968,CUST007877,SAVINGS,SGD,695.03,9/19/2025 7:36,ACTIVE
ACC0007969,CUST009243,SAVINGS,GBP,674.68,8/5/2026 0:31,ACTIVE
ACC0007970,CUST003990,BUSINESS,PKR,4269.99,5/29/2022 18:42,ACTIVE
ACC0007971,CUST004762,CHECKING,INR,7456.76,5/7/2024 8:34,ACTIVE
ACC0007972,CUST005218,BUSINESS,JPY,2377.08,3/22/2024 14:31,CLOSED
ACC0007973,CUST007241,SAVINGS,EUR,499.83,1/1/2023 5:43,CLOSED
ACC0007974,CUST002144,SAVINGS,SGD,594.23,2/20/2023 2:16,ACTIVE
ACC0007975,CUST004812,CHECKING,USD,1207.01,1/31/2022 18:16,ACTIVE
ACC0007976,CUST005378,BUSINESS,AUD,1611.81,9/15/2024 13:47,CLOSED
ACC0007977,CUST008736,BUSINESS,AED,335.14,4/27/2026 7:54,SUSPENDED
ACC0007978,CUST008228,BUSINESS,INR,2611.41,5/6/2023 14:35,ACTIVE
ACC0007979,CUST000423,BUSINESS,GBP,1215.14,10/28/2022 22:26,SUSPENDED
ACC0007980,CUST005246,SAVINGS,EUR,139.93,1/27/2026 13:47,SUSPENDED
ACC0007981,CUST007333,CHECKING,INR,359.71,7/31/2023 1:52,ACTIVE
ACC0007982,CUST005614,SAVINGS,EUR,598.87,8/23/2025 4:30,SUSPENDED
ACC0007983,CUST004784,SAVINGS,USD,1004.83,3/8/2022 1:45,ACTIVE
ACC0007984,CUST002441,CHECKING,USD,10584.38,11/2/2024 1:06,SUSPENDED
ACC0007985,CUST000349,CHECKING,JPY,1459.44,2/27/2026 10:47,ACTIVE
ACC0007986,CUST001871,CHECKING,EUR,399.84,10/1/2025 5:48,ACTIVE
ACC0007987,CUST001404,SAVINGS,EUR,1429.04,6/13/2024 18:31,ACTIVE
ACC0007988,CUST007650,BUSINESS,CAD,718.74,4/20/2024 22:19,ACTIVE
ACC0007989,CUST009501,CHECKING,EUR,1619.24,10/25/2023 2:47,ACTIVE
ACC0007990,CUST006654,SAVINGS,EUR,2201.03,2/4/2025 9:01,ACTIVE
ACC0007991,CUST008569,BUSINESS,USD,4680.11,6/22/2023 16:08,ACTIVE
ACC0007992,CUST007015,BUSINESS,SGD,1065.13,3/12/2023 14:04,ACTIVE
ACC0007993,CUST001409,SAVINGS,EUR,7838.11,11/28/2023 15:01,CLOSED
ACC0007994,CUST006009,BUSINESS,AUD,3260.47,12/6/2022 4:31,ACTIVE
ACC0007995,CUST007156,CHECKING,EUR,469.22,2/16/2024 9:36,ACTIVE
ACC0007996,CUST004662,CHECKING,EUR,15550.17,12/24/2024 22:43,CLOSED
ACC0007997,CUST004514,SAVINGS,EUR,1623.59,2/3/2025 15:59,CLOSED
ACC0007998,CUST005838,CHECKING,AED,402.56,2/21/2022 22:07,ACTIVE
ACC0007999,CUST000679,SAVINGS,INR,7970.45,4/21/2024 0:24,ACTIVE
ACC0008000,CUST009044,SAVINGS,EUR,13270.96,10/11/2025 9:01,ACTIVE
ACC0008001,CUST009073,BUSINESS,JPY,1054.02,3/11/2023 23:26,ACTIVE
ACC0008002,CUST002132,BUSINESS,JPY,599.21,10/30/2023 20:02,ACTIVE
ACC0008003,CUST000379,SAVINGS,EUR,891.72,12/29/2025 1:37,SUSPENDED
ACC0008004,CUST000609,BUSINESS,AUD,2585.51,12/2/2023 18:21,ACTIVE
ACC0008005,CUST005082,BUSINESS,USD,5081.84,12/16/2022 6:45,ACTIVE
ACC0008006,CUST003965,SAVINGS,AED,2174.57,3/19/2023 7:58,ACTIVE
ACC0008007,CUST005707,BUSINESS,EUR,1239.01,11/7/2021 1:44,CLOSED
ACC0008008,CUST008294,CHECKING,INR,6618.43,11/4/2021 18:46,CLOSED
ACC0008009,CUST003691,BUSINESS,EUR,753.4,10/9/2021 16:05,ACTIVE
ACC0008010,CUST003460,BUSINESS,EUR,3778.58,7/22/2022 9:56,ACTIVE
ACC0008011,CUST006611,SAVINGS,INR,776.13,2/18/2024 9:27,ACTIVE
ACC0008012,CUST002296,CHECKING,GBP,1839.46,7/21/2023 20:08,ACTIVE
ACC0008013,CUST005945,SAVINGS,GBP,956.92,6/25/2022 17:51,SUSPENDED
ACC0008014,CUST001594,SAVINGS,AED,1025.54,12/26/2021 23:51,ACTIVE
ACC0008015,CUST008585,BUSINESS,EUR,697.24,3/23/2022 11:04,ACTIVE
ACC0008016,CUST003862,SAVINGS,SGD,5507.27,5/4/2025 12:23,ACTIVE
ACC0008017,CUST004863,BUSINESS,PKR,455.09,3/1/2022 16:42,CLOSED
ACC0008018,CUST003015,SAVINGS,EUR,451.11,5/27/2025 21:45,ACTIVE
ACC0008019,CUST006668,SAVINGS,CAD,13977.33,11/13/2021 20:25,CLOSED
ACC0008020,CUST004060,BUSINESS,AED,3545.44,4/24/2025 18:51,SUSPENDED
ACC0008021,CUST000578,CHECKING,EUR,62.67,7/22/2025 0:34,CLOSED
ACC0008022,CUST000572,SAVINGS,JPY,556.51,1/12/2022 5:23,ACTIVE
ACC0008023,CUST003469,BUSINESS,GBP,124.66,10/25/2023 0:14,CLOSED
ACC0008024,CUST008992,CHECKING,EUR,350.43,9/23/2023 9:44,ACTIVE
ACC0008025,CUST009014,BUSINESS,EUR,25.38,9/28/2021 16:30,CLOSED
ACC0008026,CUST006835,SAVINGS,EUR,930.4,1/6/2023 6:32,CLOSED
ACC0008027,CUST002716,SAVINGS,USD,278.57,12/21/2023 18:46,ACTIVE
ACC0008028,CUST004942,CHECKING,EUR,1178.37,7/31/2022 0:48,CLOSED
ACC0008029,CUST009427,SAVINGS,EUR,156,6/25/2023 15:25,ACTIVE
ACC0008030,CUST007169,CHECKING,AUD,1211.35,8/11/2024 18:47,SUSPENDED
ACC0008031,CUST009496,BUSINESS,AUD,666.54,11/30/2021 17:44,ACTIVE
ACC0008032,CUST003454,CHECKING,GBP,6649.81,12/6/2025 19:59,ACTIVE
ACC0008033,CUST000228,BUSINESS,EUR,5964.78,10/5/2021 21:18,SUSPENDED
ACC0008034,CUST001896,SAVINGS,JPY,2814.15,10/21/2024 2:07,ACTIVE
ACC0008035,CUST008738,BUSINESS,EUR,741.05,12/1/2023 23:25,ACTIVE
ACC0008036,CUST003652,CHECKING,INR,11878.16,2/20/2023 2:40,ACTIVE
ACC0008037,CUST008939,SAVINGS,JPY,170.1,5/23/2023 21:51,ACTIVE
ACC0008038,CUST009876,CHECKING,INR,203.51,7/11/2023 18:57,CLOSED
ACC0008039,CUST002960,BUSINESS,AED,991.74,8/16/2024 16:13,ACTIVE
ACC0008040,CUST005978,CHECKING,INR,16396.87,11/25/2025 11:40,ACTIVE
ACC0008041,CUST006243,SAVINGS,AED,860.22,1/23/2024 4:48,ACTIVE
ACC0008042,CUST004279,SAVINGS,EUR,880.16,4/14/2022 20:43,ACTIVE
ACC0008043,CUST002515,SAVINGS,EUR,194.36,9/4/2024 14:54,ACTIVE
ACC0008044,CUST003796,CHECKING,GBP,3412.21,9/5/2022 7:29,ACTIVE
ACC0008045,CUST005721,CHECKING,EUR,3442.01,4/30/2026 3:24,ACTIVE
ACC0008046,CUST001770,CHECKING,EUR,2826.77,9/11/2022 15:36,ACTIVE
ACC0008047,CUST006594,BUSINESS,SGD,515.4,8/25/2023 1:19,SUSPENDED
ACC0008048,CUST007413,SAVINGS,EUR,469.63,10/12/2023 4:35,ACTIVE
ACC0008049,CUST002651,BUSINESS,GBP,232.35,2/26/2023 1:12,ACTIVE
ACC0008050,CUST008163,BUSINESS,CAD,1212.75,4/6/2026 0:53,CLOSED
ACC0008051,CUST009575,SAVINGS,CAD,299.92,1/8/2026 17:05,ACTIVE
ACC0008052,CUST004590,SAVINGS,EUR,266.96,8/9/2022 13:19,ACTIVE
ACC0008053,CUST009100,CHECKING,SGD,659.56,9/24/2024 2:07,CLOSED
ACC0008054,CUST009242,BUSINESS,GBP,609.73,5/12/2022 23:04,SUSPENDED
ACC0008055,CUST007395,CHECKING,GBP,575.03,1/10/2024 9:09,ACTIVE
ACC0008056,CUST003794,BUSINESS,AED,1919.33,5/28/2025 11:22,ACTIVE
ACC0008057,CUST001468,SAVINGS,AED,1205.75,9/13/2023 5:38,ACTIVE
ACC0008058,CUST001541,SAVINGS,EUR,776.05,6/22/2026 13:02,ACTIVE
ACC0008059,CUST004551,CHECKING,GBP,1365.96,7/17/2026 17:11,ACTIVE
ACC0008060,CUST001352,SAVINGS,EUR,333.68,9/23/2021 10:22,ACTIVE
ACC0008061,CUST007337,CHECKING,USD,1244.31,6/2/2024 17:46,ACTIVE
ACC0008062,CUST005456,CHECKING,AED,1313.86,7/21/2023 6:19,ACTIVE
ACC0008063,CUST004301,CHECKING,SGD,180.61,8/7/2025 0:49,ACTIVE
ACC0008064,CUST003037,SAVINGS,EUR,3622.18,8/1/2026 13:01,ACTIVE
ACC0008065,CUST004652,SAVINGS,SGD,380.8,7/28/2026 10:37,CLOSED
ACC0008066,CUST008196,BUSINESS,PKR,1222.16,6/29/2026 4:17,CLOSED
ACC0008067,CUST002351,BUSINESS,JPY,4435.05,7/19/2022 20:25,ACTIVE
ACC0008068,CUST009766,SAVINGS,EUR,3330.28,8/3/2024 12:04,CLOSED
ACC0008069,CUST006048,SAVINGS,AED,1142.76,6/30/2024 16:23,ACTIVE
ACC0008070,CUST009394,CHECKING,INR,709.81,11/8/2025 18:31,ACTIVE
ACC0008071,CUST007585,BUSINESS,USD,3418.7,12/2/2022 22:53,ACTIVE
ACC0008072,CUST004167,BUSINESS,INR,2464.23,5/7/2026 1:09,SUSPENDED
ACC0008073,CUST007948,SAVINGS,EUR,522.15,10/4/2025 0:56,ACTIVE
ACC0008074,CUST000343,BUSINESS,SGD,422.47,12/9/2024 12:33,ACTIVE
ACC0008075,CUST008972,CHECKING,AUD,91.21,4/30/2026 15:48,ACTIVE
ACC0008076,CUST004040,BUSINESS,AUD,1319.28,3/21/2024 8:19,ACTIVE
ACC0008077,CUST005330,BUSINESS,EUR,993.03,6/30/2022 11:24,ACTIVE
ACC0008078,CUST005120,CHECKING,EUR,4287.37,2/1/2026 16:56,ACTIVE
ACC0008079,CUST006831,CHECKING,EUR,1687.27,7/9/2022 9:13,CLOSED
ACC0008080,CUST007961,SAVINGS,EUR,5437.5,4/3/2025 3:29,CLOSED
ACC0008081,CUST001984,SAVINGS,EUR,474.93,9/25/2022 7:56,ACTIVE
ACC0008082,CUST004285,SAVINGS,GBP,4297.46,5/16/2026 15:33,ACTIVE
ACC0008083,CUST002792,SAVINGS,USD,581.32,3/30/2023 1:00,CLOSED
ACC0008084,CUST002032,CHECKING,USD,2788.1,12/12/2024 14:05,ACTIVE
ACC0008085,CUST003134,SAVINGS,CAD,190.47,8/18/2022 1:29,ACTIVE
ACC0008086,CUST005334,SAVINGS,AED,1454.13,5/5/2023 1:23,ACTIVE
ACC0008087,CUST006315,CHECKING,PKR,101.33,12/31/2024 7:35,SUSPENDED
ACC0008088,CUST003236,CHECKING,JPY,795.87,11/11/2022 9:35,ACTIVE
ACC0008089,CUST002498,CHECKING,AUD,1860.17,11/12/2023 10:42,ACTIVE
ACC0008090,CUST008739,SAVINGS,EUR,586.89,8/22/2023 7:13,ACTIVE
ACC0008091,CUST005900,SAVINGS,EUR,310.9,2/18/2024 13:48,ACTIVE
ACC0008092,CUST000146,BUSINESS,CAD,3027.04,8/28/2022 14:38,CLOSED
ACC0008093,CUST005761,SAVINGS,AED,968.59,7/17/2026 16:27,ACTIVE
ACC0008094,CUST005932,CHECKING,EUR,609.42,5/15/2022 11:20,ACTIVE
ACC0008095,CUST005559,CHECKING,EUR,1153.18,8/3/2025 9:32,ACTIVE
ACC0008096,CUST006586,BUSINESS,EUR,25951.97,5/6/2023 1:53,SUSPENDED
ACC0008097,CUST001012,BUSINESS,EUR,4377.37,7/13/2026 16:06,ACTIVE
ACC0008098,CUST008612,CHECKING,AED,4425.28,5/14/2024 11:23,CLOSED
ACC0008099,CUST000217,SAVINGS,EUR,1849.47,6/15/2026 12:58,ACTIVE
ACC0008100,CUST007714,CHECKING,JPY,1339.14,8/6/2023 23:55,ACTIVE
ACC0008101,CUST006411,CHECKING,EUR,61.85,12/10/2022 8:36,ACTIVE
ACC0008102,CUST005028,CHECKING,EUR,485.52,9/18/2024 10:24,CLOSED
ACC0008103,CUST003021,BUSINESS,EUR,616.04,3/31/2024 19:52,SUSPENDED
ACC0008104,CUST003472,SAVINGS,JPY,115.6,11/30/2023 23:38,SUSPENDED
ACC0008105,CUST001726,BUSINESS,EUR,273.45,11/21/2021 6:30,ACTIVE
ACC0008106,CUST002482,SAVINGS,EUR,101.8,7/1/2024 9:29,ACTIVE
ACC0008107,CUST002595,SAVINGS,EUR,1047.34,5/15/2024 4:03,ACTIVE
ACC0008108,CUST003996,CHECKING,EUR,2929.3,12/6/2023 6:10,ACTIVE
ACC0008109,CUST002055,SAVINGS,PKR,4138.67,12/6/2024 7:16,ACTIVE
ACC0008110,CUST007038,SAVINGS,GBP,1803.96,8/29/2023 21:36,ACTIVE
ACC0008111,CUST007118,BUSINESS,AUD,345.13,11/3/2022 20:20,ACTIVE
ACC0008112,CUST008301,BUSINESS,USD,107.93,5/22/2022 1:27,ACTIVE
ACC0008113,CUST009514,BUSINESS,EUR,133.19,5/12/2026 0:01,ACTIVE
ACC0008114,CUST006305,BUSINESS,AUD,239.18,3/14/2023 8:38,ACTIVE
ACC0008115,CUST007501,SAVINGS,EUR,377.42,6/3/2025 14:44,SUSPENDED
ACC0008116,CUST002475,BUSINESS,USD,905.33,10/28/2021 18:29,ACTIVE
ACC0008117,CUST004399,BUSINESS,JPY,324.73,9/25/2021 1:02,SUSPENDED
ACC0008118,CUST003177,CHECKING,EUR,1647.1,12/21/2024 10:10,ACTIVE
ACC0008119,CUST006834,SAVINGS,EUR,829.87,10/31/2022 8:27,ACTIVE
ACC0008120,CUST008109,CHECKING,PKR,1110.6,4/20/2025 4:27,CLOSED
ACC0008121,CUST006608,SAVINGS,GBP,4308.31,5/11/2026 16:44,SUSPENDED
ACC0008122,CUST004271,BUSINESS,EUR,266.06,3/27/2025 8:45,SUSPENDED
ACC0008123,CUST000075,BUSINESS,EUR,1812.47,6/15/2022 20:40,ACTIVE
ACC0008124,CUST003767,SAVINGS,INR,1078.4,1/5/2022 20:30,CLOSED
ACC0008125,CUST006926,SAVINGS,EUR,734.96,5/25/2026 19:17,CLOSED
ACC0008126,CUST008215,CHECKING,AUD,3172.6,3/12/2024 9:50,ACTIVE
ACC0008127,CUST000521,CHECKING,EUR,3148.93,3/5/2024 15:17,ACTIVE
ACC0008128,CUST006502,CHECKING,EUR,352.2,8/30/2025 18:07,CLOSED
ACC0008129,CUST003382,CHECKING,AED,881.31,3/18/2025 11:37,ACTIVE
ACC0008130,CUST007376,BUSINESS,EUR,1536.79,12/21/2021 12:50,ACTIVE
ACC0008131,CUST005596,CHECKING,AUD,790.28,10/20/2025 12:38,ACTIVE
ACC0008132,CUST000676,CHECKING,INR,2212.83,11/3/2025 18:07,SUSPENDED
ACC0008133,CUST008750,CHECKING,EUR,1536.76,12/22/2025 23:00,ACTIVE
ACC0008134,CUST003272,CHECKING,JPY,9887.96,8/13/2026 10:50,CLOSED
ACC0008135,CUST005225,BUSINESS,EUR,174.8,2/17/2026 23:26,CLOSED
ACC0008136,CUST001571,BUSINESS,SGD,946.79,6/9/2026 3:46,ACTIVE
ACC0008137,CUST001727,SAVINGS,JPY,368.63,12/4/2024 18:37,ACTIVE
ACC0008138,CUST004581,BUSINESS,EUR,2264.09,12/27/2022 0:23,ACTIVE
ACC0008139,CUST002581,CHECKING,AUD,157.5,1/28/2026 23:21,ACTIVE
ACC0008140,CUST002215,BUSINESS,EUR,1661.66,3/2/2025 9:57,ACTIVE
ACC0008141,CUST001954,BUSINESS,USD,514.88,11/20/2025 16:51,ACTIVE
ACC0008142,CUST008205,BUSINESS,USD,454.41,2/17/2024 1:12,CLOSED
ACC0008143,CUST005987,CHECKING,AED,193.29,7/4/2023 10:20,ACTIVE
ACC0008144,CUST001808,SAVINGS,AUD,627.6,8/14/2023 23:00,ACTIVE
ACC0008145,CUST003949,BUSINESS,EUR,4029.51,5/2/2023 15:31,ACTIVE
ACC0008146,CUST008916,CHECKING,USD,1063.98,5/8/2026 4:54,ACTIVE
ACC0008147,CUST007942,CHECKING,AUD,2329.05,1/29/2026 3:46,ACTIVE
ACC0008148,CUST001419,SAVINGS,PKR,8083.42,7/25/2024 18:23,SUSPENDED
ACC0008149,CUST001384,CHECKING,EUR,1504.94,12/21/2022 1:39,CLOSED
ACC0008150,CUST006187,SAVINGS,USD,560.84,5/16/2024 15:04,ACTIVE
ACC0008151,CUST008194,SAVINGS,CAD,1921.19,5/19/2026 4:46,ACTIVE
ACC0008152,CUST003862,BUSINESS,SGD,570.69,1/1/2026 11:32,ACTIVE
ACC0008153,CUST005788,CHECKING,AED,598.66,2/23/2022 2:27,ACTIVE
ACC0008154,CUST006508,CHECKING,EUR,177,4/4/2024 18:53,ACTIVE
ACC0008155,CUST006724,BUSINESS,JPY,3332.6,7/3/2026 0:18,ACTIVE
ACC0008156,CUST002352,SAVINGS,AED,690.07,1/14/2025 7:30,ACTIVE
ACC0008157,CUST009048,BUSINESS,INR,1364.47,1/9/2023 16:22,SUSPENDED
ACC0008158,CUST002160,CHECKING,SGD,316.35,9/5/2024 1:15,ACTIVE
ACC0008159,CUST001717,BUSINESS,EUR,1850.36,1/25/2023 10:37,SUSPENDED
ACC0008160,CUST002399,SAVINGS,INR,439.51,8/30/2024 23:38,CLOSED
ACC0008161,CUST001627,CHECKING,INR,925.14,5/21/2024 4:37,ACTIVE
ACC0008162,CUST000707,SAVINGS,CAD,3144.44,5/21/2026 18:31,ACTIVE
ACC0008163,CUST001066,CHECKING,AUD,2832.49,11/24/2021 15:02,SUSPENDED
ACC0008164,CUST004737,CHECKING,EUR,1068.02,10/3/2023 2:10,ACTIVE
ACC0008165,CUST005294,SAVINGS,EUR,131.4,8/11/2022 16:45,SUSPENDED
ACC0008166,CUST009535,SAVINGS,AUD,39790.07,6/7/2024 12:37,CLOSED
ACC0008167,CUST000290,SAVINGS,AUD,8910.9,7/12/2023 13:56,ACTIVE
ACC0008168,CUST008577,CHECKING,EUR,2610.27,7/1/2024 16:11,ACTIVE
ACC0008169,CUST009247,BUSINESS,CAD,444.15,6/25/2023 8:44,ACTIVE
ACC0008170,CUST005797,CHECKING,USD,956.89,3/14/2022 16:05,ACTIVE
ACC0008171,CUST008700,SAVINGS,EUR,571.29,4/21/2023 22:06,ACTIVE
ACC0008172,CUST006131,CHECKING,EUR,4997.17,4/11/2022 19:26,SUSPENDED
ACC0008173,CUST003514,SAVINGS,GBP,1502.68,6/15/2023 10:20,SUSPENDED
ACC0008174,CUST001523,SAVINGS,EUR,427.95,9/4/2024 18:07,SUSPENDED
ACC0008175,CUST002687,CHECKING,EUR,623.34,10/2/2022 14:14,ACTIVE
ACC0008176,CUST000688,SAVINGS,EUR,4210.88,3/20/2022 15:57,ACTIVE
ACC0008177,CUST007718,CHECKING,PKR,7480.97,3/22/2024 19:16,ACTIVE
ACC0008178,CUST008610,BUSINESS,JPY,6863.67,12/15/2025 13:26,ACTIVE
ACC0008179,CUST001356,SAVINGS,GBP,2720.14,6/28/2024 2:08,ACTIVE
ACC0008180,CUST009480,CHECKING,EUR,809.85,10/6/2025 3:36,ACTIVE
ACC0008181,CUST000165,BUSINESS,EUR,22.43,7/12/2024 20:20,ACTIVE
ACC0008182,CUST000429,CHECKING,USD,1566.49,4/18/2022 10:04,ACTIVE
ACC0008183,CUST006409,CHECKING,JPY,1094.23,6/23/2025 18:11,ACTIVE
ACC0008184,CUST000649,SAVINGS,EUR,1297.22,12/4/2023 10:39,ACTIVE
ACC0008185,CUST002905,BUSINESS,USD,1169.9,8/24/2023 19:20,ACTIVE
ACC0008186,CUST008069,SAVINGS,JPY,223.29,3/11/2022 2:26,SUSPENDED
ACC0008187,CUST005348,BUSINESS,CAD,2140.7,3/24/2023 12:36,ACTIVE
ACC0008188,CUST008576,BUSINESS,EUR,2341.76,2/21/2025 3:51,SUSPENDED
ACC0008189,CUST008678,BUSINESS,GBP,2486.94,9/29/2022 22:56,ACTIVE
ACC0008190,CUST001035,CHECKING,EUR,3414.86,4/26/2022 12:49,ACTIVE
ACC0008191,CUST007567,CHECKING,GBP,2263.94,8/25/2026 7:12,SUSPENDED
ACC0008192,CUST001921,SAVINGS,INR,670.46,6/16/2025 4:09,ACTIVE
ACC0008193,CUST002502,BUSINESS,GBP,1007.27,9/29/2023 7:04,ACTIVE
ACC0008194,CUST002834,CHECKING,PKR,1223.35,7/16/2022 3:29,SUSPENDED
ACC0008195,CUST007431,BUSINESS,GBP,1247.93,3/10/2024 0:04,CLOSED
ACC0008196,CUST002862,SAVINGS,EUR,3633.17,9/27/2024 11:15,ACTIVE
ACC0008197,CUST000610,CHECKING,EUR,2374.17,6/29/2025 8:43,ACTIVE
ACC0008198,CUST009711,BUSINESS,GBP,13264.04,3/10/2023 15:35,CLOSED
ACC0008199,CUST004077,BUSINESS,INR,15487.1,4/14/2025 13:53,CLOSED
ACC0008200,CUST004846,SAVINGS,USD,1206.62,10/10/2024 1:35,ACTIVE
ACC0008201,CUST004779,CHECKING,JPY,10.98,3/19/2024 12:25,CLOSED
ACC0008202,CUST001398,BUSINESS,EUR,4837.72,3/27/2023 6:08,SUSPENDED
ACC0008203,CUST006584,SAVINGS,EUR,573.38,5/26/2024 20:30,ACTIVE
ACC0008204,CUST009833,SAVINGS,INR,419.15,1/9/2026 1:08,ACTIVE
ACC0008205,CUST008947,CHECKING,JPY,679.85,4/4/2025 17:06,ACTIVE
ACC0008206,CUST007792,BUSINESS,EUR,641.64,12/27/2024 16:30,SUSPENDED
ACC0008207,CUST002846,BUSINESS,EUR,2286.38,9/4/2021 1:34,ACTIVE
ACC0008208,CUST007021,CHECKING,AUD,168.79,8/25/2022 0:27,ACTIVE
ACC0008209,CUST006736,BUSINESS,INR,300.89,7/1/2026 14:40,SUSPENDED
ACC0008210,CUST003968,SAVINGS,CAD,1655.39,11/21/2023 23:24,ACTIVE
ACC0008211,CUST005890,BUSINESS,GBP,2315.85,1/22/2025 12:13,CLOSED
ACC0008212,CUST005989,BUSINESS,AED,2368.12,7/10/2022 22:22,ACTIVE
ACC0008213,CUST004590,SAVINGS,EUR,426.48,9/4/2022 16:52,SUSPENDED
ACC0008214,CUST003998,BUSINESS,PKR,339.03,4/2/2025 22:35,ACTIVE
ACC0008215,CUST005913,CHECKING,EUR,597.07,8/26/2021 23:53,ACTIVE
ACC0008216,CUST008189,BUSINESS,EUR,1462.42,3/25/2026 5:24,ACTIVE
ACC0008217,CUST000514,BUSINESS,EUR,6519.63,8/16/2022 11:24,SUSPENDED
ACC0008218,CUST000889,BUSINESS,AED,93.98,10/21/2021 15:19,ACTIVE
ACC0008219,CUST001894,SAVINGS,JPY,841.45,10/9/2025 0:53,ACTIVE
ACC0008220,CUST001557,BUSINESS,GBP,221.58,3/7/2024 19:41,ACTIVE
ACC0008221,CUST003720,SAVINGS,JPY,151,7/6/2024 22:24,SUSPENDED
ACC0008222,CUST008198,CHECKING,AUD,3499.4,1/3/2023 4:06,ACTIVE
ACC0008223,CUST003162,CHECKING,USD,2108.12,8/30/2024 23:11,ACTIVE
ACC0008224,CUST001803,SAVINGS,EUR,1880.55,3/27/2024 22:03,CLOSED
ACC0008225,CUST006892,BUSINESS,AED,3311.75,4/16/2026 21:39,ACTIVE
ACC0008226,CUST004336,CHECKING,EUR,616.67,2/1/2025 13:11,ACTIVE
ACC0008227,CUST000799,CHECKING,INR,652.52,8/26/2022 6:15,ACTIVE
ACC0008228,CUST006648,CHECKING,JPY,15106.44,6/15/2024 11:40,ACTIVE
ACC0008229,CUST003276,CHECKING,EUR,815.76,1/1/2022 11:52,ACTIVE
ACC0008230,CUST003041,CHECKING,AUD,2649.59,2/28/2026 9:52,ACTIVE
ACC0008231,CUST002726,CHECKING,EUR,1105.06,9/20/2024 15:48,ACTIVE
ACC0008232,CUST000894,BUSINESS,PKR,119.35,6/4/2024 16:11,SUSPENDED
ACC0008233,CUST003393,CHECKING,SGD,94.3,8/5/2022 11:02,ACTIVE
ACC0008234,CUST004528,CHECKING,AED,547.42,6/8/2022 11:42,ACTIVE
ACC0008235,CUST006531,CHECKING,CAD,3894.5,1/24/2022 16:43,ACTIVE
ACC0008236,CUST001917,SAVINGS,EUR,2824.11,3/23/2026 10:13,ACTIVE
ACC0008237,CUST004798,CHECKING,EUR,3284.25,10/19/2021 17:57,SUSPENDED
ACC0008238,CUST002559,CHECKING,USD,335.47,4/22/2023 7:47,ACTIVE
ACC0008239,CUST000128,CHECKING,EUR,7623.93,10/10/2021 19:32,ACTIVE
ACC0008240,CUST001405,BUSINESS,EUR,344.51,1/22/2025 21:55,ACTIVE
ACC0008241,CUST001984,BUSINESS,EUR,1415.71,8/20/2022 17:38,SUSPENDED
ACC0008242,CUST004835,SAVINGS,EUR,1083.09,8/6/2024 16:30,ACTIVE
ACC0008243,CUST004097,CHECKING,INR,890.12,2/29/2024 19:43,ACTIVE
ACC0008244,CUST001805,BUSINESS,INR,5466.04,9/19/2025 21:40,CLOSED
ACC0008245,CUST009383,SAVINGS,EUR,470.53,6/12/2022 1:43,ACTIVE
ACC0008246,CUST009079,CHECKING,EUR,217.13,3/1/2022 19:51,SUSPENDED
ACC0008247,CUST000191,CHECKING,EUR,1123.26,5/13/2024 8:41,ACTIVE
ACC0008248,CUST006768,SAVINGS,EUR,678.72,8/2/2025 17:33,ACTIVE
ACC0008249,CUST005868,CHECKING,EUR,63124.2,3/21/2026 10:27,ACTIVE
ACC0008250,CUST003701,SAVINGS,EUR,2469.59,8/9/2025 23:00,SUSPENDED
ACC0008251,CUST006048,CHECKING,AED,671.01,3/2/2022 0:58,ACTIVE
ACC0008252,CUST007082,CHECKING,USD,308.79,10/4/2023 9:09,ACTIVE
ACC0008253,CUST002984,SAVINGS,AED,114.85,7/29/2025 14:26,ACTIVE
ACC0008254,CUST003930,BUSINESS,EUR,320.45,7/16/2022 5:09,ACTIVE
ACC0008255,CUST002459,BUSINESS,EUR,1258.82,5/26/2023 16:52,ACTIVE
ACC0008256,CUST008639,SAVINGS,JPY,6080.21,8/5/2022 3:55,ACTIVE
ACC0008257,CUST001603,CHECKING,USD,4213.41,5/27/2022 0:37,ACTIVE
ACC0008258,CUST006787,SAVINGS,AUD,1443.63,8/19/2026 15:49,CLOSED
ACC0008259,CUST006938,CHECKING,EUR,744.12,4/11/2024 5:56,ACTIVE
ACC0008260,CUST004831,BUSINESS,EUR,1514.1,10/14/2022 18:39,ACTIVE
ACC0008261,CUST003167,SAVINGS,AED,588.53,7/12/2025 3:21,ACTIVE
ACC0008262,CUST007214,SAVINGS,EUR,8621.69,4/21/2022 21:05,ACTIVE
ACC0008263,CUST001330,BUSINESS,USD,873.91,1/11/2022 4:45,ACTIVE
ACC0008264,CUST009503,CHECKING,PKR,988.7,3/3/2022 2:29,ACTIVE
ACC0008265,CUST007714,CHECKING,JPY,76.79,5/2/2023 0:00,ACTIVE
ACC0008266,CUST005524,CHECKING,EUR,867.38,3/18/2025 13:54,ACTIVE
ACC0008267,CUST002106,BUSINESS,AED,2992.25,12/4/2024 22:13,ACTIVE
ACC0008268,CUST008081,BUSINESS,CAD,304.52,4/25/2025 18:11,CLOSED
ACC0008269,CUST005700,CHECKING,EUR,445.47,9/22/2021 16:39,ACTIVE
ACC0008270,CUST002000,SAVINGS,EUR,2839.13,5/5/2025 3:40,SUSPENDED
ACC0008271,CUST007612,BUSINESS,GBP,186.42,6/8/2023 6:29,SUSPENDED
ACC0008272,CUST008587,BUSINESS,EUR,3902.46,12/10/2022 12:17,CLOSED
ACC0008273,CUST001890,SAVINGS,EUR,579.07,5/17/2026 15:21,CLOSED
ACC0008274,CUST009075,CHECKING,AED,687.95,8/31/2025 17:14,ACTIVE
ACC0008275,CUST007821,CHECKING,CAD,284.67,2/8/2026 0:48,ACTIVE
ACC0008276,CUST001857,CHECKING,EUR,1726.16,5/23/2026 16:02,ACTIVE
ACC0008277,CUST004229,CHECKING,INR,20990.94,3/16/2022 0:50,CLOSED
ACC0008278,CUST004311,CHECKING,GBP,2801.18,8/21/2024 1:08,ACTIVE
ACC0008279,CUST004797,BUSINESS,SGD,388.72,8/14/2026 3:20,SUSPENDED
ACC0008280,CUST005108,SAVINGS,AUD,4284.44,12/21/2023 8:23,ACTIVE
ACC0008281,CUST006824,SAVINGS,INR,749.93,7/6/2024 7:00,ACTIVE
ACC0008282,CUST001219,BUSINESS,EUR,5706.62,4/18/2025 8:09,ACTIVE
ACC0008283,CUST007270,CHECKING,SGD,2887.11,3/4/2022 6:53,CLOSED
ACC0008284,CUST007700,BUSINESS,EUR,32.08,1/1/2025 12:13,ACTIVE
ACC0008285,CUST001515,BUSINESS,JPY,328.69,7/7/2026 22:01,ACTIVE
ACC0008286,CUST006716,SAVINGS,CAD,3405.89,7/14/2024 8:42,SUSPENDED
ACC0008287,CUST005263,SAVINGS,EUR,1315.52,5/28/2024 17:58,ACTIVE
ACC0008288,CUST000877,BUSINESS,USD,321.02,6/25/2026 19:35,ACTIVE
ACC0008289,CUST007793,BUSINESS,EUR,512.7,7/25/2022 14:22,ACTIVE
ACC0008290,CUST003147,SAVINGS,USD,111.33,6/16/2024 21:06,ACTIVE
ACC0008291,CUST002003,BUSINESS,CAD,986.29,2/28/2023 8:12,ACTIVE
ACC0008292,CUST008077,SAVINGS,AUD,15565.74,11/30/2023 16:42,ACTIVE
ACC0008293,CUST007562,CHECKING,INR,2881.08,3/8/2023 19:11,ACTIVE
ACC0008294,CUST001709,CHECKING,INR,15191.64,9/6/2025 7:28,CLOSED
ACC0008295,CUST000603,CHECKING,EUR,3161.74,4/25/2024 19:57,ACTIVE
ACC0008296,CUST002060,SAVINGS,PKR,3763.01,2/24/2022 7:50,ACTIVE
ACC0008297,CUST008721,CHECKING,EUR,11718.15,11/28/2021 15:41,ACTIVE
ACC0008298,CUST008559,BUSINESS,SGD,1724.54,7/7/2022 13:11,CLOSED
ACC0008299,CUST001440,SAVINGS,AED,875.97,11/6/2024 21:25,ACTIVE
ACC0008300,CUST000486,CHECKING,EUR,3786.47,7/15/2022 6:07,ACTIVE
ACC0008301,CUST007703,BUSINESS,SGD,6276.75,7/6/2024 12:49,ACTIVE
ACC0008302,CUST005860,SAVINGS,USD,616.49,4/30/2023 1:32,ACTIVE
ACC0008303,CUST000201,CHECKING,CAD,461.33,12/23/2024 0:31,ACTIVE
ACC0008304,CUST009335,CHECKING,EUR,1295.47,10/30/2023 18:49,CLOSED
ACC0008305,CUST005197,SAVINGS,PKR,2974.4,1/8/2024 17:05,ACTIVE
ACC0008306,CUST006535,BUSINESS,SGD,2857.52,7/14/2023 10:06,ACTIVE
ACC0008307,CUST007172,BUSINESS,AUD,198.54,3/18/2022 15:27,ACTIVE
ACC0008308,CUST004767,CHECKING,AED,10871.8,11/21/2024 23:18,ACTIVE
ACC0008309,CUST006901,SAVINGS,GBP,508.06,1/17/2023 10:30,ACTIVE
ACC0008310,CUST004444,BUSINESS,USD,797.85,7/13/2023 11:43,ACTIVE
ACC0008311,CUST004964,BUSINESS,EUR,371.23,10/10/2021 21:56,CLOSED
ACC0008312,CUST001143,CHECKING,AED,27945.03,11/14/2021 13:05,ACTIVE
ACC0008313,CUST007751,SAVINGS,EUR,1466.28,10/5/2023 5:37,ACTIVE
ACC0008314,CUST006485,SAVINGS,EUR,394.98,9/14/2021 8:12,ACTIVE
ACC0008315,CUST004502,BUSINESS,EUR,3092.42,11/25/2021 12:05,ACTIVE
ACC0008316,CUST002080,CHECKING,AUD,2759.94,4/8/2024 7:41,ACTIVE
ACC0008317,CUST006971,SAVINGS,EUR,875.44,8/19/2024 15:20,ACTIVE
ACC0008318,CUST001201,CHECKING,CAD,3007.09,2/6/2023 4:31,ACTIVE
ACC0008319,CUST008376,SAVINGS,USD,407.34,1/6/2022 16:04,ACTIVE
ACC0008320,CUST000899,CHECKING,EUR,606.98,2/17/2026 0:03,SUSPENDED
ACC0008321,CUST009792,SAVINGS,GBP,98.27,12/31/2022 22:22,ACTIVE
ACC0008322,CUST005537,BUSINESS,EUR,223.91,5/17/2023 10:23,ACTIVE
ACC0008323,CUST003901,SAVINGS,GBP,9596.53,4/22/2024 12:31,CLOSED
ACC0008324,CUST006924,SAVINGS,EUR,7861.36,9/4/2021 19:25,ACTIVE
ACC0008325,CUST002407,CHECKING,AED,1186.72,11/14/2024 4:10,ACTIVE
ACC0008326,CUST004697,SAVINGS,EUR,8066.85,1/4/2026 21:10,ACTIVE
ACC0008327,CUST005321,CHECKING,EUR,904.98,3/13/2026 19:38,ACTIVE
ACC0008328,CUST001615,SAVINGS,AED,818.86,1/3/2026 0:07,ACTIVE
ACC0008329,CUST009511,SAVINGS,AED,1173.58,4/23/2026 18:40,ACTIVE
ACC0008330,CUST007048,CHECKING,EUR,943.97,8/10/2023 20:00,ACTIVE
ACC0008331,CUST004719,CHECKING,EUR,847.05,3/20/2022 16:20,ACTIVE
ACC0008332,CUST003493,SAVINGS,CAD,4324.61,5/24/2022 2:04,CLOSED
ACC0008333,CUST001708,CHECKING,EUR,1313.12,2/10/2024 20:12,CLOSED
ACC0008334,CUST004762,BUSINESS,INR,2578.54,2/6/2025 15:26,ACTIVE
ACC0008335,CUST003967,BUSINESS,AUD,3780.67,5/2/2023 18:45,ACTIVE
ACC0008336,CUST000195,SAVINGS,AUD,1747.29,12/23/2025 5:20,SUSPENDED
ACC0008337,CUST009808,BUSINESS,SGD,342.3,2/24/2025 13:46,ACTIVE
ACC0008338,CUST007923,BUSINESS,EUR,216.28,11/11/2025 20:43,ACTIVE
ACC0008339,CUST009448,BUSINESS,CAD,1310.99,2/12/2025 10:41,CLOSED
ACC0008340,CUST005264,SAVINGS,EUR,892.92,4/4/2026 20:29,CLOSED
ACC0008341,CUST006157,CHECKING,CAD,1217.88,10/28/2023 4:36,ACTIVE
ACC0008342,CUST009133,BUSINESS,EUR,1075.71,11/27/2023 18:33,ACTIVE
ACC0008343,CUST000225,SAVINGS,AED,24350.03,12/25/2023 18:56,ACTIVE
ACC0008344,CUST005288,BUSINESS,EUR,222.23,3/18/2022 5:41,ACTIVE
ACC0008345,CUST004645,SAVINGS,INR,100.69,12/5/2022 16:43,ACTIVE
ACC0008346,CUST008165,CHECKING,EUR,1634.11,8/9/2022 13:15,ACTIVE
ACC0008347,CUST004383,BUSINESS,EUR,698.05,3/21/2022 1:00,ACTIVE
ACC0008348,CUST006081,BUSINESS,INR,1602.44,10/4/2025 1:10,CLOSED
ACC0008349,CUST009974,SAVINGS,AED,2209.81,1/31/2022 13:24,ACTIVE
ACC0008350,CUST007079,BUSINESS,CAD,5120.08,11/24/2024 13:27,ACTIVE
ACC0008351,CUST000565,CHECKING,EUR,179.71,11/27/2022 16:10,CLOSED
ACC0008352,CUST006989,BUSINESS,EUR,562.25,11/16/2022 8:15,ACTIVE
ACC0008353,CUST002560,SAVINGS,CAD,1834.47,8/5/2022 7:37,ACTIVE
ACC0008354,CUST001254,BUSINESS,INR,2764.34,11/24/2025 21:16,CLOSED
ACC0008355,CUST007925,SAVINGS,EUR,15247.02,4/7/2026 5:24,ACTIVE
ACC0008356,CUST004164,CHECKING,EUR,3452.47,8/14/2026 7:52,SUSPENDED
ACC0008357,CUST003511,SAVINGS,GBP,1024.39,4/8/2024 5:35,ACTIVE
ACC0008358,CUST001354,BUSINESS,JPY,376.71,9/22/2022 2:34,ACTIVE
ACC0008359,CUST008493,SAVINGS,GBP,557.16,2/27/2025 15:28,SUSPENDED
ACC0008360,CUST006519,BUSINESS,INR,538.48,9/6/2021 9:27,SUSPENDED
ACC0008361,CUST007335,SAVINGS,AED,2407.35,4/28/2023 3:10,CLOSED
ACC0008362,CUST000293,BUSINESS,USD,1492.78,12/7/2022 20:34,SUSPENDED
ACC0008363,CUST005874,CHECKING,INR,223.99,10/9/2021 10:44,SUSPENDED
ACC0008364,CUST000349,SAVINGS,JPY,649.96,9/16/2021 10:02,CLOSED
ACC0008365,CUST005805,CHECKING,INR,3143.39,6/14/2023 2:48,SUSPENDED
ACC0008366,CUST005737,SAVINGS,USD,1672.37,7/3/2026 11:27,SUSPENDED
ACC0008367,CUST002510,BUSINESS,EUR,2169.76,10/31/2021 9:53,ACTIVE
ACC0008368,CUST008694,SAVINGS,EUR,1736.29,1/3/2023 0:08,ACTIVE
ACC0008369,CUST002512,SAVINGS,GBP,7721.14,8/12/2022 15:52,ACTIVE
ACC0008370,CUST008280,CHECKING,AED,1455.71,6/29/2024 13:03,ACTIVE
ACC0008371,CUST003367,BUSINESS,PKR,690.06,4/12/2024 23:51,SUSPENDED
ACC0008372,CUST009923,BUSINESS,EUR,365.44,10/23/2022 8:33,ACTIVE
ACC0008373,CUST004719,CHECKING,EUR,1479.61,8/22/2024 9:22,ACTIVE
ACC0008374,CUST001555,CHECKING,INR,58.62,4/18/2024 21:07,SUSPENDED
ACC0008375,CUST005675,SAVINGS,JPY,879.06,12/12/2022 2:11,ACTIVE
ACC0008376,CUST006247,CHECKING,USD,856.62,12/17/2025 7:26,CLOSED
ACC0008377,CUST007995,BUSINESS,EUR,213.29,10/4/2023 2:46,CLOSED
ACC0008378,CUST000425,BUSINESS,AUD,359.99,8/17/2026 6:07,SUSPENDED
ACC0008379,CUST000884,SAVINGS,EUR,2897.46,5/24/2026 5:42,SUSPENDED
ACC0008380,CUST003300,CHECKING,EUR,1446.43,7/7/2022 7:47,ACTIVE
ACC0008381,CUST002460,BUSINESS,GBP,1239.11,8/2/2022 18:16,ACTIVE
ACC0008382,CUST007543,BUSINESS,PKR,1583.86,11/10/2022 19:26,ACTIVE
ACC0008383,CUST009875,CHECKING,SGD,1225.56,8/17/2022 23:31,SUSPENDED
ACC0008384,CUST002434,CHECKING,CAD,4872.85,12/6/2021 10:09,ACTIVE
ACC0008385,CUST003956,CHECKING,AUD,1271.71,7/2/2024 13:38,ACTIVE
ACC0008386,CUST005396,SAVINGS,CAD,190.59,11/3/2025 15:59,ACTIVE
ACC0008387,CUST008166,CHECKING,EUR,7755.49,10/5/2021 15:10,ACTIVE
ACC0008388,CUST000038,BUSINESS,EUR,1710.27,5/18/2022 20:14,CLOSED
ACC0008389,CUST003510,BUSINESS,EUR,540.72,3/27/2023 22:43,ACTIVE
ACC0008390,CUST007028,CHECKING,EUR,243.7,11/14/2023 7:58,ACTIVE
ACC0008391,CUST002865,BUSINESS,EUR,1763.57,1/14/2024 10:30,ACTIVE
ACC0008392,CUST001903,SAVINGS,EUR,952.79,12/10/2022 6:06,ACTIVE
ACC0008393,CUST003105,SAVINGS,CAD,7251.59,4/30/2023 23:44,ACTIVE
ACC0008394,CUST008140,BUSINESS,EUR,724.09,1/8/2025 18:39,CLOSED
ACC0008395,CUST008103,CHECKING,JPY,401.47,9/16/2021 22:21,ACTIVE
ACC0008396,CUST003303,SAVINGS,EUR,3212.98,11/10/2022 1:02,CLOSED
ACC0008397,CUST008060,CHECKING,EUR,3328.7,5/12/2024 17:19,CLOSED
ACC0008398,CUST008030,SAVINGS,EUR,1342.62,3/7/2025 8:59,ACTIVE
ACC0008399,CUST001659,BUSINESS,JPY,2469.15,10/25/2025 16:38,ACTIVE
ACC0008400,CUST002475,CHECKING,USD,1048.14,8/26/2023 11:18,SUSPENDED
ACC0008401,CUST004140,CHECKING,EUR,1451.91,3/5/2023 7:33,ACTIVE
ACC0008402,CUST007198,BUSINESS,EUR,4438.13,1/31/2023 12:04,ACTIVE
ACC0008403,CUST007884,SAVINGS,EUR,2322.46,9/11/2022 7:37,ACTIVE
ACC0008404,CUST006056,BUSINESS,PKR,895.04,6/28/2025 9:20,SUSPENDED
ACC0008405,CUST007461,CHECKING,EUR,5557.12,7/12/2022 19:00,SUSPENDED
ACC0008406,CUST004711,CHECKING,INR,64.21,1/17/2023 9:10,ACTIVE
ACC0008407,CUST000826,BUSINESS,PKR,12867.86,10/9/2023 20:16,ACTIVE
ACC0008408,CUST009283,CHECKING,EUR,141.58,3/28/2023 12:54,CLOSED
ACC0008409,CUST005407,CHECKING,SGD,516.71,2/4/2022 15:08,CLOSED
ACC0008410,CUST000036,BUSINESS,INR,1044.09,5/25/2024 20:00,ACTIVE
ACC0008411,CUST005881,BUSINESS,SGD,919.86,6/16/2024 21:12,CLOSED
ACC0008412,CUST008969,SAVINGS,EUR,3669.07,4/2/2024 21:23,ACTIVE
ACC0008413,CUST009959,BUSINESS,EUR,308.15,8/31/2021 2:50,SUSPENDED
ACC0008414,CUST003666,SAVINGS,AED,1499.55,4/23/2023 20:34,ACTIVE
ACC0008415,CUST002985,SAVINGS,EUR,547.93,1/11/2024 7:16,ACTIVE
ACC0008416,CUST007543,BUSINESS,PKR,1562.7,8/7/2023 21:43,ACTIVE
ACC0008417,CUST007436,CHECKING,EUR,1014.62,11/8/2024 10:21,ACTIVE
ACC0008418,CUST008530,BUSINESS,JPY,1226.01,12/28/2025 18:21,CLOSED
ACC0008419,CUST001631,SAVINGS,JPY,566.85,3/30/2026 21:05,CLOSED
ACC0008420,CUST001171,CHECKING,USD,594.62,3/12/2025 15:03,SUSPENDED
ACC0008421,CUST002435,CHECKING,USD,1548.01,7/10/2026 6:36,ACTIVE
ACC0008422,CUST005254,CHECKING,EUR,3403.16,7/19/2022 8:56,ACTIVE
ACC0008423,CUST001207,CHECKING,EUR,534.89,1/11/2024 4:09,CLOSED
ACC0008424,CUST003400,CHECKING,GBP,386.63,5/1/2026 7:31,ACTIVE
ACC0008425,CUST000482,SAVINGS,JPY,2289.65,2/13/2022 14:35,ACTIVE
ACC0008426,CUST003076,SAVINGS,JPY,1054.68,6/24/2023 4:52,CLOSED
ACC0008427,CUST000727,CHECKING,INR,2970.83,11/19/2021 9:08,ACTIVE
ACC0008428,CUST006636,BUSINESS,EUR,369.83,12/26/2024 1:28,ACTIVE
ACC0008429,CUST008607,SAVINGS,SGD,129.63,2/17/2025 12:36,CLOSED
ACC0008430,CUST001698,CHECKING,INR,578.47,10/24/2024 16:42,ACTIVE
ACC0008431,CUST002285,BUSINESS,GBP,437.19,1/8/2025 9:58,ACTIVE
ACC0008432,CUST002972,CHECKING,EUR,997.7,7/26/2026 9:40,ACTIVE
ACC0008433,CUST000547,BUSINESS,INR,510.7,5/5/2023 17:50,ACTIVE
ACC0008434,CUST004085,BUSINESS,EUR,2668.36,10/25/2021 20:31,ACTIVE
ACC0008435,CUST007775,CHECKING,USD,776.05,11/17/2021 14:50,CLOSED
ACC0008436,CUST009430,SAVINGS,PKR,1313.66,12/23/2021 9:12,ACTIVE
ACC0008437,CUST009581,CHECKING,PKR,1324.99,10/3/2023 18:59,ACTIVE
ACC0008438,CUST007865,CHECKING,EUR,1385.68,12/21/2025 11:08,SUSPENDED
ACC0008439,CUST005788,BUSINESS,AED,1065.34,9/27/2025 19:07,ACTIVE
ACC0008440,CUST008507,CHECKING,EUR,2023.78,5/15/2024 9:15,ACTIVE
ACC0008441,CUST002777,CHECKING,AED,422.09,6/19/2024 19:55,ACTIVE
ACC0008442,CUST001829,SAVINGS,EUR,5879.94,3/7/2025 9:32,CLOSED
ACC0008443,CUST009075,CHECKING,AED,825.64,6/21/2025 10:08,ACTIVE
ACC0008444,CUST006157,BUSINESS,CAD,227.27,12/1/2024 22:23,ACTIVE
ACC0008445,CUST008452,CHECKING,AUD,1374.28,5/1/2022 19:59,SUSPENDED
ACC0008446,CUST009766,CHECKING,EUR,394.88,8/23/2023 7:26,ACTIVE
ACC0008447,CUST001108,SAVINGS,GBP,2436.7,11/29/2023 15:47,ACTIVE
ACC0008448,CUST003800,CHECKING,USD,15545.5,3/14/2023 2:12,ACTIVE
ACC0008449,CUST008904,SAVINGS,INR,426.71,5/20/2026 5:38,ACTIVE
ACC0008450,CUST009807,BUSINESS,EUR,1634.1,10/5/2022 6:02,SUSPENDED
ACC0008451,CUST004037,BUSINESS,JPY,133.41,8/13/2023 8:32,ACTIVE
ACC0008452,CUST003234,SAVINGS,JPY,1890.67,4/17/2023 2:03,CLOSED
ACC0008453,CUST004560,BUSINESS,EUR,378.85,12/23/2023 9:53,ACTIVE
ACC0008454,CUST003790,BUSINESS,EUR,518.12,12/12/2023 19:08,ACTIVE
ACC0008455,CUST001569,CHECKING,EUR,292.5,8/26/2023 15:46,ACTIVE
ACC0008456,CUST007298,CHECKING,INR,2640.12,10/29/2021 15:28,CLOSED
ACC0008457,CUST004100,BUSINESS,EUR,3673,10/14/2023 16:35,ACTIVE
ACC0008458,CUST006483,CHECKING,SGD,1127.84,9/8/2025 7:33,ACTIVE
ACC0008459,CUST006001,SAVINGS,AED,388.65,6/1/2022 11:00,ACTIVE
ACC0008460,CUST000511,SAVINGS,EUR,7386.64,4/8/2024 5:14,ACTIVE
ACC0008461,CUST000250,CHECKING,EUR,445.64,2/11/2023 2:26,ACTIVE
ACC0008462,CUST003812,SAVINGS,EUR,81.91,10/11/2025 3:12,ACTIVE
ACC0008463,CUST008319,BUSINESS,AUD,1900.87,10/13/2022 4:54,ACTIVE
ACC0008464,CUST003350,SAVINGS,JPY,291.28,9/30/2021 2:40,SUSPENDED
ACC0008465,CUST001657,BUSINESS,EUR,3591.52,8/6/2024 23:31,ACTIVE
ACC0008466,CUST008376,CHECKING,USD,694.11,5/3/2022 12:51,CLOSED
ACC0008467,CUST009100,CHECKING,SGD,2263.02,4/17/2023 10:02,SUSPENDED
ACC0008468,CUST003807,BUSINESS,INR,5894.65,9/6/2024 6:27,ACTIVE
ACC0008469,CUST000950,CHECKING,EUR,257.08,1/28/2024 7:03,CLOSED
ACC0008470,CUST008765,SAVINGS,PKR,556.06,6/25/2022 13:38,ACTIVE
ACC0008471,CUST007885,BUSINESS,SGD,1001.44,2/14/2024 17:03,SUSPENDED
ACC0008472,CUST002720,SAVINGS,EUR,6940.03,6/29/2026 3:15,SUSPENDED
ACC0008473,CUST007968,BUSINESS,EUR,497.67,8/4/2022 22:16,ACTIVE
ACC0008474,CUST003592,SAVINGS,EUR,537.32,4/7/2025 15:09,ACTIVE
ACC0008475,CUST006081,SAVINGS,INR,1946.46,8/25/2022 1:43,ACTIVE
ACC0008476,CUST001644,SAVINGS,AUD,548.58,5/28/2022 18:28,ACTIVE
ACC0008477,CUST003545,BUSINESS,INR,1316.89,4/28/2022 7:32,ACTIVE
ACC0008478,CUST007312,CHECKING,SGD,170.4,12/3/2022 15:01,ACTIVE
ACC0008479,CUST006734,SAVINGS,EUR,15633.88,2/21/2026 0:19,CLOSED
ACC0008480,CUST008085,CHECKING,AUD,217.62,10/27/2023 21:20,CLOSED
ACC0008481,CUST006580,CHECKING,PKR,745.38,11/25/2022 19:16,ACTIVE
ACC0008482,CUST001485,CHECKING,SGD,1054.71,5/11/2024 2:03,SUSPENDED
ACC0008483,CUST001132,BUSINESS,AUD,10885.92,2/23/2025 17:36,ACTIVE
ACC0008484,CUST001529,CHECKING,AED,223.67,5/31/2022 21:57,SUSPENDED
ACC0008485,CUST005446,SAVINGS,EUR,11854.29,1/3/2025 2:32,CLOSED
ACC0008486,CUST003609,CHECKING,PKR,2720.61,2/15/2023 0:23,SUSPENDED
ACC0008487,CUST004013,SAVINGS,SGD,1808.97,9/14/2023 13:01,ACTIVE
ACC0008488,CUST001870,CHECKING,JPY,336.45,10/17/2022 13:15,ACTIVE
ACC0008489,CUST000936,CHECKING,JPY,2176.27,1/27/2025 12:58,ACTIVE
ACC0008490,CUST008076,BUSINESS,CAD,460.27,3/8/2026 1:33,ACTIVE
ACC0008491,CUST007644,CHECKING,GBP,5014.02,3/17/2025 2:49,ACTIVE
ACC0008492,CUST007957,BUSINESS,EUR,341.97,11/11/2022 5:37,CLOSED
ACC0008493,CUST003461,CHECKING,AED,957.39,10/10/2024 2:56,ACTIVE
ACC0008494,CUST001598,BUSINESS,USD,563.22,5/30/2022 7:37,SUSPENDED
ACC0008495,CUST002247,CHECKING,PKR,335.28,4/16/2023 5:30,ACTIVE
ACC0008496,CUST004699,SAVINGS,EUR,2669.33,8/18/2025 2:15,SUSPENDED
ACC0008497,CUST002124,CHECKING,EUR,2085.05,9/15/2025 2:31,ACTIVE
ACC0008498,CUST002358,CHECKING,EUR,4678.87,11/11/2022 19:06,ACTIVE
ACC0008499,CUST002991,SAVINGS,EUR,129.56,9/6/2025 0:03,ACTIVE
ACC0008500,CUST004892,CHECKING,PKR,3932.4,1/7/2025 5:05,ACTIVE
ACC0008501,CUST007072,BUSINESS,EUR,22170.96,9/7/2021 23:07,ACTIVE
ACC0008502,CUST007835,CHECKING,INR,637.8,9/2/2024 3:25,ACTIVE
ACC0008503,CUST005902,SAVINGS,AUD,10659.2,9/21/2024 14:26,ACTIVE
ACC0008504,CUST006957,SAVINGS,CAD,799.68,9/8/2024 23:56,ACTIVE
ACC0008505,CUST009430,BUSINESS,PKR,211.26,9/29/2021 3:27,SUSPENDED
ACC0008506,CUST000395,SAVINGS,EUR,759.94,1/5/2026 6:55,CLOSED
ACC0008507,CUST003586,SAVINGS,EUR,3857.77,1/18/2024 2:42,ACTIVE
ACC0008508,CUST001961,CHECKING,USD,401.09,1/18/2026 23:28,ACTIVE
ACC0008509,CUST007378,CHECKING,SGD,533.57,5/28/2023 10:29,CLOSED
ACC0008510,CUST000561,BUSINESS,EUR,2235.56,7/25/2022 14:43,ACTIVE
ACC0008511,CUST007811,BUSINESS,EUR,1100.67,10/11/2021 0:15,CLOSED
ACC0008512,CUST009918,CHECKING,AUD,2211.77,6/29/2023 1:48,ACTIVE
ACC0008513,CUST005141,BUSINESS,USD,1458.84,11/29/2023 20:50,CLOSED
ACC0008514,CUST005257,CHECKING,PKR,1949.93,4/13/2024 20:32,SUSPENDED
ACC0008515,CUST001618,BUSINESS,SGD,652.78,2/18/2025 19:32,SUSPENDED
ACC0008516,CUST006790,BUSINESS,EUR,1448.2,12/1/2023 20:32,CLOSED
ACC0008517,CUST004310,SAVINGS,EUR,360.38,6/25/2023 11:41,ACTIVE
ACC0008518,CUST007135,SAVINGS,CAD,5146.75,2/19/2022 22:21,CLOSED
ACC0008519,CUST007319,BUSINESS,EUR,512.28,6/25/2025 15:30,CLOSED
ACC0008520,CUST008825,CHECKING,AED,4249.76,1/18/2024 23:29,CLOSED
ACC0008521,CUST007328,SAVINGS,EUR,828.55,12/2/2025 2:17,ACTIVE
ACC0008522,CUST003039,CHECKING,EUR,1397.44,2/17/2023 3:53,ACTIVE
ACC0008523,CUST004265,CHECKING,GBP,605.49,1/19/2022 5:56,CLOSED
ACC0008524,CUST005924,CHECKING,PKR,324.02,9/7/2025 9:03,ACTIVE
ACC0008525,CUST005339,SAVINGS,EUR,135.14,2/5/2025 10:18,ACTIVE
ACC0008526,CUST004598,CHECKING,JPY,309.08,12/3/2025 5:14,SUSPENDED
ACC0008527,CUST002856,CHECKING,EUR,743.46,4/13/2022 16:46,ACTIVE
ACC0008528,CUST006449,BUSINESS,AUD,1414.11,11/19/2022 2:27,ACTIVE
ACC0008529,CUST005177,BUSINESS,JPY,3686.58,8/20/2025 13:56,CLOSED
ACC0008530,CUST009778,BUSINESS,EUR,642.32,1/4/2026 2:20,ACTIVE
ACC0008531,CUST000581,CHECKING,AUD,380.56,11/29/2025 11:20,ACTIVE
ACC0008532,CUST003672,SAVINGS,AED,194.17,1/15/2026 16:35,CLOSED
ACC0008533,CUST001286,SAVINGS,USD,1950.96,8/26/2021 14:19,ACTIVE
ACC0008534,CUST005720,BUSINESS,INR,5766.57,3/24/2022 3:30,CLOSED
ACC0008535,CUST008829,CHECKING,GBP,5012.03,3/6/2023 3:03,ACTIVE
ACC0008536,CUST007844,CHECKING,EUR,2570.66,11/25/2022 1:54,SUSPENDED
ACC0008537,CUST001183,SAVINGS,PKR,2359.61,2/5/2025 7:57,ACTIVE
ACC0008538,CUST007101,SAVINGS,CAD,8409.76,6/17/2026 4:15,ACTIVE
ACC0008539,CUST008506,SAVINGS,EUR,1633.53,8/26/2024 16:06,ACTIVE
ACC0008540,CUST000804,CHECKING,AUD,2381.19,5/26/2022 23:16,ACTIVE
ACC0008541,CUST004814,CHECKING,JPY,746.25,1/30/2022 17:46,ACTIVE
ACC0008542,CUST004799,BUSINESS,EUR,213.91,3/21/2025 11:46,ACTIVE
ACC0008543,CUST004176,SAVINGS,CAD,482.69,2/4/2023 6:40,ACTIVE
ACC0008544,CUST007569,SAVINGS,EUR,1084.65,3/27/2024 21:03,SUSPENDED
ACC0008545,CUST003458,SAVINGS,SGD,1179.61,3/21/2024 19:03,CLOSED
ACC0008546,CUST008774,SAVINGS,EUR,11065.01,11/11/2022 6:02,ACTIVE
ACC0008547,CUST002792,SAVINGS,USD,1208.98,11/14/2021 9:16,ACTIVE
ACC0008548,CUST000311,SAVINGS,AED,4512.52,10/18/2024 20:21,SUSPENDED
ACC0008549,CUST009519,BUSINESS,AUD,650.61,2/15/2023 3:30,ACTIVE
ACC0008550,CUST004621,SAVINGS,CAD,754.45,11/1/2021 19:37,ACTIVE
ACC0008551,CUST002205,SAVINGS,GBP,222.56,5/11/2023 19:52,ACTIVE
ACC0008552,CUST006915,CHECKING,EUR,449.98,12/19/2021 14:30,ACTIVE
ACC0008553,CUST003153,BUSINESS,EUR,2063.95,3/28/2025 12:17,ACTIVE
ACC0008554,CUST007709,BUSINESS,EUR,1106.63,7/8/2024 12:40,ACTIVE
ACC0008555,CUST001297,CHECKING,EUR,3399.99,10/14/2025 11:00,SUSPENDED
ACC0008556,CUST001837,CHECKING,EUR,1363.08,7/8/2022 18:51,CLOSED
ACC0008557,CUST001750,SAVINGS,EUR,718.42,11/18/2022 23:38,ACTIVE
ACC0008558,CUST002899,BUSINESS,SGD,14442.87,5/30/2026 19:15,CLOSED
ACC0008559,CUST006110,CHECKING,JPY,979.77,11/21/2025 9:47,SUSPENDED
ACC0008560,CUST001926,SAVINGS,USD,4427.55,8/30/2024 4:24,SUSPENDED
ACC0008561,CUST005406,BUSINESS,CAD,677.59,5/31/2023 23:23,ACTIVE
ACC0008562,CUST005051,CHECKING,INR,2569.64,7/6/2023 0:45,ACTIVE
ACC0008563,CUST005542,CHECKING,EUR,3339.64,2/8/2024 5:25,ACTIVE
ACC0008564,CUST001158,SAVINGS,EUR,1408.37,12/14/2025 9:48,ACTIVE
ACC0008565,CUST001166,BUSINESS,EUR,65.02,10/26/2021 13:01,ACTIVE
ACC0008566,CUST004498,SAVINGS,INR,1120.92,5/31/2026 22:08,ACTIVE
ACC0008567,CUST006346,CHECKING,AUD,4800.87,10/24/2021 5:49,ACTIVE
ACC0008568,CUST000654,BUSINESS,EUR,2065.19,4/12/2022 20:01,ACTIVE
ACC0008569,CUST002561,BUSINESS,EUR,1872.46,4/27/2023 10:36,ACTIVE
ACC0008570,CUST001993,BUSINESS,GBP,138.84,5/15/2025 7:44,ACTIVE
ACC0008571,CUST006587,SAVINGS,EUR,461.95,2/16/2022 6:19,ACTIVE
ACC0008572,CUST002657,SAVINGS,GBP,1796.56,4/9/2024 23:31,ACTIVE
ACC0008573,CUST006157,CHECKING,CAD,1794.46,6/10/2026 14:42,ACTIVE
ACC0008574,CUST008355,SAVINGS,EUR,4710.74,2/26/2024 22:37,ACTIVE
ACC0008575,CUST004556,SAVINGS,CAD,921.64,11/11/2025 13:12,SUSPENDED
ACC0008576,CUST006872,SAVINGS,AED,1784.67,11/7/2023 8:43,ACTIVE
ACC0008577,CUST008276,BUSINESS,AED,1118.39,10/1/2022 14:56,ACTIVE
ACC0008578,CUST004118,BUSINESS,EUR,335.52,9/2/2022 13:49,ACTIVE
ACC0008579,CUST001377,BUSINESS,EUR,73.19,1/1/2024 7:20,SUSPENDED
ACC0008580,CUST003735,CHECKING,EUR,1839.43,2/24/2023 11:18,SUSPENDED
ACC0008581,CUST001103,CHECKING,SGD,1351.18,7/5/2024 22:22,ACTIVE
ACC0008582,CUST007274,BUSINESS,EUR,522.27,11/19/2023 2:46,ACTIVE
ACC0008583,CUST004455,BUSINESS,USD,157.12,3/18/2026 6:05,CLOSED
ACC0008584,CUST004572,SAVINGS,SGD,2334.81,3/12/2023 14:15,CLOSED
ACC0008585,CUST009760,BUSINESS,PKR,797.03,7/4/2025 22:14,ACTIVE
ACC0008586,CUST009475,SAVINGS,EUR,2139.33,6/29/2022 14:26,CLOSED
ACC0008587,CUST005319,BUSINESS,EUR,10268.73,5/30/2026 16:53,ACTIVE
ACC0008588,CUST004361,SAVINGS,AUD,83.96,8/24/2026 22:02,SUSPENDED
ACC0008589,CUST009425,SAVINGS,PKR,473.65,5/20/2026 17:30,ACTIVE
ACC0008590,CUST000082,BUSINESS,AUD,852.99,11/28/2021 1:02,CLOSED
ACC0008591,CUST005072,SAVINGS,EUR,6284.18,2/25/2024 18:47,ACTIVE
ACC0008592,CUST008920,SAVINGS,EUR,153.9,5/14/2024 1:44,ACTIVE
ACC0008593,CUST003845,BUSINESS,EUR,11192.88,7/19/2025 2:33,ACTIVE
ACC0008594,CUST004739,BUSINESS,GBP,1290.81,12/31/2024 17:43,CLOSED
ACC0008595,CUST008244,SAVINGS,EUR,977.31,8/12/2026 19:03,SUSPENDED
ACC0008596,CUST000300,BUSINESS,JPY,864.65,3/5/2023 4:47,ACTIVE
ACC0008597,CUST003997,SAVINGS,GBP,649.68,2/3/2023 3:27,ACTIVE
ACC0008598,CUST007821,SAVINGS,CAD,3857.37,6/15/2026 20:26,ACTIVE
ACC0008599,CUST009375,SAVINGS,EUR,304.23,4/10/2025 1:17,ACTIVE
ACC0008600,CUST007419,BUSINESS,AED,1659.87,12/24/2022 5:18,ACTIVE
ACC0008601,CUST005270,CHECKING,EUR,691.58,9/5/2024 10:02,ACTIVE
ACC0008602,CUST002426,SAVINGS,USD,439.41,6/5/2026 11:27,ACTIVE
ACC0008603,CUST009223,CHECKING,PKR,24420.3,3/5/2024 13:07,SUSPENDED
ACC0008604,CUST007448,CHECKING,INR,1813.22,9/9/2025 14:05,ACTIVE
ACC0008605,CUST002078,BUSINESS,EUR,2289.11,10/22/2021 4:46,SUSPENDED
ACC0008606,CUST007314,SAVINGS,CAD,4295.54,9/28/2025 3:30,ACTIVE
ACC0008607,CUST007131,SAVINGS,EUR,199.21,12/23/2022 12:35,ACTIVE
ACC0008608,CUST006965,BUSINESS,EUR,8979.96,8/19/2022 23:11,ACTIVE
ACC0008609,CUST000940,BUSINESS,EUR,54.01,8/24/2025 13:02,SUSPENDED
ACC0008610,CUST001338,BUSINESS,USD,435.93,4/14/2025 10:07,ACTIVE
ACC0008611,CUST009854,CHECKING,INR,632.17,8/25/2026 13:47,ACTIVE
ACC0008612,CUST002682,SAVINGS,EUR,2204.09,9/28/2024 4:29,ACTIVE
ACC0008613,CUST002068,SAVINGS,GBP,1425.76,2/16/2022 14:12,SUSPENDED
ACC0008614,CUST003451,CHECKING,EUR,897.69,8/22/2024 2:03,ACTIVE
ACC0008615,CUST007131,BUSINESS,EUR,1080.96,7/28/2023 5:50,ACTIVE
ACC0008616,CUST000254,BUSINESS,EUR,339.13,1/14/2022 12:56,ACTIVE
ACC0008617,CUST006889,SAVINGS,CAD,181.88,11/18/2023 4:10,ACTIVE
ACC0008618,CUST009424,CHECKING,AED,2622.32,12/6/2023 2:37,ACTIVE
ACC0008619,CUST006141,BUSINESS,EUR,2521.09,7/16/2023 23:42,ACTIVE
ACC0008620,CUST003483,BUSINESS,AED,7342.2,5/21/2022 4:15,SUSPENDED
ACC0008621,CUST006811,SAVINGS,SGD,424.95,8/18/2025 19:06,ACTIVE
ACC0008622,CUST004965,SAVINGS,EUR,2518.4,3/15/2024 12:31,ACTIVE
ACC0008623,CUST007823,SAVINGS,JPY,780.2,2/16/2022 4:01,ACTIVE
ACC0008624,CUST004452,CHECKING,EUR,4575.95,12/28/2024 20:37,ACTIVE
ACC0008625,CUST007378,SAVINGS,SGD,3738.18,10/2/2023 3:23,ACTIVE
ACC0008626,CUST002209,SAVINGS,USD,1412.97,9/18/2024 5:46,CLOSED
ACC0008627,CUST000300,BUSINESS,JPY,729.65,1/28/2022 10:38,ACTIVE
ACC0008628,CUST005898,SAVINGS,EUR,3474.2,9/23/2025 13:53,ACTIVE
ACC0008629,CUST004196,BUSINESS,EUR,2383.41,8/30/2021 2:17,ACTIVE
ACC0008630,CUST000587,BUSINESS,CAD,482.35,1/2/2022 15:11,SUSPENDED
ACC0008631,CUST008819,SAVINGS,GBP,222.88,6/6/2025 6:58,ACTIVE
ACC0008632,CUST005305,CHECKING,INR,775.7,2/3/2024 11:26,ACTIVE
ACC0008633,CUST006381,BUSINESS,AUD,6758.1,3/5/2022 5:16,ACTIVE
ACC0008634,CUST008039,SAVINGS,USD,4340.67,8/16/2025 19:39,ACTIVE
ACC0008635,CUST009005,SAVINGS,GBP,288.65,9/23/2023 22:35,ACTIVE
ACC0008636,CUST005516,BUSINESS,EUR,270.07,9/8/2023 15:52,ACTIVE
ACC0008637,CUST007757,SAVINGS,EUR,5062.52,6/26/2026 21:50,CLOSED
ACC0008638,CUST006718,CHECKING,EUR,280.69,10/18/2025 9:07,ACTIVE
ACC0008639,CUST005543,BUSINESS,EUR,2020.61,7/2/2023 1:12,ACTIVE
ACC0008640,CUST003011,CHECKING,AED,523.59,6/5/2024 1:04,CLOSED
ACC0008641,CUST005472,CHECKING,EUR,7634.66,8/16/2022 23:54,SUSPENDED
ACC0008642,CUST005595,CHECKING,SGD,435.06,11/9/2021 22:43,ACTIVE
ACC0008643,CUST007362,CHECKING,EUR,4324.42,7/31/2026 10:39,ACTIVE
ACC0008644,CUST007703,CHECKING,SGD,1368.99,9/17/2021 4:26,SUSPENDED
ACC0008645,CUST002342,SAVINGS,JPY,1484.2,8/2/2026 21:33,ACTIVE
ACC0008646,CUST009369,SAVINGS,CAD,103.09,5/9/2023 8:07,CLOSED
ACC0008647,CUST008316,BUSINESS,INR,77.98,6/10/2023 4:25,ACTIVE
ACC0008648,CUST000987,BUSINESS,EUR,841.61,5/30/2022 13:45,SUSPENDED
ACC0008649,CUST009521,SAVINGS,GBP,1474.81,1/29/2026 11:41,ACTIVE
ACC0008650,CUST006986,SAVINGS,EUR,284.22,3/14/2025 4:25,ACTIVE
ACC0008651,CUST003847,SAVINGS,AED,296.95,1/6/2026 23:11,ACTIVE
ACC0008652,CUST009997,BUSINESS,EUR,2151.17,9/10/2023 22:29,ACTIVE
ACC0008653,CUST003071,SAVINGS,AUD,2154.74,8/8/2026 11:17,ACTIVE
ACC0008654,CUST005018,SAVINGS,SGD,929.56,2/7/2026 4:29,SUSPENDED
ACC0008655,CUST002826,BUSINESS,EUR,2796.83,5/24/2024 18:20,SUSPENDED
ACC0008656,CUST004678,CHECKING,PKR,267.99,7/18/2026 6:51,CLOSED
ACC0008657,CUST005905,CHECKING,EUR,715.43,3/18/2022 6:13,ACTIVE
ACC0008658,CUST007897,BUSINESS,AED,7922.43,10/27/2023 11:20,ACTIVE
ACC0008659,CUST001682,SAVINGS,USD,1190.33,11/29/2024 5:46,ACTIVE
ACC0008660,CUST003669,SAVINGS,EUR,1276.11,9/20/2023 19:56,ACTIVE
ACC0008661,CUST007652,BUSINESS,EUR,17450.72,12/27/2024 5:20,SUSPENDED
ACC0008662,CUST004196,CHECKING,EUR,204.55,11/6/2024 18:05,ACTIVE
ACC0008663,CUST008045,CHECKING,EUR,2851.83,12/16/2024 8:42,ACTIVE
ACC0008664,CUST004718,BUSINESS,INR,8077.06,8/14/2023 11:56,ACTIVE
ACC0008665,CUST009608,CHECKING,INR,742.61,8/12/2026 6:37,ACTIVE
ACC0008666,CUST003163,BUSINESS,EUR,3076.53,3/21/2022 14:50,ACTIVE
ACC0008667,CUST009535,SAVINGS,AUD,337.5,4/21/2026 12:14,ACTIVE
ACC0008668,CUST007713,CHECKING,EUR,481.03,7/15/2026 20:38,ACTIVE
ACC0008669,CUST009952,CHECKING,EUR,1740.56,1/27/2022 15:29,ACTIVE
ACC0008670,CUST000592,CHECKING,AUD,2859.15,1/3/2022 10:35,ACTIVE
ACC0008671,CUST009936,CHECKING,AUD,4209.6,8/9/2026 8:41,ACTIVE
ACC0008672,CUST006998,BUSINESS,INR,7212.38,8/25/2022 20:22,ACTIVE
ACC0008673,CUST008687,CHECKING,EUR,1011.37,11/28/2025 3:50,ACTIVE
ACC0008674,CUST008350,CHECKING,INR,4593.21,8/27/2021 7:03,ACTIVE
ACC0008675,CUST000877,SAVINGS,USD,727.22,9/15/2025 1:31,CLOSED
ACC0008676,CUST000755,CHECKING,EUR,3237.35,8/23/2023 9:27,SUSPENDED
ACC0008677,CUST001038,CHECKING,EUR,1406.68,1/5/2023 14:35,ACTIVE
ACC0008678,CUST005045,BUSINESS,EUR,1872.1,6/15/2022 16:47,SUSPENDED
ACC0008679,CUST000302,CHECKING,EUR,1822.95,1/24/2026 4:44,ACTIVE
ACC0008680,CUST007870,SAVINGS,SGD,159.87,9/1/2024 21:03,ACTIVE
ACC0008681,CUST002914,SAVINGS,SGD,284.59,9/14/2022 14:53,SUSPENDED
ACC0008682,CUST002877,SAVINGS,EUR,1240.23,12/18/2023 11:23,SUSPENDED
ACC0008683,CUST004611,CHECKING,EUR,144.79,3/12/2022 10:04,SUSPENDED
ACC0008684,CUST000062,CHECKING,AUD,2973.38,10/24/2025 7:11,CLOSED
ACC0008685,CUST006216,BUSINESS,EUR,3120.87,5/23/2023 21:40,SUSPENDED
ACC0008686,CUST005775,BUSINESS,JPY,1623.93,1/5/2024 3:06,SUSPENDED
ACC0008687,CUST001931,CHECKING,EUR,285.61,2/13/2026 10:46,CLOSED
ACC0008688,CUST002860,BUSINESS,INR,5745.47,12/26/2024 21:42,ACTIVE
ACC0008689,CUST006890,SAVINGS,PKR,12640.39,12/3/2021 8:22,ACTIVE
ACC0008690,CUST004052,CHECKING,JPY,1308.31,6/29/2025 9:04,ACTIVE
ACC0008691,CUST008887,CHECKING,EUR,2023.62,5/26/2022 7:38,SUSPENDED
ACC0008692,CUST007572,BUSINESS,INR,1397.01,7/8/2025 4:32,ACTIVE
ACC0008693,CUST004312,SAVINGS,SGD,2072.36,10/15/2025 21:29,ACTIVE
ACC0008694,CUST009669,SAVINGS,EUR,950.06,4/23/2024 6:58,ACTIVE
ACC0008695,CUST001346,BUSINESS,EUR,1052.08,2/13/2024 8:04,ACTIVE
ACC0008696,CUST000451,CHECKING,INR,3251.47,10/5/2024 11:49,ACTIVE
ACC0008697,CUST009223,BUSINESS,PKR,18301.7,10/21/2021 6:12,ACTIVE
ACC0008698,CUST006021,BUSINESS,EUR,204.37,10/8/2025 22:06,ACTIVE
ACC0008699,CUST007082,BUSINESS,USD,968.19,9/26/2024 21:01,ACTIVE
ACC0008700,CUST009498,SAVINGS,INR,265.99,1/5/2025 7:32,ACTIVE
ACC0008701,CUST003553,BUSINESS,CAD,7408.85,12/5/2025 22:23,ACTIVE
ACC0008702,CUST003095,BUSINESS,EUR,541.7,4/13/2025 20:47,CLOSED
ACC0008703,CUST003405,BUSINESS,PKR,194.06,4/25/2026 23:23,ACTIVE
ACC0008704,CUST005854,BUSINESS,AUD,2358.6,11/15/2021 21:57,CLOSED
ACC0008705,CUST004703,CHECKING,GBP,8894.37,2/27/2024 8:04,SUSPENDED
ACC0008706,CUST008207,SAVINGS,AED,2431.63,10/25/2025 22:26,ACTIVE
ACC0008707,CUST003971,SAVINGS,GBP,1402.14,11/14/2025 8:45,CLOSED
ACC0008708,CUST007854,CHECKING,EUR,1791.79,7/9/2026 9:33,ACTIVE
ACC0008709,CUST009010,BUSINESS,INR,5989.77,2/7/2022 4:03,ACTIVE
ACC0008710,CUST000880,BUSINESS,EUR,384.12,2/20/2022 12:43,ACTIVE
ACC0008711,CUST000160,BUSINESS,JPY,958.9,5/21/2022 15:07,ACTIVE
ACC0008712,CUST007350,SAVINGS,AUD,637,4/7/2023 21:24,ACTIVE
ACC0008713,CUST001300,SAVINGS,CAD,270.04,5/31/2026 11:53,SUSPENDED
ACC0008714,CUST003349,CHECKING,PKR,739.48,3/8/2026 17:19,ACTIVE
ACC0008715,CUST002595,SAVINGS,EUR,4143.37,9/25/2024 21:56,ACTIVE
ACC0008716,CUST005407,SAVINGS,SGD,2164.45,7/21/2026 4:23,ACTIVE
ACC0008717,CUST002588,SAVINGS,EUR,2376,6/6/2025 16:06,ACTIVE
ACC0008718,CUST009935,CHECKING,AUD,1307.37,4/2/2026 5:24,ACTIVE
ACC0008719,CUST005001,BUSINESS,EUR,2054.91,7/27/2025 3:42,CLOSED
ACC0008720,CUST008373,CHECKING,GBP,419.6,4/4/2022 20:45,CLOSED
ACC0008721,CUST007633,CHECKING,AUD,756.41,7/27/2026 21:52,ACTIVE
ACC0008722,CUST009149,BUSINESS,JPY,1380.78,6/2/2022 9:39,ACTIVE
ACC0008723,CUST007986,BUSINESS,EUR,1529.99,10/11/2023 1:18,ACTIVE
ACC0008724,CUST008360,BUSINESS,EUR,1610.38,3/30/2023 1:49,SUSPENDED
ACC0008725,CUST009329,SAVINGS,CAD,928.9,3/13/2022 2:21,SUSPENDED
ACC0008726,CUST001299,CHECKING,EUR,697.21,8/25/2022 20:35,SUSPENDED
ACC0008727,CUST007147,SAVINGS,EUR,48500.31,10/19/2025 2:19,ACTIVE
ACC0008728,CUST008298,SAVINGS,EUR,3255.64,2/12/2022 11:07,ACTIVE
ACC0008729,CUST004213,SAVINGS,EUR,1800.42,6/1/2024 13:21,SUSPENDED
ACC0008730,CUST006285,BUSINESS,GBP,828.94,8/4/2026 7:50,ACTIVE
ACC0008731,CUST000853,SAVINGS,SGD,638.13,2/23/2024 16:00,ACTIVE
ACC0008732,CUST007260,SAVINGS,EUR,937.33,12/16/2024 18:36,CLOSED
ACC0008733,CUST002710,BUSINESS,PKR,1558.37,11/6/2024 21:45,ACTIVE
ACC0008734,CUST006241,SAVINGS,USD,114.83,12/19/2024 0:03,ACTIVE
ACC0008735,CUST004616,CHECKING,INR,166.79,7/22/2022 15:41,CLOSED
ACC0008736,CUST005190,SAVINGS,AUD,510.68,11/6/2023 16:23,ACTIVE
ACC0008737,CUST001218,BUSINESS,EUR,1406.09,9/6/2025 15:20,SUSPENDED
ACC0008738,CUST000823,CHECKING,SGD,822.93,7/29/2026 11:12,ACTIVE
ACC0008739,CUST004681,CHECKING,JPY,6462.33,7/12/2025 9:24,ACTIVE
ACC0008740,CUST001270,BUSINESS,SGD,185.14,6/18/2026 3:12,ACTIVE
ACC0008741,CUST007540,CHECKING,JPY,445.14,5/4/2023 22:54,SUSPENDED
ACC0008742,CUST001132,CHECKING,AUD,6796.14,12/26/2025 17:59,SUSPENDED
ACC0008743,CUST004585,CHECKING,INR,1283.5,8/4/2026 1:57,CLOSED
ACC0008744,CUST004072,SAVINGS,SGD,3171.03,10/30/2022 7:17,ACTIVE
ACC0008745,CUST002950,SAVINGS,JPY,12855.11,12/23/2024 9:19,ACTIVE
ACC0008746,CUST007173,BUSINESS,EUR,476.96,12/2/2023 0:21,ACTIVE
ACC0008747,CUST004770,BUSINESS,EUR,973.43,2/10/2026 16:47,ACTIVE
ACC0008748,CUST003638,SAVINGS,CAD,790.83,6/8/2022 12:08,ACTIVE
ACC0008749,CUST000491,CHECKING,GBP,105.06,7/28/2023 16:04,SUSPENDED
ACC0008750,CUST003433,SAVINGS,AED,755.61,10/2/2023 23:02,ACTIVE
ACC0008751,CUST001034,BUSINESS,SGD,3156.68,10/30/2024 3:08,ACTIVE
ACC0008752,CUST000498,CHECKING,EUR,2097.93,9/29/2022 13:57,CLOSED
ACC0008753,CUST005297,BUSINESS,AED,2305.15,9/2/2024 0:44,ACTIVE
ACC0008754,CUST006052,SAVINGS,INR,698.82,1/8/2024 7:51,ACTIVE
ACC0008755,CUST003691,CHECKING,EUR,499.04,2/20/2022 12:30,ACTIVE
ACC0008756,CUST007818,CHECKING,EUR,5029.66,11/24/2021 14:53,CLOSED
ACC0008757,CUST000759,BUSINESS,PKR,603.79,8/15/2024 12:31,CLOSED
ACC0008758,CUST001075,BUSINESS,PKR,1560.71,2/13/2024 20:01,CLOSED
ACC0008759,CUST007556,SAVINGS,AED,1334.09,6/16/2024 0:46,SUSPENDED
ACC0008760,CUST003123,CHECKING,EUR,6336.36,8/16/2023 12:01,ACTIVE
ACC0008761,CUST005890,SAVINGS,GBP,3518.17,11/19/2021 13:38,ACTIVE
ACC0008762,CUST008187,CHECKING,EUR,231.76,4/12/2024 1:12,ACTIVE
ACC0008763,CUST003030,CHECKING,CAD,263.73,10/16/2022 2:24,CLOSED
ACC0008764,CUST007296,CHECKING,PKR,2196.66,7/29/2022 17:08,ACTIVE
ACC0008765,CUST003492,CHECKING,INR,1015.15,1/28/2024 12:12,SUSPENDED
ACC0008766,CUST007882,BUSINESS,CAD,635.11,9/12/2023 21:46,CLOSED
ACC0008767,CUST000726,CHECKING,EUR,3709.87,5/17/2022 21:06,ACTIVE
ACC0008768,CUST001601,BUSINESS,SGD,1373.27,3/17/2025 16:36,ACTIVE
ACC0008769,CUST009269,CHECKING,AED,1167.88,2/18/2025 12:06,ACTIVE
ACC0008770,CUST002564,CHECKING,EUR,2795.58,8/14/2024 0:16,SUSPENDED
ACC0008771,CUST002590,CHECKING,EUR,699.15,8/15/2022 22:35,CLOSED
ACC0008772,CUST004278,CHECKING,EUR,7202.78,5/26/2026 3:57,ACTIVE
ACC0008773,CUST006815,CHECKING,AUD,425.96,8/20/2026 12:27,ACTIVE
ACC0008774,CUST008589,SAVINGS,PKR,2412.25,10/24/2023 23:34,ACTIVE
ACC0008775,CUST004423,BUSINESS,EUR,6127.85,11/9/2021 10:22,SUSPENDED
ACC0008776,CUST006986,SAVINGS,EUR,210.03,5/3/2023 7:12,ACTIVE
ACC0008777,CUST002803,BUSINESS,EUR,726.33,1/11/2025 17:53,ACTIVE
ACC0008778,CUST001393,SAVINGS,EUR,4318.44,11/14/2023 21:45,ACTIVE
ACC0008779,CUST005594,BUSINESS,CAD,4397.07,1/12/2022 7:31,CLOSED
ACC0008780,CUST000679,SAVINGS,INR,892.66,11/1/2022 18:50,ACTIVE
ACC0008781,CUST001368,CHECKING,EUR,454.14,7/28/2026 0:02,SUSPENDED
ACC0008782,CUST000507,CHECKING,EUR,3453.43,4/2/2026 6:55,ACTIVE
ACC0008783,CUST005554,CHECKING,AUD,4538.08,6/1/2022 13:56,ACTIVE
ACC0008784,CUST005175,BUSINESS,GBP,271.08,5/2/2025 8:43,ACTIVE
ACC0008785,CUST001148,BUSINESS,EUR,258.61,12/14/2025 21:04,ACTIVE
ACC0008786,CUST009375,SAVINGS,EUR,1436.99,10/17/2025 21:27,SUSPENDED
ACC0008787,CUST006660,CHECKING,AUD,2333.75,5/26/2026 12:55,ACTIVE
ACC0008788,CUST007896,SAVINGS,PKR,765.95,7/3/2023 2:02,SUSPENDED
ACC0008789,CUST003122,BUSINESS,AED,2477.87,6/15/2023 19:16,ACTIVE
ACC0008790,CUST008101,SAVINGS,PKR,467.7,3/28/2023 4:26,SUSPENDED
ACC0008791,CUST007161,SAVINGS,CAD,86.69,11/17/2024 2:41,ACTIVE
ACC0008792,CUST005364,SAVINGS,PKR,659.39,12/29/2022 7:22,SUSPENDED
ACC0008793,CUST005445,SAVINGS,EUR,1183.08,9/9/2022 19:11,ACTIVE
ACC0008794,CUST005191,SAVINGS,EUR,787.6,10/20/2021 22:18,ACTIVE
ACC0008795,CUST000135,SAVINGS,PKR,273.06,11/5/2021 10:48,ACTIVE
ACC0008796,CUST002941,SAVINGS,JPY,124.12,7/26/2023 0:06,ACTIVE
ACC0008797,CUST004276,CHECKING,EUR,591.76,3/29/2026 12:48,ACTIVE
ACC0008798,CUST009678,SAVINGS,USD,3220.16,7/7/2024 3:35,CLOSED
ACC0008799,CUST008196,SAVINGS,PKR,4951.46,12/21/2025 12:48,ACTIVE
ACC0008800,CUST008062,SAVINGS,EUR,4560.81,12/1/2023 2:17,ACTIVE
ACC0008801,CUST001735,BUSINESS,EUR,411.95,9/11/2025 10:39,SUSPENDED
ACC0008802,CUST002611,SAVINGS,AUD,274.67,10/1/2022 21:44,ACTIVE
ACC0008803,CUST001792,CHECKING,JPY,1990.14,6/17/2026 21:17,ACTIVE
ACC0008804,CUST009204,BUSINESS,SGD,2349.88,9/1/2022 19:46,ACTIVE
ACC0008805,CUST006270,CHECKING,GBP,1772.6,6/21/2024 11:39,ACTIVE
ACC0008806,CUST009116,CHECKING,EUR,97.82,10/20/2024 22:18,ACTIVE
ACC0008807,CUST009299,SAVINGS,GBP,387.51,7/3/2022 21:36,CLOSED
ACC0008808,CUST005412,SAVINGS,AUD,1058.25,5/19/2024 3:41,ACTIVE
ACC0008809,CUST000689,BUSINESS,SGD,1967.78,2/14/2023 19:03,ACTIVE
ACC0008810,CUST006579,SAVINGS,PKR,2753.89,7/17/2022 18:10,CLOSED
ACC0008811,CUST008986,SAVINGS,EUR,1303.89,2/24/2026 11:56,ACTIVE
ACC0008812,CUST000765,SAVINGS,EUR,1630.99,4/23/2023 19:40,ACTIVE
ACC0008813,CUST004747,CHECKING,EUR,1214.2,2/13/2025 10:35,ACTIVE
ACC0008814,CUST004572,BUSINESS,SGD,2496.75,11/8/2022 13:45,ACTIVE
ACC0008815,CUST004270,CHECKING,EUR,1596.29,6/20/2023 19:43,CLOSED
ACC0008816,CUST006626,SAVINGS,EUR,1186.64,11/19/2021 21:26,CLOSED
ACC0008817,CUST000308,BUSINESS,EUR,794.69,3/16/2026 23:39,SUSPENDED
ACC0008818,CUST000993,BUSINESS,AED,1209,5/2/2022 9:53,ACTIVE
ACC0008819,CUST000715,CHECKING,EUR,1961.59,7/31/2025 13:44,ACTIVE
ACC0008820,CUST002030,CHECKING,SGD,1511.67,11/7/2022 15:11,ACTIVE
ACC0008821,CUST008386,BUSINESS,INR,1731.93,1/13/2025 9:57,ACTIVE
ACC0008822,CUST002897,SAVINGS,EUR,5493.2,10/18/2021 18:38,SUSPENDED
ACC0008823,CUST004130,BUSINESS,EUR,1507.48,9/28/2025 16:39,ACTIVE
ACC0008824,CUST000705,SAVINGS,JPY,503.31,4/22/2025 13:20,ACTIVE
ACC0008825,CUST004175,CHECKING,CAD,3166.33,5/28/2022 3:33,ACTIVE
ACC0008826,CUST009232,BUSINESS,EUR,212.84,9/19/2022 2:57,SUSPENDED
ACC0008827,CUST001908,SAVINGS,AED,299.56,12/31/2023 15:08,ACTIVE
ACC0008828,CUST000092,SAVINGS,JPY,1640.93,9/29/2022 12:00,ACTIVE
ACC0008829,CUST008831,CHECKING,PKR,2037.9,1/28/2022 13:54,ACTIVE
ACC0008830,CUST000174,CHECKING,EUR,246.15,4/10/2024 16:11,ACTIVE
ACC0008831,CUST008764,CHECKING,PKR,692.72,11/5/2023 14:14,ACTIVE
ACC0008832,CUST003604,SAVINGS,AUD,529.91,4/18/2022 9:03,ACTIVE
ACC0008833,CUST009450,SAVINGS,EUR,611.54,6/24/2024 6:12,ACTIVE
ACC0008834,CUST003697,BUSINESS,USD,3402.68,12/31/2024 20:48,CLOSED
ACC0008835,CUST007660,SAVINGS,AUD,2560.11,4/6/2026 18:03,ACTIVE
ACC0008836,CUST001717,BUSINESS,EUR,1071.76,10/22/2022 23:58,ACTIVE
ACC0008837,CUST005127,SAVINGS,SGD,569.55,2/27/2022 12:15,ACTIVE
ACC0008838,CUST007521,CHECKING,AUD,217.11,8/29/2025 16:42,ACTIVE
ACC0008839,CUST000619,CHECKING,EUR,6028.31,12/18/2022 8:07,ACTIVE
ACC0008840,CUST007085,CHECKING,JPY,2231.74,10/7/2025 0:52,ACTIVE
ACC0008841,CUST007491,SAVINGS,AUD,469.65,6/28/2026 1:36,ACTIVE
ACC0008842,CUST008797,CHECKING,AED,2600.66,6/28/2026 4:10,ACTIVE
ACC0008843,CUST007353,SAVINGS,EUR,1008.01,2/24/2024 7:40,SUSPENDED
ACC0008844,CUST004103,CHECKING,CAD,777.02,7/6/2026 5:25,SUSPENDED
ACC0008845,CUST004653,SAVINGS,PKR,1848.73,1/6/2024 13:53,ACTIVE
ACC0008846,CUST007481,SAVINGS,EUR,450.43,2/14/2022 1:54,ACTIVE
ACC0008847,CUST008675,BUSINESS,AUD,725.96,9/3/2022 11:34,ACTIVE
ACC0008848,CUST007917,SAVINGS,PKR,1268.71,1/14/2026 19:40,ACTIVE
ACC0008849,CUST007102,SAVINGS,PKR,602.24,1/31/2026 10:45,ACTIVE
ACC0008850,CUST002151,BUSINESS,EUR,2447.7,7/24/2026 19:57,ACTIVE
ACC0008851,CUST009898,BUSINESS,EUR,10330.75,2/17/2023 17:19,ACTIVE
ACC0008852,CUST002898,BUSINESS,EUR,443.56,12/3/2024 17:19,ACTIVE
ACC0008853,CUST004906,BUSINESS,USD,148.69,4/4/2025 3:31,ACTIVE
ACC0008854,CUST004243,CHECKING,SGD,99.28,3/12/2023 18:33,ACTIVE
ACC0008855,CUST009698,CHECKING,CAD,915.47,7/20/2026 10:12,ACTIVE
ACC0008856,CUST005938,CHECKING,AED,494.82,8/4/2023 22:26,ACTIVE
ACC0008857,CUST002896,BUSINESS,SGD,1407.31,11/21/2024 21:59,ACTIVE
ACC0008858,CUST007951,BUSINESS,EUR,1285.78,6/23/2025 1:42,ACTIVE
ACC0008859,CUST003216,SAVINGS,PKR,160.15,10/17/2023 1:47,ACTIVE
ACC0008860,CUST004594,BUSINESS,GBP,124.23,2/16/2022 0:53,ACTIVE
ACC0008861,CUST008584,BUSINESS,EUR,1564.18,12/17/2025 2:38,SUSPENDED
ACC0008862,CUST001676,CHECKING,AED,1290.15,3/7/2025 18:30,CLOSED
ACC0008863,CUST000737,SAVINGS,EUR,657.88,10/11/2024 2:09,SUSPENDED
ACC0008864,CUST009569,SAVINGS,INR,150.12,2/18/2025 12:58,ACTIVE
ACC0008865,CUST007624,BUSINESS,GBP,1930.76,12/23/2021 20:17,ACTIVE
ACC0008866,CUST009682,BUSINESS,CAD,5045.64,11/30/2021 5:04,SUSPENDED
ACC0008867,CUST008840,CHECKING,EUR,1530.85,1/19/2023 18:29,ACTIVE
ACC0008868,CUST002890,BUSINESS,CAD,396.64,3/4/2023 6:02,ACTIVE
ACC0008869,CUST005608,SAVINGS,EUR,1156.86,8/9/2026 14:21,ACTIVE
ACC0008870,CUST000997,BUSINESS,EUR,212.87,7/22/2024 22:14,ACTIVE
ACC0008871,CUST006799,CHECKING,EUR,3903.2,10/28/2025 6:15,CLOSED
ACC0008872,CUST000239,BUSINESS,EUR,1209.8,11/10/2021 18:31,SUSPENDED
ACC0008873,CUST000628,CHECKING,CAD,131.4,7/19/2023 23:11,ACTIVE
ACC0008874,CUST008043,BUSINESS,GBP,764.48,3/9/2024 22:28,ACTIVE
ACC0008875,CUST001145,SAVINGS,EUR,1912.11,4/13/2023 9:35,CLOSED
ACC0008876,CUST002760,BUSINESS,GBP,735.35,8/6/2024 10:17,ACTIVE
ACC0008877,CUST006525,BUSINESS,EUR,787.55,11/2/2024 12:35,ACTIVE
ACC0008878,CUST007499,CHECKING,SGD,252.32,6/15/2023 9:38,ACTIVE
ACC0008879,CUST006090,SAVINGS,GBP,2164.29,12/12/2023 11:10,SUSPENDED
ACC0008880,CUST005763,BUSINESS,EUR,503.63,8/25/2022 13:42,ACTIVE
ACC0008881,CUST005211,CHECKING,AUD,82.46,9/9/2025 5:22,ACTIVE
ACC0008882,CUST007179,SAVINGS,USD,702.39,12/15/2024 12:32,ACTIVE
ACC0008883,CUST007137,BUSINESS,GBP,3559.52,2/25/2022 8:25,ACTIVE
ACC0008884,CUST002486,BUSINESS,EUR,689.31,9/25/2025 23:48,ACTIVE
ACC0008885,CUST005689,BUSINESS,EUR,8827.1,2/1/2026 20:26,ACTIVE
ACC0008886,CUST003160,SAVINGS,EUR,1834.93,10/30/2025 18:34,ACTIVE
ACC0008887,CUST002176,SAVINGS,GBP,1646.67,12/29/2024 13:06,ACTIVE
ACC0008888,CUST006156,BUSINESS,EUR,940.04,9/10/2025 23:43,ACTIVE
ACC0008889,CUST003081,CHECKING,GBP,1010.35,9/19/2023 7:33,ACTIVE
ACC0008890,CUST002428,CHECKING,GBP,799.42,3/18/2025 23:21,ACTIVE
ACC0008891,CUST004521,SAVINGS,EUR,763.01,5/7/2026 7:39,ACTIVE
ACC0008892,CUST009005,CHECKING,GBP,2073.6,9/14/2022 9:57,ACTIVE
ACC0008893,CUST004395,CHECKING,EUR,356.74,9/11/2024 8:47,SUSPENDED
ACC0008894,CUST007196,BUSINESS,JPY,301.55,3/29/2023 21:32,ACTIVE
ACC0008895,CUST003348,BUSINESS,JPY,284.91,1/9/2022 23:45,SUSPENDED
ACC0008896,CUST008160,CHECKING,INR,12769.13,8/20/2026 1:10,SUSPENDED
ACC0008897,CUST003279,BUSINESS,EUR,2072.29,2/25/2026 13:03,ACTIVE
ACC0008898,CUST001922,CHECKING,INR,1580.33,4/9/2024 1:28,ACTIVE
ACC0008899,CUST000074,SAVINGS,INR,308.27,11/6/2024 8:31,ACTIVE
ACC0008900,CUST005286,BUSINESS,AED,2316.96,9/24/2023 17:38,ACTIVE
ACC0008901,CUST008443,SAVINGS,EUR,953.48,1/26/2024 7:29,ACTIVE
ACC0008902,CUST009234,CHECKING,JPY,1418,11/1/2025 1:04,ACTIVE
ACC0008903,CUST000096,SAVINGS,EUR,339.7,6/7/2025 13:02,ACTIVE
ACC0008904,CUST001016,CHECKING,JPY,1329.19,8/17/2025 15:27,CLOSED
ACC0008905,CUST005132,BUSINESS,USD,659.45,11/3/2023 11:22,CLOSED
ACC0008906,CUST006785,CHECKING,USD,437.58,7/17/2022 10:00,CLOSED
ACC0008907,CUST008744,BUSINESS,AED,2646.33,8/7/2024 1:14,CLOSED
ACC0008908,CUST008135,CHECKING,EUR,173.25,3/13/2024 6:33,ACTIVE
ACC0008909,CUST004521,BUSINESS,EUR,2159.71,4/19/2025 23:47,CLOSED
ACC0008910,CUST004014,SAVINGS,EUR,2493.35,4/26/2023 13:38,ACTIVE
ACC0008911,CUST000088,SAVINGS,CAD,381.62,7/3/2023 11:02,ACTIVE
ACC0008912,CUST007660,BUSINESS,AUD,409.77,3/22/2024 7:34,ACTIVE
ACC0008913,CUST005160,BUSINESS,EUR,839.13,3/6/2024 16:13,SUSPENDED
ACC0008914,CUST003975,CHECKING,EUR,1538.32,9/11/2022 12:51,ACTIVE
ACC0008915,CUST007699,CHECKING,JPY,912.85,12/15/2021 19:10,ACTIVE
ACC0008916,CUST008005,BUSINESS,AUD,1845.07,5/25/2022 9:07,SUSPENDED
ACC0008917,CUST009453,CHECKING,EUR,9095.87,2/26/2023 5:52,ACTIVE
ACC0008918,CUST007463,SAVINGS,EUR,596.3,5/11/2026 6:34,ACTIVE
ACC0008919,CUST006035,CHECKING,EUR,140.02,11/21/2021 5:41,ACTIVE
ACC0008920,CUST000072,BUSINESS,JPY,2954.57,3/2/2023 7:01,ACTIVE
ACC0008921,CUST005254,BUSINESS,EUR,8266.59,7/31/2026 5:16,ACTIVE
ACC0008922,CUST001938,BUSINESS,AED,1756.93,3/19/2022 12:31,SUSPENDED
ACC0008923,CUST005371,SAVINGS,USD,297.29,3/25/2024 21:35,ACTIVE
ACC0008924,CUST004896,SAVINGS,JPY,945.14,5/11/2023 21:28,ACTIVE
ACC0008925,CUST008883,BUSINESS,EUR,286.51,7/17/2026 19:22,ACTIVE
ACC0008926,CUST008880,SAVINGS,USD,2371.85,11/6/2023 13:27,ACTIVE
ACC0008927,CUST007942,SAVINGS,AUD,216.69,11/20/2022 17:29,ACTIVE
ACC0008928,CUST006272,CHECKING,EUR,764.98,2/9/2022 7:51,SUSPENDED
ACC0008929,CUST002697,BUSINESS,SGD,328.58,6/4/2025 3:46,ACTIVE
ACC0008930,CUST000044,SAVINGS,GBP,1276.9,11/6/2023 22:57,ACTIVE
ACC0008931,CUST005644,SAVINGS,USD,706.55,11/29/2025 0:34,ACTIVE
ACC0008932,CUST003012,CHECKING,AED,1355.76,2/17/2022 16:47,ACTIVE
ACC0008933,CUST002295,BUSINESS,EUR,1126.44,3/25/2022 14:00,ACTIVE
ACC0008934,CUST001196,SAVINGS,PKR,335.63,7/3/2024 1:45,ACTIVE
ACC0008935,CUST000919,CHECKING,EUR,2326.81,9/16/2024 0:59,ACTIVE
ACC0008936,CUST005399,CHECKING,EUR,1034.3,7/18/2025 10:14,ACTIVE
ACC0008937,CUST007670,CHECKING,AUD,334.88,1/22/2023 23:39,ACTIVE
ACC0008938,CUST007172,BUSINESS,AUD,16140.9,2/17/2022 11:05,SUSPENDED
ACC0008939,CUST007766,BUSINESS,EUR,1942.47,8/7/2024 22:37,ACTIVE
ACC0008940,CUST000221,BUSINESS,GBP,912.41,12/3/2024 5:38,ACTIVE
ACC0008941,CUST002001,CHECKING,SGD,5992.39,4/28/2024 8:40,SUSPENDED
ACC0008942,CUST001973,BUSINESS,EUR,9998.38,10/23/2022 19:21,CLOSED
ACC0008943,CUST004379,CHECKING,GBP,921.11,2/7/2023 12:06,SUSPENDED
ACC0008944,CUST000402,SAVINGS,AUD,1663.83,7/9/2025 13:29,CLOSED
ACC0008945,CUST001517,SAVINGS,AED,335.09,4/26/2022 19:36,ACTIVE
ACC0008946,CUST002084,CHECKING,USD,919.08,10/28/2022 21:28,CLOSED
ACC0008947,CUST000054,SAVINGS,JPY,863.61,3/20/2025 13:55,ACTIVE
ACC0008948,CUST000684,SAVINGS,GBP,1368.94,4/26/2026 17:52,CLOSED
ACC0008949,CUST006123,CHECKING,EUR,1634.86,10/21/2021 19:26,ACTIVE
ACC0008950,CUST007010,BUSINESS,CAD,2146.93,8/6/2025 5:29,SUSPENDED
ACC0008951,CUST003488,CHECKING,CAD,1458.51,10/24/2024 9:04,ACTIVE
ACC0008952,CUST007747,SAVINGS,INR,256.49,12/13/2021 23:01,CLOSED
ACC0008953,CUST002383,SAVINGS,EUR,355.61,2/8/2022 12:35,SUSPENDED
ACC0008954,CUST009368,BUSINESS,EUR,569.24,7/3/2026 11:17,ACTIVE
ACC0008955,CUST007342,CHECKING,JPY,781.58,12/9/2024 17:40,SUSPENDED
ACC0008956,CUST007627,BUSINESS,EUR,3869.69,7/16/2025 15:01,ACTIVE
ACC0008957,CUST000689,BUSINESS,SGD,271.64,9/7/2021 15:55,ACTIVE
ACC0008958,CUST006057,CHECKING,JPY,714.16,1/5/2026 0:18,ACTIVE
ACC0008959,CUST009876,CHECKING,INR,3441.32,8/28/2023 17:31,ACTIVE
ACC0008960,CUST000840,SAVINGS,USD,765.21,5/28/2023 3:14,ACTIVE
ACC0008961,CUST003256,SAVINGS,AUD,1905.5,1/29/2026 4:41,ACTIVE
ACC0008962,CUST007192,CHECKING,EUR,927.55,2/19/2026 11:23,ACTIVE
ACC0008963,CUST004943,CHECKING,JPY,1492.4,2/18/2026 20:13,ACTIVE
ACC0008964,CUST007819,CHECKING,EUR,833.67,9/23/2021 3:37,SUSPENDED
ACC0008965,CUST004868,BUSINESS,GBP,2441.77,4/18/2025 16:07,ACTIVE
ACC0008966,CUST002244,BUSINESS,EUR,171.73,6/9/2026 10:04,ACTIVE
ACC0008967,CUST008769,CHECKING,EUR,709.12,7/23/2025 22:36,SUSPENDED
ACC0008968,CUST003635,SAVINGS,EUR,1565.39,8/27/2023 4:24,ACTIVE
ACC0008969,CUST009480,SAVINGS,EUR,2080.65,5/3/2023 9:48,ACTIVE
ACC0008970,CUST007057,SAVINGS,EUR,6578.38,2/25/2026 14:52,ACTIVE
ACC0008971,CUST007005,SAVINGS,EUR,685.93,9/29/2022 2:11,CLOSED
ACC0008972,CUST003195,CHECKING,AED,6472.89,12/17/2025 12:55,CLOSED
ACC0008973,CUST005018,BUSINESS,SGD,497.29,10/4/2025 3:30,ACTIVE
ACC0008974,CUST009768,SAVINGS,PKR,5401.2,12/22/2025 4:46,ACTIVE
ACC0008975,CUST006893,BUSINESS,SGD,2924.74,4/30/2022 12:32,ACTIVE
ACC0008976,CUST006032,CHECKING,AED,366.45,5/30/2025 17:38,SUSPENDED
ACC0008977,CUST009563,SAVINGS,SGD,1585.17,12/7/2022 5:51,ACTIVE
ACC0008978,CUST004810,SAVINGS,GBP,1031.24,4/30/2023 4:03,CLOSED
ACC0008979,CUST003813,BUSINESS,GBP,2323.2,7/11/2024 0:18,ACTIVE
ACC0008980,CUST008751,SAVINGS,EUR,838.89,3/13/2023 20:08,SUSPENDED
ACC0008981,CUST009021,BUSINESS,SGD,758.47,5/26/2026 18:54,ACTIVE
ACC0008982,CUST006732,CHECKING,EUR,5669.82,3/24/2026 0:49,ACTIVE
ACC0008983,CUST000760,CHECKING,EUR,974.12,7/20/2022 18:46,ACTIVE
ACC0008984,CUST000129,SAVINGS,EUR,2956.34,9/3/2024 17:03,ACTIVE
ACC0008985,CUST003444,CHECKING,AED,836.79,6/19/2022 0:58,ACTIVE
ACC0008986,CUST008490,BUSINESS,EUR,8103.05,4/8/2023 21:42,CLOSED
ACC0008987,CUST003921,CHECKING,INR,485.9,5/1/2025 11:38,CLOSED
ACC0008988,CUST009339,SAVINGS,USD,524.81,2/3/2023 2:36,ACTIVE
ACC0008989,CUST002379,SAVINGS,PKR,6832.33,12/14/2025 2:18,ACTIVE
ACC0008990,CUST002516,SAVINGS,SGD,642.95,11/22/2025 4:30,ACTIVE
ACC0008991,CUST004236,CHECKING,USD,7489.74,6/26/2022 2:24,ACTIVE
ACC0008992,CUST005085,CHECKING,EUR,3197.77,11/10/2021 15:30,SUSPENDED
ACC0008993,CUST007136,SAVINGS,USD,910.89,11/6/2021 12:08,ACTIVE
ACC0008994,CUST008440,SAVINGS,JPY,124.47,3/6/2023 2:36,ACTIVE
ACC0008995,CUST000658,SAVINGS,PKR,1071.5,6/9/2023 9:39,CLOSED
ACC0008996,CUST002504,SAVINGS,AUD,1238.87,7/26/2026 20:19,ACTIVE
ACC0008997,CUST002625,SAVINGS,AUD,4450.01,8/28/2025 7:05,ACTIVE
ACC0008998,CUST007810,BUSINESS,AED,7377.11,6/30/2025 14:05,SUSPENDED
ACC0008999,CUST009929,SAVINGS,GBP,482.03,10/14/2021 5:24,ACTIVE
ACC0009000,CUST003319,SAVINGS,PKR,2868.14,12/9/2023 8:26,SUSPENDED
ACC0009001,CUST000475,SAVINGS,AUD,2747.6,7/13/2023 6:40,ACTIVE
ACC0009002,CUST007955,CHECKING,EUR,3976.25,3/21/2022 8:10,SUSPENDED
ACC0009003,CUST000949,BUSINESS,EUR,1995.06,6/1/2023 17:03,SUSPENDED
ACC0009004,CUST002413,CHECKING,EUR,106.59,2/17/2024 23:08,ACTIVE
ACC0009005,CUST000708,BUSINESS,AED,910.04,9/1/2024 6:10,ACTIVE
ACC0009006,CUST000485,CHECKING,EUR,274.01,10/21/2024 1:52,SUSPENDED
ACC0009007,CUST009516,BUSINESS,EUR,859.95,3/9/2022 19:21,ACTIVE
ACC0009008,CUST004827,SAVINGS,PKR,3554.63,2/11/2025 19:05,ACTIVE
ACC0009009,CUST000826,BUSINESS,PKR,1581.58,5/27/2023 4:54,CLOSED
ACC0009010,CUST007647,SAVINGS,PKR,4349.03,2/27/2026 0:57,ACTIVE
ACC0009011,CUST008580,BUSINESS,INR,1652.6,1/4/2026 21:44,ACTIVE
ACC0009012,CUST002271,CHECKING,CAD,230.91,12/10/2025 14:27,ACTIVE
ACC0009013,CUST009232,BUSINESS,EUR,53.25,9/17/2023 5:24,CLOSED
ACC0009014,CUST006784,CHECKING,AED,1311.03,3/2/2023 16:32,ACTIVE
ACC0009015,CUST007544,BUSINESS,EUR,848.35,12/8/2025 7:34,CLOSED
ACC0009016,CUST002849,BUSINESS,JPY,339.56,5/30/2025 9:58,CLOSED
ACC0009017,CUST001115,SAVINGS,AED,142.49,8/17/2022 8:28,SUSPENDED
ACC0009018,CUST009405,SAVINGS,PKR,454.1,12/29/2021 9:56,ACTIVE
ACC0009019,CUST000226,SAVINGS,JPY,868.36,10/19/2024 1:57,ACTIVE
ACC0009020,CUST008261,BUSINESS,EUR,2438.29,8/4/2025 14:33,SUSPENDED
ACC0009021,CUST001038,CHECKING,EUR,1375.2,5/20/2024 19:23,ACTIVE
ACC0009022,CUST009634,CHECKING,EUR,7552.85,11/28/2023 2:15,ACTIVE
ACC0009023,CUST002678,SAVINGS,AUD,316.48,4/16/2026 21:11,ACTIVE
ACC0009024,CUST008918,BUSINESS,AED,3156.66,4/23/2022 17:20,ACTIVE
ACC0009025,CUST006184,SAVINGS,GBP,1160.68,8/19/2022 20:38,SUSPENDED
ACC0009026,CUST000381,SAVINGS,AED,2524.01,4/17/2022 7:29,SUSPENDED
ACC0009027,CUST001231,BUSINESS,SGD,649.49,3/13/2026 11:05,ACTIVE
ACC0009028,CUST009778,CHECKING,EUR,3968,10/7/2021 12:41,ACTIVE
ACC0009029,CUST004678,CHECKING,PKR,1562.86,5/27/2026 0:07,CLOSED
ACC0009030,CUST009989,SAVINGS,JPY,485.25,6/1/2022 17:53,SUSPENDED
ACC0009031,CUST007256,CHECKING,GBP,1080.92,2/17/2025 16:53,ACTIVE
ACC0009032,CUST002021,CHECKING,AUD,822.65,5/12/2025 14:34,SUSPENDED
ACC0009033,CUST001021,BUSINESS,PKR,1972.42,9/22/2021 19:53,ACTIVE
ACC0009034,CUST004332,BUSINESS,JPY,266.21,4/16/2026 17:20,CLOSED
ACC0009035,CUST000072,BUSINESS,JPY,1058.68,6/30/2026 6:58,SUSPENDED
ACC0009036,CUST005665,BUSINESS,EUR,1762.29,5/2/2026 1:16,ACTIVE
ACC0009037,CUST004218,BUSINESS,EUR,1140.96,7/27/2022 22:45,ACTIVE
ACC0009038,CUST009028,BUSINESS,EUR,5521.08,8/25/2022 22:43,ACTIVE
ACC0009039,CUST004452,BUSINESS,EUR,2776.17,12/21/2022 0:53,ACTIVE
ACC0009040,CUST003153,SAVINGS,EUR,1086.83,12/22/2025 10:00,ACTIVE
ACC0009041,CUST005216,BUSINESS,PKR,1422.29,8/6/2022 11:55,ACTIVE
ACC0009042,CUST007502,BUSINESS,AUD,1563.68,3/13/2024 4:56,CLOSED
ACC0009043,CUST002220,SAVINGS,EUR,1779.27,10/5/2025 8:11,ACTIVE
ACC0009044,CUST002995,CHECKING,EUR,122.63,6/27/2022 14:42,ACTIVE
ACC0009045,CUST001151,BUSINESS,CAD,763.69,11/30/2023 10:13,SUSPENDED
ACC0009046,CUST000485,SAVINGS,EUR,184.69,9/2/2023 19:33,CLOSED
ACC0009047,CUST006923,BUSINESS,EUR,5084.42,5/5/2026 17:51,CLOSED
ACC0009048,CUST006800,SAVINGS,EUR,1019.41,3/3/2024 3:52,ACTIVE
ACC0009049,CUST005246,BUSINESS,EUR,869.56,12/3/2021 18:25,SUSPENDED
ACC0009050,CUST009470,SAVINGS,EUR,3216.85,7/24/2022 21:50,CLOSED
ACC0009051,CUST004976,CHECKING,EUR,1820.36,6/1/2022 18:08,CLOSED
ACC0009052,CUST000399,BUSINESS,PKR,283.05,7/13/2024 18:38,ACTIVE
ACC0009053,CUST009106,CHECKING,EUR,1007.18,1/23/2024 4:08,CLOSED
ACC0009054,CUST003468,SAVINGS,EUR,733.48,11/23/2021 23:58,SUSPENDED
ACC0009055,CUST002835,BUSINESS,EUR,135.17,5/14/2023 11:44,ACTIVE
ACC0009056,CUST003952,SAVINGS,CAD,478.98,4/29/2023 1:51,ACTIVE
ACC0009057,CUST002077,SAVINGS,INR,879.85,7/17/2024 9:25,CLOSED
ACC0009058,CUST008617,BUSINESS,GBP,955.33,4/6/2025 4:15,ACTIVE
ACC0009059,CUST000379,SAVINGS,EUR,185.18,8/12/2026 8:23,ACTIVE
ACC0009060,CUST005467,SAVINGS,EUR,4367.73,2/11/2022 19:16,ACTIVE
ACC0009061,CUST008856,BUSINESS,EUR,970.17,3/1/2022 22:02,ACTIVE
ACC0009062,CUST003850,BUSINESS,EUR,1147.18,7/22/2025 16:42,CLOSED
ACC0009063,CUST007203,CHECKING,EUR,1773.61,12/25/2021 5:49,CLOSED
ACC0009064,CUST001276,SAVINGS,EUR,425.94,6/10/2024 13:36,ACTIVE
ACC0009065,CUST001957,SAVINGS,EUR,1896.24,4/26/2024 17:52,CLOSED
ACC0009066,CUST005542,SAVINGS,EUR,705.93,5/20/2023 0:46,ACTIVE
ACC0009067,CUST004426,SAVINGS,PKR,373.94,10/16/2021 14:00,SUSPENDED
ACC0009068,CUST009868,SAVINGS,AUD,2182.31,4/17/2025 14:22,CLOSED
ACC0009069,CUST004130,CHECKING,EUR,6568.29,10/16/2022 22:03,ACTIVE
ACC0009070,CUST001823,SAVINGS,JPY,2617.03,10/30/2025 23:13,SUSPENDED
ACC0009071,CUST002606,SAVINGS,AED,3319.51,6/13/2025 14:26,ACTIVE
ACC0009072,CUST000640,SAVINGS,EUR,587.13,5/9/2022 14:41,CLOSED
ACC0009073,CUST007825,SAVINGS,USD,161.23,5/8/2026 17:49,ACTIVE
ACC0009074,CUST002210,CHECKING,PKR,6556.19,3/20/2025 11:25,SUSPENDED
ACC0009075,CUST005062,CHECKING,SGD,12905.62,8/17/2026 1:47,ACTIVE
ACC0009076,CUST008534,SAVINGS,EUR,6983.94,1/17/2026 22:46,CLOSED
ACC0009077,CUST006570,SAVINGS,USD,732.93,2/20/2025 7:03,ACTIVE
ACC0009078,CUST001884,SAVINGS,EUR,274.36,3/17/2026 4:11,ACTIVE
ACC0009079,CUST007357,SAVINGS,EUR,305.27,5/6/2023 3:20,ACTIVE
ACC0009080,CUST006328,CHECKING,SGD,145.4,2/26/2022 8:23,ACTIVE
ACC0009081,CUST009829,BUSINESS,SGD,964.05,8/6/2022 0:48,CLOSED
ACC0009082,CUST007960,BUSINESS,GBP,7531.23,6/6/2025 10:42,CLOSED
ACC0009083,CUST005188,SAVINGS,EUR,925.2,11/8/2025 19:24,ACTIVE
ACC0009084,CUST002052,SAVINGS,CAD,1576.22,3/29/2025 6:47,ACTIVE
ACC0009085,CUST004927,CHECKING,EUR,5714.24,2/25/2023 1:29,ACTIVE
ACC0009086,CUST005474,BUSINESS,EUR,675.25,2/5/2025 19:45,ACTIVE
ACC0009087,CUST006585,SAVINGS,SGD,12614.95,2/7/2022 3:55,ACTIVE
ACC0009088,CUST009997,CHECKING,EUR,11974.24,10/22/2023 17:30,SUSPENDED
ACC0009089,CUST009947,CHECKING,GBP,936.98,11/21/2022 5:10,ACTIVE
ACC0009090,CUST002655,CHECKING,INR,548.37,9/24/2025 5:45,CLOSED
ACC0009091,CUST006882,SAVINGS,EUR,2531.8,4/6/2024 7:15,SUSPENDED
ACC0009092,CUST004446,CHECKING,AUD,722.68,10/20/2024 2:36,ACTIVE
ACC0009093,CUST000385,CHECKING,EUR,273.73,9/28/2023 7:37,ACTIVE
ACC0009094,CUST004257,CHECKING,GBP,5102.5,8/24/2025 7:15,ACTIVE
ACC0009095,CUST008467,CHECKING,PKR,4720.82,10/22/2024 9:02,ACTIVE
ACC0009096,CUST003824,BUSINESS,AUD,1321.62,1/23/2025 16:24,ACTIVE
ACC0009097,CUST008808,BUSINESS,EUR,240.94,3/12/2025 2:46,ACTIVE
ACC0009098,CUST003877,BUSINESS,EUR,250.78,4/30/2026 4:25,ACTIVE
ACC0009099,CUST003325,BUSINESS,USD,1247.22,1/21/2023 7:13,CLOSED
ACC0009100,CUST009926,BUSINESS,EUR,601.94,1/7/2025 5:01,ACTIVE
ACC0009101,CUST002259,CHECKING,EUR,728.28,2/22/2022 13:38,ACTIVE
ACC0009102,CUST004144,SAVINGS,EUR,3738.19,1/27/2025 15:01,CLOSED
ACC0009103,CUST008209,BUSINESS,INR,2643.38,11/17/2022 4:28,ACTIVE
ACC0009104,CUST003060,BUSINESS,EUR,5731.72,6/2/2026 8:29,ACTIVE
ACC0009105,CUST007058,CHECKING,GBP,334.04,10/23/2021 8:07,ACTIVE
ACC0009106,CUST003714,SAVINGS,AUD,726.45,4/4/2024 23:51,ACTIVE
ACC0009107,CUST006111,SAVINGS,USD,2726.51,8/28/2022 22:37,ACTIVE
ACC0009108,CUST009088,CHECKING,CAD,1877.5,6/22/2025 13:59,SUSPENDED
ACC0009109,CUST005115,CHECKING,EUR,6897.1,10/28/2024 21:12,ACTIVE
ACC0009110,CUST001298,BUSINESS,INR,1816.46,5/18/2026 13:15,ACTIVE
ACC0009111,CUST009497,CHECKING,EUR,10074.18,3/18/2026 20:28,ACTIVE
ACC0009112,CUST002387,SAVINGS,PKR,2096.49,7/5/2023 10:22,ACTIVE
ACC0009113,CUST005991,CHECKING,GBP,3922.96,1/2/2022 5:23,CLOSED
ACC0009114,CUST006534,CHECKING,USD,743.81,9/1/2023 9:07,ACTIVE
ACC0009115,CUST001265,CHECKING,PKR,1115.6,7/24/2023 5:10,ACTIVE
ACC0009116,CUST006760,SAVINGS,EUR,3271.92,7/21/2024 13:30,ACTIVE
ACC0009117,CUST000596,BUSINESS,AED,7597.49,1/31/2022 5:12,ACTIVE
ACC0009118,CUST001237,SAVINGS,EUR,2630.91,11/18/2021 4:07,SUSPENDED
ACC0009119,CUST000595,BUSINESS,EUR,992.47,6/24/2023 9:57,ACTIVE
ACC0009120,CUST000105,CHECKING,PKR,5726.17,6/4/2025 20:33,SUSPENDED
ACC0009121,CUST001743,SAVINGS,GBP,79.01,12/1/2024 3:44,ACTIVE
ACC0009122,CUST005827,BUSINESS,SGD,199,12/29/2024 18:49,SUSPENDED
ACC0009123,CUST005294,SAVINGS,EUR,2484.83,12/24/2021 20:00,ACTIVE
ACC0009124,CUST005096,BUSINESS,GBP,1115.36,12/8/2021 8:55,ACTIVE
ACC0009125,CUST000635,CHECKING,EUR,2267.92,3/6/2023 17:44,ACTIVE
ACC0009126,CUST007776,BUSINESS,CAD,1184.75,1/25/2026 11:31,ACTIVE
ACC0009127,CUST006556,CHECKING,AUD,2175.76,4/25/2024 6:26,CLOSED
ACC0009128,CUST008044,BUSINESS,EUR,412.7,6/8/2024 13:25,ACTIVE
ACC0009129,CUST002561,CHECKING,EUR,2174.56,3/1/2022 2:21,CLOSED
ACC0009130,CUST005158,CHECKING,CAD,3616.63,6/4/2023 13:36,CLOSED
ACC0009131,CUST002139,SAVINGS,PKR,4744.12,5/17/2026 7:24,CLOSED
ACC0009132,CUST009010,BUSINESS,INR,12286.61,1/12/2024 22:05,SUSPENDED
ACC0009133,CUST007500,BUSINESS,GBP,1469.85,5/20/2025 7:55,ACTIVE
ACC0009134,CUST000926,SAVINGS,INR,1523.39,5/2/2022 9:29,ACTIVE
ACC0009135,CUST002587,CHECKING,USD,176.3,9/14/2021 18:30,ACTIVE
ACC0009136,CUST006502,SAVINGS,EUR,579.58,3/21/2025 12:43,ACTIVE
ACC0009137,CUST009332,CHECKING,PKR,869.83,1/15/2026 0:34,ACTIVE
ACC0009138,CUST007331,CHECKING,EUR,3867.58,11/6/2025 4:10,CLOSED
ACC0009139,CUST008720,BUSINESS,EUR,526.79,4/18/2023 10:56,CLOSED
ACC0009140,CUST006620,CHECKING,JPY,2851.52,4/13/2022 13:58,ACTIVE
ACC0009141,CUST008105,CHECKING,SGD,1094.5,8/18/2025 21:05,ACTIVE
ACC0009142,CUST004143,CHECKING,EUR,886.6,10/3/2023 18:14,CLOSED
ACC0009143,CUST002406,SAVINGS,EUR,1478.34,4/26/2025 6:46,ACTIVE
ACC0009144,CUST000368,SAVINGS,EUR,685.82,6/17/2025 1:16,ACTIVE
ACC0009145,CUST002886,CHECKING,GBP,655.34,12/1/2022 11:24,ACTIVE
ACC0009146,CUST006890,SAVINGS,PKR,141.78,10/8/2023 6:29,ACTIVE
ACC0009147,CUST005081,BUSINESS,INR,814.4,4/27/2022 7:02,CLOSED
ACC0009148,CUST005024,BUSINESS,PKR,616.49,2/22/2022 5:11,ACTIVE
ACC0009149,CUST005545,CHECKING,USD,590.41,9/2/2022 19:14,ACTIVE
ACC0009150,CUST005835,CHECKING,EUR,1808.49,11/27/2021 18:18,ACTIVE
ACC0009151,CUST003154,SAVINGS,EUR,2417.18,2/10/2024 11:20,ACTIVE
ACC0009152,CUST008034,BUSINESS,EUR,1449.01,8/27/2024 6:46,ACTIVE
ACC0009153,CUST001304,CHECKING,USD,3620.97,7/24/2026 5:04,ACTIVE
ACC0009154,CUST000244,CHECKING,GBP,2187.85,8/8/2025 5:32,SUSPENDED
ACC0009155,CUST006128,BUSINESS,AUD,769.65,9/1/2024 7:50,SUSPENDED
ACC0009156,CUST005774,CHECKING,PKR,629.28,7/14/2022 7:50,CLOSED
ACC0009157,CUST009002,BUSINESS,EUR,1596.21,10/9/2023 10:30,CLOSED
ACC0009158,CUST008168,SAVINGS,AUD,2183.14,11/28/2021 10:34,ACTIVE
ACC0009159,CUST009823,BUSINESS,GBP,5868.85,7/30/2022 6:38,SUSPENDED
ACC0009160,CUST008087,SAVINGS,AED,4579.79,1/22/2023 1:39,SUSPENDED
ACC0009161,CUST003069,CHECKING,EUR,572.63,9/25/2021 16:39,ACTIVE
ACC0009162,CUST001143,BUSINESS,AED,970.29,11/23/2025 0:16,ACTIVE
ACC0009163,CUST005295,CHECKING,CAD,2453.38,7/21/2023 4:18,SUSPENDED
ACC0009164,CUST002699,CHECKING,EUR,3950.5,11/3/2021 10:22,ACTIVE
ACC0009165,CUST001622,SAVINGS,INR,3383.83,4/11/2026 9:38,ACTIVE
ACC0009166,CUST003785,CHECKING,AED,1015.71,4/24/2022 2:47,CLOSED
ACC0009167,CUST004033,BUSINESS,GBP,243.51,11/4/2024 16:58,ACTIVE
ACC0009168,CUST009882,SAVINGS,EUR,330.72,5/9/2023 14:25,ACTIVE
ACC0009169,CUST004576,SAVINGS,EUR,1521.06,2/9/2024 3:13,CLOSED
ACC0009170,CUST004707,CHECKING,AED,1653.53,11/28/2025 8:54,ACTIVE
ACC0009171,CUST002384,BUSINESS,EUR,293.41,8/15/2022 20:07,CLOSED
ACC0009172,CUST005065,SAVINGS,CAD,1156.88,5/9/2022 17:13,CLOSED
ACC0009173,CUST007481,BUSINESS,EUR,2338.98,10/29/2021 17:27,ACTIVE
ACC0009174,CUST008174,BUSINESS,EUR,275.48,7/13/2024 22:15,CLOSED
ACC0009175,CUST004627,BUSINESS,PKR,4129.85,10/27/2021 17:51,ACTIVE
ACC0009176,CUST004833,SAVINGS,EUR,697.12,10/17/2022 9:46,ACTIVE
ACC0009177,CUST002122,SAVINGS,EUR,4959.87,8/1/2025 11:06,CLOSED
ACC0009178,CUST006445,BUSINESS,USD,578.16,1/27/2023 0:03,ACTIVE
ACC0009179,CUST007878,CHECKING,CAD,319.91,6/17/2024 4:48,CLOSED
ACC0009180,CUST008355,CHECKING,EUR,632.85,5/18/2025 10:08,CLOSED
ACC0009181,CUST004847,CHECKING,CAD,978.31,7/14/2025 13:49,SUSPENDED
ACC0009182,CUST000167,SAVINGS,EUR,688.02,2/12/2023 6:40,ACTIVE
ACC0009183,CUST001221,CHECKING,CAD,846.24,5/3/2025 8:19,ACTIVE
ACC0009184,CUST009773,BUSINESS,EUR,1637.23,5/11/2022 15:12,ACTIVE
ACC0009185,CUST009160,SAVINGS,EUR,893,5/10/2024 4:38,ACTIVE
ACC0009186,CUST002847,BUSINESS,EUR,1012.99,3/3/2026 21:08,SUSPENDED
ACC0009187,CUST002705,BUSINESS,USD,141.02,4/12/2024 13:11,SUSPENDED
ACC0009188,CUST004058,CHECKING,AUD,1754.67,9/17/2023 13:59,ACTIVE
ACC0009189,CUST004255,CHECKING,EUR,985.31,12/9/2024 23:00,ACTIVE
ACC0009190,CUST002109,BUSINESS,USD,7573.05,8/9/2022 14:54,ACTIVE
ACC0009191,CUST006942,SAVINGS,EUR,355.14,1/11/2023 15:13,SUSPENDED
ACC0009192,CUST005713,BUSINESS,SGD,125.22,11/14/2025 6:13,ACTIVE
ACC0009193,CUST000825,CHECKING,CAD,2302.34,4/8/2023 4:36,ACTIVE
ACC0009194,CUST008450,BUSINESS,EUR,1662.09,8/18/2024 3:11,ACTIVE
ACC0009195,CUST000029,SAVINGS,JPY,326.97,6/4/2026 8:55,CLOSED
ACC0009196,CUST005960,SAVINGS,EUR,174.92,9/11/2024 2:55,SUSPENDED
ACC0009197,CUST009388,BUSINESS,AED,6938.74,4/13/2026 16:29,ACTIVE
ACC0009198,CUST005926,BUSINESS,EUR,5984.53,11/23/2022 18:38,CLOSED
ACC0009199,CUST004277,CHECKING,SGD,55.43,2/12/2024 18:07,ACTIVE
ACC0009200,CUST005747,SAVINGS,EUR,632.79,4/22/2023 18:09,ACTIVE
ACC0009201,CUST001917,BUSINESS,EUR,8079.06,3/8/2024 15:28,ACTIVE
ACC0009202,CUST003653,SAVINGS,EUR,619.38,2/13/2026 0:39,ACTIVE
ACC0009203,CUST004346,SAVINGS,PKR,608.66,12/13/2022 7:47,ACTIVE
ACC0009204,CUST007658,BUSINESS,SGD,781.09,11/11/2022 17:55,ACTIVE
ACC0009205,CUST008424,CHECKING,EUR,285.69,2/10/2026 21:08,ACTIVE
ACC0009206,CUST003547,CHECKING,GBP,141.78,9/16/2021 18:44,CLOSED
ACC0009207,CUST003922,BUSINESS,EUR,3877.93,12/25/2025 12:55,ACTIVE
ACC0009208,CUST010000,BUSINESS,USD,120.12,6/21/2024 13:28,ACTIVE
ACC0009209,CUST003911,SAVINGS,JPY,1475.46,6/17/2025 1:21,ACTIVE
ACC0009210,CUST008846,BUSINESS,EUR,3177.64,11/20/2024 6:21,CLOSED
ACC0009211,CUST004416,SAVINGS,EUR,192.2,1/31/2023 3:48,SUSPENDED
ACC0009212,CUST000337,BUSINESS,EUR,361.72,6/12/2023 12:56,ACTIVE
ACC0009213,CUST003429,BUSINESS,CAD,4702.34,12/3/2024 6:34,CLOSED
ACC0009214,CUST002024,CHECKING,USD,2078.64,2/7/2023 5:44,SUSPENDED
ACC0009215,CUST002680,CHECKING,AED,522.83,9/1/2023 2:49,CLOSED
ACC0009216,CUST001651,CHECKING,AED,4641.06,7/20/2026 5:52,ACTIVE
ACC0009217,CUST006447,SAVINGS,JPY,4665,5/8/2022 13:10,CLOSED
ACC0009218,CUST002494,CHECKING,EUR,1514.53,2/19/2025 0:27,CLOSED
ACC0009219,CUST008371,CHECKING,GBP,372.34,7/19/2022 2:33,ACTIVE
ACC0009220,CUST004195,SAVINGS,AED,667.72,10/11/2023 4:08,ACTIVE
ACC0009221,CUST009071,BUSINESS,PKR,1546.37,7/13/2024 12:25,SUSPENDED
ACC0009222,CUST003563,SAVINGS,AUD,874.53,8/31/2021 14:24,CLOSED
ACC0009223,CUST007467,CHECKING,EUR,3383.78,11/12/2022 1:24,ACTIVE
ACC0009224,CUST000955,SAVINGS,SGD,174.91,4/16/2024 1:08,ACTIVE
ACC0009225,CUST007274,CHECKING,EUR,182.52,3/9/2026 10:12,SUSPENDED
ACC0009226,CUST006079,BUSINESS,CAD,1362.46,7/27/2024 14:13,CLOSED
ACC0009227,CUST000328,BUSINESS,JPY,607.98,5/8/2024 0:11,ACTIVE
ACC0009228,CUST002133,SAVINGS,JPY,516.74,2/25/2023 8:36,CLOSED
ACC0009229,CUST003561,CHECKING,EUR,131.41,7/6/2024 8:49,ACTIVE
ACC0009230,CUST006631,CHECKING,PKR,1122.66,12/22/2024 2:13,ACTIVE
ACC0009231,CUST003313,CHECKING,CAD,1029.36,1/8/2026 20:12,ACTIVE
ACC0009232,CUST005484,SAVINGS,AUD,2402.28,6/11/2025 13:57,ACTIVE
ACC0009233,CUST000055,SAVINGS,AED,1191.17,2/1/2022 18:21,SUSPENDED
ACC0009234,CUST008607,CHECKING,SGD,935.31,2/12/2026 17:24,ACTIVE
ACC0009235,CUST008046,CHECKING,USD,4502.56,3/17/2026 6:16,ACTIVE
ACC0009236,CUST008412,BUSINESS,AED,227.02,12/28/2021 14:17,CLOSED
ACC0009237,CUST003959,SAVINGS,INR,2087.38,12/24/2024 23:21,SUSPENDED
ACC0009238,CUST008473,SAVINGS,GBP,147.62,5/29/2023 4:49,ACTIVE
ACC0009239,CUST005388,CHECKING,AUD,401,8/16/2024 16:44,CLOSED
ACC0009240,CUST003127,BUSINESS,GBP,255.91,9/23/2025 7:03,SUSPENDED
ACC0009241,CUST007122,CHECKING,EUR,2802.68,11/10/2022 4:25,ACTIVE
ACC0009242,CUST009269,CHECKING,AED,1013.85,7/30/2026 4:26,SUSPENDED
ACC0009243,CUST004925,SAVINGS,SGD,1079.01,12/6/2025 23:30,ACTIVE
ACC0009244,CUST004387,CHECKING,CAD,290.59,4/28/2026 10:42,CLOSED
ACC0009245,CUST009605,BUSINESS,EUR,765.38,11/25/2022 13:54,CLOSED
ACC0009246,CUST003679,BUSINESS,EUR,438.71,1/7/2022 0:57,ACTIVE
ACC0009247,CUST007412,BUSINESS,CAD,1737.4,8/2/2024 14:32,SUSPENDED
ACC0009248,CUST002517,BUSINESS,AED,333.85,3/30/2024 11:56,ACTIVE
ACC0009249,CUST006550,CHECKING,GBP,5408.64,6/11/2022 22:01,CLOSED
ACC0009250,CUST009908,CHECKING,EUR,146.83,9/7/2023 23:26,ACTIVE
ACC0009251,CUST006872,SAVINGS,AED,416.62,8/18/2025 1:47,ACTIVE
ACC0009252,CUST005173,BUSINESS,EUR,8206.16,2/10/2023 21:46,CLOSED
ACC0009253,CUST009459,SAVINGS,JPY,650.56,4/19/2026 20:45,ACTIVE
ACC0009254,CUST007892,SAVINGS,INR,226.36,3/1/2023 7:50,ACTIVE
ACC0009255,CUST008903,BUSINESS,GBP,1426.37,6/21/2022 7:16,ACTIVE
ACC0009256,CUST001620,SAVINGS,GBP,619.88,2/25/2023 21:00,CLOSED
ACC0009257,CUST005432,BUSINESS,INR,402.2,5/18/2025 21:12,ACTIVE
ACC0009258,CUST003164,CHECKING,INR,294.4,5/12/2022 2:48,ACTIVE
ACC0009259,CUST007307,BUSINESS,EUR,30395.45,1/17/2025 16:13,ACTIVE
ACC0009260,CUST001168,BUSINESS,INR,810.89,1/23/2024 19:13,ACTIVE
ACC0009261,CUST004895,SAVINGS,AED,108.78,8/16/2023 1:17,ACTIVE
ACC0009262,CUST006274,CHECKING,CAD,6584.36,8/4/2022 0:55,SUSPENDED
ACC0009263,CUST006931,BUSINESS,EUR,2283.09,1/26/2025 12:01,ACTIVE
ACC0009264,CUST007616,SAVINGS,AUD,437.13,6/28/2024 20:06,ACTIVE
ACC0009265,CUST000829,CHECKING,EUR,357.9,4/25/2026 18:27,ACTIVE
ACC0009266,CUST000335,CHECKING,INR,2460.62,2/23/2022 17:17,ACTIVE
ACC0009267,CUST002811,SAVINGS,PKR,815.42,3/1/2022 1:25,SUSPENDED
ACC0009268,CUST006950,SAVINGS,USD,108.73,2/20/2025 23:34,CLOSED
ACC0009269,CUST009226,SAVINGS,PKR,9364.56,2/3/2026 13:28,SUSPENDED
ACC0009270,CUST007604,CHECKING,USD,651.46,11/26/2023 20:26,ACTIVE
ACC0009271,CUST005752,CHECKING,EUR,6599.08,4/13/2022 19:45,CLOSED
ACC0009272,CUST002052,SAVINGS,CAD,5085.36,4/19/2022 9:10,ACTIVE
ACC0009273,CUST008401,BUSINESS,JPY,329.9,4/14/2025 3:08,ACTIVE
ACC0009274,CUST006911,CHECKING,EUR,3788.89,12/9/2021 13:46,ACTIVE
ACC0009275,CUST000046,SAVINGS,CAD,501.83,1/18/2023 19:55,ACTIVE
ACC0009276,CUST008126,SAVINGS,AUD,116.74,2/9/2022 22:55,SUSPENDED
ACC0009277,CUST003412,CHECKING,USD,658.84,3/9/2022 5:08,CLOSED
ACC0009278,CUST009115,SAVINGS,EUR,1767.22,2/1/2023 1:25,CLOSED
ACC0009279,CUST009430,BUSINESS,PKR,629.37,11/18/2022 8:06,ACTIVE
ACC0009280,CUST008159,SAVINGS,INR,758.65,7/21/2022 18:21,CLOSED
ACC0009281,CUST006305,CHECKING,AUD,4325.48,10/24/2022 6:01,ACTIVE
ACC0009282,CUST006476,BUSINESS,USD,1246.12,9/2/2024 4:13,CLOSED
ACC0009283,CUST007795,SAVINGS,CAD,398.63,3/28/2026 9:18,ACTIVE
ACC0009284,CUST001456,CHECKING,SGD,2546.4,4/8/2024 3:47,CLOSED
ACC0009285,CUST005701,CHECKING,EUR,1390.21,10/29/2025 6:45,CLOSED
ACC0009286,CUST004263,CHECKING,EUR,53.2,12/13/2022 3:13,SUSPENDED
ACC0009287,CUST008061,CHECKING,JPY,1833.58,8/29/2023 23:50,CLOSED
ACC0009288,CUST000431,SAVINGS,EUR,1754.95,2/7/2026 5:56,ACTIVE
ACC0009289,CUST007309,BUSINESS,SGD,1123.43,7/27/2025 6:53,ACTIVE
ACC0009290,CUST001590,SAVINGS,EUR,3197.23,4/19/2024 1:44,CLOSED
ACC0009291,CUST004912,SAVINGS,AUD,489.37,1/11/2026 9:16,CLOSED
ACC0009292,CUST009974,SAVINGS,AED,1642.21,1/28/2024 10:23,ACTIVE
ACC0009293,CUST009728,BUSINESS,EUR,167.28,12/15/2025 15:20,SUSPENDED
ACC0009294,CUST006154,BUSINESS,INR,1787.38,7/4/2026 7:20,ACTIVE
ACC0009295,CUST005171,BUSINESS,AED,11426.28,8/1/2023 15:11,SUSPENDED
ACC0009296,CUST006298,CHECKING,EUR,332.34,2/15/2025 14:31,CLOSED
ACC0009297,CUST004305,BUSINESS,INR,440.64,7/2/2026 13:40,ACTIVE
ACC0009298,CUST009059,SAVINGS,EUR,467.77,12/14/2025 11:27,ACTIVE
ACC0009299,CUST009416,BUSINESS,EUR,1281.77,10/12/2021 15:27,ACTIVE
ACC0009300,CUST008080,SAVINGS,AED,306.24,9/28/2022 13:49,CLOSED
ACC0009301,CUST001220,SAVINGS,SGD,1818.01,1/26/2023 2:56,ACTIVE
ACC0009302,CUST003745,BUSINESS,AED,3029.67,7/4/2024 11:14,CLOSED
ACC0009303,CUST006784,BUSINESS,AED,2082.28,1/15/2022 23:01,ACTIVE
ACC0009304,CUST000091,BUSINESS,EUR,131.35,6/8/2026 6:29,ACTIVE
ACC0009305,CUST000964,SAVINGS,GBP,3619.9,7/18/2022 16:53,CLOSED
ACC0009306,CUST001800,BUSINESS,CAD,3377.33,6/30/2023 3:02,ACTIVE
ACC0009307,CUST005728,CHECKING,PKR,2969.63,10/29/2024 2:32,CLOSED
ACC0009308,CUST001943,CHECKING,EUR,1715.42,8/15/2025 18:18,ACTIVE
ACC0009309,CUST001469,BUSINESS,JPY,1428.28,6/6/2026 10:44,SUSPENDED
ACC0009310,CUST007120,SAVINGS,GBP,3785.25,6/5/2022 10:18,ACTIVE
ACC0009311,CUST000311,SAVINGS,AED,11028.26,6/25/2023 6:51,ACTIVE
ACC0009312,CUST009488,CHECKING,EUR,349.45,8/24/2025 12:16,ACTIVE
ACC0009313,CUST004552,BUSINESS,PKR,3998.8,12/3/2023 23:22,ACTIVE
ACC0009314,CUST006788,SAVINGS,EUR,988.85,3/12/2023 18:58,ACTIVE
ACC0009315,CUST006688,SAVINGS,INR,938.6,7/20/2022 20:56,CLOSED
ACC0009316,CUST007523,BUSINESS,AUD,173.5,3/28/2024 4:56,ACTIVE
ACC0009317,CUST000157,CHECKING,GBP,779.19,4/26/2022 12:40,CLOSED
ACC0009318,CUST005455,CHECKING,EUR,331.39,5/5/2024 11:58,CLOSED
ACC0009319,CUST004429,CHECKING,EUR,628.52,8/25/2025 17:58,ACTIVE
ACC0009320,CUST000025,CHECKING,INR,293.59,11/4/2021 2:25,ACTIVE
ACC0009321,CUST003038,SAVINGS,AED,639.9,6/24/2026 2:27,CLOSED
ACC0009322,CUST006096,SAVINGS,SGD,673.62,11/1/2024 1:46,ACTIVE
ACC0009323,CUST006202,BUSINESS,USD,1231.64,10/10/2022 18:31,ACTIVE
ACC0009324,CUST007561,SAVINGS,EUR,157.95,9/9/2022 23:17,ACTIVE
ACC0009325,CUST006469,SAVINGS,PKR,193.52,3/2/2022 16:13,CLOSED
ACC0009326,CUST007504,CHECKING,USD,1693.07,11/29/2023 11:31,CLOSED
ACC0009327,CUST002282,BUSINESS,SGD,421.19,1/30/2025 2:49,CLOSED
ACC0009328,CUST007809,SAVINGS,EUR,3981.59,9/9/2021 7:01,ACTIVE
ACC0009329,CUST001370,CHECKING,EUR,1437.02,7/26/2024 11:33,ACTIVE
ACC0009330,CUST000045,SAVINGS,EUR,2271.32,3/18/2026 18:00,SUSPENDED
ACC0009331,CUST005316,BUSINESS,GBP,5960.03,6/19/2026 2:15,ACTIVE
ACC0009332,CUST002489,CHECKING,USD,756.23,1/16/2023 21:06,ACTIVE
ACC0009333,CUST000894,BUSINESS,PKR,550.38,2/1/2025 17:26,ACTIVE
ACC0009334,CUST006984,BUSINESS,EUR,3121.42,8/31/2022 11:35,ACTIVE
ACC0009335,CUST001922,SAVINGS,INR,2021.14,8/3/2022 12:27,CLOSED
ACC0009336,CUST007951,BUSINESS,EUR,875.86,11/9/2021 7:13,ACTIVE
ACC0009337,CUST006852,CHECKING,INR,5824.04,3/8/2024 21:47,ACTIVE
ACC0009338,CUST005480,CHECKING,EUR,850.06,2/14/2024 0:24,ACTIVE
ACC0009339,CUST003601,CHECKING,EUR,1140.62,10/12/2025 22:57,ACTIVE
ACC0009340,CUST003340,SAVINGS,EUR,1124.92,2/27/2025 2:31,ACTIVE
ACC0009341,CUST008900,BUSINESS,EUR,357.27,7/30/2022 10:24,ACTIVE
ACC0009342,CUST008041,BUSINESS,GBP,1203.64,1/31/2024 5:17,SUSPENDED
ACC0009343,CUST001152,BUSINESS,SGD,5861.22,7/8/2026 11:54,ACTIVE
ACC0009344,CUST002441,BUSINESS,USD,1870.5,11/28/2023 18:59,ACTIVE
ACC0009345,CUST001023,BUSINESS,SGD,1138.28,5/7/2023 13:58,CLOSED
ACC0009346,CUST006191,CHECKING,EUR,903.14,2/28/2024 4:00,ACTIVE
ACC0009347,CUST000921,SAVINGS,JPY,1631.15,10/5/2021 3:55,ACTIVE
ACC0009348,CUST000828,SAVINGS,CAD,2696.53,8/8/2024 11:21,ACTIVE
ACC0009349,CUST001995,SAVINGS,AUD,2278.08,3/7/2022 1:21,SUSPENDED
ACC0009350,CUST000895,CHECKING,EUR,736.39,4/28/2022 6:33,ACTIVE
ACC0009351,CUST007531,CHECKING,JPY,1619.28,8/13/2023 1:44,ACTIVE
ACC0009352,CUST009441,CHECKING,PKR,1950.67,3/7/2025 18:40,ACTIVE
ACC0009353,CUST001941,CHECKING,CAD,327.46,11/27/2025 4:03,ACTIVE
ACC0009354,CUST009407,BUSINESS,USD,1341.95,7/5/2022 1:36,CLOSED
ACC0009355,CUST007689,SAVINGS,USD,81.98,4/1/2024 19:57,SUSPENDED
ACC0009356,CUST007058,BUSINESS,GBP,1956.75,10/20/2024 11:32,ACTIVE
ACC0009357,CUST001703,BUSINESS,USD,2422.15,7/7/2025 10:26,SUSPENDED
ACC0009358,CUST004671,SAVINGS,EUR,2689.35,4/29/2024 4:46,ACTIVE
ACC0009359,CUST000529,BUSINESS,AUD,682.62,11/3/2023 0:23,SUSPENDED
ACC0009360,CUST006345,BUSINESS,SGD,1588.99,9/24/2024 6:44,ACTIVE
ACC0009361,CUST009004,SAVINGS,EUR,6055.64,1/29/2023 11:13,ACTIVE
ACC0009362,CUST006885,CHECKING,AED,5982.08,7/10/2023 3:44,ACTIVE
ACC0009363,CUST002451,BUSINESS,PKR,1058.91,5/2/2024 23:58,SUSPENDED
ACC0009364,CUST003588,CHECKING,CAD,1296.19,10/18/2024 12:36,SUSPENDED
ACC0009365,CUST008030,BUSINESS,EUR,4159.26,1/4/2026 3:04,SUSPENDED
ACC0009366,CUST005095,BUSINESS,INR,181.1,8/15/2025 8:55,ACTIVE
ACC0009367,CUST007411,BUSINESS,EUR,744.2,9/19/2022 13:57,SUSPENDED
ACC0009368,CUST008331,BUSINESS,EUR,5446.26,8/9/2026 13:42,ACTIVE
ACC0009369,CUST004194,CHECKING,INR,3534.19,5/2/2024 12:29,ACTIVE
ACC0009370,CUST005706,BUSINESS,SGD,1708.07,10/2/2024 14:00,ACTIVE
ACC0009371,CUST008701,BUSINESS,PKR,180.01,9/3/2021 23:55,ACTIVE
ACC0009372,CUST008813,BUSINESS,EUR,1032.88,8/18/2024 7:26,ACTIVE
ACC0009373,CUST002900,SAVINGS,AED,540.29,10/1/2024 17:59,ACTIVE
ACC0009374,CUST008229,CHECKING,AED,1631.49,11/25/2022 4:49,CLOSED
ACC0009375,CUST003840,CHECKING,GBP,415.21,1/13/2024 10:31,ACTIVE
ACC0009376,CUST009337,BUSINESS,EUR,320.26,3/26/2022 7:48,ACTIVE
ACC0009377,CUST001062,SAVINGS,AUD,92.03,6/29/2022 14:41,ACTIVE
ACC0009378,CUST007998,SAVINGS,CAD,4751.26,9/4/2021 10:11,SUSPENDED
ACC0009379,CUST005816,CHECKING,USD,678.77,1/25/2026 12:12,ACTIVE
ACC0009380,CUST003186,CHECKING,SGD,1324.21,10/15/2025 11:49,ACTIVE
ACC0009381,CUST007411,CHECKING,EUR,1093.69,5/24/2022 2:15,CLOSED
ACC0009382,CUST001440,CHECKING,AED,304.62,5/29/2024 7:50,ACTIVE
ACC0009383,CUST006257,SAVINGS,JPY,242.04,3/31/2024 12:32,CLOSED
ACC0009384,CUST008551,CHECKING,USD,328.2,9/26/2021 20:00,ACTIVE
ACC0009385,CUST000292,BUSINESS,INR,460.45,6/13/2026 0:10,ACTIVE
ACC0009386,CUST008761,CHECKING,EUR,1702.63,2/3/2023 5:07,ACTIVE
ACC0009387,CUST006648,SAVINGS,JPY,422.06,2/12/2023 13:56,SUSPENDED
ACC0009388,CUST001951,BUSINESS,GBP,8917.66,4/23/2023 17:43,ACTIVE
ACC0009389,CUST007363,CHECKING,JPY,3761.53,2/10/2024 13:43,ACTIVE
ACC0009390,CUST005343,CHECKING,USD,2892.95,2/16/2025 22:13,SUSPENDED
ACC0009391,CUST004564,BUSINESS,JPY,949.95,1/14/2025 21:01,CLOSED
ACC0009392,CUST002748,BUSINESS,EUR,6748.91,1/29/2023 3:06,ACTIVE
ACC0009393,CUST001734,SAVINGS,USD,844.2,6/25/2025 13:19,SUSPENDED
ACC0009394,CUST006690,BUSINESS,EUR,1056.26,1/3/2023 6:45,ACTIVE
ACC0009395,CUST007688,BUSINESS,USD,1344.76,10/7/2024 11:45,ACTIVE
ACC0009396,CUST003649,CHECKING,PKR,2545.77,2/26/2024 16:36,CLOSED
ACC0009397,CUST001028,SAVINGS,EUR,2354.99,5/11/2026 17:51,ACTIVE
ACC0009398,CUST008400,BUSINESS,USD,620.08,7/21/2023 19:59,ACTIVE
ACC0009399,CUST003954,SAVINGS,EUR,578.48,8/26/2024 1:37,SUSPENDED
ACC0009400,CUST000384,CHECKING,PKR,2363.46,12/26/2023 8:33,ACTIVE
ACC0009401,CUST007211,BUSINESS,EUR,2587.08,10/20/2024 9:10,ACTIVE
ACC0009402,CUST004979,SAVINGS,EUR,684.01,5/5/2024 12:39,CLOSED
ACC0009403,CUST005002,SAVINGS,PKR,163.26,7/6/2025 22:19,SUSPENDED
ACC0009404,CUST004289,CHECKING,EUR,855.1,3/29/2023 6:22,ACTIVE
ACC0009405,CUST008952,CHECKING,AED,2317.47,4/27/2025 2:24,ACTIVE
ACC0009406,CUST001610,BUSINESS,JPY,9571.07,5/30/2023 19:36,ACTIVE
ACC0009407,CUST004178,CHECKING,EUR,260.46,3/16/2024 19:50,ACTIVE
ACC0009408,CUST009171,BUSINESS,CAD,657.28,1/25/2026 0:21,ACTIVE
ACC0009409,CUST001191,BUSINESS,CAD,687.26,11/1/2024 10:00,CLOSED
ACC0009410,CUST002631,SAVINGS,EUR,5580.12,7/3/2024 16:01,SUSPENDED
ACC0009411,CUST009774,CHECKING,JPY,1051.6,9/19/2021 2:03,ACTIVE
ACC0009412,CUST008201,SAVINGS,EUR,369.15,1/21/2022 13:27,CLOSED
ACC0009413,CUST000819,BUSINESS,EUR,2144.01,12/18/2022 16:30,ACTIVE
ACC0009414,CUST008563,CHECKING,INR,674.81,10/10/2023 1:27,ACTIVE
ACC0009415,CUST005052,CHECKING,EUR,252.33,11/27/2021 22:31,ACTIVE
ACC0009416,CUST006991,BUSINESS,EUR,375.66,7/29/2025 14:32,ACTIVE
ACC0009417,CUST001574,CHECKING,SGD,8785.43,12/31/2022 1:48,ACTIVE
ACC0009418,CUST007645,BUSINESS,USD,1738.97,11/13/2024 15:00,ACTIVE
ACC0009419,CUST009984,SAVINGS,EUR,1248.02,7/15/2025 5:50,ACTIVE
ACC0009420,CUST000033,SAVINGS,EUR,812.51,3/25/2026 20:53,ACTIVE
ACC0009421,CUST000822,BUSINESS,INR,1557.1,12/29/2022 2:13,ACTIVE
ACC0009422,CUST005609,BUSINESS,EUR,1535,4/4/2026 16:32,SUSPENDED
ACC0009423,CUST005647,BUSINESS,EUR,1557.13,1/8/2025 13:10,ACTIVE
ACC0009424,CUST004590,BUSINESS,EUR,1258.67,11/14/2024 0:32,ACTIVE
ACC0009425,CUST004178,BUSINESS,EUR,3110.56,4/28/2022 21:58,CLOSED
ACC0009426,CUST007859,SAVINGS,AUD,1127.46,7/10/2026 0:16,CLOSED
ACC0009427,CUST009657,BUSINESS,SGD,339.16,12/18/2025 1:28,ACTIVE
ACC0009428,CUST007933,CHECKING,PKR,525.89,10/24/2022 10:59,ACTIVE
ACC0009429,CUST000111,CHECKING,JPY,102.02,1/2/2026 3:38,ACTIVE
ACC0009430,CUST000963,CHECKING,AUD,12483.72,6/8/2024 9:15,ACTIVE
ACC0009431,CUST005989,CHECKING,AED,3088.08,11/10/2021 10:03,CLOSED
ACC0009432,CUST008519,SAVINGS,EUR,405.01,12/9/2023 1:57,ACTIVE
ACC0009433,CUST007329,SAVINGS,USD,781.95,1/1/2022 3:27,SUSPENDED
ACC0009434,CUST009149,BUSINESS,JPY,510.68,3/18/2025 22:09,ACTIVE
ACC0009435,CUST002918,CHECKING,PKR,6981.76,9/26/2022 9:50,CLOSED
ACC0009436,CUST005081,BUSINESS,INR,199.57,2/6/2022 19:26,ACTIVE
ACC0009437,CUST007672,SAVINGS,SGD,1258.12,6/29/2026 5:10,ACTIVE
ACC0009438,CUST001648,BUSINESS,EUR,962.72,4/2/2024 9:26,ACTIVE
ACC0009439,CUST009664,SAVINGS,GBP,2957.82,7/6/2023 19:59,SUSPENDED
ACC0009440,CUST003472,CHECKING,JPY,967.96,1/20/2024 3:13,ACTIVE
ACC0009441,CUST001234,BUSINESS,INR,132.97,8/18/2022 4:24,SUSPENDED
ACC0009442,CUST000621,CHECKING,EUR,811.32,9/27/2021 4:13,ACTIVE
ACC0009443,CUST002233,SAVINGS,EUR,341.52,12/9/2022 10:15,ACTIVE
ACC0009444,CUST003478,SAVINGS,AUD,1206.52,8/21/2023 8:33,SUSPENDED
ACC0009445,CUST002194,CHECKING,SGD,6130.38,10/17/2021 20:45,ACTIVE
ACC0009446,CUST007968,BUSINESS,EUR,136,7/20/2022 13:12,ACTIVE
ACC0009447,CUST000899,BUSINESS,EUR,419.78,4/26/2023 10:07,ACTIVE
ACC0009448,CUST009458,SAVINGS,CAD,564.97,1/30/2022 21:23,CLOSED
ACC0009449,CUST002711,SAVINGS,INR,693.7,8/2/2022 22:45,SUSPENDED
ACC0009450,CUST002824,CHECKING,CAD,2665.51,3/28/2022 21:34,SUSPENDED
ACC0009451,CUST005905,BUSINESS,EUR,890.47,9/23/2023 8:32,ACTIVE
ACC0009452,CUST004325,CHECKING,USD,1806.17,10/30/2022 8:48,CLOSED
ACC0009453,CUST004559,SAVINGS,SGD,517.53,12/15/2024 21:35,SUSPENDED
ACC0009454,CUST002980,CHECKING,AED,1445.06,9/16/2023 3:56,ACTIVE
ACC0009455,CUST008563,BUSINESS,INR,2788.77,10/2/2023 2:09,ACTIVE
ACC0009456,CUST001921,CHECKING,INR,455.43,3/25/2026 6:13,ACTIVE
ACC0009457,CUST005553,SAVINGS,GBP,2800.71,5/7/2026 7:42,ACTIVE
ACC0009458,CUST009864,SAVINGS,SGD,1167.77,2/18/2025 15:40,ACTIVE
ACC0009459,CUST006073,CHECKING,EUR,3845.09,1/11/2026 3:17,ACTIVE
ACC0009460,CUST008941,SAVINGS,EUR,861.17,3/9/2024 22:27,ACTIVE
ACC0009461,CUST004071,CHECKING,AED,1732.8,2/13/2025 1:11,ACTIVE
ACC0009462,CUST007710,SAVINGS,GBP,1044.48,4/10/2025 5:34,ACTIVE
ACC0009463,CUST008262,CHECKING,EUR,977.06,3/12/2025 0:20,SUSPENDED
ACC0009464,CUST008110,CHECKING,SGD,1496.25,2/28/2026 22:19,ACTIVE
ACC0009465,CUST007584,SAVINGS,EUR,2088.43,2/2/2025 9:44,ACTIVE
ACC0009466,CUST005240,CHECKING,JPY,244.82,10/2/2025 20:23,CLOSED
ACC0009467,CUST003611,CHECKING,EUR,6126.39,5/11/2023 15:03,ACTIVE
ACC0009468,CUST003846,SAVINGS,INR,117.73,12/30/2023 10:45,CLOSED
ACC0009469,CUST002372,CHECKING,INR,482.14,1/2/2026 14:43,CLOSED
ACC0009470,CUST003351,BUSINESS,EUR,979.34,9/17/2022 15:06,ACTIVE
ACC0009471,CUST007907,BUSINESS,EUR,1798.71,9/3/2024 0:15,ACTIVE
ACC0009472,CUST005340,SAVINGS,AED,7269.24,9/9/2023 6:05,ACTIVE
ACC0009473,CUST009040,CHECKING,EUR,117.93,7/8/2026 6:45,ACTIVE
ACC0009474,CUST003233,CHECKING,JPY,596.31,5/20/2022 10:44,ACTIVE
ACC0009475,CUST000312,CHECKING,EUR,85.44,3/16/2023 15:15,ACTIVE
ACC0009476,CUST004244,BUSINESS,JPY,1139.05,1/30/2023 11:03,ACTIVE
ACC0009477,CUST005343,BUSINESS,USD,1519.32,5/6/2022 20:16,SUSPENDED
ACC0009478,CUST000726,SAVINGS,EUR,7397.93,10/9/2021 2:42,SUSPENDED
ACC0009479,CUST002797,BUSINESS,GBP,1267.45,10/23/2023 21:47,ACTIVE
ACC0009480,CUST000683,SAVINGS,CAD,3838.47,4/15/2023 22:07,CLOSED
ACC0009481,CUST008865,CHECKING,EUR,2209.68,1/21/2025 12:27,SUSPENDED
ACC0009482,CUST006211,CHECKING,EUR,650.47,12/4/2021 5:55,ACTIVE
ACC0009483,CUST005691,BUSINESS,EUR,202.2,5/5/2024 10:56,ACTIVE
ACC0009484,CUST002945,BUSINESS,GBP,1525.39,3/20/2025 19:19,ACTIVE
ACC0009485,CUST007403,CHECKING,EUR,183,7/4/2026 22:37,ACTIVE
ACC0009486,CUST002577,BUSINESS,EUR,5188.75,2/13/2022 2:39,CLOSED
ACC0009487,CUST005918,BUSINESS,EUR,902.82,12/5/2023 5:40,ACTIVE
ACC0009488,CUST003565,SAVINGS,INR,4601.85,9/2/2023 14:49,ACTIVE
ACC0009489,CUST008579,CHECKING,AUD,616.31,2/28/2025 15:32,ACTIVE
ACC0009490,CUST005769,BUSINESS,EUR,1514.17,3/24/2024 5:58,ACTIVE
ACC0009491,CUST002227,SAVINGS,EUR,1409.82,10/25/2023 7:04,ACTIVE
ACC0009492,CUST003324,BUSINESS,EUR,1038.93,11/2/2023 18:36,CLOSED
ACC0009493,CUST001355,SAVINGS,EUR,652.5,11/20/2024 10:29,ACTIVE
ACC0009494,CUST006116,CHECKING,GBP,1756.27,11/12/2023 6:10,ACTIVE
ACC0009495,CUST001383,SAVINGS,SGD,360.9,3/22/2024 6:32,ACTIVE
ACC0009496,CUST002223,BUSINESS,EUR,256.9,10/27/2022 3:52,ACTIVE
ACC0009497,CUST000401,CHECKING,SGD,4872.65,3/18/2022 21:29,ACTIVE
ACC0009498,CUST001564,SAVINGS,SGD,2624.38,4/18/2022 19:17,ACTIVE
ACC0009499,CUST007812,SAVINGS,EUR,1186.86,10/7/2021 21:47,ACTIVE
ACC0009500,CUST008927,BUSINESS,GBP,8088.28,2/20/2025 2:08,CLOSED
ACC0009501,CUST006905,CHECKING,USD,795.27,6/1/2025 21:26,CLOSED
ACC0009502,CUST007989,CHECKING,USD,5362.81,10/8/2021 14:18,ACTIVE
ACC0009503,CUST007203,BUSINESS,EUR,1353.82,1/11/2022 13:41,SUSPENDED
ACC0009504,CUST008801,SAVINGS,GBP,320.63,9/16/2024 19:51,ACTIVE
ACC0009505,CUST008602,CHECKING,EUR,10073.35,6/5/2023 2:04,CLOSED
ACC0009506,CUST005453,CHECKING,EUR,3600.59,12/20/2021 2:54,SUSPENDED
ACC0009507,CUST003020,BUSINESS,EUR,948.4,8/7/2023 22:15,SUSPENDED
ACC0009508,CUST009024,BUSINESS,EUR,2624.39,2/7/2023 23:55,ACTIVE
ACC0009509,CUST002881,BUSINESS,EUR,675.57,2/18/2025 18:38,ACTIVE
ACC0009510,CUST003654,BUSINESS,USD,2966.03,5/30/2022 23:13,SUSPENDED
ACC0009511,CUST006396,SAVINGS,AUD,62.22,7/12/2024 0:54,ACTIVE
ACC0009512,CUST005960,CHECKING,EUR,322.54,6/13/2022 4:52,CLOSED
ACC0009513,CUST007975,SAVINGS,INR,3551.45,5/17/2026 0:50,ACTIVE
ACC0009514,CUST004722,SAVINGS,EUR,812.74,7/28/2025 0:38,ACTIVE
ACC0009515,CUST002598,BUSINESS,EUR,1406.77,7/10/2022 2:14,ACTIVE
ACC0009516,CUST006283,CHECKING,PKR,217.86,12/6/2021 1:28,ACTIVE
ACC0009517,CUST002510,CHECKING,EUR,10071.25,11/2/2023 17:57,SUSPENDED
ACC0009518,CUST003368,SAVINGS,EUR,4576.25,10/25/2021 20:35,ACTIVE
ACC0009519,CUST004201,BUSINESS,PKR,861.93,3/31/2024 18:59,ACTIVE
ACC0009520,CUST002155,BUSINESS,CAD,674.77,1/3/2024 2:40,SUSPENDED
ACC0009521,CUST006335,CHECKING,AUD,3772.62,4/16/2025 6:13,ACTIVE
ACC0009522,CUST008484,CHECKING,PKR,11836.75,11/16/2023 8:08,ACTIVE
ACC0009523,CUST001232,BUSINESS,JPY,3444.43,1/21/2025 10:48,CLOSED
ACC0009524,CUST006162,CHECKING,AUD,14856.06,8/6/2023 11:42,CLOSED
ACC0009525,CUST007087,BUSINESS,SGD,362.56,3/3/2026 1:36,SUSPENDED
ACC0009526,CUST003317,BUSINESS,EUR,410.24,7/22/2026 20:29,SUSPENDED
ACC0009527,CUST004309,SAVINGS,EUR,263.29,5/29/2026 8:12,ACTIVE
ACC0009528,CUST000606,SAVINGS,SGD,1863.32,7/30/2026 17:55,CLOSED
ACC0009529,CUST008672,CHECKING,EUR,1353.87,12/9/2022 6:18,SUSPENDED
ACC0009530,CUST002490,BUSINESS,EUR,913.84,11/6/2022 3:38,ACTIVE
ACC0009531,CUST001157,SAVINGS,AED,2896.07,1/18/2026 19:40,ACTIVE
ACC0009532,CUST009540,BUSINESS,EUR,4811.65,4/10/2024 9:57,CLOSED
ACC0009533,CUST006189,CHECKING,AED,175.78,12/23/2021 0:55,ACTIVE
ACC0009534,CUST003040,SAVINGS,AED,535.73,3/17/2022 8:37,SUSPENDED
ACC0009535,CUST006116,BUSINESS,GBP,2934.15,4/7/2024 22:46,ACTIVE
ACC0009536,CUST001734,CHECKING,USD,625.6,11/1/2023 3:29,ACTIVE
ACC0009537,CUST006907,BUSINESS,EUR,420.8,10/11/2025 3:17,ACTIVE
ACC0009538,CUST000205,SAVINGS,JPY,3722.85,7/5/2026 17:13,ACTIVE
ACC0009539,CUST009806,SAVINGS,GBP,233.36,1/14/2022 11:18,CLOSED
ACC0009540,CUST006803,CHECKING,AUD,763.65,7/12/2024 13:17,ACTIVE
ACC0009541,CUST000567,BUSINESS,USD,1626.8,11/6/2025 9:46,SUSPENDED
ACC0009542,CUST006281,BUSINESS,GBP,550.82,7/7/2023 21:45,ACTIVE
ACC0009543,CUST001202,CHECKING,AUD,2806.76,6/3/2024 12:38,ACTIVE
ACC0009544,CUST005229,CHECKING,USD,554.1,12/16/2025 0:29,SUSPENDED
ACC0009545,CUST008663,BUSINESS,PKR,5945.22,3/5/2022 17:08,SUSPENDED
ACC0009546,CUST009543,BUSINESS,EUR,943.04,6/23/2024 0:54,ACTIVE
ACC0009547,CUST008986,BUSINESS,EUR,2454.12,12/9/2023 20:46,SUSPENDED
ACC0009548,CUST006285,CHECKING,GBP,2684.44,8/1/2022 0:16,SUSPENDED
ACC0009549,CUST001124,CHECKING,SGD,516.44,4/26/2025 3:49,ACTIVE
ACC0009550,CUST007544,CHECKING,EUR,93.3,9/20/2023 1:19,ACTIVE
ACC0009551,CUST009763,BUSINESS,CAD,1690.72,7/16/2022 9:03,ACTIVE
ACC0009552,CUST003348,BUSINESS,JPY,1196.01,12/31/2025 2:43,ACTIVE
ACC0009553,CUST000421,CHECKING,JPY,2136.64,1/4/2023 12:27,ACTIVE
ACC0009554,CUST008378,CHECKING,CAD,835.61,6/3/2025 11:26,SUSPENDED
ACC0009555,CUST005468,BUSINESS,EUR,654.25,9/8/2024 6:19,CLOSED
ACC0009556,CUST008284,SAVINGS,INR,12211.92,12/22/2021 3:10,ACTIVE
ACC0009557,CUST004457,CHECKING,EUR,187.39,8/30/2021 15:12,ACTIVE
ACC0009558,CUST002201,CHECKING,EUR,2645.83,3/1/2025 18:35,ACTIVE
ACC0009559,CUST002848,SAVINGS,EUR,550.31,6/18/2026 1:40,CLOSED
ACC0009560,CUST008100,SAVINGS,GBP,732.94,12/31/2022 8:28,ACTIVE
ACC0009561,CUST003481,BUSINESS,AED,749.55,7/10/2022 6:07,ACTIVE
ACC0009562,CUST001191,BUSINESS,CAD,418.17,6/30/2024 19:19,SUSPENDED
ACC0009563,CUST001244,BUSINESS,INR,2176.49,4/6/2023 12:42,SUSPENDED
ACC0009564,CUST000899,SAVINGS,EUR,5818.35,11/10/2021 11:41,ACTIVE
ACC0009565,CUST008397,SAVINGS,AED,1927.57,10/10/2021 13:32,CLOSED
ACC0009566,CUST003944,CHECKING,AUD,1241.48,6/2/2024 19:40,SUSPENDED
ACC0009567,CUST007684,BUSINESS,EUR,335.72,11/6/2021 13:15,ACTIVE
ACC0009568,CUST005398,SAVINGS,EUR,2038.95,3/11/2025 18:11,SUSPENDED
ACC0009569,CUST004284,CHECKING,JPY,14583.11,10/5/2025 20:28,ACTIVE
ACC0009570,CUST009099,CHECKING,EUR,694.48,1/28/2024 14:36,SUSPENDED
ACC0009571,CUST000540,CHECKING,EUR,698.42,12/7/2025 6:26,SUSPENDED
ACC0009572,CUST007742,SAVINGS,AUD,559.3,9/13/2022 16:57,ACTIVE
ACC0009573,CUST002722,BUSINESS,EUR,609.54,6/9/2025 22:11,ACTIVE
ACC0009574,CUST003743,CHECKING,PKR,40.68,3/21/2026 16:50,ACTIVE
ACC0009575,CUST002614,SAVINGS,EUR,1782.98,6/24/2026 19:24,ACTIVE
ACC0009576,CUST007222,SAVINGS,AED,397.56,2/12/2022 10:09,ACTIVE
ACC0009577,CUST000121,CHECKING,GBP,158.81,5/13/2023 19:53,ACTIVE
ACC0009578,CUST002149,BUSINESS,CAD,2707.63,8/23/2023 10:39,ACTIVE
ACC0009579,CUST001752,CHECKING,PKR,299.34,12/4/2021 20:41,ACTIVE
ACC0009580,CUST008018,BUSINESS,EUR,730.4,9/12/2023 9:48,ACTIVE
ACC0009581,CUST007337,CHECKING,USD,6372.4,8/25/2023 13:51,ACTIVE
ACC0009582,CUST002912,BUSINESS,EUR,202.14,10/2/2025 22:13,ACTIVE
ACC0009583,CUST002303,SAVINGS,CAD,174.32,9/9/2024 14:57,ACTIVE
ACC0009584,CUST008617,BUSINESS,GBP,1515,12/29/2025 21:59,SUSPENDED
ACC0009585,CUST001506,CHECKING,EUR,4356.33,7/18/2022 3:46,SUSPENDED
ACC0009586,CUST005202,BUSINESS,EUR,165.8,6/24/2023 2:15,ACTIVE
ACC0009587,CUST000397,SAVINGS,SGD,1788.67,8/29/2021 5:12,ACTIVE
ACC0009588,CUST000399,SAVINGS,PKR,2202.17,7/1/2022 20:23,ACTIVE
ACC0009589,CUST006244,SAVINGS,EUR,92.67,10/21/2022 21:14,ACTIVE
ACC0009590,CUST007431,CHECKING,GBP,2858.93,5/31/2022 4:03,ACTIVE
ACC0009591,CUST001466,BUSINESS,JPY,3139.84,7/22/2025 17:41,SUSPENDED
ACC0009592,CUST001687,CHECKING,GBP,754.35,11/5/2021 0:38,SUSPENDED
ACC0009593,CUST005639,CHECKING,PKR,4928.63,8/18/2026 23:08,ACTIVE
ACC0009594,CUST000697,CHECKING,EUR,4288.73,1/26/2024 11:11,ACTIVE
ACC0009595,CUST007532,BUSINESS,AED,1241.09,1/22/2024 17:44,CLOSED
ACC0009596,CUST002964,SAVINGS,USD,637.95,5/25/2024 10:58,ACTIVE
ACC0009597,CUST003695,SAVINGS,EUR,341.25,8/1/2025 21:56,CLOSED
ACC0009598,CUST002784,CHECKING,EUR,1048.3,3/30/2022 21:55,ACTIVE
ACC0009599,CUST008901,BUSINESS,CAD,2172.67,3/27/2026 6:34,ACTIVE
ACC0009600,CUST001232,CHECKING,JPY,743.22,3/16/2022 14:26,CLOSED
ACC0009601,CUST007353,CHECKING,EUR,78.49,5/29/2023 11:48,ACTIVE
ACC0009602,CUST000490,BUSINESS,INR,5026.39,10/25/2023 20:36,CLOSED
ACC0009603,CUST009176,CHECKING,USD,1377.83,8/14/2022 20:35,SUSPENDED
ACC0009604,CUST005108,CHECKING,AUD,695.37,3/3/2022 18:30,ACTIVE
ACC0009605,CUST004543,SAVINGS,EUR,3067.41,3/21/2023 16:17,SUSPENDED
ACC0009606,CUST006350,CHECKING,CAD,6833.32,11/17/2021 18:14,CLOSED
ACC0009607,CUST003871,SAVINGS,GBP,38,5/10/2025 14:01,ACTIVE
ACC0009608,CUST007626,SAVINGS,SGD,1846.63,8/24/2022 15:01,ACTIVE
ACC0009609,CUST008044,CHECKING,EUR,197.95,12/13/2024 23:42,ACTIVE
ACC0009610,CUST004626,SAVINGS,JPY,1996.06,6/22/2026 23:21,ACTIVE
ACC0009611,CUST009362,BUSINESS,EUR,1278.59,6/27/2022 8:49,ACTIVE
ACC0009612,CUST007110,BUSINESS,EUR,2351.65,4/9/2026 17:28,ACTIVE
ACC0009613,CUST005749,CHECKING,USD,602.39,6/24/2024 22:47,ACTIVE
ACC0009614,CUST003389,SAVINGS,EUR,115.83,6/17/2023 15:56,ACTIVE
ACC0009615,CUST001836,SAVINGS,CAD,638.78,3/9/2025 5:03,CLOSED
ACC0009616,CUST003072,SAVINGS,JPY,1786.86,4/20/2022 17:05,ACTIVE
ACC0009617,CUST005333,CHECKING,AED,3708.83,2/18/2022 18:14,ACTIVE
ACC0009618,CUST005117,BUSINESS,USD,268.76,3/4/2025 17:09,ACTIVE
ACC0009619,CUST006191,CHECKING,EUR,3761.12,11/23/2025 20:54,ACTIVE
ACC0009620,CUST004002,CHECKING,CAD,503.99,11/21/2021 9:44,ACTIVE
ACC0009621,CUST001223,BUSINESS,INR,1694.16,8/20/2025 15:46,ACTIVE
ACC0009622,CUST001647,CHECKING,EUR,594.74,1/7/2025 3:55,ACTIVE
ACC0009623,CUST002058,CHECKING,AED,1364.58,11/10/2024 17:28,SUSPENDED
ACC0009624,CUST006485,SAVINGS,EUR,3197.91,9/27/2025 21:18,ACTIVE
ACC0009625,CUST000903,BUSINESS,GBP,251.54,9/14/2021 5:32,ACTIVE
ACC0009626,CUST004808,CHECKING,JPY,484.98,3/23/2023 15:17,ACTIVE
ACC0009627,CUST005070,CHECKING,EUR,1369.16,5/29/2024 1:32,CLOSED
ACC0009628,CUST003302,SAVINGS,GBP,19572.88,2/23/2026 13:20,SUSPENDED
ACC0009629,CUST006875,SAVINGS,INR,389.23,9/11/2022 4:49,ACTIVE
ACC0009630,CUST003914,CHECKING,EUR,12684.81,10/1/2022 4:41,SUSPENDED
ACC0009631,CUST000818,CHECKING,EUR,12152.72,9/8/2025 18:25,ACTIVE
ACC0009632,CUST003692,BUSINESS,SGD,975.77,7/17/2022 15:20,SUSPENDED
ACC0009633,CUST005930,SAVINGS,EUR,766.79,8/25/2025 5:17,ACTIVE
ACC0009634,CUST003287,CHECKING,SGD,477.96,9/29/2025 3:15,SUSPENDED
ACC0009635,CUST001658,BUSINESS,EUR,1010.46,9/18/2023 8:00,ACTIVE
ACC0009636,CUST008264,CHECKING,AED,202.74,12/29/2022 15:29,CLOSED
ACC0009637,CUST000192,CHECKING,CAD,1000.76,1/12/2025 15:58,SUSPENDED
ACC0009638,CUST004890,CHECKING,AED,6609.45,3/26/2026 22:30,ACTIVE
ACC0009639,CUST002321,BUSINESS,EUR,526.74,6/6/2024 17:07,ACTIVE
ACC0009640,CUST007998,SAVINGS,CAD,821.5,11/8/2025 7:23,ACTIVE
ACC0009641,CUST001516,BUSINESS,USD,142.4,3/12/2026 16:26,ACTIVE
ACC0009642,CUST007054,BUSINESS,USD,1717.93,4/2/2022 14:22,ACTIVE
ACC0009643,CUST001988,SAVINGS,USD,1506.25,3/1/2022 1:43,ACTIVE
ACC0009644,CUST005943,CHECKING,EUR,1183.75,7/30/2024 7:57,ACTIVE
ACC0009645,CUST003689,BUSINESS,USD,845.4,9/29/2022 11:12,ACTIVE
ACC0009646,CUST006065,SAVINGS,EUR,771.77,12/3/2025 17:37,SUSPENDED
ACC0009647,CUST004759,SAVINGS,EUR,2002.76,2/13/2024 12:59,CLOSED
ACC0009648,CUST004712,BUSINESS,EUR,1059.36,3/8/2022 6:20,ACTIVE
ACC0009649,CUST000961,CHECKING,SGD,1600.33,2/17/2025 5:29,SUSPENDED
ACC0009650,CUST001730,BUSINESS,SGD,1419.39,5/5/2026 6:28,SUSPENDED
ACC0009651,CUST000349,CHECKING,JPY,4222.2,4/3/2025 18:03,ACTIVE
ACC0009652,CUST002772,CHECKING,USD,2471.04,8/21/2023 14:05,ACTIVE
ACC0009653,CUST006149,SAVINGS,EUR,1382.2,4/11/2022 7:49,ACTIVE
ACC0009654,CUST009832,BUSINESS,AED,6782.54,11/27/2025 6:29,SUSPENDED
ACC0009655,CUST009896,CHECKING,EUR,1815.87,9/3/2024 0:33,ACTIVE
ACC0009656,CUST000260,BUSINESS,EUR,5249.85,10/22/2024 16:45,ACTIVE
ACC0009657,CUST007973,SAVINGS,USD,2271.81,9/23/2022 4:27,ACTIVE
ACC0009658,CUST007479,SAVINGS,PKR,120.26,5/7/2024 4:30,ACTIVE
ACC0009659,CUST009477,CHECKING,JPY,5249.05,3/7/2025 4:07,ACTIVE
ACC0009660,CUST007561,SAVINGS,EUR,1289.76,7/18/2025 22:54,CLOSED
ACC0009661,CUST005806,CHECKING,EUR,1030.35,11/14/2024 9:04,ACTIVE
ACC0009662,CUST006574,CHECKING,EUR,1537.05,10/9/2025 0:08,ACTIVE
ACC0009663,CUST002614,BUSINESS,EUR,724.89,3/29/2026 12:48,ACTIVE
ACC0009664,CUST008442,BUSINESS,EUR,1440.05,5/18/2025 22:00,ACTIVE
ACC0009665,CUST003216,BUSINESS,PKR,539.02,9/2/2021 20:10,SUSPENDED
ACC0009666,CUST007067,SAVINGS,EUR,5060.03,5/19/2024 16:37,ACTIVE
ACC0009667,CUST008814,BUSINESS,AUD,956.9,3/16/2024 22:29,CLOSED
ACC0009668,CUST009144,BUSINESS,EUR,692.91,9/10/2022 23:12,ACTIVE
ACC0009669,CUST002698,CHECKING,EUR,361.44,5/4/2022 5:43,ACTIVE
ACC0009670,CUST000058,SAVINGS,SGD,1514.03,4/1/2025 22:19,SUSPENDED
ACC0009671,CUST007966,CHECKING,EUR,1372.69,11/20/2024 4:51,ACTIVE
ACC0009672,CUST003726,SAVINGS,EUR,1747.79,6/12/2022 13:25,CLOSED
ACC0009673,CUST005561,CHECKING,EUR,319.67,5/20/2022 23:06,ACTIVE
ACC0009674,CUST007994,SAVINGS,USD,160.55,9/10/2024 2:03,ACTIVE
ACC0009675,CUST001449,SAVINGS,CAD,2323.22,5/31/2023 18:29,ACTIVE
ACC0009676,CUST002338,BUSINESS,EUR,6513.1,2/7/2024 23:04,CLOSED
ACC0009677,CUST007685,CHECKING,EUR,320.02,10/29/2021 1:11,CLOSED
ACC0009678,CUST009537,SAVINGS,EUR,7385.91,5/5/2024 7:50,ACTIVE
ACC0009679,CUST005524,CHECKING,EUR,1541.78,11/17/2022 15:52,ACTIVE
ACC0009680,CUST004860,SAVINGS,EUR,1087.38,3/26/2024 21:37,SUSPENDED
ACC0009681,CUST006033,SAVINGS,AUD,680.58,10/30/2022 18:42,ACTIVE
ACC0009682,CUST009174,CHECKING,EUR,208.22,4/5/2025 6:10,ACTIVE
ACC0009683,CUST002379,BUSINESS,PKR,3587.73,2/24/2025 2:57,SUSPENDED
ACC0009684,CUST000303,SAVINGS,SGD,432.37,8/19/2026 16:53,CLOSED
ACC0009685,CUST009548,SAVINGS,EUR,430.19,4/25/2025 15:37,ACTIVE
ACC0009686,CUST007709,CHECKING,EUR,3605.85,7/1/2026 22:04,ACTIVE
ACC0009687,CUST006959,SAVINGS,AED,114.48,6/11/2025 7:29,ACTIVE
ACC0009688,CUST007358,BUSINESS,EUR,176.21,2/22/2025 21:37,ACTIVE
ACC0009689,CUST009724,SAVINGS,JPY,1073.03,1/15/2026 14:17,ACTIVE
ACC0009690,CUST006764,BUSINESS,EUR,1559.22,4/13/2025 19:54,ACTIVE
ACC0009691,CUST000623,BUSINESS,AUD,1961.93,7/2/2026 16:51,ACTIVE
ACC0009692,CUST009266,BUSINESS,EUR,763.45,9/26/2021 0:55,ACTIVE
ACC0009693,CUST004278,SAVINGS,EUR,22844,1/30/2022 11:31,ACTIVE
ACC0009694,CUST008545,CHECKING,PKR,834.25,8/16/2025 12:08,ACTIVE
ACC0009695,CUST007056,BUSINESS,AED,831.35,5/23/2026 23:57,ACTIVE
ACC0009696,CUST007241,CHECKING,EUR,421.41,2/19/2023 7:41,ACTIVE
ACC0009697,CUST003246,SAVINGS,EUR,1272.44,12/5/2025 20:03,ACTIVE
ACC0009698,CUST007204,SAVINGS,SGD,2293.77,8/30/2022 15:00,ACTIVE
ACC0009699,CUST008061,CHECKING,JPY,4648.47,1/20/2025 1:04,ACTIVE
ACC0009700,CUST000209,CHECKING,USD,183.62,10/1/2021 3:02,ACTIVE
ACC0009701,CUST005948,CHECKING,JPY,816.32,11/15/2023 20:38,ACTIVE
ACC0009702,CUST005293,CHECKING,EUR,1874.4,8/15/2022 19:39,CLOSED
ACC0009703,CUST001316,CHECKING,JPY,2218.24,9/21/2023 19:13,ACTIVE
ACC0009704,CUST001529,SAVINGS,AED,1105.28,11/13/2025 18:03,ACTIVE
ACC0009705,CUST003056,CHECKING,EUR,2102.56,4/3/2025 21:34,SUSPENDED
ACC0009706,CUST000462,BUSINESS,EUR,415.4,12/15/2023 0:25,ACTIVE
ACC0009707,CUST004902,CHECKING,AED,7111.63,1/1/2022 19:33,ACTIVE
ACC0009708,CUST006062,SAVINGS,PKR,3608.88,2/12/2024 14:16,CLOSED
ACC0009709,CUST000518,CHECKING,USD,218.35,6/17/2026 18:09,ACTIVE
ACC0009710,CUST004053,SAVINGS,AUD,301.83,9/28/2025 8:24,SUSPENDED
ACC0009711,CUST000593,SAVINGS,GBP,312.22,1/4/2022 22:59,SUSPENDED
ACC0009712,CUST004394,BUSINESS,USD,2473.93,6/11/2023 10:24,ACTIVE
ACC0009713,CUST009072,CHECKING,EUR,234.7,5/5/2026 6:58,ACTIVE
ACC0009714,CUST003080,BUSINESS,EUR,737.13,8/25/2023 8:30,ACTIVE
ACC0009715,CUST003462,BUSINESS,AED,1892.48,3/30/2024 0:10,CLOSED
ACC0009716,CUST006654,BUSINESS,EUR,1012.93,6/16/2022 11:11,CLOSED
ACC0009717,CUST001693,CHECKING,EUR,1496.17,9/3/2021 4:49,SUSPENDED
ACC0009718,CUST002681,BUSINESS,EUR,305.22,9/5/2023 2:26,ACTIVE
ACC0009719,CUST005800,SAVINGS,EUR,2239.09,3/31/2022 14:35,ACTIVE
ACC0009720,CUST002239,CHECKING,SGD,525.39,7/4/2022 18:23,ACTIVE
ACC0009721,CUST004668,SAVINGS,EUR,742.82,4/8/2022 4:48,ACTIVE
ACC0009722,CUST006698,SAVINGS,EUR,1458.67,10/16/2024 19:57,ACTIVE
ACC0009723,CUST004256,SAVINGS,EUR,1241.03,9/5/2024 16:50,SUSPENDED
ACC0009724,CUST005827,SAVINGS,SGD,1128.65,10/9/2025 9:18,ACTIVE
ACC0009725,CUST005422,CHECKING,EUR,445.52,9/28/2025 4:42,SUSPENDED
ACC0009726,CUST004285,SAVINGS,GBP,765.51,2/10/2022 1:05,ACTIVE
ACC0009727,CUST001274,BUSINESS,EUR,1099.51,3/29/2022 14:24,ACTIVE
ACC0009728,CUST004061,BUSINESS,EUR,210.59,3/26/2026 0:30,SUSPENDED
ACC0009729,CUST009254,CHECKING,CAD,629.52,7/17/2023 6:06,ACTIVE
ACC0009730,CUST007677,CHECKING,JPY,1746.23,10/2/2021 14:37,SUSPENDED
ACC0009731,CUST009486,CHECKING,SGD,236.77,8/31/2025 19:15,SUSPENDED
ACC0009732,CUST007077,CHECKING,PKR,4393.57,12/20/2025 0:01,ACTIVE
ACC0009733,CUST002364,BUSINESS,GBP,5031.81,4/1/2024 7:17,ACTIVE
ACC0009734,CUST005488,CHECKING,GBP,246.12,10/27/2021 5:40,ACTIVE
ACC0009735,CUST003907,BUSINESS,EUR,5592.29,12/8/2025 7:48,CLOSED
ACC0009736,CUST002509,SAVINGS,EUR,923.07,3/10/2023 8:56,CLOSED
ACC0009737,CUST005466,CHECKING,PKR,1812.06,10/12/2023 18:26,ACTIVE
ACC0009738,CUST004033,CHECKING,GBP,604.27,8/5/2024 16:06,CLOSED
ACC0009739,CUST008873,SAVINGS,SGD,3319.78,11/8/2024 19:46,ACTIVE
ACC0009740,CUST009248,CHECKING,EUR,1785.25,10/6/2021 23:19,SUSPENDED
ACC0009741,CUST002002,BUSINESS,AUD,412.82,2/11/2024 9:42,SUSPENDED
ACC0009742,CUST000579,SAVINGS,USD,270.9,8/13/2023 8:27,ACTIVE
ACC0009743,CUST008685,CHECKING,AUD,190.12,12/11/2022 1:06,SUSPENDED
ACC0009744,CUST000700,SAVINGS,CAD,1374.07,11/9/2021 18:30,ACTIVE
ACC0009745,CUST000248,SAVINGS,AUD,2179.75,8/31/2022 3:14,ACTIVE
ACC0009746,CUST003594,CHECKING,CAD,2395.05,4/28/2023 21:00,CLOSED
ACC0009747,CUST008869,CHECKING,EUR,951.86,1/9/2022 12:28,ACTIVE
ACC0009748,CUST003720,BUSINESS,JPY,273.58,12/7/2022 18:17,SUSPENDED
ACC0009749,CUST004744,CHECKING,EUR,483.72,9/28/2022 8:12,ACTIVE
ACC0009750,CUST007058,BUSINESS,GBP,4371.31,4/28/2023 17:17,ACTIVE
ACC0009751,CUST007601,SAVINGS,SGD,613.05,7/1/2026 15:03,SUSPENDED
ACC0009752,CUST002332,BUSINESS,GBP,1302.58,10/10/2023 9:40,CLOSED
ACC0009753,CUST001068,BUSINESS,JPY,301.64,8/9/2024 3:22,CLOSED
ACC0009754,CUST002016,BUSINESS,SGD,1642.38,12/16/2023 10:44,ACTIVE
ACC0009755,CUST005381,CHECKING,CAD,633.2,2/1/2022 7:00,ACTIVE
ACC0009756,CUST001664,BUSINESS,INR,3850.87,9/30/2023 14:17,ACTIVE
ACC0009757,CUST000574,BUSINESS,USD,2774.62,10/29/2024 3:20,ACTIVE
ACC0009758,CUST007947,SAVINGS,GBP,604.95,6/26/2025 11:39,ACTIVE
ACC0009759,CUST005708,BUSINESS,INR,942,5/6/2022 18:04,ACTIVE
ACC0009760,CUST000402,SAVINGS,AUD,566.04,8/19/2023 15:53,SUSPENDED
ACC0009761,CUST001907,SAVINGS,AUD,199.67,5/3/2023 17:08,ACTIVE
ACC0009762,CUST008354,SAVINGS,EUR,391.92,5/31/2026 10:44,ACTIVE
ACC0009763,CUST007714,CHECKING,JPY,1391.11,11/12/2023 14:17,SUSPENDED
ACC0009764,CUST005001,CHECKING,EUR,1620.21,10/17/2023 4:46,ACTIVE
ACC0009765,CUST005201,BUSINESS,EUR,1310.62,10/14/2025 3:40,ACTIVE
ACC0009766,CUST006770,SAVINGS,EUR,763.51,1/5/2023 14:01,ACTIVE
ACC0009767,CUST009967,SAVINGS,GBP,3359.95,8/14/2025 23:39,SUSPENDED
ACC0009768,CUST007567,BUSINESS,GBP,1183.52,5/6/2026 15:27,ACTIVE
ACC0009769,CUST009228,SAVINGS,PKR,2550.14,4/10/2022 16:21,ACTIVE
ACC0009770,CUST006701,CHECKING,PKR,130.51,10/5/2022 19:56,ACTIVE
ACC0009771,CUST007797,CHECKING,EUR,9.91,8/6/2022 4:00,ACTIVE
ACC0009772,CUST004334,CHECKING,PKR,1541.55,12/19/2024 2:41,ACTIVE
ACC0009773,CUST000703,CHECKING,AUD,198.4,4/25/2024 7:44,CLOSED
ACC0009774,CUST001292,BUSINESS,SGD,849.85,9/25/2025 14:54,CLOSED
ACC0009775,CUST000661,SAVINGS,AED,763.17,8/16/2023 19:07,ACTIVE
ACC0009776,CUST006644,SAVINGS,EUR,7367.85,10/17/2024 14:34,CLOSED
ACC0009777,CUST001790,SAVINGS,JPY,1772.23,5/17/2022 4:46,ACTIVE
ACC0009778,CUST003827,SAVINGS,EUR,1338.13,5/22/2024 2:00,ACTIVE
ACC0009779,CUST000346,SAVINGS,SGD,2994.07,2/5/2024 2:56,ACTIVE
ACC0009780,CUST008493,BUSINESS,GBP,1706.5,6/22/2026 10:53,ACTIVE
ACC0009781,CUST002463,BUSINESS,EUR,633.2,11/18/2024 6:43,SUSPENDED
ACC0009782,CUST007274,SAVINGS,EUR,3967.02,1/21/2022 22:41,CLOSED
ACC0009783,CUST008968,CHECKING,AED,289.54,12/4/2024 21:25,CLOSED
ACC0009784,CUST007069,CHECKING,GBP,1616.3,5/3/2025 1:40,ACTIVE
ACC0009785,CUST001422,BUSINESS,USD,171.21,3/5/2022 21:11,ACTIVE
ACC0009786,CUST007714,CHECKING,JPY,1400.71,6/16/2025 8:01,ACTIVE
ACC0009787,CUST004392,CHECKING,EUR,1382.42,5/6/2025 18:01,ACTIVE
ACC0009788,CUST007009,BUSINESS,AED,8198.82,2/19/2025 13:44,ACTIVE
ACC0009789,CUST007233,SAVINGS,EUR,167.68,11/30/2023 20:02,CLOSED
ACC0009790,CUST003523,SAVINGS,SGD,533.22,10/10/2025 1:26,ACTIVE
ACC0009791,CUST008751,CHECKING,EUR,2943.1,6/1/2022 13:55,ACTIVE
ACC0009792,CUST003570,CHECKING,EUR,1639.88,11/25/2022 6:04,SUSPENDED
ACC0009793,CUST004306,CHECKING,EUR,1361.53,12/19/2023 21:33,ACTIVE
ACC0009794,CUST001230,CHECKING,EUR,348.15,6/6/2023 15:58,ACTIVE
ACC0009795,CUST007890,BUSINESS,EUR,539.7,2/10/2024 5:45,ACTIVE
ACC0009796,CUST007168,BUSINESS,JPY,4885.61,2/3/2025 10:21,SUSPENDED
ACC0009797,CUST002342,SAVINGS,JPY,1030.9,6/6/2026 13:52,ACTIVE
ACC0009798,CUST001072,CHECKING,SGD,1720.61,7/11/2023 21:02,CLOSED
ACC0009799,CUST004702,SAVINGS,USD,955.06,11/18/2023 22:57,ACTIVE
ACC0009800,CUST002795,CHECKING,USD,265.15,2/17/2026 12:46,ACTIVE
ACC0009801,CUST003359,SAVINGS,GBP,3362.95,6/6/2024 8:41,ACTIVE
ACC0009802,CUST008826,SAVINGS,INR,2005.96,3/2/2024 6:02,ACTIVE
ACC0009803,CUST005633,SAVINGS,INR,17444.23,7/11/2025 10:33,ACTIVE
ACC0009804,CUST004597,SAVINGS,AUD,324.18,7/19/2024 16:49,ACTIVE
ACC0009805,CUST006842,SAVINGS,GBP,2942.71,7/24/2022 13:00,ACTIVE
ACC0009806,CUST003179,CHECKING,EUR,227.27,6/11/2024 5:37,CLOSED
ACC0009807,CUST001601,SAVINGS,SGD,1324.53,10/23/2025 15:59,SUSPENDED
ACC0009808,CUST008746,SAVINGS,AUD,3539.74,2/6/2026 10:59,SUSPENDED
ACC0009809,CUST002886,SAVINGS,GBP,91.23,1/1/2022 10:42,ACTIVE
ACC0009810,CUST003792,SAVINGS,EUR,857.55,11/10/2021 16:24,CLOSED
ACC0009811,CUST000309,CHECKING,EUR,557.88,4/26/2024 2:01,SUSPENDED
ACC0009812,CUST008564,BUSINESS,EUR,472.32,12/25/2025 7:03,ACTIVE
ACC0009813,CUST003664,BUSINESS,EUR,1741.07,8/16/2023 6:45,ACTIVE
ACC0009814,CUST000743,CHECKING,JPY,4208.34,11/28/2022 4:42,ACTIVE
ACC0009815,CUST008963,BUSINESS,INR,934.55,3/29/2025 10:06,ACTIVE
ACC0009816,CUST007765,BUSINESS,AED,1403.3,8/15/2026 1:11,CLOSED
ACC0009817,CUST001705,SAVINGS,INR,1257.86,8/28/2025 10:23,ACTIVE
ACC0009818,CUST007104,CHECKING,EUR,1099.01,9/4/2023 12:58,SUSPENDED
ACC0009819,CUST008676,CHECKING,EUR,296.72,2/3/2025 23:58,CLOSED
ACC0009820,CUST004336,CHECKING,EUR,4146.97,2/5/2022 7:16,SUSPENDED
ACC0009821,CUST000619,BUSINESS,EUR,1562.8,5/5/2025 6:30,ACTIVE
ACC0009822,CUST004609,SAVINGS,GBP,1761.39,8/15/2023 17:22,ACTIVE
ACC0009823,CUST003025,BUSINESS,USD,416.63,2/24/2022 13:59,SUSPENDED
ACC0009824,CUST002794,SAVINGS,INR,632.03,4/1/2022 7:14,ACTIVE
ACC0009825,CUST007657,CHECKING,GBP,887.7,5/20/2025 11:33,ACTIVE
ACC0009826,CUST006186,CHECKING,EUR,174,1/26/2026 9:30,SUSPENDED
ACC0009827,CUST007496,CHECKING,AED,144.66,12/19/2022 17:34,ACTIVE
ACC0009828,CUST003304,CHECKING,SGD,533.31,6/2/2022 15:46,ACTIVE
ACC0009829,CUST009241,CHECKING,SGD,2052.93,12/30/2021 13:56,CLOSED
ACC0009830,CUST001535,BUSINESS,PKR,500.81,7/6/2024 6:31,ACTIVE
ACC0009831,CUST003113,SAVINGS,EUR,322.93,2/28/2023 1:16,ACTIVE
ACC0009832,CUST002486,BUSINESS,EUR,412.56,11/24/2025 2:51,CLOSED
ACC0009833,CUST003301,BUSINESS,EUR,634.98,5/12/2026 13:02,CLOSED
ACC0009834,CUST000114,SAVINGS,SGD,717.21,9/20/2023 22:01,ACTIVE
ACC0009835,CUST000111,BUSINESS,JPY,14744.5,8/20/2023 12:38,ACTIVE
ACC0009836,CUST000054,BUSINESS,JPY,3887.59,3/6/2023 16:45,SUSPENDED
ACC0009837,CUST003766,SAVINGS,EUR,3750.82,3/10/2026 0:43,SUSPENDED
ACC0009838,CUST001835,BUSINESS,CAD,4457.29,6/23/2024 1:03,ACTIVE
ACC0009839,CUST006584,SAVINGS,EUR,330.77,11/3/2024 14:37,ACTIVE
ACC0009840,CUST006758,SAVINGS,PKR,252.94,6/2/2026 21:31,SUSPENDED
ACC0009841,CUST003030,BUSINESS,CAD,290.54,8/9/2023 2:37,ACTIVE
ACC0009842,CUST003238,BUSINESS,EUR,5439.31,11/16/2023 16:22,CLOSED
ACC0009843,CUST006671,BUSINESS,AUD,568.71,5/10/2024 5:48,ACTIVE
ACC0009844,CUST003334,CHECKING,EUR,244.29,8/21/2022 13:26,CLOSED
ACC0009845,CUST007784,BUSINESS,EUR,653.8,4/17/2022 5:15,ACTIVE
ACC0009846,CUST002644,BUSINESS,JPY,823.59,4/12/2025 9:21,ACTIVE
ACC0009847,CUST009149,CHECKING,JPY,1513.37,4/22/2022 8:20,SUSPENDED
ACC0009848,CUST001232,SAVINGS,JPY,1481.99,2/14/2022 6:41,ACTIVE
ACC0009849,CUST003401,BUSINESS,AUD,405.93,11/30/2024 6:59,SUSPENDED
ACC0009850,CUST003038,SAVINGS,AED,2496.86,8/4/2024 1:01,CLOSED
ACC0009851,CUST008256,BUSINESS,EUR,509.26,6/5/2022 23:02,ACTIVE
ACC0009852,CUST000560,CHECKING,SGD,909.11,4/25/2024 20:26,ACTIVE
ACC0009853,CUST003279,SAVINGS,EUR,2500.21,6/13/2022 1:37,ACTIVE
ACC0009854,CUST001040,SAVINGS,CAD,507.66,6/29/2023 18:38,ACTIVE
ACC0009855,CUST003908,CHECKING,EUR,553.79,1/12/2026 2:27,SUSPENDED
ACC0009856,CUST005094,CHECKING,GBP,2230.55,12/4/2022 3:55,CLOSED
ACC0009857,CUST007759,BUSINESS,EUR,391.79,2/7/2023 10:24,ACTIVE
ACC0009858,CUST006614,CHECKING,AUD,691.08,1/19/2023 14:59,ACTIVE
ACC0009859,CUST008371,SAVINGS,GBP,2136.43,3/7/2025 15:27,ACTIVE
ACC0009860,CUST009796,CHECKING,PKR,12899.08,12/15/2022 19:33,ACTIVE
ACC0009861,CUST002620,SAVINGS,AED,2267.62,4/29/2023 2:44,CLOSED
ACC0009862,CUST004111,BUSINESS,PKR,1933.66,11/14/2024 18:48,SUSPENDED
ACC0009863,CUST001163,CHECKING,GBP,2073.43,7/14/2024 17:05,ACTIVE
ACC0009864,CUST000497,CHECKING,EUR,302.53,12/29/2025 21:31,SUSPENDED
ACC0009865,CUST001444,SAVINGS,AED,1259.81,4/24/2026 0:47,ACTIVE
ACC0009866,CUST008799,CHECKING,USD,1058.15,8/8/2023 7:27,ACTIVE
ACC0009867,CUST008702,BUSINESS,JPY,1613.08,12/26/2023 4:59,CLOSED
ACC0009868,CUST003987,SAVINGS,SGD,1261.19,12/8/2024 11:47,SUSPENDED
ACC0009869,CUST003628,BUSINESS,EUR,1729.59,1/19/2022 19:37,CLOSED
ACC0009870,CUST008849,SAVINGS,EUR,754.64,6/20/2024 9:04,CLOSED
ACC0009871,CUST009296,CHECKING,AED,1176.54,12/5/2022 9:59,ACTIVE
ACC0009872,CUST009113,CHECKING,SGD,251.29,12/6/2021 16:34,ACTIVE
ACC0009873,CUST007341,BUSINESS,EUR,747.03,3/22/2024 15:11,SUSPENDED
ACC0009874,CUST001580,SAVINGS,EUR,5819.68,4/20/2026 9:55,ACTIVE
ACC0009875,CUST009375,SAVINGS,EUR,1607.72,4/14/2026 11:09,ACTIVE
ACC0009876,CUST009725,SAVINGS,SGD,1069.44,11/8/2022 9:29,ACTIVE
ACC0009877,CUST006910,BUSINESS,USD,10671.67,5/5/2024 18:13,SUSPENDED
ACC0009878,CUST002436,CHECKING,CAD,214.22,11/20/2022 11:13,ACTIVE
ACC0009879,CUST000701,SAVINGS,AUD,289.64,11/18/2024 5:54,ACTIVE
ACC0009880,CUST004924,BUSINESS,SGD,8563.41,8/14/2025 15:48,ACTIVE
ACC0009881,CUST001625,BUSINESS,PKR,1158.81,4/19/2022 13:45,ACTIVE
ACC0009882,CUST005582,SAVINGS,AUD,819.67,4/16/2023 8:46,CLOSED
ACC0009883,CUST002610,CHECKING,INR,260.07,12/13/2025 13:28,ACTIVE
ACC0009884,CUST006371,SAVINGS,INR,1876.63,11/29/2025 3:50,SUSPENDED
ACC0009885,CUST000482,CHECKING,JPY,2107.7,10/30/2024 20:51,CLOSED
ACC0009886,CUST009438,SAVINGS,EUR,294.89,6/4/2022 11:17,ACTIVE
ACC0009887,CUST008049,CHECKING,EUR,926.74,8/31/2024 2:24,ACTIVE
ACC0009888,CUST004538,BUSINESS,AUD,733.17,12/5/2025 1:12,ACTIVE
ACC0009889,CUST002465,BUSINESS,GBP,1490.96,1/22/2025 22:20,ACTIVE
ACC0009890,CUST004184,SAVINGS,EUR,286.26,7/22/2026 13:29,ACTIVE
ACC0009891,CUST001724,CHECKING,USD,4926.27,1/28/2024 1:38,ACTIVE
ACC0009892,CUST009206,CHECKING,EUR,3291.14,12/20/2021 21:53,ACTIVE
ACC0009893,CUST002100,SAVINGS,USD,709.24,3/10/2024 5:17,SUSPENDED
ACC0009894,CUST007315,SAVINGS,EUR,845.81,1/10/2026 10:40,SUSPENDED
ACC0009895,CUST005403,SAVINGS,PKR,931.03,8/10/2025 23:28,ACTIVE
ACC0009896,CUST003508,SAVINGS,USD,430.97,4/22/2022 13:05,SUSPENDED
ACC0009897,CUST009113,SAVINGS,SGD,644.12,2/22/2026 15:16,CLOSED
ACC0009898,CUST001151,SAVINGS,CAD,792.88,3/2/2026 4:35,ACTIVE
ACC0009899,CUST002129,SAVINGS,PKR,7596.49,10/27/2022 1:19,ACTIVE
ACC0009900,CUST006673,CHECKING,EUR,3415.03,5/3/2022 11:29,CLOSED
ACC0009901,CUST006816,CHECKING,PKR,3366.35,8/14/2025 22:48,SUSPENDED
ACC0009902,CUST005437,BUSINESS,SGD,1709.42,3/10/2026 17:26,ACTIVE
ACC0009903,CUST003936,SAVINGS,EUR,286.92,9/12/2021 22:01,SUSPENDED
ACC0009904,CUST009323,BUSINESS,EUR,1043.37,11/16/2025 3:26,ACTIVE
ACC0009905,CUST006991,SAVINGS,EUR,3514.27,12/26/2024 4:20,ACTIVE
ACC0009906,CUST004781,CHECKING,USD,242.28,3/20/2025 7:13,CLOSED
ACC0009907,CUST006765,BUSINESS,GBP,2353.98,6/28/2022 19:23,SUSPENDED
ACC0009908,CUST004113,BUSINESS,INR,17803.16,9/24/2024 17:58,ACTIVE
ACC0009909,CUST006803,SAVINGS,AUD,3921.31,10/24/2023 3:38,CLOSED
ACC0009910,CUST003993,BUSINESS,JPY,5983.94,9/9/2024 6:43,ACTIVE
ACC0009911,CUST007793,BUSINESS,EUR,1425.11,1/23/2026 15:39,ACTIVE
ACC0009912,CUST006824,CHECKING,INR,3503.5,9/19/2021 13:08,SUSPENDED
ACC0009913,CUST004463,SAVINGS,PKR,463.39,4/14/2025 2:44,ACTIVE
ACC0009914,CUST005615,SAVINGS,EUR,2849.89,7/18/2022 19:05,ACTIVE
ACC0009915,CUST007892,BUSINESS,INR,2404.91,1/28/2026 12:05,ACTIVE
ACC0009916,CUST008595,SAVINGS,SGD,1552.92,5/26/2025 22:25,SUSPENDED
ACC0009917,CUST002263,BUSINESS,EUR,5319.9,2/4/2022 22:32,SUSPENDED
ACC0009918,CUST004532,SAVINGS,USD,574.48,11/18/2021 3:15,SUSPENDED
ACC0009919,CUST003830,SAVINGS,EUR,876.14,5/2/2022 11:11,ACTIVE
ACC0009920,CUST008778,BUSINESS,EUR,1229.74,6/24/2023 1:08,SUSPENDED
ACC0009921,CUST003144,SAVINGS,AED,318.77,3/1/2025 17:22,ACTIVE
ACC0009922,CUST005113,BUSINESS,JPY,1439.88,4/26/2024 5:54,SUSPENDED
ACC0009923,CUST002723,CHECKING,CAD,139.39,3/26/2022 3:24,SUSPENDED
ACC0009924,CUST006183,CHECKING,JPY,3851.99,11/26/2022 3:23,ACTIVE
ACC0009925,CUST002139,SAVINGS,PKR,1159.76,3/22/2023 5:27,ACTIVE
ACC0009926,CUST005315,CHECKING,JPY,586.94,9/20/2021 10:49,ACTIVE
ACC0009927,CUST005758,SAVINGS,INR,402.93,3/10/2022 11:52,ACTIVE
ACC0009928,CUST001020,CHECKING,INR,827.58,3/26/2025 0:14,ACTIVE
ACC0009929,CUST007855,BUSINESS,EUR,2504.67,5/15/2023 17:38,ACTIVE
ACC0009930,CUST005454,BUSINESS,SGD,2116.01,9/20/2024 3:49,SUSPENDED
ACC0009931,CUST008955,CHECKING,EUR,470.29,6/9/2025 21:32,ACTIVE
ACC0009932,CUST001777,BUSINESS,USD,397.32,12/31/2024 4:38,ACTIVE
ACC0009933,CUST003837,SAVINGS,USD,2412.16,7/18/2022 1:20,CLOSED
ACC0009934,CUST006735,CHECKING,GBP,460.9,9/9/2023 6:12,ACTIVE
ACC0009935,CUST009652,SAVINGS,EUR,1178.38,2/3/2025 8:55,ACTIVE
ACC0009936,CUST003651,BUSINESS,INR,1272.2,4/13/2024 10:52,CLOSED
ACC0009937,CUST000508,SAVINGS,EUR,1594.75,6/10/2025 12:08,ACTIVE
ACC0009938,CUST008043,SAVINGS,GBP,3071.51,3/15/2023 7:07,ACTIVE
ACC0009939,CUST002569,SAVINGS,EUR,240.92,6/21/2024 21:00,SUSPENDED
ACC0009940,CUST008994,CHECKING,EUR,110.68,4/23/2026 11:24,SUSPENDED
ACC0009941,CUST006150,SAVINGS,EUR,555.05,9/4/2024 21:35,ACTIVE
ACC0009942,CUST001969,CHECKING,GBP,9526.51,11/24/2024 0:04,SUSPENDED
ACC0009943,CUST006770,CHECKING,EUR,12414.36,4/10/2026 15:39,SUSPENDED
ACC0009944,CUST009726,SAVINGS,EUR,9871.55,12/12/2023 10:20,ACTIVE
ACC0009945,CUST008127,BUSINESS,EUR,869.94,2/25/2023 20:39,CLOSED
ACC0009946,CUST008232,CHECKING,AUD,129.21,7/5/2022 10:34,SUSPENDED
ACC0009947,CUST003386,BUSINESS,EUR,65.91,2/10/2023 1:49,ACTIVE
ACC0009948,CUST003849,CHECKING,USD,524.87,10/2/2022 23:10,SUSPENDED
ACC0009949,CUST004981,CHECKING,EUR,864.64,1/2/2026 7:29,ACTIVE
ACC0009950,CUST007717,SAVINGS,INR,5222.6,2/25/2026 23:25,SUSPENDED
ACC0009951,CUST004767,CHECKING,AED,3106.86,5/6/2024 9:11,ACTIVE
ACC0009952,CUST000702,CHECKING,EUR,1440.7,6/2/2023 21:01,ACTIVE
ACC0009953,CUST006120,SAVINGS,AED,376.98,5/19/2024 16:43,ACTIVE
ACC0009954,CUST005979,SAVINGS,EUR,346.22,10/15/2023 11:46,ACTIVE
ACC0009955,CUST004937,BUSINESS,GBP,1487.65,7/8/2022 14:27,ACTIVE
ACC0009956,CUST003477,BUSINESS,INR,2531.23,11/14/2023 9:08,ACTIVE
ACC0009957,CUST009098,CHECKING,AUD,1755.06,9/25/2023 3:04,ACTIVE
ACC0009958,CUST008117,BUSINESS,EUR,316.87,12/18/2021 5:32,CLOSED
ACC0009959,CUST000053,SAVINGS,INR,2394.19,6/15/2022 14:26,ACTIVE
ACC0009960,CUST000972,SAVINGS,EUR,1828.21,7/20/2026 3:19,ACTIVE
ACC0009961,CUST007846,CHECKING,SGD,303.44,10/12/2023 14:20,SUSPENDED
ACC0009962,CUST004651,CHECKING,GBP,427.87,3/3/2023 13:29,ACTIVE
ACC0009963,CUST009376,SAVINGS,EUR,2505.38,1/6/2025 11:11,ACTIVE
ACC0009964,CUST000470,BUSINESS,AED,827.65,7/28/2025 10:02,ACTIVE
ACC0009965,CUST006219,CHECKING,EUR,7383.31,8/17/2023 19:24,ACTIVE
ACC0009966,CUST001096,BUSINESS,CAD,2000.91,1/17/2025 17:01,ACTIVE
ACC0009967,CUST003174,CHECKING,INR,611.58,4/16/2023 11:55,ACTIVE
ACC0009968,CUST006201,SAVINGS,PKR,1083.28,12/1/2022 1:42,ACTIVE
ACC0009969,CUST002696,SAVINGS,EUR,1183.3,6/3/2024 10:21,ACTIVE
ACC0009970,CUST006137,SAVINGS,EUR,457.57,7/22/2022 22:10,SUSPENDED
ACC0009971,CUST007587,BUSINESS,EUR,366.83,8/30/2024 8:52,SUSPENDED
ACC0009972,CUST001498,BUSINESS,PKR,2544.45,9/4/2023 13:18,ACTIVE
ACC0009973,CUST004807,CHECKING,EUR,3023.98,6/4/2022 15:21,ACTIVE
ACC0009974,CUST006342,BUSINESS,PKR,2263.21,1/8/2022 17:16,ACTIVE
ACC0009975,CUST005377,SAVINGS,EUR,6757.32,11/20/2023 8:16,ACTIVE
ACC0009976,CUST005931,SAVINGS,SGD,572.42,7/22/2023 10:43,ACTIVE
ACC0009977,CUST000274,SAVINGS,INR,8177.36,11/4/2021 22:40,SUSPENDED
ACC0009978,CUST003122,SAVINGS,AED,372,4/5/2026 21:14,ACTIVE
ACC0009979,CUST006848,CHECKING,PKR,325.31,11/20/2021 23:56,ACTIVE
ACC0009980,CUST003185,CHECKING,EUR,132.69,2/15/2024 22:46,SUSPENDED
ACC0009981,CUST008955,CHECKING,EUR,642.29,5/17/2024 3:44,CLOSED
ACC0009982,CUST005084,BUSINESS,JPY,599.16,7/14/2023 19:47,CLOSED
ACC0009983,CUST009648,SAVINGS,INR,2061.37,5/30/2022 7:16,SUSPENDED
ACC0009984,CUST006558,SAVINGS,EUR,1469.49,12/7/2021 11:24,CLOSED
ACC0009985,CUST000823,BUSINESS,SGD,262.02,12/17/2021 1:53,CLOSED
ACC0009986,CUST001890,BUSINESS,EUR,684.53,2/6/2023 17:27,ACTIVE
ACC0009987,CUST005247,BUSINESS,JPY,702.22,5/28/2024 8:37,SUSPENDED
ACC0009988,CUST000594,SAVINGS,EUR,130.17,1/12/2022 20:08,ACTIVE
ACC0009989,CUST004738,BUSINESS,USD,337.94,2/27/2024 21:50,ACTIVE
ACC0009990,CUST003162,SAVINGS,USD,434.86,6/19/2025 11:23,ACTIVE
ACC0009991,CUST005011,BUSINESS,PKR,6126.32,10/24/2024 9:26,ACTIVE
ACC0009992,CUST004262,SAVINGS,AUD,1379.86,2/24/2024 6:25,ACTIVE
ACC0009993,CUST002263,BUSINESS,EUR,2427.46,9/26/2025 13:38,ACTIVE
ACC0009994,CUST001982,BUSINESS,CAD,181.57,5/11/2025 19:03,ACTIVE
ACC0009995,CUST007376,BUSINESS,EUR,4596.53,5/25/2022 5:08,ACTIVE
ACC0009996,CUST002699,CHECKING,EUR,5225.59,8/11/2025 11:27,CLOSED
ACC0009997,CUST009951,CHECKING,EUR,99.68,7/30/2022 11:55,ACTIVE
ACC0009998,CUST009842,BUSINESS,CAD,470.42,7/9/2023 15:18,CLOSED
ACC0009999,CUST004772,SAVINGS,JPY,1988.07,8/1/2024 0:33,ACTIVE
ACC0010000,CUST001150,BUSINESS,CAD,2376.22,6/14/2026 4:26,ACTIVE
ACC0010001,CUST001389,CHECKING,GBP,485.8,5/20/2024 17:28,ACTIVE
ACC0010002,CUST005301,SAVINGS,JPY,760.06,3/23/2022 2:46,ACTIVE
ACC0010003,CUST009940,BUSINESS,SGD,535.47,12/19/2025 8:15,SUSPENDED
ACC0010004,CUST000501,CHECKING,EUR,1252.01,1/11/2024 15:23,ACTIVE
ACC0010005,CUST003040,SAVINGS,AED,4612.91,2/27/2025 9:33,ACTIVE
ACC0010006,CUST006347,BUSINESS,AUD,434.74,8/2/2026 11:37,ACTIVE
ACC0010007,CUST002149,CHECKING,CAD,3644.54,7/12/2022 0:23,ACTIVE
ACC0010008,CUST006252,BUSINESS,EUR,429.23,9/3/2025 22:51,ACTIVE
ACC0010009,CUST006867,SAVINGS,EUR,396.57,12/4/2022 4:50,ACTIVE
ACC0010010,CUST008633,CHECKING,CAD,2928.7,12/22/2025 14:10,ACTIVE
ACC0010011,CUST001208,BUSINESS,EUR,3315.37,3/18/2024 11:22,CLOSED
ACC0010012,CUST006067,CHECKING,EUR,3046.33,9/3/2025 3:17,ACTIVE
ACC0010013,CUST004667,CHECKING,EUR,226.11,5/18/2022 1:30,ACTIVE
ACC0010014,CUST006537,SAVINGS,PKR,626.95,11/15/2022 14:08,ACTIVE
ACC0010015,CUST007918,SAVINGS,EUR,2944.18,6/30/2025 3:43,ACTIVE
ACC0010016,CUST009933,SAVINGS,AED,1152.69,8/7/2022 5:13,SUSPENDED
ACC0010017,CUST003306,BUSINESS,INR,302.34,12/10/2022 1:58,ACTIVE
ACC0010018,CUST002173,SAVINGS,EUR,1900.71,10/23/2025 3:52,SUSPENDED
ACC0010019,CUST006276,SAVINGS,GBP,465.09,2/7/2023 22:50,ACTIVE
ACC0010020,CUST007667,CHECKING,AED,9446.79,3/27/2024 1:26,SUSPENDED
ACC0010021,CUST006909,SAVINGS,EUR,7001.01,5/19/2022 10:32,ACTIVE
ACC0010022,CUST005382,SAVINGS,EUR,2264.06,3/29/2026 14:20,SUSPENDED
ACC0010023,CUST001938,CHECKING,AED,5615.06,10/15/2025 10:10,ACTIVE
ACC0010024,CUST009909,SAVINGS,EUR,1185.3,3/24/2026 20:00,ACTIVE
ACC0010025,CUST004325,BUSINESS,USD,2747.72,5/12/2023 8:25,ACTIVE
ACC0010026,CUST002675,BUSINESS,SGD,6459.22,9/7/2023 21:21,CLOSED
ACC0010027,CUST004552,SAVINGS,PKR,1472.33,8/22/2023 4:40,ACTIVE
ACC0010028,CUST009173,BUSINESS,AED,807.36,6/12/2023 10:30,SUSPENDED
ACC0010029,CUST002266,SAVINGS,PKR,141.81,2/13/2022 11:40,SUSPENDED
ACC0010030,CUST007322,SAVINGS,INR,992.51,4/2/2025 0:35,SUSPENDED
ACC0010031,CUST004569,CHECKING,EUR,2945.72,9/29/2024 8:59,ACTIVE
ACC0010032,CUST006368,SAVINGS,EUR,3411,8/2/2024 23:57,ACTIVE
ACC0010033,CUST004417,BUSINESS,EUR,2008.69,6/24/2025 21:16,SUSPENDED
ACC0010034,CUST006987,BUSINESS,EUR,572.75,1/10/2025 1:26,SUSPENDED
ACC0010035,CUST009554,SAVINGS,SGD,102.29,3/29/2022 6:24,SUSPENDED
ACC0010036,CUST000134,BUSINESS,EUR,605.31,9/16/2023 2:52,ACTIVE
ACC0010037,CUST008491,SAVINGS,EUR,761.12,9/3/2024 22:35,ACTIVE
ACC0010038,CUST009255,CHECKING,EUR,753.32,7/25/2024 14:27,ACTIVE
ACC0010039,CUST002003,BUSINESS,CAD,2303.69,10/6/2022 10:43,CLOSED
ACC0010040,CUST003922,SAVINGS,EUR,11882.38,10/30/2022 22:22,SUSPENDED
ACC0010041,CUST000626,BUSINESS,USD,1271.86,9/8/2021 14:35,CLOSED
ACC0010042,CUST004675,BUSINESS,EUR,845.49,12/16/2022 16:32,ACTIVE
ACC0010043,CUST004612,SAVINGS,EUR,803.47,9/30/2022 8:46,ACTIVE
ACC0010044,CUST007643,SAVINGS,CAD,1273.17,6/3/2025 19:37,ACTIVE
ACC0010045,CUST007505,CHECKING,AUD,405.88,5/5/2025 12:26,ACTIVE
ACC0010046,CUST002257,SAVINGS,INR,1266.79,6/29/2022 23:54,ACTIVE
ACC0010047,CUST004468,SAVINGS,EUR,1883.67,10/25/2025 14:12,CLOSED
ACC0010048,CUST002467,SAVINGS,JPY,1410.39,7/15/2025 6:36,SUSPENDED
ACC0010049,CUST006750,CHECKING,AED,1898.94,11/19/2021 3:58,ACTIVE
ACC0010050,CUST009857,SAVINGS,EUR,1845.48,12/8/2021 20:28,ACTIVE
ACC0010051,CUST007538,BUSINESS,PKR,130.81,5/23/2022 21:14,ACTIVE
ACC0010052,CUST009005,SAVINGS,GBP,2354.88,2/11/2023 8:10,ACTIVE
ACC0010053,CUST000899,SAVINGS,EUR,490.18,3/11/2026 6:10,ACTIVE
ACC0010054,CUST001481,BUSINESS,INR,294.42,1/14/2022 23:52,ACTIVE
ACC0010055,CUST002031,SAVINGS,AED,291.39,5/3/2026 12:30,ACTIVE
ACC0010056,CUST000120,CHECKING,AUD,1845.03,7/30/2024 9:27,ACTIVE
ACC0010057,CUST008948,CHECKING,EUR,839.59,7/23/2024 22:57,SUSPENDED
ACC0010058,CUST000508,CHECKING,EUR,145.71,3/24/2022 8:39,ACTIVE
ACC0010059,CUST006782,BUSINESS,INR,1946.22,7/2/2025 8:09,SUSPENDED
ACC0010060,CUST009983,BUSINESS,EUR,194.9,3/13/2023 6:09,ACTIVE
ACC0010061,CUST000305,BUSINESS,USD,1296.97,12/15/2023 0:01,CLOSED
ACC0010062,CUST006097,BUSINESS,INR,1460.01,4/18/2026 0:04,ACTIVE
ACC0010063,CUST007870,SAVINGS,SGD,3173.82,4/22/2026 7:12,ACTIVE
ACC0010064,CUST007696,SAVINGS,AED,9302.34,5/1/2026 5:49,ACTIVE
ACC0010065,CUST001742,CHECKING,CAD,213.23,10/2/2023 7:02,SUSPENDED
ACC0010066,CUST003531,BUSINESS,EUR,1029.71,7/15/2023 4:09,CLOSED
ACC0010067,CUST002841,SAVINGS,EUR,787.13,8/18/2022 7:27,ACTIVE
ACC0010068,CUST007404,BUSINESS,EUR,1845.49,6/6/2022 17:42,ACTIVE
ACC0010069,CUST004989,BUSINESS,JPY,1420.55,6/10/2026 22:03,ACTIVE
ACC0010070,CUST004012,CHECKING,CAD,718.34,12/29/2025 1:44,ACTIVE
ACC0010071,CUST007904,CHECKING,AUD,646.08,7/7/2026 13:45,SUSPENDED
ACC0010072,CUST006607,CHECKING,EUR,287.22,4/30/2025 17:20,ACTIVE
ACC0010073,CUST006659,BUSINESS,GBP,3588.3,5/2/2026 10:50,ACTIVE
ACC0010074,CUST008643,SAVINGS,PKR,1902.73,9/28/2023 9:55,ACTIVE
ACC0010075,CUST006616,CHECKING,USD,3298.83,9/24/2024 16:01,ACTIVE
ACC0010076,CUST009204,SAVINGS,SGD,755.61,3/21/2024 17:58,ACTIVE
ACC0010077,CUST008752,CHECKING,GBP,498.6,12/8/2021 4:05,ACTIVE
ACC0010078,CUST000170,CHECKING,EUR,300.67,10/12/2024 20:50,ACTIVE
ACC0010079,CUST006719,CHECKING,PKR,1686.99,10/29/2022 4:06,ACTIVE
ACC0010080,CUST008450,SAVINGS,EUR,314.9,5/28/2024 10:26,ACTIVE
ACC0010081,CUST000447,BUSINESS,GBP,10080.88,1/8/2025 16:34,ACTIVE
ACC0010082,CUST006593,SAVINGS,AED,228.34,10/23/2023 20:21,ACTIVE
ACC0010083,CUST004536,BUSINESS,EUR,1522.93,10/29/2021 13:31,ACTIVE
ACC0010084,CUST007414,CHECKING,USD,7188.41,12/7/2024 15:16,ACTIVE
ACC0010085,CUST003687,SAVINGS,AUD,2250.5,11/8/2021 5:36,ACTIVE
ACC0010086,CUST004408,CHECKING,EUR,1353.99,7/21/2024 16:10,ACTIVE
ACC0010087,CUST009227,BUSINESS,CAD,343.03,1/7/2025 22:23,ACTIVE
ACC0010088,CUST004707,CHECKING,AED,208.9,4/6/2024 2:18,ACTIVE
ACC0010089,CUST001785,BUSINESS,EUR,2762.97,6/3/2023 12:15,ACTIVE
ACC0010090,CUST006231,CHECKING,EUR,6683.36,10/25/2022 5:19,ACTIVE
ACC0010091,CUST008862,BUSINESS,EUR,647.67,9/28/2021 0:44,ACTIVE
ACC0010092,CUST001250,BUSINESS,SGD,279.53,1/25/2022 17:26,ACTIVE
ACC0010093,CUST008701,BUSINESS,PKR,57.41,12/29/2025 9:31,ACTIVE
ACC0010094,CUST004173,BUSINESS,USD,338.01,4/28/2026 17:54,ACTIVE
ACC0010095,CUST008727,CHECKING,JPY,956.82,7/7/2024 0:08,ACTIVE
ACC0010096,CUST009654,CHECKING,AED,7472.22,9/26/2021 6:24,ACTIVE
ACC0010097,CUST005823,CHECKING,CAD,2459.62,7/18/2026 8:19,ACTIVE
ACC0010098,CUST005265,CHECKING,EUR,1581.46,3/28/2022 6:23,ACTIVE
ACC0010099,CUST005815,SAVINGS,USD,678.48,6/28/2024 11:38,SUSPENDED
ACC0010100,CUST006985,BUSINESS,INR,544.68,11/24/2025 8:58,ACTIVE
ACC0010101,CUST009809,CHECKING,INR,5924.06,3/3/2023 7:03,ACTIVE
ACC0010102,CUST001305,BUSINESS,EUR,1395.33,11/22/2025 20:52,ACTIVE
ACC0010103,CUST003580,CHECKING,EUR,87.96,6/3/2024 12:50,ACTIVE
ACC0010104,CUST005180,CHECKING,EUR,488.7,9/4/2021 5:00,ACTIVE
ACC0010105,CUST000239,SAVINGS,EUR,391.56,4/24/2025 17:25,ACTIVE
ACC0010106,CUST005133,BUSINESS,EUR,569.34,10/3/2023 9:52,ACTIVE
ACC0010107,CUST005359,BUSINESS,JPY,2154.89,2/28/2025 15:05,CLOSED
ACC0010108,CUST004373,BUSINESS,INR,963.98,2/5/2023 8:27,ACTIVE
ACC0010109,CUST007573,SAVINGS,INR,1000.01,12/12/2022 5:37,SUSPENDED
ACC0010110,CUST006837,CHECKING,SGD,5303.74,3/20/2026 0:53,CLOSED
ACC0010111,CUST002860,SAVINGS,INR,475.44,2/24/2023 15:43,ACTIVE
ACC0010112,CUST009350,BUSINESS,EUR,10270.59,1/9/2023 17:20,ACTIVE
ACC0010113,CUST003957,CHECKING,EUR,490.01,6/11/2024 14:26,ACTIVE
ACC0010114,CUST005386,SAVINGS,AED,1220.53,10/2/2021 6:25,SUSPENDED
ACC0010115,CUST005091,CHECKING,SGD,782.55,8/3/2024 9:30,ACTIVE
ACC0010116,CUST001535,BUSINESS,PKR,1271.69,9/23/2023 12:28,ACTIVE
ACC0010117,CUST004203,SAVINGS,EUR,1869.66,12/23/2025 21:52,ACTIVE
ACC0010118,CUST006452,SAVINGS,EUR,1845.68,12/22/2024 15:01,ACTIVE
ACC0010119,CUST006786,BUSINESS,INR,444.19,5/15/2024 2:36,CLOSED
ACC0010120,CUST002872,BUSINESS,EUR,285,4/9/2023 12:31,CLOSED
ACC0010121,CUST005964,CHECKING,EUR,22110.46,6/11/2022 15:03,CLOSED
ACC0010122,CUST006790,SAVINGS,EUR,613.52,10/1/2022 3:39,ACTIVE
ACC0010123,CUST000228,CHECKING,EUR,2537.81,4/25/2023 17:50,ACTIVE
ACC0010124,CUST008760,SAVINGS,EUR,159.31,5/3/2024 15:00,ACTIVE
ACC0010125,CUST007977,CHECKING,EUR,784.04,5/29/2026 17:42,CLOSED
ACC0010126,CUST002959,BUSINESS,AUD,941.39,11/29/2023 2:32,ACTIVE
ACC0010127,CUST006040,CHECKING,AUD,1934.06,1/23/2026 19:21,ACTIVE
ACC0010128,CUST004189,BUSINESS,JPY,41.81,11/28/2023 12:07,ACTIVE
ACC0010129,CUST006054,BUSINESS,SGD,1338.59,12/16/2022 10:10,ACTIVE
ACC0010130,CUST004612,SAVINGS,EUR,275.97,3/2/2022 23:44,CLOSED
ACC0010131,CUST001042,CHECKING,USD,1618.43,7/6/2026 15:17,CLOSED
ACC0010132,CUST001009,CHECKING,CAD,316.21,11/26/2023 8:15,SUSPENDED
ACC0010133,CUST004595,BUSINESS,AED,392.85,6/11/2022 9:39,ACTIVE
ACC0010134,CUST007455,BUSINESS,AED,789.7,2/7/2026 7:21,ACTIVE
ACC0010135,CUST007137,SAVINGS,GBP,310.2,12/20/2023 8:10,ACTIVE
ACC0010136,CUST000849,CHECKING,CAD,619.78,2/29/2024 13:49,SUSPENDED
ACC0010137,CUST008406,BUSINESS,AUD,261.9,12/31/2023 10:06,ACTIVE
ACC0010138,CUST008359,BUSINESS,GBP,121.53,4/26/2025 12:58,ACTIVE
ACC0010139,CUST004917,BUSINESS,USD,3720.26,12/24/2022 16:23,ACTIVE
ACC0010140,CUST005472,CHECKING,EUR,231.54,1/9/2022 19:06,ACTIVE
ACC0010141,CUST004296,CHECKING,EUR,885,12/5/2023 6:42,ACTIVE
ACC0010142,CUST007042,CHECKING,EUR,2706.66,3/30/2023 14:12,SUSPENDED
ACC0010143,CUST006928,BUSINESS,USD,524.3,4/7/2024 12:49,CLOSED
ACC0010144,CUST000039,SAVINGS,EUR,407.4,7/7/2024 14:45,CLOSED
ACC0010145,CUST008376,CHECKING,USD,1438.69,11/24/2025 10:40,ACTIVE
ACC0010146,CUST008304,SAVINGS,AUD,4194.46,8/17/2026 12:33,CLOSED
ACC0010147,CUST007449,SAVINGS,SGD,269.57,8/19/2025 11:22,ACTIVE
ACC0010148,CUST004012,BUSINESS,CAD,915.82,3/28/2023 14:55,ACTIVE
ACC0010149,CUST000711,SAVINGS,EUR,137.14,6/17/2025 3:45,CLOSED
ACC0010150,CUST004477,BUSINESS,EUR,684.14,4/14/2023 13:02,ACTIVE
ACC0010151,CUST008241,BUSINESS,EUR,1142.58,5/23/2022 21:10,ACTIVE
ACC0010152,CUST000303,SAVINGS,SGD,393.25,9/17/2023 1:06,CLOSED
ACC0010153,CUST008777,CHECKING,AED,633.72,1/12/2023 7:54,CLOSED
ACC0010154,CUST004267,CHECKING,EUR,202.38,5/25/2022 18:42,ACTIVE
ACC0010155,CUST005166,SAVINGS,CAD,1202.9,7/25/2022 23:11,ACTIVE
ACC0010156,CUST005757,CHECKING,EUR,3892.6,12/25/2025 23:52,ACTIVE
ACC0010157,CUST000975,SAVINGS,SGD,293.96,12/7/2021 18:04,SUSPENDED
ACC0010158,CUST000379,BUSINESS,EUR,519.46,12/27/2025 0:11,CLOSED
ACC0010159,CUST007058,CHECKING,GBP,2004.31,1/3/2023 14:45,ACTIVE
ACC0010160,CUST005715,BUSINESS,PKR,4696.2,7/16/2023 5:49,ACTIVE
ACC0010161,CUST003581,BUSINESS,AUD,182.76,4/7/2026 14:15,ACTIVE
ACC0010162,CUST002549,SAVINGS,EUR,895.57,12/15/2021 14:04,ACTIVE
ACC0010163,CUST000018,CHECKING,CAD,1540.34,7/17/2025 20:23,ACTIVE
ACC0010164,CUST005171,BUSINESS,AED,970.23,12/27/2023 18:45,ACTIVE
ACC0010165,CUST006203,SAVINGS,SGD,56.14,6/22/2023 13:53,ACTIVE
ACC0010166,CUST009764,SAVINGS,EUR,2000.81,2/23/2026 9:54,ACTIVE
ACC0010167,CUST002093,BUSINESS,EUR,6789.98,7/27/2024 4:24,ACTIVE
ACC0010168,CUST005250,SAVINGS,USD,1261.42,7/19/2025 14:50,CLOSED
ACC0010169,CUST000277,CHECKING,CAD,318.2,2/11/2023 3:53,SUSPENDED
ACC0010170,CUST002702,BUSINESS,USD,592.44,1/12/2022 15:30,ACTIVE
ACC0010171,CUST001761,BUSINESS,INR,9171.86,8/18/2023 12:08,ACTIVE
ACC0010172,CUST000784,SAVINGS,JPY,3268.07,10/21/2022 14:02,SUSPENDED
ACC0010173,CUST008135,CHECKING,EUR,2363.81,5/13/2022 11:50,ACTIVE
ACC0010174,CUST005608,BUSINESS,EUR,1681.93,4/21/2025 21:20,ACTIVE
ACC0010175,CUST009533,CHECKING,EUR,496.03,6/28/2024 22:11,ACTIVE
ACC0010176,CUST003931,SAVINGS,EUR,862.05,9/9/2022 14:10,CLOSED
ACC0010177,CUST003428,CHECKING,EUR,998.74,5/7/2024 12:22,CLOSED
ACC0010178,CUST002607,SAVINGS,SGD,2120.67,10/5/2024 23:46,ACTIVE
ACC0010179,CUST000412,SAVINGS,JPY,6705.63,4/13/2025 0:54,CLOSED
ACC0010180,CUST005969,BUSINESS,CAD,4196.5,7/10/2025 8:11,ACTIVE
ACC0010181,CUST005673,BUSINESS,USD,199.68,8/31/2023 14:19,ACTIVE
ACC0010182,CUST002420,BUSINESS,USD,1434.82,4/6/2023 21:38,ACTIVE
ACC0010183,CUST009946,SAVINGS,AED,2654.78,5/19/2025 22:29,ACTIVE
ACC0010184,CUST006301,SAVINGS,EUR,2304.53,11/5/2024 9:23,CLOSED
ACC0010185,CUST007252,BUSINESS,SGD,515.39,4/9/2022 3:12,CLOSED
ACC0010186,CUST003599,CHECKING,EUR,36204.22,1/23/2022 2:14,SUSPENDED
ACC0010187,CUST003981,BUSINESS,GBP,236.87,7/7/2025 17:15,SUSPENDED
ACC0010188,CUST004740,CHECKING,USD,298.92,10/27/2022 19:57,ACTIVE
ACC0010189,CUST000484,BUSINESS,EUR,1451.44,5/21/2025 10:57,CLOSED
ACC0010190,CUST005753,CHECKING,USD,13907.22,8/17/2025 22:51,SUSPENDED
ACC0010191,CUST008268,BUSINESS,JPY,402.05,5/22/2026 5:35,ACTIVE
ACC0010192,CUST007290,BUSINESS,EUR,797.12,10/9/2025 9:58,ACTIVE
ACC0010193,CUST008696,CHECKING,EUR,3994.81,3/15/2025 14:48,SUSPENDED
ACC0010194,CUST000248,BUSINESS,AUD,1073.38,6/15/2024 0:59,SUSPENDED
ACC0010195,CUST005573,SAVINGS,JPY,733.98,10/22/2025 3:59,ACTIVE
ACC0010196,CUST008352,CHECKING,SGD,2161.94,8/25/2023 17:14,SUSPENDED
ACC0010197,CUST007303,BUSINESS,EUR,1520.85,12/9/2022 21:36,ACTIVE
ACC0010198,CUST000199,BUSINESS,JPY,3776.4,2/14/2024 22:01,ACTIVE
ACC0010199,CUST009190,BUSINESS,EUR,5165.53,3/21/2025 6:44,SUSPENDED
ACC0010200,CUST007081,SAVINGS,EUR,1585.1,11/17/2021 0:02,CLOSED
ACC0010201,CUST009643,BUSINESS,USD,1556.32,10/11/2024 17:19,SUSPENDED
ACC0010202,CUST004791,SAVINGS,USD,1417.9,9/14/2025 0:22,CLOSED
ACC0010203,CUST000291,SAVINGS,EUR,1972.3,12/14/2021 0:22,ACTIVE
ACC0010204,CUST005595,SAVINGS,SGD,1171.69,8/15/2024 7:42,ACTIVE
ACC0010205,CUST005233,BUSINESS,SGD,1095.83,10/18/2021 11:57,CLOSED
ACC0010206,CUST006180,BUSINESS,JPY,4609.86,10/21/2022 20:48,ACTIVE
ACC0010207,CUST000059,CHECKING,CAD,6763.8,6/2/2022 10:24,ACTIVE
ACC0010208,CUST007332,CHECKING,AED,179.64,6/16/2022 22:50,SUSPENDED
ACC0010209,CUST008317,SAVINGS,AUD,1109.9,10/24/2022 9:44,ACTIVE
ACC0010210,CUST008527,SAVINGS,INR,479.89,6/18/2024 18:41,ACTIVE
ACC0010211,CUST000876,BUSINESS,GBP,755.09,9/27/2021 2:21,SUSPENDED
ACC0010212,CUST000523,BUSINESS,USD,1777.6,10/17/2024 13:44,ACTIVE
ACC0010213,CUST000567,SAVINGS,USD,2448.73,12/30/2025 6:11,ACTIVE
ACC0010214,CUST002079,CHECKING,PKR,958.58,7/5/2023 22:16,ACTIVE
ACC0010215,CUST006560,BUSINESS,USD,110.39,1/7/2025 23:01,ACTIVE
ACC0010216,CUST007582,SAVINGS,EUR,344.45,1/31/2026 11:43,ACTIVE
ACC0010217,CUST009520,CHECKING,EUR,3215.7,1/31/2023 10:16,CLOSED
ACC0010218,CUST006536,SAVINGS,PKR,40.91,6/13/2024 8:21,SUSPENDED
ACC0010219,CUST004119,SAVINGS,SGD,4559.25,3/15/2022 10:15,ACTIVE
ACC0010220,CUST003116,BUSINESS,JPY,2049.76,7/20/2025 2:41,ACTIVE
ACC0010221,CUST000679,CHECKING,INR,5320.97,1/22/2022 4:58,ACTIVE
ACC0010222,CUST004185,SAVINGS,JPY,864.12,11/28/2022 23:03,ACTIVE
ACC0010223,CUST007827,CHECKING,CAD,92.42,1/11/2024 9:03,CLOSED
ACC0010224,CUST001659,BUSINESS,JPY,1838,8/27/2024 0:02,ACTIVE
ACC0010225,CUST001323,BUSINESS,SGD,5062.34,10/18/2024 15:15,CLOSED
ACC0010226,CUST000007,CHECKING,EUR,3326.47,11/26/2022 17:44,ACTIVE
ACC0010227,CUST002964,CHECKING,USD,495.11,11/3/2024 13:00,ACTIVE
ACC0010228,CUST006514,SAVINGS,EUR,1216.96,7/6/2025 1:53,ACTIVE
ACC0010229,CUST001180,BUSINESS,AED,578.59,10/28/2023 19:50,ACTIVE
ACC0010230,CUST004140,CHECKING,EUR,410.3,5/8/2025 20:13,ACTIVE
ACC0010231,CUST001353,BUSINESS,EUR,3451.16,6/23/2026 23:18,ACTIVE
ACC0010232,CUST006802,BUSINESS,EUR,260.59,8/29/2023 12:22,ACTIVE
ACC0010233,CUST004499,SAVINGS,AUD,375.19,1/29/2024 9:20,ACTIVE
ACC0010234,CUST000479,SAVINGS,PKR,291.54,3/26/2024 3:35,CLOSED
ACC0010235,CUST009391,CHECKING,EUR,183.41,4/6/2023 17:27,ACTIVE
ACC0010236,CUST002998,SAVINGS,USD,1307.27,3/2/2023 17:41,ACTIVE
ACC0010237,CUST006887,SAVINGS,EUR,4419.6,10/8/2022 12:12,ACTIVE
ACC0010238,CUST000409,BUSINESS,INR,878.44,1/9/2023 2:08,ACTIVE
ACC0010239,CUST001744,BUSINESS,USD,180.03,5/2/2026 18:41,ACTIVE
ACC0010240,CUST000188,BUSINESS,EUR,3004.7,4/13/2023 20:55,ACTIVE
ACC0010241,CUST001233,BUSINESS,AUD,8290.31,6/9/2025 6:53,ACTIVE
ACC0010242,CUST001312,BUSINESS,EUR,504.98,2/6/2023 15:27,SUSPENDED
ACC0010243,CUST003625,CHECKING,INR,617.53,4/13/2022 6:56,ACTIVE
ACC0010244,CUST005416,CHECKING,CAD,2036.1,4/27/2023 18:13,SUSPENDED
ACC0010245,CUST000766,CHECKING,JPY,7679.03,9/19/2021 7:14,ACTIVE
ACC0010246,CUST004837,CHECKING,AUD,587.69,3/23/2023 19:03,CLOSED
ACC0010247,CUST006279,SAVINGS,EUR,221.64,11/9/2025 4:20,CLOSED
ACC0010248,CUST004388,CHECKING,EUR,2339.52,6/9/2023 1:10,ACTIVE
ACC0010249,CUST009009,SAVINGS,EUR,2860.87,3/27/2023 22:30,ACTIVE
ACC0010250,CUST004863,CHECKING,PKR,1104.73,9/19/2022 12:01,SUSPENDED
ACC0010251,CUST003853,CHECKING,GBP,561.29,11/28/2021 7:39,ACTIVE
ACC0010252,CUST008041,CHECKING,GBP,3616.47,3/17/2024 19:24,ACTIVE
ACC0010253,CUST002142,SAVINGS,EUR,2066.57,3/23/2024 14:29,ACTIVE
ACC0010254,CUST004131,SAVINGS,GBP,436.1,4/21/2026 21:16,ACTIVE
ACC0010255,CUST001896,CHECKING,JPY,1163.18,2/7/2024 23:47,ACTIVE
ACC0010256,CUST000791,SAVINGS,INR,216.58,9/23/2021 13:14,ACTIVE
ACC0010257,CUST007047,SAVINGS,USD,2497.56,11/10/2021 14:40,CLOSED
ACC0010258,CUST003882,SAVINGS,EUR,800.57,10/1/2021 22:05,ACTIVE
ACC0010259,CUST008657,BUSINESS,PKR,650.11,12/22/2023 21:25,SUSPENDED
ACC0010260,CUST002696,CHECKING,EUR,1054.21,9/2/2024 7:29,ACTIVE
ACC0010261,CUST002003,BUSINESS,CAD,1150.98,6/29/2023 23:49,ACTIVE
ACC0010262,CUST000645,CHECKING,EUR,3209.65,3/14/2024 9:33,ACTIVE
ACC0010263,CUST002637,BUSINESS,GBP,2229,2/8/2024 19:56,ACTIVE
ACC0010264,CUST008254,BUSINESS,EUR,908.97,12/25/2023 19:18,ACTIVE
ACC0010265,CUST007716,BUSINESS,AED,2741.89,12/29/2024 3:50,SUSPENDED
ACC0010266,CUST000762,BUSINESS,SGD,1773.81,3/23/2023 5:09,ACTIVE
ACC0010267,CUST001557,SAVINGS,GBP,657.26,2/2/2023 5:12,ACTIVE
ACC0010268,CUST005650,SAVINGS,GBP,944.2,11/25/2025 21:30,ACTIVE
ACC0010269,CUST007618,BUSINESS,EUR,917.94,10/13/2022 15:18,CLOSED
ACC0010270,CUST007022,BUSINESS,GBP,2010.85,11/26/2025 17:19,ACTIVE
ACC0010271,CUST008837,BUSINESS,USD,705.97,4/3/2022 23:46,ACTIVE
ACC0010272,CUST007448,SAVINGS,INR,686.43,11/5/2025 17:37,ACTIVE
ACC0010273,CUST009709,CHECKING,EUR,11643.56,12/15/2022 11:02,ACTIVE
ACC0010274,CUST003686,SAVINGS,USD,3386.94,10/7/2025 14:39,CLOSED
ACC0010275,CUST007556,BUSINESS,AED,440.22,2/23/2023 20:29,ACTIVE
ACC0010276,CUST009652,BUSINESS,EUR,2175.75,12/31/2023 2:45,ACTIVE
ACC0010277,CUST008016,BUSINESS,EUR,1263.98,9/17/2023 7:45,ACTIVE
ACC0010278,CUST000340,BUSINESS,EUR,1754.36,4/30/2023 18:15,SUSPENDED
ACC0010279,CUST009568,BUSINESS,EUR,1293.12,11/18/2023 16:03,ACTIVE
ACC0010280,CUST007915,BUSINESS,EUR,4571.38,8/17/2025 10:44,ACTIVE
ACC0010281,CUST008847,BUSINESS,GBP,1660.28,6/17/2025 21:17,ACTIVE
ACC0010282,CUST005153,CHECKING,CAD,1017.9,1/27/2023 11:17,ACTIVE
ACC0010283,CUST000705,BUSINESS,JPY,3830.03,10/30/2021 0:37,ACTIVE
ACC0010284,CUST004736,SAVINGS,INR,1450.9,11/28/2023 16:37,ACTIVE
ACC0010285,CUST003172,SAVINGS,INR,1268.73,3/6/2026 11:36,ACTIVE
ACC0010286,CUST000407,SAVINGS,INR,1598.51,11/21/2023 21:26,SUSPENDED
ACC0010287,CUST008923,CHECKING,JPY,980.11,2/2/2024 14:47,ACTIVE
ACC0010288,CUST007586,CHECKING,EUR,1108.84,9/9/2023 0:36,ACTIVE
ACC0010289,CUST000385,CHECKING,EUR,542.38,10/22/2025 17:07,ACTIVE
ACC0010290,CUST007678,SAVINGS,EUR,445.23,11/28/2024 23:07,ACTIVE
ACC0010291,CUST004291,SAVINGS,EUR,330.87,11/21/2022 6:20,ACTIVE
ACC0010292,CUST003315,BUSINESS,AED,206.36,5/8/2026 7:58,SUSPENDED
ACC0010293,CUST007114,SAVINGS,CAD,381.59,12/5/2022 20:18,CLOSED
ACC0010294,CUST001465,SAVINGS,AED,889.7,7/5/2024 20:42,ACTIVE
ACC0010295,CUST008668,CHECKING,USD,1241.08,10/10/2024 11:46,ACTIVE
ACC0010296,CUST001322,CHECKING,EUR,791.91,7/5/2026 8:26,ACTIVE
ACC0010297,CUST002312,BUSINESS,EUR,64.92,4/6/2024 8:03,ACTIVE
ACC0010298,CUST000864,CHECKING,CAD,7255.42,5/23/2026 6:56,ACTIVE
ACC0010299,CUST008306,CHECKING,AED,4039.1,2/7/2024 0:45,ACTIVE
ACC0010300,CUST007778,CHECKING,SGD,1872.28,5/27/2026 20:20,ACTIVE
ACC0010301,CUST003689,BUSINESS,USD,10818.24,1/13/2023 3:52,ACTIVE
ACC0010302,CUST000479,BUSINESS,PKR,339.39,11/14/2025 1:25,ACTIVE
ACC0010303,CUST004231,BUSINESS,EUR,10563.4,8/14/2024 20:47,CLOSED
ACC0010304,CUST000214,BUSINESS,EUR,344.38,7/24/2026 6:09,CLOSED
ACC0010305,CUST008447,BUSINESS,SGD,1460.43,12/10/2024 4:42,ACTIVE
ACC0010306,CUST001296,CHECKING,AUD,237.79,9/30/2024 22:38,ACTIVE
ACC0010307,CUST006019,BUSINESS,EUR,1116.14,10/13/2024 1:06,ACTIVE
ACC0010308,CUST004958,SAVINGS,EUR,1743.06,5/4/2026 6:41,CLOSED
ACC0010309,CUST003796,CHECKING,GBP,910.84,11/2/2025 3:39,ACTIVE
ACC0010310,CUST005220,BUSINESS,INR,2582.86,5/3/2025 17:00,ACTIVE
ACC0010311,CUST007926,CHECKING,EUR,1234.99,7/26/2026 3:36,ACTIVE
ACC0010312,CUST001638,CHECKING,AUD,585.87,10/12/2023 0:54,ACTIVE
ACC0010313,CUST001754,BUSINESS,EUR,555.48,7/21/2022 22:05,ACTIVE
ACC0010314,CUST008463,CHECKING,EUR,2901.83,9/3/2023 10:49,ACTIVE
ACC0010315,CUST009252,BUSINESS,EUR,500.45,11/10/2021 1:43,ACTIVE
ACC0010316,CUST007437,SAVINGS,INR,3289.48,9/4/2021 1:51,ACTIVE
ACC0010317,CUST003818,SAVINGS,EUR,4756.44,12/15/2025 21:52,ACTIVE
ACC0010318,CUST001397,SAVINGS,EUR,148.05,5/19/2025 9:14,ACTIVE
ACC0010319,CUST006853,SAVINGS,EUR,4270.61,6/11/2022 5:58,ACTIVE
ACC0010320,CUST007400,CHECKING,AED,12997.43,2/6/2022 9:53,ACTIVE
ACC0010321,CUST000205,SAVINGS,JPY,1483.86,3/28/2025 6:29,ACTIVE
ACC0010322,CUST006471,BUSINESS,AED,2250.48,11/24/2022 13:21,ACTIVE
ACC0010323,CUST008618,BUSINESS,EUR,3806.28,7/9/2023 6:35,ACTIVE
ACC0010324,CUST004491,SAVINGS,PKR,787.94,7/3/2024 16:40,CLOSED
ACC0010325,CUST005033,CHECKING,CAD,1364.76,7/31/2022 20:35,ACTIVE
ACC0010326,CUST007745,CHECKING,AUD,226.55,1/1/2025 9:51,ACTIVE
ACC0010327,CUST009944,SAVINGS,PKR,1295.12,6/11/2026 23:28,ACTIVE
ACC0010328,CUST009000,BUSINESS,AED,1993.67,6/18/2023 4:49,ACTIVE
ACC0010329,CUST003137,BUSINESS,EUR,2037.33,7/27/2022 6:44,ACTIVE
ACC0010330,CUST004782,CHECKING,EUR,3938.32,12/11/2025 3:21,ACTIVE
ACC0010331,CUST002825,SAVINGS,AED,432.78,3/19/2023 15:09,ACTIVE
ACC0010332,CUST007279,SAVINGS,EUR,578.75,11/23/2023 9:22,SUSPENDED
ACC0010333,CUST009551,BUSINESS,AUD,10663.79,1/1/2024 17:33,CLOSED
ACC0010334,CUST008050,BUSINESS,JPY,915.62,12/8/2024 22:09,ACTIVE
ACC0010335,CUST003623,BUSINESS,INR,1394.15,2/4/2024 9:52,SUSPENDED
ACC0010336,CUST006127,CHECKING,SGD,1011.9,8/3/2026 6:21,ACTIVE
ACC0010337,CUST006321,CHECKING,EUR,409.11,5/22/2024 14:04,ACTIVE
ACC0010338,CUST002640,BUSINESS,CAD,7694.3,1/16/2025 23:53,CLOSED
ACC0010339,CUST004083,BUSINESS,EUR,582.17,11/28/2024 16:13,ACTIVE
ACC0010340,CUST000494,CHECKING,INR,283.51,6/28/2024 0:29,ACTIVE
ACC0010341,CUST000279,BUSINESS,EUR,638.49,1/25/2025 8:06,ACTIVE
ACC0010342,CUST001013,BUSINESS,PKR,99.28,3/5/2025 17:24,ACTIVE
ACC0010343,CUST001257,SAVINGS,EUR,501.93,9/29/2021 10:23,CLOSED
ACC0010344,CUST001600,BUSINESS,EUR,343.18,3/20/2023 6:19,SUSPENDED
ACC0010345,CUST006226,BUSINESS,EUR,2300.57,11/20/2021 16:12,CLOSED
ACC0010346,CUST003646,CHECKING,INR,488.78,11/7/2025 11:09,ACTIVE
ACC0010347,CUST000950,BUSINESS,EUR,3182.32,4/11/2025 10:17,ACTIVE
ACC0010348,CUST007990,SAVINGS,AUD,5873.35,11/8/2022 7:34,ACTIVE
ACC0010349,CUST005518,BUSINESS,USD,2800.1,1/11/2024 11:26,SUSPENDED
ACC0010350,CUST006858,CHECKING,EUR,846.86,4/22/2024 17:31,CLOSED
ACC0010351,CUST001499,SAVINGS,AUD,1298.98,4/29/2022 11:51,CLOSED
ACC0010352,CUST009972,BUSINESS,GBP,175.92,9/3/2023 2:07,ACTIVE
ACC0010353,CUST003768,CHECKING,EUR,933.99,2/26/2022 17:27,SUSPENDED
ACC0010354,CUST004772,CHECKING,JPY,390.52,8/6/2026 19:08,ACTIVE
ACC0010355,CUST002060,BUSINESS,PKR,2522.97,2/13/2025 13:46,SUSPENDED
ACC0010356,CUST000284,SAVINGS,AED,24035.88,8/8/2022 0:32,ACTIVE
ACC0010357,CUST008971,BUSINESS,CAD,1997.77,11/5/2022 20:25,SUSPENDED
ACC0010358,CUST001427,SAVINGS,AED,100.55,7/25/2025 17:04,CLOSED
ACC0010359,CUST006695,SAVINGS,PKR,710.89,7/27/2023 19:40,ACTIVE
ACC0010360,CUST003163,CHECKING,EUR,1270.28,2/20/2024 11:09,SUSPENDED
ACC0010361,CUST008768,CHECKING,EUR,1217.83,2/1/2026 11:07,ACTIVE
ACC0010362,CUST001374,BUSINESS,PKR,456.24,6/26/2024 2:27,SUSPENDED
ACC0010363,CUST003531,SAVINGS,EUR,1471.96,9/27/2025 3:51,ACTIVE
ACC0010364,CUST004492,BUSINESS,EUR,246.9,4/12/2024 7:57,ACTIVE
ACC0010365,CUST006676,CHECKING,EUR,352.87,3/9/2024 18:21,ACTIVE
ACC0010366,CUST007129,BUSINESS,INR,2380.24,4/14/2022 16:46,ACTIVE
ACC0010367,CUST008558,SAVINGS,USD,324.15,5/21/2026 6:19,ACTIVE
ACC0010368,CUST004077,SAVINGS,INR,2091.95,2/9/2024 2:01,ACTIVE
ACC0010369,CUST002376,SAVINGS,USD,212.01,3/9/2024 2:47,CLOSED
ACC0010370,CUST004270,CHECKING,EUR,9116.04,1/22/2023 16:51,CLOSED
ACC0010371,CUST006954,SAVINGS,EUR,433.06,5/10/2025 6:51,ACTIVE
ACC0010372,CUST002364,CHECKING,GBP,838.49,5/16/2024 16:49,SUSPENDED
ACC0010373,CUST008041,BUSINESS,GBP,1630.65,1/3/2024 22:59,ACTIVE
ACC0010374,CUST003956,CHECKING,AUD,556.45,8/5/2026 11:56,SUSPENDED
ACC0010375,CUST006670,SAVINGS,EUR,1302.56,5/14/2024 16:14,ACTIVE
ACC0010376,CUST004939,CHECKING,EUR,2187.31,7/18/2023 23:05,SUSPENDED
ACC0010377,CUST003294,CHECKING,EUR,3472.87,5/23/2025 10:08,ACTIVE
ACC0010378,CUST008656,CHECKING,EUR,2835,12/28/2021 7:11,CLOSED
ACC0010379,CUST004946,BUSINESS,EUR,892.32,10/12/2024 6:24,ACTIVE
ACC0010380,CUST000397,BUSINESS,SGD,919.69,8/28/2025 16:12,CLOSED
ACC0010381,CUST002823,BUSINESS,AUD,18378.38,8/21/2024 6:59,ACTIVE
ACC0010382,CUST001708,SAVINGS,EUR,3428.46,12/17/2023 16:51,CLOSED
ACC0010383,CUST002766,BUSINESS,EUR,362.79,3/1/2024 18:49,CLOSED
ACC0010384,CUST009654,CHECKING,AED,1236.43,5/8/2022 6:57,SUSPENDED
ACC0010385,CUST005115,SAVINGS,EUR,733.5,6/17/2024 11:47,ACTIVE
ACC0010386,CUST008622,CHECKING,EUR,932.25,1/2/2026 22:59,ACTIVE
ACC0010387,CUST002292,SAVINGS,AUD,250.79,7/29/2025 12:18,ACTIVE
ACC0010388,CUST003371,CHECKING,PKR,668.94,4/5/2024 16:57,ACTIVE
ACC0010389,CUST003068,SAVINGS,SGD,9641.84,12/16/2023 20:52,SUSPENDED
ACC0010390,CUST001576,CHECKING,CAD,2197.1,9/9/2022 3:21,CLOSED
ACC0010391,CUST009182,SAVINGS,AUD,55.18,7/19/2024 22:37,ACTIVE
ACC0010392,CUST006594,CHECKING,SGD,4722.38,10/1/2021 3:03,ACTIVE
ACC0010393,CUST000116,SAVINGS,EUR,4054.39,2/14/2023 7:41,ACTIVE
ACC0010394,CUST007248,BUSINESS,GBP,712.56,11/5/2022 9:10,ACTIVE
ACC0010395,CUST004281,SAVINGS,GBP,2593.38,12/26/2022 0:12,ACTIVE
ACC0010396,CUST005589,BUSINESS,EUR,391.01,6/13/2024 11:22,ACTIVE
ACC0010397,CUST002115,SAVINGS,EUR,623.71,3/22/2022 9:19,ACTIVE
ACC0010398,CUST006572,BUSINESS,EUR,6622.68,4/13/2026 13:37,ACTIVE
ACC0010399,CUST001882,SAVINGS,JPY,791.5,10/26/2024 23:40,SUSPENDED
ACC0010400,CUST002917,CHECKING,GBP,116.32,6/7/2026 1:04,ACTIVE
ACC0010401,CUST006074,CHECKING,PKR,1016.41,5/19/2025 2:53,ACTIVE
ACC0010402,CUST001710,CHECKING,EUR,997.94,11/5/2024 14:08,ACTIVE
ACC0010403,CUST002353,BUSINESS,EUR,4619.5,1/11/2026 4:36,SUSPENDED
ACC0010404,CUST004868,SAVINGS,GBP,1115.66,5/17/2022 14:46,ACTIVE
ACC0010405,CUST007443,CHECKING,CAD,661.23,4/14/2022 19:10,CLOSED
ACC0010406,CUST005360,CHECKING,EUR,3843.23,11/18/2024 4:04,CLOSED
ACC0010407,CUST000377,SAVINGS,INR,1267.69,5/1/2024 18:25,ACTIVE
ACC0010408,CUST004257,BUSINESS,GBP,445.85,8/21/2024 20:56,ACTIVE
ACC0010409,CUST008627,CHECKING,INR,4385.23,9/11/2021 12:51,ACTIVE
ACC0010410,CUST006816,SAVINGS,PKR,1383.53,2/2/2026 6:00,ACTIVE
ACC0010411,CUST008761,SAVINGS,EUR,1100.49,8/11/2022 11:18,SUSPENDED
ACC0010412,CUST004885,CHECKING,EUR,1357.62,4/14/2024 19:19,ACTIVE
ACC0010413,CUST008940,BUSINESS,AUD,303.44,3/4/2022 15:16,ACTIVE
ACC0010414,CUST001949,CHECKING,CAD,582.2,2/9/2026 3:46,ACTIVE
ACC0010415,CUST007139,CHECKING,SGD,1101.36,5/27/2025 6:56,ACTIVE
ACC0010416,CUST008779,CHECKING,USD,868.18,3/28/2025 15:44,ACTIVE
ACC0010417,CUST005737,BUSINESS,USD,5048.84,6/13/2026 13:21,ACTIVE
ACC0010418,CUST008859,CHECKING,AED,1423.52,8/25/2022 11:36,CLOSED
ACC0010419,CUST002090,SAVINGS,INR,3059.13,10/21/2024 15:58,ACTIVE
ACC0010420,CUST002078,SAVINGS,EUR,1109.07,8/9/2025 15:32,SUSPENDED
ACC0010421,CUST008795,CHECKING,AUD,3895.38,1/8/2024 8:41,ACTIVE
ACC0010422,CUST000254,BUSINESS,EUR,1766.99,5/13/2026 23:54,ACTIVE
ACC0010423,CUST005974,CHECKING,EUR,1114.44,11/26/2021 7:36,ACTIVE
ACC0010424,CUST001768,SAVINGS,PKR,1079.29,2/27/2022 12:52,ACTIVE
ACC0010425,CUST005782,SAVINGS,AUD,348.86,3/21/2024 7:47,ACTIVE
ACC0010426,CUST001748,SAVINGS,EUR,2014.85,12/9/2025 17:37,ACTIVE
ACC0010427,CUST001691,BUSINESS,EUR,1044.98,4/9/2025 11:52,SUSPENDED
ACC0010428,CUST001790,CHECKING,JPY,600.41,7/22/2026 16:12,CLOSED
ACC0010429,CUST001636,SAVINGS,USD,4137.12,1/8/2022 18:07,CLOSED
ACC0010430,CUST007578,CHECKING,EUR,244.63,2/11/2026 21:45,SUSPENDED
ACC0010431,CUST001303,BUSINESS,GBP,660.51,10/5/2021 12:45,ACTIVE
ACC0010432,CUST009454,BUSINESS,USD,3764.09,12/20/2022 11:03,CLOSED
ACC0010433,CUST003856,SAVINGS,USD,1601.39,11/8/2024 9:43,SUSPENDED
ACC0010434,CUST004103,SAVINGS,CAD,1035.43,11/19/2025 4:36,SUSPENDED
ACC0010435,CUST000135,BUSINESS,PKR,1482.08,1/9/2026 5:15,ACTIVE
ACC0010436,CUST002207,SAVINGS,USD,1360.08,11/16/2022 2:20,ACTIVE
ACC0010437,CUST001204,CHECKING,USD,177.68,1/7/2023 8:23,ACTIVE
ACC0010438,CUST008026,BUSINESS,AED,721.18,10/26/2023 14:26,ACTIVE
ACC0010439,CUST005271,SAVINGS,CAD,7629.87,7/11/2026 5:05,CLOSED
ACC0010440,CUST008224,SAVINGS,EUR,497.11,10/12/2021 20:50,ACTIVE
ACC0010441,CUST009857,CHECKING,EUR,748.48,9/2/2023 7:31,SUSPENDED
ACC0010442,CUST001575,BUSINESS,INR,572.52,4/15/2024 5:26,ACTIVE
ACC0010443,CUST004617,SAVINGS,CAD,987.9,10/7/2022 12:23,ACTIVE
ACC0010444,CUST009338,SAVINGS,AUD,544.71,11/25/2025 5:30,ACTIVE
ACC0010445,CUST008621,CHECKING,SGD,1966.66,12/9/2023 8:33,CLOSED
ACC0010446,CUST003151,CHECKING,AED,1389.61,6/22/2025 12:54,SUSPENDED
ACC0010447,CUST009751,BUSINESS,PKR,2774.59,12/8/2025 9:04,ACTIVE
ACC0010448,CUST002730,BUSINESS,INR,310.71,2/29/2024 23:31,CLOSED
ACC0010449,CUST000733,SAVINGS,AED,728.94,7/16/2025 3:34,ACTIVE
ACC0010450,CUST001588,BUSINESS,USD,836.42,5/18/2024 17:15,SUSPENDED
ACC0010451,CUST006375,SAVINGS,AUD,1894.63,2/6/2023 16:21,SUSPENDED
ACC0010452,CUST004841,CHECKING,AUD,423.32,1/17/2023 19:50,ACTIVE
ACC0010453,CUST009258,CHECKING,SGD,3290.47,12/8/2025 23:01,ACTIVE
ACC0010454,CUST006895,SAVINGS,PKR,4553.72,3/11/2022 7:54,ACTIVE
ACC0010455,CUST002077,SAVINGS,INR,334.74,10/19/2024 22:16,CLOSED
ACC0010456,CUST005227,BUSINESS,CAD,608.47,7/9/2024 0:22,ACTIVE
ACC0010457,CUST002122,BUSINESS,EUR,579.22,4/22/2022 23:06,ACTIVE
ACC0010458,CUST002763,CHECKING,JPY,25818.94,5/4/2024 1:14,SUSPENDED
ACC0010459,CUST006306,SAVINGS,GBP,654.66,2/7/2025 5:37,ACTIVE
ACC0010460,CUST002924,SAVINGS,AUD,8210.35,3/25/2023 9:31,ACTIVE
ACC0010461,CUST000220,BUSINESS,INR,239.86,3/9/2024 5:15,ACTIVE
ACC0010462,CUST005982,BUSINESS,EUR,334.43,8/22/2023 17:50,SUSPENDED
ACC0010463,CUST000422,BUSINESS,INR,481.1,10/24/2025 3:25,ACTIVE
ACC0010464,CUST008613,BUSINESS,AUD,397.49,11/2/2022 10:23,SUSPENDED
ACC0010465,CUST000222,CHECKING,PKR,795.14,5/2/2024 2:24,CLOSED
ACC0010466,CUST004054,CHECKING,SGD,468.47,10/20/2022 21:15,ACTIVE
ACC0010467,CUST005443,CHECKING,EUR,410.26,12/10/2021 17:04,ACTIVE
ACC0010468,CUST008816,CHECKING,SGD,4403.55,12/19/2023 23:48,SUSPENDED
ACC0010469,CUST006510,BUSINESS,USD,4762.62,5/29/2023 8:13,CLOSED
ACC0010470,CUST007849,BUSINESS,CAD,3426.02,12/9/2021 12:33,ACTIVE
ACC0010471,CUST002533,CHECKING,EUR,2056.58,6/16/2022 16:55,ACTIVE
ACC0010472,CUST000166,SAVINGS,AED,1225.73,2/3/2025 7:05,ACTIVE
ACC0010473,CUST001007,BUSINESS,INR,603.99,2/19/2022 20:30,ACTIVE
ACC0010474,CUST006949,BUSINESS,AED,349.4,2/7/2024 16:04,CLOSED
ACC0010475,CUST002787,CHECKING,JPY,1695.27,11/1/2022 0:55,ACTIVE
ACC0010476,CUST009672,SAVINGS,EUR,268.18,3/4/2025 12:06,ACTIVE
ACC0010477,CUST006416,CHECKING,EUR,332.72,8/11/2023 6:11,ACTIVE
ACC0010478,CUST006002,SAVINGS,USD,4374.27,11/8/2025 7:26,ACTIVE
ACC0010479,CUST005709,BUSINESS,JPY,10729.79,10/18/2024 15:19,ACTIVE
ACC0010480,CUST009478,BUSINESS,USD,1758.04,9/23/2025 21:01,ACTIVE
ACC0010481,CUST007297,CHECKING,EUR,4137.09,3/17/2023 5:05,CLOSED
ACC0010482,CUST002079,SAVINGS,PKR,816.46,7/6/2026 10:32,CLOSED
ACC0010483,CUST002197,BUSINESS,GBP,220.26,12/16/2025 2:46,CLOSED
ACC0010484,CUST002731,BUSINESS,GBP,2286.11,4/2/2024 2:37,SUSPENDED
ACC0010485,CUST005051,CHECKING,INR,2171.44,12/20/2024 15:27,CLOSED
ACC0010486,CUST009153,SAVINGS,JPY,1195.12,1/24/2026 23:37,ACTIVE
ACC0010487,CUST005442,BUSINESS,GBP,819.87,9/24/2024 18:06,ACTIVE
ACC0010488,CUST005020,BUSINESS,EUR,3479.53,12/23/2025 2:34,ACTIVE
ACC0010489,CUST006398,CHECKING,EUR,336,7/22/2024 3:24,SUSPENDED
ACC0010490,CUST009546,BUSINESS,EUR,433.31,7/16/2025 16:16,SUSPENDED
ACC0010491,CUST007985,BUSINESS,AED,327.1,2/21/2025 12:57,CLOSED
ACC0010492,CUST004413,BUSINESS,EUR,1214.35,11/27/2021 4:18,ACTIVE
ACC0010493,CUST005754,BUSINESS,EUR,297.24,10/21/2024 2:29,ACTIVE
ACC0010494,CUST000869,BUSINESS,EUR,482.47,10/18/2021 8:13,ACTIVE
ACC0010495,CUST003764,CHECKING,GBP,470.17,5/22/2024 0:54,ACTIVE
ACC0010496,CUST005952,BUSINESS,JPY,802.13,8/25/2025 5:12,SUSPENDED
ACC0010497,CUST005709,SAVINGS,JPY,184.04,9/27/2024 22:13,ACTIVE
ACC0010498,CUST008446,BUSINESS,EUR,1217.61,7/18/2026 16:12,ACTIVE
ACC0010499,CUST004302,SAVINGS,EUR,4898.89,8/29/2025 9:44,CLOSED
ACC0010500,CUST003532,BUSINESS,AED,1290.25,9/18/2024 6:03,SUSPENDED
ACC0010501,CUST009978,CHECKING,EUR,6971.5,4/28/2023 21:13,ACTIVE
ACC0010502,CUST001338,BUSINESS,USD,5435.99,1/14/2023 5:21,SUSPENDED
ACC0010503,CUST000439,SAVINGS,EUR,2788.56,6/28/2026 1:00,ACTIVE
ACC0010504,CUST009095,SAVINGS,AED,1199.46,5/9/2022 2:03,ACTIVE
ACC0010505,CUST003408,CHECKING,AUD,1126.65,3/8/2026 0:58,CLOSED
ACC0010506,CUST002451,BUSINESS,PKR,2742.32,2/22/2026 5:30,ACTIVE
ACC0010507,CUST001414,SAVINGS,INR,685.39,7/24/2022 1:13,CLOSED
ACC0010508,CUST009588,BUSINESS,PKR,114.55,10/23/2023 16:03,CLOSED
ACC0010509,CUST000936,BUSINESS,JPY,1979.11,12/30/2021 7:06,SUSPENDED
ACC0010510,CUST004877,CHECKING,USD,282.23,7/29/2024 5:19,ACTIVE
ACC0010511,CUST007668,BUSINESS,EUR,345.65,1/13/2024 15:28,ACTIVE
ACC0010512,CUST002570,BUSINESS,EUR,1096.93,11/28/2025 5:42,ACTIVE
ACC0010513,CUST003066,SAVINGS,EUR,978.33,10/15/2023 5:10,SUSPENDED
ACC0010514,CUST008324,BUSINESS,INR,201.44,3/2/2025 14:42,CLOSED
ACC0010515,CUST001571,SAVINGS,SGD,1337.54,9/10/2024 13:40,ACTIVE
ACC0010516,CUST004314,BUSINESS,USD,3495.98,2/12/2023 12:32,ACTIVE
ACC0010517,CUST001164,BUSINESS,SGD,283.15,8/2/2026 21:15,SUSPENDED
ACC0010518,CUST001983,SAVINGS,INR,5049.17,5/4/2022 10:53,CLOSED
ACC0010519,CUST002650,BUSINESS,EUR,168.64,3/12/2026 11:03,ACTIVE
ACC0010520,CUST005525,BUSINESS,GBP,13915.92,8/17/2026 17:54,ACTIVE
ACC0010521,CUST008783,BUSINESS,EUR,669.47,4/23/2023 19:48,ACTIVE
ACC0010522,CUST004432,BUSINESS,PKR,1306.02,9/19/2024 14:37,ACTIVE
ACC0010523,CUST000704,CHECKING,AUD,113.25,2/3/2026 9:38,SUSPENDED
ACC0010524,CUST002856,SAVINGS,EUR,1017.84,2/2/2022 3:34,ACTIVE
ACC0010525,CUST009055,BUSINESS,SGD,1442.57,10/3/2024 9:52,ACTIVE
ACC0010526,CUST005679,BUSINESS,PKR,988.91,4/18/2026 9:45,SUSPENDED
ACC0010527,CUST000363,SAVINGS,AUD,557.97,4/30/2023 9:48,CLOSED
ACC0010528,CUST003038,CHECKING,AED,352.17,1/29/2022 5:25,ACTIVE
ACC0010529,CUST009134,BUSINESS,EUR,4258.33,6/4/2025 12:07,CLOSED
ACC0010530,CUST000369,SAVINGS,GBP,1137.93,12/4/2024 21:49,ACTIVE
ACC0010531,CUST000339,CHECKING,EUR,6966.74,4/13/2026 22:37,SUSPENDED
ACC0010532,CUST008155,SAVINGS,SGD,583.02,10/24/2022 12:45,ACTIVE
ACC0010533,CUST005273,SAVINGS,EUR,650.83,8/30/2021 1:08,ACTIVE
ACC0010534,CUST002407,BUSINESS,AED,2918.17,5/10/2024 4:57,SUSPENDED
ACC0010535,CUST002112,SAVINGS,CAD,156.4,10/14/2023 11:11,ACTIVE
ACC0010536,CUST006122,BUSINESS,EUR,255.66,10/21/2022 6:42,ACTIVE
ACC0010537,CUST008196,CHECKING,PKR,4092.79,1/14/2025 9:10,CLOSED
ACC0010538,CUST008966,SAVINGS,PKR,268.72,11/6/2021 21:35,ACTIVE
ACC0010539,CUST009827,BUSINESS,INR,123.61,11/7/2022 18:57,ACTIVE
ACC0010540,CUST000024,CHECKING,AED,10324.06,1/7/2024 17:28,ACTIVE
ACC0010541,CUST009210,CHECKING,EUR,205.91,12/29/2023 17:42,ACTIVE
ACC0010542,CUST003459,SAVINGS,JPY,1367.78,9/20/2022 19:04,ACTIVE
ACC0010543,CUST004477,BUSINESS,EUR,1191.42,9/4/2022 6:28,ACTIVE
ACC0010544,CUST004808,BUSINESS,JPY,37.61,6/10/2022 17:59,CLOSED
ACC0010545,CUST004677,SAVINGS,EUR,795.7,10/6/2025 1:08,CLOSED
ACC0010546,CUST000610,CHECKING,EUR,1878.25,8/5/2023 4:45,ACTIVE
ACC0010547,CUST005652,CHECKING,JPY,1677.69,12/5/2025 18:21,SUSPENDED
ACC0010548,CUST000652,SAVINGS,EUR,3242.91,1/17/2024 6:42,CLOSED
ACC0010549,CUST007348,CHECKING,CAD,688.84,12/4/2024 7:53,ACTIVE
ACC0010550,CUST004413,SAVINGS,EUR,2578.61,12/16/2022 22:20,ACTIVE
ACC0010551,CUST005891,SAVINGS,EUR,479.53,6/25/2025 13:15,CLOSED
ACC0010552,CUST007940,CHECKING,AED,201.83,11/17/2023 20:05,ACTIVE
ACC0010553,CUST008728,SAVINGS,EUR,231.07,10/9/2023 0:11,ACTIVE
ACC0010554,CUST004733,SAVINGS,PKR,189.7,2/22/2025 21:34,ACTIVE
ACC0010555,CUST003979,CHECKING,GBP,3683.07,5/30/2026 4:47,CLOSED
ACC0010556,CUST008707,CHECKING,AUD,178.13,4/9/2024 21:55,ACTIVE
ACC0010557,CUST007201,CHECKING,GBP,1523.62,4/4/2026 8:29,CLOSED
ACC0010558,CUST008792,BUSINESS,EUR,797.03,9/27/2024 16:47,ACTIVE
ACC0010559,CUST001549,BUSINESS,USD,969.54,12/9/2021 6:39,ACTIVE
ACC0010560,CUST000606,BUSINESS,SGD,5632.61,6/1/2025 1:08,CLOSED
ACC0010561,CUST006842,CHECKING,GBP,648,11/2/2021 5:15,ACTIVE
ACC0010562,CUST007540,SAVINGS,JPY,2284.54,3/20/2022 11:11,CLOSED
ACC0010563,CUST001319,BUSINESS,CAD,1147.2,9/8/2023 22:53,ACTIVE
ACC0010564,CUST004328,CHECKING,AED,913.77,3/22/2024 0:40,ACTIVE
ACC0010565,CUST002523,CHECKING,EUR,17325.99,10/31/2022 11:49,ACTIVE
ACC0010566,CUST000253,SAVINGS,EUR,194.49,2/18/2023 22:45,SUSPENDED
ACC0010567,CUST007811,SAVINGS,EUR,5151.06,8/3/2023 5:58,ACTIVE
ACC0010568,CUST004083,CHECKING,EUR,2410.74,5/29/2024 1:52,ACTIVE
ACC0010569,CUST009098,BUSINESS,AUD,616.82,5/6/2024 2:09,ACTIVE
ACC0010570,CUST008213,SAVINGS,SGD,7747.94,11/6/2021 10:11,ACTIVE
ACC0010571,CUST005640,SAVINGS,EUR,119.37,1/1/2024 14:06,ACTIVE
ACC0010572,CUST005853,SAVINGS,PKR,586.33,4/3/2024 15:23,ACTIVE
ACC0010573,CUST005438,BUSINESS,INR,257.19,11/12/2021 4:14,ACTIVE
ACC0010574,CUST009134,SAVINGS,EUR,1798.13,10/22/2024 14:39,ACTIVE
ACC0010575,CUST008858,SAVINGS,EUR,288.39,11/25/2025 10:21,ACTIVE
ACC0010576,CUST006983,SAVINGS,EUR,1843.97,8/4/2022 18:04,ACTIVE
ACC0010577,CUST008208,SAVINGS,GBP,876.8,2/4/2022 16:00,SUSPENDED
ACC0010578,CUST002750,BUSINESS,AED,616.94,4/27/2025 2:48,ACTIVE
ACC0010579,CUST005078,BUSINESS,GBP,1748.26,9/30/2022 18:17,ACTIVE
ACC0010580,CUST001828,CHECKING,AUD,794.45,12/3/2021 18:15,ACTIVE
ACC0010581,CUST000841,CHECKING,INR,296.97,12/26/2025 0:28,ACTIVE
ACC0010582,CUST005627,SAVINGS,EUR,31623.24,12/5/2021 15:19,ACTIVE
ACC0010583,CUST006639,BUSINESS,EUR,611.18,12/13/2022 1:33,ACTIVE
ACC0010584,CUST005580,CHECKING,USD,76.62,9/3/2021 16:13,ACTIVE
ACC0010585,CUST004682,SAVINGS,JPY,399.21,8/12/2022 10:59,SUSPENDED
ACC0010586,CUST008352,SAVINGS,SGD,239.67,7/10/2022 12:35,ACTIVE
ACC0010587,CUST009585,SAVINGS,EUR,2955.36,1/31/2022 16:08,CLOSED
ACC0010588,CUST008335,SAVINGS,INR,1613.21,11/1/2023 1:05,ACTIVE
ACC0010589,CUST007457,CHECKING,EUR,1769.51,5/26/2022 12:20,ACTIVE
ACC0010590,CUST001938,BUSINESS,AED,703.43,11/16/2022 5:45,CLOSED
ACC0010591,CUST005102,SAVINGS,EUR,784.29,9/22/2024 10:43,ACTIVE
ACC0010592,CUST005390,BUSINESS,JPY,702.67,12/26/2025 16:18,CLOSED
ACC0010593,CUST006319,CHECKING,PKR,994.83,12/14/2025 10:36,ACTIVE
ACC0010594,CUST007904,CHECKING,AUD,2988.12,2/22/2025 8:32,ACTIVE
ACC0010595,CUST009886,SAVINGS,JPY,1641.38,1/9/2022 5:33,CLOSED
ACC0010596,CUST001736,CHECKING,EUR,1998.47,2/18/2024 11:14,SUSPENDED
ACC0010597,CUST001712,BUSINESS,EUR,1997.14,12/27/2024 5:36,ACTIVE
ACC0010598,CUST001977,CHECKING,EUR,3169.51,8/26/2021 5:53,SUSPENDED
ACC0010599,CUST007224,SAVINGS,PKR,1549.64,10/23/2022 4:56,CLOSED
ACC0010600,CUST005706,SAVINGS,SGD,1686.85,1/9/2023 9:46,SUSPENDED
ACC0010601,CUST004578,CHECKING,PKR,4566.8,4/24/2024 21:24,ACTIVE
ACC0010602,CUST009419,BUSINESS,EUR,493.71,1/10/2022 8:26,ACTIVE
ACC0010603,CUST003129,CHECKING,EUR,392.72,1/26/2023 16:33,CLOSED
ACC0010604,CUST002487,SAVINGS,AUD,264.25,11/30/2021 9:43,ACTIVE
ACC0010605,CUST007541,SAVINGS,INR,1365.8,9/15/2022 9:05,CLOSED
ACC0010606,CUST001428,CHECKING,AED,118.57,7/18/2022 0:26,SUSPENDED
ACC0010607,CUST000096,CHECKING,EUR,1909.48,4/5/2026 1:19,CLOSED
ACC0010608,CUST006184,SAVINGS,GBP,961.96,12/2/2025 2:09,CLOSED
ACC0010609,CUST007550,SAVINGS,EUR,4279.4,5/31/2024 17:43,ACTIVE
ACC0010610,CUST006210,CHECKING,EUR,489.65,7/4/2024 11:11,ACTIVE
ACC0010611,CUST008938,BUSINESS,PKR,859.21,1/15/2023 15:36,ACTIVE
ACC0010612,CUST009718,BUSINESS,GBP,4216.01,1/2/2025 19:50,ACTIVE
ACC0010613,CUST009890,CHECKING,EUR,5766.17,5/16/2022 16:34,ACTIVE
ACC0010614,CUST001628,SAVINGS,EUR,484.84,10/25/2025 8:18,ACTIVE
ACC0010615,CUST006810,BUSINESS,EUR,1363.95,11/2/2022 12:01,ACTIVE
ACC0010616,CUST007706,SAVINGS,EUR,1561.34,1/15/2026 15:30,SUSPENDED
ACC0010617,CUST003367,BUSINESS,PKR,1717.09,10/21/2022 17:33,ACTIVE
ACC0010618,CUST007864,SAVINGS,INR,800.24,10/24/2025 15:34,CLOSED
ACC0010619,CUST008467,BUSINESS,PKR,5103.39,12/28/2021 8:49,SUSPENDED
ACC0010620,CUST003478,BUSINESS,AUD,113.56,9/26/2022 21:14,SUSPENDED
ACC0010621,CUST006848,CHECKING,PKR,661.59,11/8/2024 0:37,ACTIVE
ACC0010622,CUST001486,BUSINESS,GBP,1877.16,8/31/2022 3:17,SUSPENDED
ACC0010623,CUST007873,SAVINGS,PKR,1898.22,10/1/2022 1:38,ACTIVE
ACC0010624,CUST005032,BUSINESS,EUR,5559.76,10/29/2024 14:31,ACTIVE
ACC0010625,CUST008578,BUSINESS,EUR,4618.71,6/12/2026 20:02,ACTIVE
ACC0010626,CUST008842,SAVINGS,AED,778.49,9/24/2022 10:35,ACTIVE
ACC0010627,CUST001332,BUSINESS,EUR,5217.87,5/23/2025 10:44,ACTIVE
ACC0010628,CUST005212,CHECKING,EUR,465.52,8/3/2026 3:02,CLOSED
ACC0010629,CUST001104,BUSINESS,EUR,3351.17,10/31/2025 0:38,ACTIVE
ACC0010630,CUST009247,BUSINESS,CAD,9629.89,2/6/2025 5:15,ACTIVE
ACC0010631,CUST000454,SAVINGS,PKR,4712.31,9/8/2021 12:15,ACTIVE
ACC0010632,CUST001062,CHECKING,AUD,1245.04,10/15/2023 4:42,ACTIVE
ACC0010633,CUST000326,SAVINGS,EUR,736.47,1/13/2022 20:21,ACTIVE
ACC0010634,CUST008030,SAVINGS,EUR,175.16,3/14/2023 22:37,ACTIVE
ACC0010635,CUST002293,BUSINESS,CAD,1591.84,6/26/2025 19:17,SUSPENDED
ACC0010636,CUST004948,SAVINGS,AUD,287.65,8/1/2022 8:00,SUSPENDED
ACC0010637,CUST006019,BUSINESS,EUR,423.37,3/8/2026 4:22,ACTIVE
ACC0010638,CUST006938,BUSINESS,EUR,262.72,6/12/2023 19:14,ACTIVE
ACC0010639,CUST006134,BUSINESS,SGD,631.14,10/7/2021 16:47,ACTIVE
ACC0010640,CUST002795,SAVINGS,USD,1060.44,8/22/2022 20:27,SUSPENDED
ACC0010641,CUST001483,CHECKING,EUR,1522.85,9/28/2021 21:28,ACTIVE
ACC0010642,CUST008127,BUSINESS,EUR,533.46,1/26/2022 17:09,ACTIVE
ACC0010643,CUST007390,CHECKING,AUD,3956.6,1/13/2026 8:50,ACTIVE
ACC0010644,CUST008524,BUSINESS,EUR,854.19,12/16/2023 23:10,CLOSED
ACC0010645,CUST003962,SAVINGS,GBP,426.13,8/11/2026 8:51,SUSPENDED
ACC0010646,CUST005031,CHECKING,EUR,1438.78,8/16/2024 9:49,ACTIVE
ACC0010647,CUST003866,BUSINESS,CAD,11571.07,11/23/2022 14:40,ACTIVE
ACC0010648,CUST005371,BUSINESS,USD,1639.58,7/23/2024 15:03,CLOSED
ACC0010649,CUST002826,CHECKING,EUR,709.51,11/14/2023 1:41,ACTIVE
ACC0010650,CUST006059,BUSINESS,AED,175.4,12/24/2021 7:28,SUSPENDED
ACC0010651,CUST000915,BUSINESS,EUR,842.78,9/21/2021 6:39,ACTIVE
ACC0010652,CUST004735,SAVINGS,JPY,1453.77,6/12/2023 18:40,ACTIVE
ACC0010653,CUST008192,CHECKING,EUR,688.77,9/30/2024 18:05,ACTIVE
ACC0010654,CUST006279,CHECKING,EUR,148.64,8/8/2022 23:26,CLOSED
ACC0010655,CUST007623,SAVINGS,JPY,395.17,5/12/2026 18:38,ACTIVE
ACC0010656,CUST005455,CHECKING,EUR,6282.02,12/26/2025 2:05,ACTIVE
ACC0010657,CUST009781,CHECKING,GBP,6129.09,6/15/2023 1:27,SUSPENDED
ACC0010658,CUST006745,CHECKING,EUR,378.43,1/3/2024 22:25,ACTIVE
ACC0010659,CUST008124,BUSINESS,CAD,2458.5,5/4/2024 0:26,ACTIVE
ACC0010660,CUST002521,CHECKING,GBP,266.59,11/3/2025 8:27,ACTIVE
ACC0010661,CUST007614,SAVINGS,PKR,5914.6,12/1/2024 12:28,CLOSED
ACC0010662,CUST000546,CHECKING,GBP,1471.86,1/24/2024 4:18,SUSPENDED
ACC0010663,CUST001217,CHECKING,EUR,3427.44,6/13/2026 8:32,ACTIVE
ACC0010664,CUST000048,BUSINESS,EUR,140.03,3/11/2024 9:48,ACTIVE
ACC0010665,CUST006355,CHECKING,SGD,2472.94,5/31/2025 14:34,ACTIVE
ACC0010666,CUST004486,CHECKING,EUR,1086.58,12/13/2025 11:07,ACTIVE
ACC0010667,CUST004585,BUSINESS,INR,3048.23,7/5/2025 22:13,ACTIVE
ACC0010668,CUST000034,CHECKING,EUR,3287.36,12/20/2022 0:42,CLOSED
ACC0010669,CUST006150,CHECKING,EUR,1186.71,12/8/2024 5:52,ACTIVE
ACC0010670,CUST006008,SAVINGS,JPY,533.26,8/1/2026 16:09,ACTIVE
ACC0010671,CUST001210,BUSINESS,USD,2795.13,4/1/2022 21:30,ACTIVE
ACC0010672,CUST002937,BUSINESS,EUR,1020.26,5/11/2022 5:31,SUSPENDED
ACC0010673,CUST008116,CHECKING,EUR,384.77,2/4/2025 13:18,ACTIVE
ACC0010674,CUST005420,CHECKING,EUR,363.51,4/29/2022 4:13,ACTIVE
ACC0010675,CUST005899,BUSINESS,EUR,186.31,2/20/2025 23:49,CLOSED
ACC0010676,CUST001445,SAVINGS,PKR,594.46,11/5/2023 12:22,CLOSED
ACC0010677,CUST003732,SAVINGS,EUR,4118.44,12/16/2024 18:00,ACTIVE
ACC0010678,CUST007780,CHECKING,EUR,1357.49,11/24/2024 4:22,CLOSED
ACC0010679,CUST003244,BUSINESS,INR,580.73,12/28/2024 9:50,ACTIVE
ACC0010680,CUST008313,SAVINGS,CAD,2880.81,6/29/2023 23:33,ACTIVE
ACC0010681,CUST004313,BUSINESS,EUR,403.84,3/20/2023 19:53,CLOSED
ACC0010682,CUST005112,BUSINESS,EUR,1229.57,5/9/2025 9:52,ACTIVE
ACC0010683,CUST002777,SAVINGS,AED,883.99,4/23/2025 11:20,ACTIVE
ACC0010684,CUST002322,BUSINESS,EUR,2793.24,7/19/2023 22:53,ACTIVE
ACC0010685,CUST005470,SAVINGS,EUR,165.23,5/2/2022 15:13,CLOSED
ACC0010686,CUST007711,CHECKING,GBP,395.35,1/5/2026 0:52,ACTIVE
ACC0010687,CUST004203,CHECKING,EUR,153.56,4/8/2026 3:41,ACTIVE
ACC0010688,CUST005902,CHECKING,AUD,803.1,10/20/2022 21:59,ACTIVE
ACC0010689,CUST006646,CHECKING,EUR,4692.46,5/23/2025 20:31,ACTIVE
ACC0010690,CUST003698,BUSINESS,EUR,597.92,12/6/2025 14:06,ACTIVE
ACC0010691,CUST000070,SAVINGS,INR,594.18,7/23/2025 9:54,ACTIVE
ACC0010692,CUST008698,BUSINESS,PKR,3121.5,11/24/2024 18:00,ACTIVE
ACC0010693,CUST007755,SAVINGS,EUR,3953.12,4/8/2026 17:06,CLOSED
ACC0010694,CUST002706,CHECKING,CAD,986.06,12/2/2022 18:42,ACTIVE
ACC0010695,CUST000844,BUSINESS,CAD,2494.04,2/21/2024 1:18,ACTIVE
ACC0010696,CUST000586,SAVINGS,EUR,301.16,10/19/2024 11:45,ACTIVE
ACC0010697,CUST009215,BUSINESS,SGD,5730.56,1/25/2026 23:54,ACTIVE
ACC0010698,CUST003588,SAVINGS,CAD,14449.97,3/23/2024 15:14,ACTIVE
ACC0010699,CUST005861,SAVINGS,AED,2049.72,12/15/2025 12:38,ACTIVE
ACC0010700,CUST008342,SAVINGS,PKR,89.91,5/11/2024 14:31,SUSPENDED
ACC0010701,CUST009091,CHECKING,AED,561.23,5/20/2022 10:44,SUSPENDED
ACC0010702,CUST002521,BUSINESS,GBP,2287.9,12/31/2024 8:25,ACTIVE
ACC0010703,CUST003439,BUSINESS,PKR,661.31,4/23/2025 4:59,SUSPENDED
ACC0010704,CUST007189,SAVINGS,JPY,5047.45,3/14/2023 16:52,SUSPENDED
ACC0010705,CUST006383,BUSINESS,PKR,2221.17,4/10/2025 8:40,SUSPENDED
ACC0010706,CUST000694,CHECKING,CAD,469.76,7/19/2023 2:15,ACTIVE
ACC0010707,CUST005892,SAVINGS,GBP,1139.93,7/27/2024 6:22,CLOSED
ACC0010708,CUST003417,CHECKING,PKR,375.18,5/22/2025 15:08,SUSPENDED
ACC0010709,CUST000055,SAVINGS,AED,880.86,5/27/2024 0:38,SUSPENDED
ACC0010710,CUST002061,SAVINGS,USD,563.68,3/3/2024 7:10,CLOSED
ACC0010711,CUST006363,CHECKING,SGD,4490.48,12/27/2025 9:55,SUSPENDED
ACC0010712,CUST004734,CHECKING,AUD,13894.03,2/22/2024 16:36,ACTIVE
ACC0010713,CUST004127,SAVINGS,EUR,196.88,6/15/2024 23:13,ACTIVE
ACC0010714,CUST000430,CHECKING,PKR,109.09,2/13/2023 22:35,ACTIVE
ACC0010715,CUST005155,CHECKING,SGD,817.13,3/13/2024 1:31,ACTIVE
ACC0010716,CUST006757,BUSINESS,EUR,177.31,11/27/2021 22:46,ACTIVE
ACC0010717,CUST005686,SAVINGS,GBP,1159.16,8/4/2024 17:38,SUSPENDED
ACC0010718,CUST009753,BUSINESS,USD,2693.84,11/28/2023 18:53,CLOSED
ACC0010719,CUST000638,BUSINESS,EUR,6587.77,8/9/2022 17:58,ACTIVE
ACC0010720,CUST005294,BUSINESS,EUR,1396.43,2/28/2025 18:27,ACTIVE
ACC0010721,CUST009679,SAVINGS,AED,869.76,3/16/2026 4:59,CLOSED
ACC0010722,CUST002181,CHECKING,JPY,102.1,4/29/2023 15:34,ACTIVE
ACC0010723,CUST002773,SAVINGS,SGD,1131.64,5/6/2023 16:44,ACTIVE
ACC0010724,CUST000691,SAVINGS,PKR,1194.57,9/2/2022 20:35,ACTIVE
ACC0010725,CUST000298,CHECKING,SGD,2360.78,11/27/2023 14:05,ACTIVE
ACC0010726,CUST003918,BUSINESS,EUR,468.63,2/28/2023 18:47,ACTIVE
ACC0010727,CUST009407,CHECKING,USD,650.63,8/15/2022 12:17,ACTIVE
ACC0010728,CUST007039,BUSINESS,PKR,186.12,4/8/2024 11:06,ACTIVE
ACC0010729,CUST001651,BUSINESS,AED,70.14,8/16/2025 15:40,ACTIVE
ACC0010730,CUST006256,CHECKING,EUR,289.98,3/2/2023 1:10,ACTIVE
ACC0010731,CUST009695,CHECKING,EUR,166.6,9/1/2023 23:11,CLOSED
ACC0010732,CUST001490,SAVINGS,INR,1642.63,1/19/2026 13:04,CLOSED
ACC0010733,CUST002409,CHECKING,SGD,588.89,12/3/2021 20:41,ACTIVE
ACC0010734,CUST008972,SAVINGS,AUD,574.85,4/8/2023 12:36,ACTIVE
ACC0010735,CUST002189,CHECKING,USD,336.54,12/27/2022 0:03,ACTIVE
ACC0010736,CUST002585,BUSINESS,EUR,22.67,6/24/2025 23:01,ACTIVE
ACC0010737,CUST001977,SAVINGS,EUR,6700.74,1/26/2022 5:39,ACTIVE
ACC0010738,CUST002157,BUSINESS,INR,330.19,6/3/2024 10:09,ACTIVE
ACC0010739,CUST005405,SAVINGS,SGD,668.54,6/22/2024 4:58,ACTIVE
ACC0010740,CUST002387,SAVINGS,PKR,191.35,3/10/2024 21:56,CLOSED
ACC0010741,CUST009743,CHECKING,EUR,3520.35,1/8/2024 7:44,ACTIVE
ACC0010742,CUST004707,CHECKING,AED,1302.6,9/20/2021 22:59,ACTIVE
ACC0010743,CUST002436,CHECKING,CAD,406.82,2/1/2023 11:27,CLOSED
ACC0010744,CUST002155,BUSINESS,CAD,684.94,10/9/2025 0:00,ACTIVE
ACC0010745,CUST000248,CHECKING,AUD,8215.81,3/1/2024 12:58,ACTIVE
ACC0010746,CUST003125,CHECKING,EUR,1004.69,6/11/2022 16:27,ACTIVE
ACC0010747,CUST008625,BUSINESS,AED,881.76,2/14/2023 23:04,ACTIVE
ACC0010748,CUST008923,BUSINESS,JPY,354.37,10/11/2023 5:41,CLOSED
ACC0010749,CUST002640,SAVINGS,CAD,112.9,7/21/2023 18:04,CLOSED
ACC0010750,CUST003864,SAVINGS,AED,905.02,12/22/2022 16:14,ACTIVE
ACC0010751,CUST009602,SAVINGS,USD,1620.65,9/12/2021 23:07,SUSPENDED
ACC0010752,CUST001571,BUSINESS,SGD,4103.11,6/21/2024 19:33,ACTIVE
ACC0010753,CUST005500,CHECKING,AED,73.83,2/22/2026 20:45,ACTIVE
ACC0010754,CUST009899,SAVINGS,INR,284.26,1/2/2023 6:20,ACTIVE
ACC0010755,CUST001910,BUSINESS,EUR,546.27,11/24/2021 13:04,ACTIVE
ACC0010756,CUST006732,CHECKING,EUR,1092.06,9/13/2025 19:10,SUSPENDED
ACC0010757,CUST004599,BUSINESS,EUR,921.46,10/12/2021 0:46,CLOSED
ACC0010758,CUST008511,SAVINGS,GBP,947.64,11/13/2023 20:26,ACTIVE
ACC0010759,CUST007999,SAVINGS,EUR,1789.54,12/3/2022 20:52,ACTIVE
ACC0010760,CUST000918,BUSINESS,INR,370.94,12/3/2024 4:41,SUSPENDED
ACC0010761,CUST007444,SAVINGS,CAD,3364.28,5/11/2025 19:43,SUSPENDED
ACC0010762,CUST005946,CHECKING,AUD,1844.83,6/21/2022 13:14,ACTIVE
ACC0010763,CUST001133,SAVINGS,USD,747.1,9/24/2023 15:48,ACTIVE
ACC0010764,CUST009042,CHECKING,PKR,7488.24,11/16/2024 4:11,ACTIVE
ACC0010765,CUST007618,CHECKING,EUR,7098.93,8/15/2025 15:47,SUSPENDED
ACC0010766,CUST000881,SAVINGS,EUR,3359.25,3/9/2025 16:04,ACTIVE
ACC0010767,CUST003891,SAVINGS,GBP,29.3,4/19/2023 8:25,ACTIVE
ACC0010768,CUST002112,SAVINGS,CAD,7293.47,4/4/2024 16:35,ACTIVE
ACC0010769,CUST001999,BUSINESS,AUD,2846.12,2/1/2026 0:07,ACTIVE
ACC0010770,CUST006932,SAVINGS,GBP,12181.7,9/23/2024 8:25,CLOSED
ACC0010771,CUST002685,SAVINGS,EUR,4841.39,10/10/2022 15:07,ACTIVE
ACC0010772,CUST008027,BUSINESS,INR,7288.2,3/24/2026 1:54,ACTIVE
ACC0010773,CUST007035,CHECKING,JPY,3147.57,6/1/2024 9:10,SUSPENDED
ACC0010774,CUST002386,SAVINGS,AED,5532.7,11/23/2022 6:14,ACTIVE
ACC0010775,CUST009802,BUSINESS,SGD,12003.44,4/28/2024 15:36,SUSPENDED
ACC0010776,CUST009375,SAVINGS,EUR,1422.07,1/6/2026 22:54,CLOSED
ACC0010777,CUST007381,SAVINGS,CAD,166.22,9/16/2021 16:28,ACTIVE
ACC0010778,CUST008912,BUSINESS,EUR,758.28,6/1/2023 12:04,CLOSED
ACC0010779,CUST002987,BUSINESS,INR,1750.99,6/18/2022 0:36,ACTIVE
ACC0010780,CUST003183,BUSINESS,EUR,1199.75,12/3/2022 7:30,ACTIVE
ACC0010781,CUST001050,SAVINGS,EUR,245.7,11/13/2021 5:21,ACTIVE
ACC0010782,CUST002723,BUSINESS,CAD,154.89,8/2/2022 6:15,ACTIVE
ACC0010783,CUST002716,CHECKING,USD,450.61,7/31/2023 21:09,ACTIVE
ACC0010784,CUST008685,CHECKING,AUD,2890.8,1/30/2023 15:09,ACTIVE
ACC0010785,CUST008554,BUSINESS,PKR,7305.68,10/2/2025 23:58,ACTIVE
ACC0010786,CUST003226,BUSINESS,PKR,3294.08,1/11/2025 19:23,ACTIVE
ACC0010787,CUST002894,BUSINESS,EUR,3900.71,1/4/2026 5:59,ACTIVE
ACC0010788,CUST003564,SAVINGS,AUD,995.28,7/11/2024 12:01,SUSPENDED
ACC0010789,CUST000458,SAVINGS,EUR,135.57,10/13/2024 13:03,ACTIVE
ACC0010790,CUST007952,BUSINESS,EUR,635.07,6/30/2026 11:17,ACTIVE
ACC0010791,CUST009518,BUSINESS,EUR,803.91,2/1/2025 22:08,ACTIVE
ACC0010792,CUST000695,BUSINESS,AED,603.98,5/22/2024 13:43,CLOSED
ACC0010793,CUST001572,SAVINGS,JPY,1171.02,12/26/2022 11:19,ACTIVE
ACC0010794,CUST001220,CHECKING,SGD,1862.55,4/22/2022 8:33,ACTIVE
ACC0010795,CUST005545,CHECKING,USD,3052.2,5/25/2022 7:35,ACTIVE
ACC0010796,CUST009671,CHECKING,AUD,785.45,9/13/2025 3:19,ACTIVE
ACC0010797,CUST006057,SAVINGS,JPY,111.66,10/26/2025 10:28,ACTIVE
ACC0010798,CUST000431,BUSINESS,EUR,614.34,5/3/2026 23:48,CLOSED
ACC0010799,CUST009295,CHECKING,JPY,1155.69,10/17/2021 2:25,SUSPENDED
ACC0010800,CUST003715,BUSINESS,INR,4756.99,9/29/2021 10:18,CLOSED
ACC0010801,CUST005710,CHECKING,INR,554.81,1/27/2023 12:23,ACTIVE
ACC0010802,CUST006800,CHECKING,EUR,2028.5,11/27/2025 13:09,CLOSED
ACC0010803,CUST003100,CHECKING,AUD,1553.25,8/9/2022 22:54,CLOSED
ACC0010804,CUST007522,SAVINGS,EUR,1155.95,2/11/2022 10:44,ACTIVE
ACC0010805,CUST005774,CHECKING,PKR,3349.75,5/16/2024 5:44,ACTIVE
ACC0010806,CUST009058,BUSINESS,EUR,496.21,6/10/2026 23:25,ACTIVE
ACC0010807,CUST003396,BUSINESS,EUR,549.92,6/15/2023 6:21,SUSPENDED
ACC0010808,CUST007321,BUSINESS,EUR,1081.08,10/30/2021 12:39,CLOSED
ACC0010809,CUST009544,SAVINGS,GBP,508.68,9/28/2023 15:42,SUSPENDED
ACC0010810,CUST001306,BUSINESS,EUR,2017.5,2/10/2022 22:05,SUSPENDED
ACC0010811,CUST000355,SAVINGS,PKR,465.99,11/11/2024 0:43,ACTIVE
ACC0010812,CUST000529,BUSINESS,AUD,1438.8,4/20/2024 6:38,CLOSED
ACC0010813,CUST004391,SAVINGS,SGD,972.42,9/11/2022 2:59,SUSPENDED
ACC0010814,CUST007901,SAVINGS,USD,1419.29,11/7/2024 10:23,SUSPENDED
ACC0010815,CUST005662,CHECKING,INR,631.63,11/24/2025 2:13,SUSPENDED
ACC0010816,CUST003034,SAVINGS,SGD,730.04,10/31/2021 17:34,ACTIVE
ACC0010817,CUST002116,CHECKING,SGD,1230.54,1/20/2023 3:13,ACTIVE
ACC0010818,CUST003131,CHECKING,AUD,1397.57,5/9/2022 3:08,ACTIVE
ACC0010819,CUST007898,CHECKING,EUR,1091.12,3/19/2024 5:26,SUSPENDED
ACC0010820,CUST006904,CHECKING,GBP,8488.22,6/17/2026 8:16,SUSPENDED
ACC0010821,CUST007140,BUSINESS,PKR,333.99,3/26/2023 7:15,ACTIVE
ACC0010822,CUST008241,SAVINGS,EUR,1015.32,2/11/2022 14:35,ACTIVE
ACC0010823,CUST007478,SAVINGS,EUR,165.94,8/16/2025 12:45,ACTIVE
ACC0010824,CUST005736,CHECKING,INR,1713.85,1/5/2026 21:15,CLOSED
ACC0010825,CUST001606,SAVINGS,AUD,287.64,4/1/2023 21:48,SUSPENDED
ACC0010826,CUST004090,BUSINESS,EUR,785.27,12/30/2023 12:10,ACTIVE
ACC0010827,CUST006240,SAVINGS,EUR,701.71,8/28/2021 18:48,ACTIVE
ACC0010828,CUST009110,BUSINESS,PKR,1536.2,7/3/2022 16:45,ACTIVE
ACC0010829,CUST009362,CHECKING,EUR,564.9,10/25/2021 13:36,CLOSED
ACC0010830,CUST002284,SAVINGS,AED,536.8,7/30/2025 7:04,CLOSED
ACC0010831,CUST000012,BUSINESS,AED,6142.75,7/22/2025 0:32,ACTIVE
ACC0010832,CUST005455,CHECKING,EUR,1542.99,10/13/2022 0:32,CLOSED
ACC0010833,CUST006046,BUSINESS,USD,559.33,8/18/2024 18:26,CLOSED
ACC0010834,CUST004329,BUSINESS,EUR,811.59,10/5/2021 16:29,ACTIVE
ACC0010835,CUST001812,BUSINESS,SGD,7898.48,10/5/2022 19:45,CLOSED
ACC0010836,CUST001018,SAVINGS,AED,827,9/8/2022 15:08,ACTIVE
ACC0010837,CUST006726,CHECKING,JPY,479.56,1/13/2022 7:43,CLOSED
ACC0010838,CUST004969,CHECKING,JPY,482.03,8/17/2026 1:16,ACTIVE
ACC0010839,CUST006928,BUSINESS,USD,567.39,4/19/2026 10:38,ACTIVE
ACC0010840,CUST007303,SAVINGS,EUR,537.32,7/12/2024 5:51,CLOSED
ACC0010841,CUST008314,CHECKING,SGD,236.14,8/13/2026 6:14,CLOSED
ACC0010842,CUST009333,SAVINGS,EUR,284.56,7/1/2023 8:00,ACTIVE
ACC0010843,CUST005130,BUSINESS,AUD,405.38,2/16/2022 21:15,ACTIVE
ACC0010844,CUST004952,SAVINGS,EUR,2230.29,4/22/2025 22:21,ACTIVE
ACC0010845,CUST004070,CHECKING,EUR,694.03,8/29/2021 6:40,ACTIVE
ACC0010846,CUST004369,CHECKING,EUR,855.26,12/30/2025 16:53,ACTIVE
ACC0010847,CUST005324,CHECKING,EUR,5034.68,12/19/2023 20:31,CLOSED
ACC0010848,CUST002554,CHECKING,SGD,5187.51,4/29/2023 10:36,ACTIVE
ACC0010849,CUST005246,SAVINGS,EUR,781.68,12/20/2025 9:11,CLOSED
ACC0010850,CUST003686,CHECKING,USD,514.38,11/27/2022 10:17,ACTIVE
ACC0010851,CUST001101,SAVINGS,EUR,388.65,6/3/2022 2:46,ACTIVE
ACC0010852,CUST004889,CHECKING,USD,2518.28,9/21/2023 16:59,CLOSED
ACC0010853,CUST003404,SAVINGS,AUD,857.78,10/30/2024 10:40,ACTIVE
ACC0010854,CUST005657,CHECKING,EUR,689.67,4/11/2023 11:36,CLOSED
ACC0010855,CUST004367,CHECKING,EUR,413.06,12/19/2023 16:45,ACTIVE
ACC0010856,CUST000705,BUSINESS,JPY,435.46,6/1/2022 8:32,ACTIVE
ACC0010857,CUST005492,BUSINESS,EUR,1610.13,8/25/2022 19:45,ACTIVE
ACC0010858,CUST008741,CHECKING,AUD,226.21,1/5/2026 5:25,CLOSED
ACC0010859,CUST000495,BUSINESS,JPY,3618.6,10/5/2025 23:04,CLOSED
ACC0010860,CUST005983,CHECKING,EUR,577.89,11/12/2022 4:34,CLOSED
ACC0010861,CUST001279,BUSINESS,EUR,916.39,8/17/2025 17:08,ACTIVE
ACC0010862,CUST002680,SAVINGS,AED,220.44,12/17/2023 6:14,ACTIVE
ACC0010863,CUST006584,SAVINGS,EUR,1080.48,2/16/2023 23:39,SUSPENDED
ACC0010864,CUST007279,SAVINGS,EUR,739.53,4/19/2023 11:11,ACTIVE
ACC0010865,CUST008996,SAVINGS,CAD,1032.67,8/11/2023 15:07,ACTIVE
ACC0010866,CUST007125,SAVINGS,USD,6412.8,5/9/2022 7:24,CLOSED
ACC0010867,CUST006248,SAVINGS,GBP,1357.28,8/9/2025 12:26,ACTIVE
ACC0010868,CUST002676,BUSINESS,SGD,422.59,7/30/2024 4:41,ACTIVE
ACC0010869,CUST003814,CHECKING,AED,467.04,4/29/2025 20:40,ACTIVE
ACC0010870,CUST000491,SAVINGS,GBP,2239.83,3/31/2022 5:34,SUSPENDED
ACC0010871,CUST001300,BUSINESS,CAD,5210.5,4/6/2023 4:01,ACTIVE
ACC0010872,CUST001134,BUSINESS,GBP,1538.1,4/28/2025 5:21,ACTIVE
ACC0010873,CUST001789,CHECKING,INR,2506.03,5/2/2023 23:23,ACTIVE
ACC0010874,CUST004752,BUSINESS,AED,2279.44,8/19/2022 18:21,ACTIVE
ACC0010875,CUST006094,SAVINGS,PKR,6020.21,8/14/2022 13:29,SUSPENDED
ACC0010876,CUST004872,CHECKING,USD,105.69,9/26/2024 16:55,ACTIVE
ACC0010877,CUST001843,BUSINESS,USD,2442.22,11/20/2024 10:54,SUSPENDED
ACC0010878,CUST007904,SAVINGS,AUD,3570.58,8/14/2024 16:54,CLOSED
ACC0010879,CUST009608,BUSINESS,INR,219.98,9/19/2024 2:27,ACTIVE
ACC0010880,CUST000419,SAVINGS,EUR,378.87,3/27/2024 0:12,ACTIVE
ACC0010881,CUST009572,CHECKING,PKR,395.07,4/16/2022 17:51,ACTIVE
ACC0010882,CUST001012,SAVINGS,EUR,457.35,7/19/2025 20:07,ACTIVE
ACC0010883,CUST003152,BUSINESS,SGD,615.2,4/30/2026 13:30,ACTIVE
ACC0010884,CUST004808,BUSINESS,JPY,1467.22,2/28/2022 16:11,ACTIVE
ACC0010885,CUST000505,SAVINGS,INR,3098.92,4/19/2026 6:18,SUSPENDED
ACC0010886,CUST009846,CHECKING,EUR,4014.15,5/13/2026 17:47,ACTIVE
ACC0010887,CUST006788,SAVINGS,EUR,401.26,7/24/2024 6:53,ACTIVE
ACC0010888,CUST004341,CHECKING,EUR,397.96,7/23/2024 4:37,ACTIVE
ACC0010889,CUST001203,CHECKING,GBP,5318.71,11/6/2025 18:20,ACTIVE
ACC0010890,CUST000658,BUSINESS,PKR,2382.95,12/28/2024 6:27,ACTIVE
ACC0010891,CUST003391,CHECKING,USD,1211.29,8/28/2023 11:30,ACTIVE
ACC0010892,CUST005702,SAVINGS,EUR,1935.27,11/16/2023 14:46,ACTIVE
ACC0010893,CUST003556,CHECKING,AUD,1058.11,9/14/2022 8:20,ACTIVE
ACC0010894,CUST008556,BUSINESS,SGD,2058.02,5/1/2025 22:23,ACTIVE
ACC0010895,CUST009006,SAVINGS,EUR,732.69,3/19/2023 21:36,ACTIVE
ACC0010896,CUST006342,SAVINGS,PKR,1514.08,10/27/2024 11:43,ACTIVE
ACC0010897,CUST007056,SAVINGS,AED,178.99,7/18/2023 12:24,ACTIVE
ACC0010898,CUST001897,SAVINGS,EUR,480.42,8/5/2022 23:28,ACTIVE
ACC0010899,CUST004340,BUSINESS,CAD,486.67,4/13/2025 11:10,ACTIVE
ACC0010900,CUST005662,CHECKING,INR,699.76,11/29/2023 15:42,ACTIVE
ACC0010901,CUST006606,CHECKING,SGD,360.75,11/22/2021 15:20,SUSPENDED
ACC0010902,CUST005754,CHECKING,EUR,578.1,2/13/2023 1:12,ACTIVE
ACC0010903,CUST002156,SAVINGS,EUR,178.16,6/8/2023 17:19,ACTIVE
ACC0010904,CUST000848,BUSINESS,SGD,2118.45,6/26/2025 2:57,ACTIVE
ACC0010905,CUST001066,SAVINGS,AUD,993.25,8/17/2023 12:50,ACTIVE
ACC0010906,CUST008846,SAVINGS,EUR,141.71,7/13/2026 9:14,ACTIVE
ACC0010907,CUST001716,SAVINGS,JPY,402.7,7/1/2023 22:03,ACTIVE
ACC0010908,CUST001925,CHECKING,EUR,1642.41,2/8/2022 11:02,CLOSED
ACC0010909,CUST007118,CHECKING,AUD,571.56,12/3/2023 23:05,CLOSED
ACC0010910,CUST007715,CHECKING,SGD,475.17,10/11/2024 15:48,ACTIVE
ACC0010911,CUST003405,SAVINGS,PKR,1002.74,8/1/2025 10:45,SUSPENDED
ACC0010912,CUST003159,SAVINGS,JPY,1656.26,1/9/2024 18:18,ACTIVE
ACC0010913,CUST000586,SAVINGS,EUR,195.66,6/22/2022 21:46,ACTIVE
ACC0010914,CUST006912,SAVINGS,EUR,2122.08,9/20/2022 19:38,ACTIVE
ACC0010915,CUST004174,BUSINESS,USD,419.75,5/17/2026 22:46,ACTIVE
ACC0010916,CUST003061,SAVINGS,EUR,1073.29,4/17/2025 22:04,ACTIVE
ACC0010917,CUST003530,CHECKING,EUR,1051,10/28/2021 12:13,CLOSED
ACC0010918,CUST000591,SAVINGS,PKR,582.61,10/8/2023 1:47,ACTIVE
ACC0010919,CUST008180,CHECKING,PKR,321.05,9/8/2025 3:39,ACTIVE
ACC0010920,CUST002386,CHECKING,AED,778.35,9/25/2025 9:51,ACTIVE
ACC0010921,CUST002377,SAVINGS,EUR,7710.95,6/17/2026 20:12,CLOSED
ACC0010922,CUST000522,BUSINESS,GBP,214,11/20/2021 18:30,CLOSED
ACC0010923,CUST005017,SAVINGS,AUD,8356.34,7/2/2024 8:23,CLOSED
ACC0010924,CUST002897,SAVINGS,EUR,802.98,11/8/2023 8:18,ACTIVE
ACC0010925,CUST008992,BUSINESS,EUR,1144.18,12/23/2022 6:25,ACTIVE
ACC0010926,CUST000565,BUSINESS,EUR,297.66,5/12/2024 11:08,SUSPENDED
ACC0010927,CUST007021,BUSINESS,AUD,434.62,7/7/2023 1:41,SUSPENDED
ACC0010928,CUST002103,SAVINGS,USD,599.75,5/10/2022 9:03,ACTIVE
ACC0010929,CUST003847,SAVINGS,AED,312.68,9/12/2025 20:29,ACTIVE
ACC0010930,CUST001625,BUSINESS,PKR,853.46,11/6/2021 12:02,ACTIVE
ACC0010931,CUST009541,BUSINESS,CAD,672.89,10/1/2022 8:00,CLOSED
ACC0010932,CUST009423,CHECKING,PKR,10106.53,11/5/2025 8:02,ACTIVE
ACC0010933,CUST009680,CHECKING,EUR,270.65,8/3/2025 2:33,CLOSED
ACC0010934,CUST004406,CHECKING,GBP,1240.45,10/10/2025 9:45,ACTIVE
ACC0010935,CUST009750,BUSINESS,EUR,1476.48,2/12/2023 23:31,CLOSED
ACC0010936,CUST008276,CHECKING,AED,303.57,6/26/2022 19:43,ACTIVE
ACC0010937,CUST007401,BUSINESS,EUR,2500.37,7/17/2025 18:25,ACTIVE
ACC0010938,CUST009622,CHECKING,PKR,679.94,1/9/2026 19:00,CLOSED
ACC0010939,CUST003027,BUSINESS,USD,55.1,6/7/2026 18:25,SUSPENDED
ACC0010940,CUST007332,SAVINGS,AED,2420.72,11/1/2025 6:14,CLOSED
ACC0010941,CUST001260,SAVINGS,AED,287.05,12/17/2022 11:06,CLOSED
ACC0010942,CUST009686,SAVINGS,EUR,311.9,3/30/2026 0:16,SUSPENDED
ACC0010943,CUST002458,SAVINGS,SGD,2503.59,7/5/2025 18:56,ACTIVE
ACC0010944,CUST003142,SAVINGS,SGD,723,12/22/2025 2:01,CLOSED
ACC0010945,CUST005420,CHECKING,EUR,3298.84,12/18/2022 14:23,ACTIVE
ACC0010946,CUST006639,SAVINGS,EUR,4685.37,12/13/2024 6:21,ACTIVE
ACC0010947,CUST002847,SAVINGS,EUR,505.77,7/17/2024 14:47,ACTIVE
ACC0010948,CUST008726,BUSINESS,PKR,2841.01,9/22/2021 17:47,ACTIVE
ACC0010949,CUST009753,SAVINGS,USD,442.95,1/20/2022 2:50,ACTIVE
ACC0010950,CUST004563,BUSINESS,EUR,15990.32,5/22/2023 22:52,ACTIVE
ACC0010951,CUST001361,CHECKING,AED,477.45,4/27/2022 3:07,ACTIVE
ACC0010952,CUST001149,CHECKING,USD,3756.73,2/8/2023 2:55,SUSPENDED
ACC0010953,CUST002223,BUSINESS,EUR,3018.6,6/5/2023 9:21,ACTIVE
ACC0010954,CUST002432,SAVINGS,AUD,1602.48,10/27/2024 11:56,ACTIVE
ACC0010955,CUST000316,BUSINESS,EUR,490.46,1/22/2024 19:43,ACTIVE
ACC0010956,CUST008073,SAVINGS,EUR,914.45,1/5/2026 15:32,ACTIVE
ACC0010957,CUST008465,CHECKING,GBP,82.74,8/11/2023 22:10,CLOSED
ACC0010958,CUST006315,SAVINGS,PKR,1435.55,5/7/2025 16:33,ACTIVE
ACC0010959,CUST008317,CHECKING,AUD,1668.26,3/26/2025 5:56,ACTIVE
ACC0010960,CUST008081,CHECKING,CAD,1287.17,12/24/2022 22:22,SUSPENDED
ACC0010961,CUST002208,SAVINGS,CAD,30.94,5/10/2024 17:49,ACTIVE
ACC0010962,CUST008247,BUSINESS,SGD,240.14,8/1/2023 14:31,ACTIVE
ACC0010963,CUST005874,CHECKING,INR,446.88,11/5/2024 14:23,CLOSED
ACC0010964,CUST003588,CHECKING,CAD,1556.18,10/27/2025 0:18,CLOSED
ACC0010965,CUST001591,SAVINGS,SGD,1551.86,8/10/2022 18:31,ACTIVE
ACC0010966,CUST009443,CHECKING,EUR,894.02,4/30/2026 2:09,ACTIVE
ACC0010967,CUST009207,CHECKING,SGD,2350.29,6/10/2023 4:46,CLOSED
ACC0010968,CUST004079,SAVINGS,JPY,320.06,11/25/2022 8:46,ACTIVE
ACC0010969,CUST001375,BUSINESS,SGD,2280.8,6/25/2023 15:57,ACTIVE
ACC0010970,CUST002687,CHECKING,EUR,1938.54,6/10/2024 1:57,ACTIVE
ACC0010971,CUST007311,CHECKING,USD,1725.14,4/30/2023 18:12,SUSPENDED
ACC0010972,CUST005332,BUSINESS,CAD,881.44,9/11/2021 4:12,ACTIVE
ACC0010973,CUST002301,SAVINGS,AED,9866.42,11/27/2022 4:35,CLOSED
ACC0010974,CUST006573,CHECKING,GBP,1981.95,4/2/2022 1:19,CLOSED
ACC0010975,CUST009212,SAVINGS,EUR,343.09,7/21/2024 19:23,SUSPENDED
ACC0010976,CUST006935,CHECKING,PKR,1477.29,7/6/2024 6:39,ACTIVE
ACC0010977,CUST000327,BUSINESS,USD,2705.33,6/29/2026 15:15,ACTIVE
ACC0010978,CUST000027,BUSINESS,JPY,541.46,8/12/2024 7:40,ACTIVE
ACC0010979,CUST000442,BUSINESS,JPY,4052.65,3/26/2023 13:17,SUSPENDED
ACC0010980,CUST002958,BUSINESS,EUR,1734.44,12/23/2022 13:48,CLOSED
ACC0010981,CUST007824,SAVINGS,AED,65.96,6/19/2023 8:34,ACTIVE
ACC0010982,CUST003545,SAVINGS,INR,1571.22,8/22/2023 13:37,ACTIVE
ACC0010983,CUST008662,SAVINGS,USD,673.69,7/19/2022 13:35,ACTIVE
ACC0010984,CUST003388,CHECKING,INR,2089.37,7/11/2024 18:54,SUSPENDED
ACC0010985,CUST009758,BUSINESS,EUR,3405.2,4/29/2022 8:45,ACTIVE
ACC0010986,CUST000722,SAVINGS,AED,1386.02,12/12/2021 11:01,ACTIVE
ACC0010987,CUST006626,BUSINESS,EUR,8089.34,9/7/2024 21:37,ACTIVE
ACC0010988,CUST007016,CHECKING,EUR,884.97,6/11/2022 8:38,CLOSED
ACC0010989,CUST005577,SAVINGS,CAD,2321.06,4/12/2026 22:31,ACTIVE
ACC0010990,CUST008621,BUSINESS,SGD,2881.11,7/1/2024 17:47,ACTIVE
ACC0010991,CUST000605,SAVINGS,PKR,975.73,1/2/2022 23:26,ACTIVE
ACC0010992,CUST009969,CHECKING,USD,2792.04,10/7/2025 10:38,SUSPENDED
ACC0010993,CUST003574,CHECKING,AUD,537.21,6/21/2026 23:30,ACTIVE
ACC0010994,CUST003061,SAVINGS,EUR,660.45,10/2/2025 6:45,ACTIVE
ACC0010995,CUST009676,BUSINESS,SGD,227.01,9/17/2022 20:02,ACTIVE
ACC0010996,CUST005759,SAVINGS,AED,1465.12,1/16/2023 19:02,ACTIVE
ACC0010997,CUST004834,SAVINGS,GBP,1620.2,12/21/2025 2:57,ACTIVE
ACC0010998,CUST009586,BUSINESS,EUR,4514.8,7/6/2022 3:18,CLOSED
ACC0010999,CUST004718,CHECKING,INR,2833.78,1/26/2022 11:43,ACTIVE
ACC0011000,CUST004281,CHECKING,GBP,779.18,5/24/2026 10:44,ACTIVE
ACC0011001,CUST001079,SAVINGS,PKR,266.72,7/29/2026 15:09,ACTIVE
ACC0011002,CUST006092,CHECKING,SGD,1843.5,8/7/2022 9:00,CLOSED
ACC0011003,CUST002951,BUSINESS,SGD,4158.48,5/25/2026 2:42,CLOSED
ACC0011004,CUST009575,BUSINESS,CAD,2714.12,12/10/2025 23:05,ACTIVE
ACC0011005,CUST007213,SAVINGS,INR,4029.4,6/5/2025 7:50,ACTIVE
ACC0011006,CUST009524,CHECKING,INR,850.42,9/20/2021 3:26,CLOSED
ACC0011007,CUST008270,CHECKING,EUR,626.44,1/17/2026 19:20,CLOSED
ACC0011008,CUST005088,BUSINESS,AED,452.92,5/26/2026 23:51,SUSPENDED
ACC0011009,CUST003449,SAVINGS,SGD,1025.49,6/26/2024 7:48,ACTIVE
ACC0011010,CUST008551,SAVINGS,USD,997.94,1/23/2022 8:54,SUSPENDED
ACC0011011,CUST000236,CHECKING,GBP,1405.31,1/1/2022 19:34,ACTIVE
ACC0011012,CUST001535,SAVINGS,PKR,939.03,1/25/2022 12:39,ACTIVE
ACC0011013,CUST004573,BUSINESS,EUR,934.16,7/12/2023 3:21,CLOSED
ACC0011014,CUST001534,CHECKING,EUR,431.8,2/19/2026 1:09,ACTIVE
ACC0011015,CUST007135,SAVINGS,CAD,3394.61,4/21/2026 9:32,ACTIVE
ACC0011016,CUST006085,CHECKING,EUR,1202.1,7/2/2022 23:34,CLOSED
ACC0011017,CUST000666,SAVINGS,EUR,889.51,7/6/2022 11:29,ACTIVE
ACC0011018,CUST008089,SAVINGS,PKR,447.24,7/13/2023 23:02,CLOSED
ACC0011019,CUST003262,BUSINESS,EUR,221.78,9/28/2022 19:57,ACTIVE
ACC0011020,CUST005447,SAVINGS,EUR,5268.8,12/1/2021 3:05,ACTIVE
ACC0011021,CUST002168,CHECKING,EUR,2133.6,8/14/2023 21:19,SUSPENDED
ACC0011022,CUST005280,CHECKING,EUR,156.23,1/17/2025 1:21,CLOSED
ACC0011023,CUST008821,CHECKING,GBP,2740.16,11/1/2021 12:30,SUSPENDED
ACC0011024,CUST006450,CHECKING,EUR,3317.54,6/8/2026 16:15,ACTIVE
ACC0011025,CUST009556,CHECKING,AUD,1273.15,1/4/2025 18:23,ACTIVE
ACC0011026,CUST006956,SAVINGS,JPY,7463.15,11/23/2021 20:26,ACTIVE
ACC0011027,CUST009097,SAVINGS,EUR,1422.35,4/11/2023 10:40,ACTIVE
ACC0011028,CUST005900,SAVINGS,EUR,200.3,7/30/2023 21:26,ACTIVE
ACC0011029,CUST006017,CHECKING,INR,1699.69,11/4/2025 19:14,ACTIVE
ACC0011030,CUST001229,SAVINGS,USD,1471.26,12/30/2023 16:23,ACTIVE
ACC0011031,CUST004239,BUSINESS,EUR,531.68,6/10/2026 18:01,CLOSED
ACC0011032,CUST008091,SAVINGS,JPY,2182.6,1/21/2025 1:42,ACTIVE
ACC0011033,CUST009806,CHECKING,GBP,148.24,4/4/2022 19:50,ACTIVE
ACC0011034,CUST000018,BUSINESS,CAD,3599.97,1/31/2023 7:01,ACTIVE
ACC0011035,CUST002799,CHECKING,CAD,382.32,1/25/2025 7:05,ACTIVE
ACC0011036,CUST008941,CHECKING,EUR,336.32,8/6/2026 21:27,CLOSED
ACC0011037,CUST000423,CHECKING,GBP,956.62,8/30/2021 23:43,ACTIVE
ACC0011038,CUST008844,CHECKING,CAD,1843.77,6/25/2025 3:11,ACTIVE
ACC0011039,CUST001896,CHECKING,JPY,1335.03,10/10/2022 12:42,ACTIVE
ACC0011040,CUST002348,CHECKING,EUR,449.8,12/3/2025 2:58,SUSPENDED
ACC0011041,CUST002495,CHECKING,EUR,597.46,2/28/2022 20:43,ACTIVE
ACC0011042,CUST001587,SAVINGS,EUR,281.56,8/25/2025 9:58,ACTIVE
ACC0011043,CUST009786,BUSINESS,EUR,837.47,10/8/2023 11:18,SUSPENDED
ACC0011044,CUST000403,BUSINESS,INR,3983.94,2/2/2024 10:37,ACTIVE
ACC0011045,CUST005694,SAVINGS,AED,1091.04,2/19/2024 2:21,CLOSED
ACC0011046,CUST008524,BUSINESS,EUR,3075.73,4/21/2025 10:03,ACTIVE
ACC0011047,CUST001865,SAVINGS,CAD,6288.52,11/10/2024 20:08,ACTIVE
ACC0011048,CUST001383,BUSINESS,SGD,541.52,9/1/2021 7:18,ACTIVE
ACC0011049,CUST008171,SAVINGS,PKR,876.65,7/28/2026 23:55,ACTIVE
ACC0011050,CUST005119,SAVINGS,INR,14845.19,8/11/2022 15:03,SUSPENDED
ACC0011051,CUST000787,SAVINGS,CAD,6205.63,1/21/2022 7:21,ACTIVE
ACC0011052,CUST009667,SAVINGS,EUR,147.39,12/24/2022 5:32,CLOSED
ACC0011053,CUST006532,BUSINESS,EUR,1745.12,6/27/2023 23:15,ACTIVE
ACC0011054,CUST007114,BUSINESS,CAD,1097.37,4/28/2022 21:02,ACTIVE
ACC0011055,CUST002051,BUSINESS,GBP,2956.45,7/24/2026 23:44,ACTIVE
ACC0011056,CUST007639,BUSINESS,GBP,448.55,9/13/2023 21:01,ACTIVE
ACC0011057,CUST002167,SAVINGS,GBP,400.4,5/31/2025 18:42,ACTIVE
ACC0011058,CUST000306,SAVINGS,EUR,487.22,8/4/2026 23:23,ACTIVE
ACC0011059,CUST000617,CHECKING,AED,552.08,12/10/2025 11:31,CLOSED
ACC0011060,CUST006252,CHECKING,EUR,2917.23,3/6/2022 4:18,CLOSED
ACC0011061,CUST002951,BUSINESS,SGD,265.75,12/14/2023 4:35,CLOSED
ACC0011062,CUST004953,SAVINGS,USD,519.5,12/6/2023 7:47,ACTIVE
ACC0011063,CUST005425,BUSINESS,AUD,128.15,1/29/2025 12:29,ACTIVE
ACC0011064,CUST001492,BUSINESS,EUR,3672.18,8/31/2021 22:28,SUSPENDED
ACC0011065,CUST009630,SAVINGS,AED,5040.38,9/11/2021 8:09,ACTIVE
ACC0011066,CUST008863,BUSINESS,GBP,740.64,11/6/2025 21:04,ACTIVE
ACC0011067,CUST004099,BUSINESS,USD,766.98,7/17/2026 6:48,SUSPENDED
ACC0011068,CUST003559,CHECKING,JPY,1889.12,5/4/2022 10:04,CLOSED
ACC0011069,CUST009585,SAVINGS,EUR,6434.17,10/19/2023 1:07,ACTIVE
ACC0011070,CUST005772,CHECKING,EUR,1790.65,8/20/2026 23:29,SUSPENDED
ACC0011071,CUST001039,BUSINESS,AUD,474.83,2/6/2023 12:08,ACTIVE
ACC0011072,CUST002888,CHECKING,AED,157.18,6/26/2023 14:06,SUSPENDED
ACC0011073,CUST004818,BUSINESS,CAD,287.68,6/16/2024 19:32,ACTIVE
ACC0011074,CUST006728,CHECKING,CAD,1197.35,1/2/2023 6:49,CLOSED
ACC0011075,CUST004977,SAVINGS,USD,499.5,2/28/2022 5:19,ACTIVE
ACC0011076,CUST003668,BUSINESS,INR,1385.7,2/26/2023 12:33,CLOSED
ACC0011077,CUST003680,BUSINESS,EUR,564.81,10/12/2025 7:48,CLOSED
ACC0011078,CUST007229,CHECKING,JPY,308.04,6/10/2023 6:04,ACTIVE
ACC0011079,CUST000607,BUSINESS,EUR,267.08,2/10/2022 8:05,ACTIVE
ACC0011080,CUST008391,SAVINGS,USD,7149.7,4/10/2024 19:08,ACTIVE
ACC0011081,CUST005562,CHECKING,INR,3186.84,7/24/2026 19:12,CLOSED
ACC0011082,CUST007666,BUSINESS,AUD,8748.36,6/21/2026 15:12,ACTIVE
ACC0011083,CUST007255,SAVINGS,EUR,2096.32,10/25/2025 22:05,ACTIVE
ACC0011084,CUST001716,BUSINESS,JPY,654.59,2/25/2026 21:52,CLOSED
ACC0011085,CUST003569,BUSINESS,EUR,5366.92,12/9/2021 5:13,ACTIVE
ACC0011086,CUST002945,BUSINESS,GBP,1053.97,6/10/2024 2:39,SUSPENDED
ACC0011087,CUST000263,CHECKING,AUD,1429.4,5/25/2024 1:05,ACTIVE
ACC0011088,CUST004678,BUSINESS,PKR,1041.7,1/17/2022 10:53,ACTIVE
ACC0011089,CUST007983,BUSINESS,CAD,31.94,7/22/2022 9:28,ACTIVE
ACC0011090,CUST002574,CHECKING,PKR,7522.71,3/6/2024 3:37,ACTIVE
ACC0011091,CUST006546,BUSINESS,USD,1976.74,1/6/2024 3:01,CLOSED
ACC0011092,CUST001285,SAVINGS,EUR,1629.11,7/7/2023 14:01,ACTIVE
ACC0011093,CUST002616,CHECKING,AED,1018.28,9/5/2021 20:05,ACTIVE
ACC0011094,CUST008060,SAVINGS,EUR,1334.24,6/27/2022 3:00,CLOSED
ACC0011095,CUST000075,BUSINESS,EUR,535.53,7/15/2022 19:32,SUSPENDED
ACC0011096,CUST006700,CHECKING,EUR,2298.23,3/21/2022 17:47,ACTIVE
ACC0011097,CUST000324,SAVINGS,USD,228.49,4/20/2025 15:40,ACTIVE
ACC0011098,CUST005200,BUSINESS,GBP,1370.98,10/15/2025 8:42,SUSPENDED
ACC0011099,CUST007304,BUSINESS,EUR,2151.43,11/19/2021 19:34,CLOSED
ACC0011100,CUST002623,BUSINESS,USD,864.02,8/1/2024 22:36,ACTIVE
ACC0011101,CUST002121,BUSINESS,CAD,1711.36,7/18/2022 3:16,ACTIVE
ACC0011102,CUST006907,SAVINGS,EUR,333.75,10/26/2022 3:01,SUSPENDED
ACC0011103,CUST002143,BUSINESS,SGD,344.13,4/10/2022 18:45,ACTIVE
ACC0011104,CUST009123,SAVINGS,JPY,1456.89,2/19/2022 3:44,ACTIVE
ACC0011105,CUST000681,BUSINESS,PKR,2475.65,9/6/2025 14:25,CLOSED
ACC0011106,CUST004925,BUSINESS,SGD,115.6,4/25/2024 11:14,ACTIVE
ACC0011107,CUST005518,CHECKING,USD,2051.7,9/26/2023 15:45,CLOSED
ACC0011108,CUST003811,BUSINESS,AED,571.44,5/20/2024 12:00,SUSPENDED
ACC0011109,CUST006544,CHECKING,EUR,870.12,5/1/2023 2:50,SUSPENDED
ACC0011110,CUST003253,BUSINESS,GBP,219.77,8/30/2024 9:44,ACTIVE
ACC0011111,CUST006177,SAVINGS,PKR,394.67,2/23/2024 8:46,SUSPENDED
ACC0011112,CUST000372,BUSINESS,EUR,3495.91,1/28/2023 13:10,ACTIVE
ACC0011113,CUST004219,SAVINGS,SGD,1140.74,9/29/2023 2:26,SUSPENDED
ACC0011114,CUST008701,SAVINGS,PKR,692.75,4/12/2025 9:33,ACTIVE
ACC0011115,CUST002252,BUSINESS,AED,953.57,10/18/2024 16:44,CLOSED
ACC0011116,CUST006627,SAVINGS,JPY,1972.49,6/10/2023 3:21,ACTIVE
ACC0011117,CUST003004,BUSINESS,EUR,1860.49,9/21/2025 12:57,SUSPENDED
ACC0011118,CUST003653,CHECKING,EUR,1002.21,8/10/2024 3:13,ACTIVE
ACC0011119,CUST003300,CHECKING,EUR,4070.62,10/25/2024 21:01,ACTIVE
ACC0011120,CUST000273,SAVINGS,EUR,3514.16,3/6/2026 17:21,SUSPENDED
ACC0011121,CUST001711,BUSINESS,AUD,1800.91,11/26/2023 7:28,ACTIVE
ACC0011122,CUST004776,BUSINESS,EUR,1170.91,6/19/2022 9:53,SUSPENDED
ACC0011123,CUST008130,BUSINESS,EUR,2413.38,9/19/2022 4:53,ACTIVE
ACC0011124,CUST000375,CHECKING,EUR,1598.98,4/29/2026 8:32,ACTIVE
ACC0011125,CUST001018,BUSINESS,AED,3916.53,3/5/2023 12:10,CLOSED
ACC0011126,CUST003702,CHECKING,AED,3227.53,11/30/2024 4:05,ACTIVE
ACC0011127,CUST005223,CHECKING,AED,323.14,4/14/2024 20:19,ACTIVE
ACC0011128,CUST009932,BUSINESS,INR,297.93,3/18/2023 16:11,ACTIVE
ACC0011129,CUST009878,BUSINESS,PKR,472.72,3/31/2024 1:29,CLOSED
ACC0011130,CUST004121,SAVINGS,AED,3538.18,6/23/2026 11:00,ACTIVE
ACC0011131,CUST001425,BUSINESS,GBP,165.41,5/6/2022 1:39,ACTIVE
ACC0011132,CUST003266,SAVINGS,AED,1761.13,12/8/2023 22:39,SUSPENDED
ACC0011133,CUST008535,CHECKING,EUR,1694.35,1/14/2026 21:17,ACTIVE
ACC0011134,CUST008052,BUSINESS,PKR,4425.67,6/28/2024 15:09,ACTIVE
ACC0011135,CUST002371,SAVINGS,JPY,1361.59,1/14/2025 22:36,ACTIVE
ACC0011136,CUST007502,SAVINGS,AUD,218.8,8/16/2022 2:16,ACTIVE
ACC0011137,CUST008624,CHECKING,EUR,346.81,12/18/2025 6:52,ACTIVE
ACC0011138,CUST003277,BUSINESS,PKR,265.5,2/26/2024 9:55,ACTIVE
ACC0011139,CUST000976,BUSINESS,AED,575.06,2/4/2025 16:18,CLOSED
ACC0011140,CUST000910,SAVINGS,PKR,880.52,5/22/2024 23:50,SUSPENDED
ACC0011141,CUST007010,SAVINGS,CAD,270.82,3/8/2026 8:57,ACTIVE
ACC0011142,CUST005455,SAVINGS,EUR,6404.74,7/11/2024 13:33,ACTIVE
ACC0011143,CUST000567,SAVINGS,USD,223.56,10/24/2023 14:21,ACTIVE
ACC0011144,CUST005222,SAVINGS,PKR,5515.54,5/24/2025 0:43,CLOSED
ACC0011145,CUST006288,BUSINESS,EUR,4546.88,7/19/2023 3:57,ACTIVE
ACC0011146,CUST003604,SAVINGS,AUD,3222.66,5/4/2026 20:24,ACTIVE
ACC0011147,CUST003424,CHECKING,JPY,476.98,6/25/2026 1:02,ACTIVE
ACC0011148,CUST001114,SAVINGS,EUR,1653.98,9/16/2023 13:51,ACTIVE
ACC0011149,CUST004149,SAVINGS,EUR,236.79,10/11/2021 17:25,ACTIVE
ACC0011150,CUST001386,SAVINGS,EUR,3271.78,5/12/2022 17:12,ACTIVE
ACC0011151,CUST007120,BUSINESS,GBP,1003.47,4/9/2025 17:28,ACTIVE
ACC0011152,CUST002455,BUSINESS,EUR,671.03,8/29/2022 21:50,ACTIVE
ACC0011153,CUST007156,SAVINGS,EUR,252.52,3/3/2023 4:28,CLOSED
ACC0011154,CUST001055,BUSINESS,CAD,56.09,8/23/2025 13:26,ACTIVE
ACC0011155,CUST008329,BUSINESS,EUR,315.37,11/10/2022 0:39,ACTIVE
ACC0011156,CUST004333,BUSINESS,AUD,4168.69,3/8/2024 13:07,ACTIVE
ACC0011157,CUST006826,SAVINGS,EUR,676.28,3/9/2023 15:04,SUSPENDED
ACC0011158,CUST005604,CHECKING,EUR,894.98,11/12/2024 3:27,ACTIVE
ACC0011159,CUST008643,CHECKING,PKR,2408.27,10/1/2022 21:47,CLOSED
ACC0011160,CUST007367,BUSINESS,JPY,9573.96,1/12/2026 10:39,ACTIVE
ACC0011161,CUST008118,SAVINGS,EUR,5377.64,4/29/2022 17:43,ACTIVE
ACC0011162,CUST000986,SAVINGS,AUD,341.45,3/18/2022 14:32,ACTIVE
ACC0011163,CUST004267,SAVINGS,EUR,106.58,5/17/2024 9:15,ACTIVE
ACC0011164,CUST001312,SAVINGS,EUR,18611.54,10/25/2021 11:37,CLOSED
ACC0011165,CUST004177,CHECKING,SGD,16693.75,6/21/2025 2:15,SUSPENDED
ACC0011166,CUST006191,SAVINGS,EUR,1374.91,9/3/2022 6:33,ACTIVE
ACC0011167,CUST000987,CHECKING,EUR,238.75,3/22/2025 8:44,CLOSED
ACC0011168,CUST009637,CHECKING,EUR,3483.78,3/3/2026 23:58,ACTIVE
ACC0011169,CUST006756,BUSINESS,AUD,963.35,6/21/2026 23:53,SUSPENDED
ACC0011170,CUST003314,BUSINESS,GBP,957.59,9/23/2022 10:14,ACTIVE
ACC0011171,CUST009839,BUSINESS,AED,3207.83,5/29/2023 14:15,ACTIVE
ACC0011172,CUST002072,SAVINGS,EUR,1638.03,11/18/2022 18:36,SUSPENDED
ACC0011173,CUST004087,BUSINESS,AUD,264.28,8/27/2022 1:24,SUSPENDED
ACC0011174,CUST007764,SAVINGS,EUR,742.71,10/15/2025 2:44,ACTIVE
ACC0011175,CUST006266,SAVINGS,AUD,2424.51,8/7/2022 19:03,ACTIVE
ACC0011176,CUST000003,CHECKING,EUR,2022.93,5/14/2022 17:15,ACTIVE
ACC0011177,CUST004877,SAVINGS,USD,1501.8,1/9/2024 12:10,ACTIVE
ACC0011178,CUST004639,SAVINGS,CAD,3361.38,11/14/2024 12:19,ACTIVE
ACC0011179,CUST003167,SAVINGS,AED,710.48,8/7/2025 10:52,ACTIVE
ACC0011180,CUST000107,CHECKING,EUR,1358.86,5/5/2024 1:45,SUSPENDED
ACC0011181,CUST002677,SAVINGS,EUR,19.09,6/6/2023 22:54,ACTIVE
ACC0011182,CUST007071,SAVINGS,INR,639.33,12/5/2021 1:08,ACTIVE
ACC0011183,CUST009341,CHECKING,INR,2742.66,6/5/2022 0:10,CLOSED
ACC0011184,CUST006168,SAVINGS,EUR,686.45,4/28/2024 21:12,ACTIVE
ACC0011185,CUST006366,CHECKING,EUR,626.74,10/15/2025 19:29,ACTIVE
ACC0011186,CUST006060,SAVINGS,EUR,314.27,2/17/2022 13:41,ACTIVE
ACC0011187,CUST004235,CHECKING,PKR,3655.69,6/16/2024 5:10,ACTIVE
ACC0011188,CUST004997,BUSINESS,CAD,2117.85,9/1/2024 21:39,CLOSED
ACC0011189,CUST008359,BUSINESS,GBP,2952.77,6/18/2025 1:54,ACTIVE
ACC0011190,CUST009914,SAVINGS,AED,138.18,12/16/2021 20:34,ACTIVE
ACC0011191,CUST005866,SAVINGS,AUD,904.57,7/11/2022 6:31,ACTIVE
ACC0011192,CUST006543,BUSINESS,EUR,783.58,12/28/2023 18:39,ACTIVE
ACC0011193,CUST002778,CHECKING,USD,783.14,9/25/2023 13:49,CLOSED
ACC0011194,CUST000805,BUSINESS,USD,523.62,11/3/2021 2:29,ACTIVE
ACC0011195,CUST007177,CHECKING,AUD,723.92,11/22/2022 10:04,ACTIVE
ACC0011196,CUST004212,SAVINGS,EUR,3039.88,6/1/2025 6:41,ACTIVE
ACC0011197,CUST006517,SAVINGS,CAD,110.45,12/23/2024 5:28,SUSPENDED
ACC0011198,CUST003292,BUSINESS,PKR,9253.47,7/1/2025 1:03,CLOSED
ACC0011199,CUST000184,CHECKING,SGD,1959.82,7/3/2026 13:47,SUSPENDED
ACC0011200,CUST007676,SAVINGS,CAD,1042.32,9/17/2022 19:06,CLOSED
ACC0011201,CUST009940,CHECKING,SGD,3255.82,12/31/2025 23:28,ACTIVE
ACC0011202,CUST001023,SAVINGS,SGD,192.06,9/24/2022 1:59,ACTIVE
ACC0011203,CUST008380,BUSINESS,EUR,493.91,12/25/2023 15:48,ACTIVE
ACC0011204,CUST002405,BUSINESS,SGD,948.34,12/26/2023 8:17,ACTIVE
ACC0011205,CUST001029,SAVINGS,CAD,5645.83,9/19/2021 9:38,CLOSED
ACC0011206,CUST008483,CHECKING,CAD,1037.12,1/13/2024 23:45,ACTIVE
ACC0011207,CUST004367,CHECKING,EUR,1881.95,11/7/2022 15:52,ACTIVE
ACC0011208,CUST002154,BUSINESS,JPY,540.51,3/6/2026 2:14,SUSPENDED
ACC0011209,CUST007638,BUSINESS,EUR,1966.89,7/25/2023 19:53,ACTIVE
ACC0011210,CUST008997,SAVINGS,GBP,8206.55,9/28/2022 17:55,ACTIVE
ACC0011211,CUST004429,CHECKING,EUR,3621.46,10/21/2023 17:55,ACTIVE
ACC0011212,CUST000995,CHECKING,JPY,994.51,2/1/2023 18:49,SUSPENDED
ACC0011213,CUST004253,BUSINESS,INR,2466.58,11/14/2021 7:59,ACTIVE
ACC0011214,CUST004941,BUSINESS,INR,2192.99,12/31/2021 14:05,ACTIVE
ACC0011215,CUST008447,BUSINESS,SGD,2014.05,6/18/2024 0:22,ACTIVE
ACC0011216,CUST009142,BUSINESS,PKR,4164.47,11/29/2023 22:07,SUSPENDED
ACC0011217,CUST000767,BUSINESS,CAD,4127.28,5/5/2022 20:44,CLOSED
ACC0011218,CUST007396,SAVINGS,EUR,941.44,12/24/2021 5:30,ACTIVE
ACC0011219,CUST004177,BUSINESS,SGD,2369.08,12/20/2025 19:11,ACTIVE
ACC0011220,CUST007990,CHECKING,AUD,692.48,2/24/2024 20:00,ACTIVE
ACC0011221,CUST007196,SAVINGS,JPY,362.24,9/22/2022 0:59,ACTIVE
ACC0011222,CUST001826,SAVINGS,GBP,793.62,8/18/2025 20:49,ACTIVE
ACC0011223,CUST009010,SAVINGS,INR,1000.71,2/7/2025 20:50,ACTIVE
ACC0011224,CUST007872,BUSINESS,EUR,149.32,9/5/2025 15:02,ACTIVE
ACC0011225,CUST005594,SAVINGS,CAD,3079.12,12/24/2024 20:53,ACTIVE
ACC0011226,CUST006614,CHECKING,AUD,39.62,3/2/2024 17:37,ACTIVE
ACC0011227,CUST008009,CHECKING,AUD,28503.45,11/1/2022 11:38,ACTIVE
ACC0011228,CUST007762,CHECKING,CAD,6649.22,2/22/2025 3:16,ACTIVE
ACC0011229,CUST008644,BUSINESS,SGD,801.74,10/8/2023 15:06,ACTIVE
ACC0011230,CUST003236,CHECKING,JPY,1109.11,8/5/2023 20:00,ACTIVE
ACC0011231,CUST000329,BUSINESS,EUR,1577.45,6/7/2023 4:12,CLOSED
ACC0011232,CUST003531,CHECKING,EUR,540.78,9/10/2022 18:11,SUSPENDED
ACC0011233,CUST001923,SAVINGS,GBP,1381.8,5/16/2023 5:55,ACTIVE
ACC0011234,CUST006806,BUSINESS,EUR,922.6,12/28/2022 18:50,ACTIVE
ACC0011235,CUST006951,CHECKING,EUR,979.33,9/6/2024 19:43,ACTIVE
ACC0011236,CUST006507,BUSINESS,EUR,1363.42,3/8/2025 12:24,CLOSED
ACC0011237,CUST008939,BUSINESS,JPY,226.73,3/11/2023 23:37,CLOSED
ACC0011238,CUST009457,BUSINESS,INR,1149.96,5/16/2022 12:35,CLOSED
ACC0011239,CUST007072,SAVINGS,EUR,1334.27,2/14/2023 19:07,ACTIVE
ACC0011240,CUST002823,BUSINESS,AUD,1280.01,8/10/2025 9:17,ACTIVE
ACC0011241,CUST008229,CHECKING,AED,846.41,12/26/2023 16:47,ACTIVE
ACC0011242,CUST005113,SAVINGS,JPY,4295.96,5/9/2022 17:55,SUSPENDED
ACC0011243,CUST002972,CHECKING,EUR,717.39,4/16/2024 10:51,ACTIVE
ACC0011244,CUST008095,SAVINGS,JPY,1440.57,10/6/2021 15:02,CLOSED
ACC0011245,CUST009045,SAVINGS,USD,5201.78,6/23/2024 10:35,ACTIVE
ACC0011246,CUST000695,BUSINESS,AED,997,10/14/2024 4:16,ACTIVE
ACC0011247,CUST001680,SAVINGS,GBP,1418.5,7/5/2022 9:42,ACTIVE
ACC0011248,CUST001508,BUSINESS,EUR,976.86,5/5/2025 0:40,ACTIVE
ACC0011249,CUST008501,BUSINESS,JPY,4840.84,9/29/2022 5:06,SUSPENDED
ACC0011250,CUST005887,SAVINGS,USD,804.91,8/19/2025 13:14,SUSPENDED
ACC0011251,CUST002310,SAVINGS,AUD,5115.47,8/15/2025 21:37,ACTIVE
ACC0011252,CUST008795,SAVINGS,AUD,968.45,12/9/2022 14:04,CLOSED
ACC0011253,CUST002827,CHECKING,EUR,390.98,3/27/2022 4:38,ACTIVE
ACC0011254,CUST002480,BUSINESS,EUR,2478.1,2/2/2025 22:10,SUSPENDED
ACC0011255,CUST000904,CHECKING,USD,760.82,9/13/2022 19:22,SUSPENDED
ACC0011256,CUST003099,SAVINGS,EUR,2309.07,3/24/2025 18:03,ACTIVE
ACC0011257,CUST003649,SAVINGS,PKR,41.46,7/11/2023 1:19,ACTIVE
ACC0011258,CUST004115,SAVINGS,EUR,1103.5,1/9/2024 1:10,ACTIVE
ACC0011259,CUST002107,SAVINGS,GBP,631.74,7/18/2026 6:41,ACTIVE
ACC0011260,CUST001571,CHECKING,SGD,306.15,3/15/2025 17:27,ACTIVE
ACC0011261,CUST005156,BUSINESS,AED,564.6,5/23/2022 12:01,ACTIVE
ACC0011262,CUST002962,CHECKING,INR,550.9,7/27/2025 0:48,SUSPENDED
ACC0011263,CUST001856,BUSINESS,CAD,1035.27,4/10/2024 6:31,ACTIVE
ACC0011264,CUST001381,SAVINGS,EUR,212.56,1/6/2025 18:50,ACTIVE
ACC0011265,CUST009891,CHECKING,CAD,1602.83,10/17/2023 23:08,ACTIVE
ACC0011266,CUST000427,SAVINGS,EUR,5650.27,4/22/2026 16:42,ACTIVE
ACC0011267,CUST007736,BUSINESS,INR,1536.27,6/28/2025 0:27,ACTIVE
ACC0011268,CUST009925,CHECKING,AUD,2895.13,12/7/2025 0:05,ACTIVE
ACC0011269,CUST003433,CHECKING,AED,4078.46,3/28/2023 5:08,ACTIVE
ACC0011270,CUST004879,SAVINGS,EUR,4835.73,2/16/2022 10:58,ACTIVE
ACC0011271,CUST009070,CHECKING,EUR,10344.05,9/1/2025 14:59,ACTIVE
ACC0011272,CUST006558,SAVINGS,EUR,602.42,8/20/2026 15:34,ACTIVE
ACC0011273,CUST005715,SAVINGS,PKR,463.04,6/18/2024 22:38,ACTIVE
ACC0011274,CUST003653,SAVINGS,EUR,2807.81,12/2/2022 17:20,ACTIVE
ACC0011275,CUST003983,BUSINESS,EUR,2565.53,2/26/2022 11:12,CLOSED
ACC0011276,CUST002865,BUSINESS,EUR,2781.68,11/21/2025 12:27,ACTIVE
ACC0011277,CUST000542,CHECKING,SGD,10584.43,7/11/2024 19:10,ACTIVE
ACC0011278,CUST005527,SAVINGS,AUD,1111.7,9/1/2025 6:44,CLOSED
ACC0011279,CUST006611,SAVINGS,INR,1828.75,10/22/2021 12:25,ACTIVE
ACC0011280,CUST009761,CHECKING,EUR,338.17,11/29/2023 9:57,ACTIVE
ACC0011281,CUST009492,BUSINESS,EUR,14219.72,12/1/2024 12:41,CLOSED
ACC0011282,CUST009918,SAVINGS,AUD,732.27,12/27/2023 22:42,SUSPENDED
ACC0011283,CUST007357,SAVINGS,EUR,757.59,3/6/2026 11:58,ACTIVE
ACC0011284,CUST003809,CHECKING,INR,723.36,5/15/2023 1:11,CLOSED
ACC0011285,CUST007866,CHECKING,EUR,505.79,7/30/2025 15:24,ACTIVE
ACC0011286,CUST007023,BUSINESS,PKR,457,5/2/2022 4:59,CLOSED
ACC0011287,CUST002064,SAVINGS,AED,584.97,5/9/2024 14:00,SUSPENDED
ACC0011288,CUST003215,CHECKING,EUR,212.95,6/9/2023 14:55,ACTIVE
ACC0011289,CUST001098,SAVINGS,JPY,427.36,3/1/2022 12:03,ACTIVE
ACC0011290,CUST005403,SAVINGS,PKR,11370.25,4/16/2023 0:47,ACTIVE
ACC0011291,CUST006363,CHECKING,SGD,2651.25,10/15/2025 16:49,ACTIVE
ACC0011292,CUST007715,BUSINESS,SGD,3331.19,3/15/2025 11:55,SUSPENDED
ACC0011293,CUST008448,BUSINESS,INR,4503.68,4/8/2023 13:33,ACTIVE
ACC0011294,CUST007159,BUSINESS,GBP,9906.65,8/9/2022 1:33,ACTIVE
ACC0011295,CUST003855,SAVINGS,PKR,130.88,10/16/2025 8:13,CLOSED
ACC0011296,CUST004921,BUSINESS,INR,250.67,1/5/2024 17:03,ACTIVE
ACC0011297,CUST005070,BUSINESS,EUR,418.02,12/13/2025 5:12,SUSPENDED
ACC0011298,CUST001919,CHECKING,EUR,624.11,7/16/2022 13:44,CLOSED
ACC0011299,CUST006616,CHECKING,USD,764.57,2/13/2025 17:43,ACTIVE
ACC0011300,CUST006759,SAVINGS,AUD,641.38,7/19/2025 19:56,ACTIVE
ACC0011301,CUST009250,CHECKING,USD,1426.77,10/19/2023 1:08,CLOSED
ACC0011302,CUST000445,SAVINGS,SGD,1144.08,7/27/2023 23:25,CLOSED
ACC0011303,CUST000378,SAVINGS,USD,460.63,7/12/2022 12:23,ACTIVE
ACC0011304,CUST009512,SAVINGS,SGD,80.59,11/21/2022 10:00,ACTIVE
ACC0011305,CUST009992,CHECKING,AED,333.14,9/5/2022 19:12,ACTIVE
ACC0011306,CUST001468,BUSINESS,AED,567.31,4/3/2026 5:33,ACTIVE
ACC0011307,CUST004364,SAVINGS,SGD,815.26,3/8/2023 12:11,ACTIVE
ACC0011308,CUST003482,BUSINESS,SGD,282.7,7/23/2025 13:50,CLOSED
ACC0011309,CUST005591,CHECKING,INR,608.52,12/10/2022 18:58,ACTIVE
ACC0011310,CUST009865,BUSINESS,GBP,282.26,8/14/2024 11:49,ACTIVE
ACC0011311,CUST008872,CHECKING,EUR,942.95,6/14/2026 0:55,ACTIVE
ACC0011312,CUST009435,BUSINESS,USD,302.56,3/17/2025 2:37,CLOSED
ACC0011313,CUST003393,BUSINESS,SGD,395.96,7/7/2025 19:02,ACTIVE
ACC0011314,CUST002202,CHECKING,EUR,228.05,7/18/2023 12:18,ACTIVE
ACC0011315,CUST002268,CHECKING,EUR,912.15,3/4/2024 11:29,ACTIVE
ACC0011316,CUST008383,CHECKING,EUR,387.71,11/19/2025 6:12,CLOSED
ACC0011317,CUST009701,BUSINESS,GBP,3255.63,5/7/2024 4:07,SUSPENDED
ACC0011318,CUST003146,BUSINESS,EUR,1784.73,4/10/2023 3:20,SUSPENDED
ACC0011319,CUST000671,CHECKING,CAD,1008.46,7/16/2022 10:59,ACTIVE
ACC0011320,CUST000043,BUSINESS,CAD,421.16,9/21/2025 21:26,CLOSED
ACC0011321,CUST006022,BUSINESS,EUR,1731.29,6/6/2026 10:03,ACTIVE
ACC0011322,CUST004884,SAVINGS,JPY,2512.02,2/24/2024 17:50,ACTIVE
ACC0011323,CUST001289,SAVINGS,JPY,1301.44,5/6/2022 3:12,SUSPENDED
ACC0011324,CUST000998,BUSINESS,PKR,7513.39,4/7/2025 5:27,CLOSED
ACC0011325,CUST006362,BUSINESS,GBP,1903.72,10/11/2023 8:40,ACTIVE
ACC0011326,CUST003891,CHECKING,GBP,3282.4,7/28/2025 15:03,ACTIVE
ACC0011327,CUST000505,CHECKING,INR,1287.27,7/11/2024 22:41,ACTIVE
ACC0011328,CUST004426,SAVINGS,PKR,2467.1,11/6/2024 10:30,SUSPENDED
ACC0011329,CUST000278,CHECKING,EUR,421.52,11/5/2021 17:36,CLOSED
ACC0011330,CUST003287,CHECKING,SGD,632.65,7/27/2022 16:20,ACTIVE
ACC0011331,CUST003461,CHECKING,AED,1667.76,6/17/2024 3:43,ACTIVE
ACC0011332,CUST000016,SAVINGS,EUR,1653.28,8/19/2025 7:31,ACTIVE
ACC0011333,CUST004293,CHECKING,EUR,2016.53,10/10/2024 11:37,ACTIVE
ACC0011334,CUST001678,BUSINESS,JPY,4107.1,1/1/2024 14:21,ACTIVE
ACC0011335,CUST001962,SAVINGS,EUR,198.35,7/16/2022 9:28,ACTIVE
ACC0011336,CUST009410,SAVINGS,EUR,340.58,10/28/2024 13:38,SUSPENDED
ACC0011337,CUST002131,BUSINESS,JPY,1444.45,7/6/2025 17:12,ACTIVE
ACC0011338,CUST007766,BUSINESS,EUR,459.79,4/19/2025 3:33,CLOSED
ACC0011339,CUST001766,BUSINESS,EUR,63153.4,9/2/2022 12:07,ACTIVE
ACC0011340,CUST000774,BUSINESS,EUR,2036.25,11/14/2023 7:44,ACTIVE
ACC0011341,CUST003850,SAVINGS,EUR,998.25,12/10/2022 5:17,ACTIVE
ACC0011342,CUST001078,SAVINGS,PKR,590.78,5/29/2026 2:32,CLOSED
ACC0011343,CUST006821,SAVINGS,EUR,616.34,3/18/2023 19:33,CLOSED
ACC0011344,CUST009323,CHECKING,EUR,1137.02,8/12/2023 23:24,ACTIVE
ACC0011345,CUST006040,BUSINESS,AUD,1254.36,12/27/2023 19:42,ACTIVE
ACC0011346,CUST008881,BUSINESS,EUR,633.94,10/26/2022 17:46,ACTIVE
ACC0011347,CUST006520,CHECKING,USD,790.15,4/21/2026 12:02,SUSPENDED
ACC0011348,CUST000448,CHECKING,EUR,5503.51,2/2/2023 1:46,ACTIVE
ACC0011349,CUST008518,CHECKING,INR,5775.65,2/27/2022 3:21,ACTIVE
ACC0011350,CUST001346,SAVINGS,EUR,1483.92,5/16/2025 9:57,CLOSED
ACC0011351,CUST003551,BUSINESS,INR,219.31,2/16/2026 23:10,ACTIVE
ACC0011352,CUST000296,BUSINESS,CAD,2092.69,12/4/2025 12:02,ACTIVE
ACC0011353,CUST004784,CHECKING,USD,7080.78,3/30/2025 16:05,SUSPENDED
ACC0011354,CUST004906,SAVINGS,USD,5674.5,9/18/2022 3:59,CLOSED
ACC0011355,CUST003205,BUSINESS,EUR,2647.34,12/16/2022 23:24,ACTIVE
ACC0011356,CUST009958,SAVINGS,USD,6044.52,10/7/2023 7:02,ACTIVE
ACC0011357,CUST002067,CHECKING,EUR,1169.18,6/2/2024 11:22,ACTIVE
ACC0011358,CUST009559,SAVINGS,AED,2330.23,8/10/2023 6:29,ACTIVE
ACC0011359,CUST001910,SAVINGS,EUR,484.48,1/4/2024 3:15,ACTIVE
ACC0011360,CUST005485,CHECKING,PKR,1557.32,3/6/2023 12:46,CLOSED
ACC0011361,CUST000475,SAVINGS,AUD,5406.95,12/4/2022 1:52,ACTIVE
ACC0011362,CUST002934,SAVINGS,SGD,540.61,8/31/2022 2:15,ACTIVE
ACC0011363,CUST002831,SAVINGS,EUR,390.05,7/18/2023 15:12,CLOSED
ACC0011364,CUST009185,BUSINESS,SGD,1232.73,12/22/2022 19:07,CLOSED
ACC0011365,CUST009202,BUSINESS,EUR,835.48,5/22/2026 6:24,CLOSED
ACC0011366,CUST008840,CHECKING,EUR,2389.83,3/19/2025 6:14,ACTIVE
ACC0011367,CUST009764,SAVINGS,EUR,636.57,3/15/2026 6:43,ACTIVE
ACC0011368,CUST004338,SAVINGS,EUR,8622.48,11/5/2025 9:37,ACTIVE
ACC0011369,CUST009034,BUSINESS,GBP,233.31,8/19/2026 12:58,ACTIVE
ACC0011370,CUST005288,SAVINGS,EUR,4936.85,11/18/2025 21:19,ACTIVE
ACC0011371,CUST006628,BUSINESS,JPY,437.98,7/5/2023 9:11,CLOSED
ACC0011372,CUST003446,CHECKING,EUR,127.08,1/17/2023 7:10,CLOSED
ACC0011373,CUST004634,CHECKING,GBP,1458.92,6/8/2024 23:24,ACTIVE
ACC0011374,CUST007381,BUSINESS,CAD,807.93,6/25/2026 7:07,ACTIVE
ACC0011375,CUST001635,CHECKING,EUR,289.59,6/3/2026 23:42,CLOSED
ACC0011376,CUST009270,CHECKING,PKR,145.82,12/12/2024 23:37,ACTIVE
ACC0011377,CUST003261,BUSINESS,SGD,1085.69,2/2/2022 2:27,ACTIVE
ACC0011378,CUST000025,CHECKING,INR,3536.89,7/22/2026 12:30,SUSPENDED
ACC0011379,CUST009489,CHECKING,EUR,2212.65,9/19/2023 7:55,CLOSED
ACC0011380,CUST006496,SAVINGS,EUR,1173.85,1/17/2024 1:52,ACTIVE
ACC0011381,CUST007219,BUSINESS,EUR,1948.11,11/8/2025 1:14,ACTIVE
ACC0011382,CUST005903,CHECKING,EUR,1061.4,9/6/2024 23:55,ACTIVE
ACC0011383,CUST008313,SAVINGS,CAD,197.22,4/20/2026 6:18,CLOSED
ACC0011384,CUST008263,SAVINGS,EUR,199.32,10/28/2024 1:33,SUSPENDED
ACC0011385,CUST000702,SAVINGS,EUR,859.37,12/17/2025 2:55,CLOSED
ACC0011386,CUST003099,BUSINESS,EUR,904.35,9/24/2023 19:47,ACTIVE
ACC0011387,CUST002366,BUSINESS,EUR,3044.77,3/21/2024 11:40,ACTIVE
ACC0011388,CUST000536,BUSINESS,GBP,2721.03,11/12/2023 0:25,CLOSED
ACC0011389,CUST008702,BUSINESS,JPY,2266.88,9/6/2023 2:11,ACTIVE
ACC0011390,CUST005351,BUSINESS,PKR,783.41,12/11/2022 7:44,CLOSED
ACC0011391,CUST005316,SAVINGS,GBP,209.18,1/12/2026 19:54,SUSPENDED
ACC0011392,CUST003276,BUSINESS,EUR,1798.1,1/8/2022 4:46,CLOSED
ACC0011393,CUST008919,CHECKING,EUR,2059.47,6/30/2022 20:16,ACTIVE
ACC0011394,CUST007836,CHECKING,EUR,62.41,10/30/2023 6:27,ACTIVE
ACC0011395,CUST007409,SAVINGS,CAD,402.94,10/7/2021 22:46,ACTIVE
ACC0011396,CUST001353,CHECKING,EUR,478.54,1/19/2024 19:17,ACTIVE
ACC0011397,CUST006033,BUSINESS,AUD,1263.98,10/3/2024 13:11,SUSPENDED
ACC0011398,CUST006710,BUSINESS,AUD,418.2,4/11/2022 10:22,CLOSED
ACC0011399,CUST005012,BUSINESS,SGD,1047.58,5/21/2025 1:03,ACTIVE
ACC0011400,CUST003363,BUSINESS,AED,851.81,7/5/2025 11:26,ACTIVE
ACC0011401,CUST007487,SAVINGS,CAD,905.98,11/5/2021 2:33,SUSPENDED
ACC0011402,CUST007517,BUSINESS,EUR,464.21,7/28/2022 17:41,ACTIVE
ACC0011403,CUST003095,SAVINGS,EUR,509.39,10/23/2025 16:11,ACTIVE
ACC0011404,CUST009708,SAVINGS,PKR,299.97,4/13/2022 12:28,CLOSED
ACC0011405,CUST001927,SAVINGS,EUR,1730.35,8/7/2024 20:07,ACTIVE
ACC0011406,CUST005234,CHECKING,EUR,2176.17,1/22/2024 5:49,CLOSED
ACC0011407,CUST001178,BUSINESS,EUR,434.96,12/3/2025 16:15,ACTIVE
ACC0011408,CUST003978,BUSINESS,GBP,6800.61,8/17/2026 16:42,CLOSED
ACC0011409,CUST006329,CHECKING,JPY,751.81,11/17/2023 2:41,ACTIVE
ACC0011410,CUST000549,CHECKING,EUR,6878.96,6/20/2026 3:59,ACTIVE
ACC0011411,CUST004525,BUSINESS,JPY,507.47,5/14/2024 15:40,ACTIVE
ACC0011412,CUST004988,BUSINESS,EUR,96.36,2/9/2022 11:20,CLOSED
ACC0011413,CUST001789,BUSINESS,INR,1776.92,10/27/2024 8:48,CLOSED
ACC0011414,CUST002215,BUSINESS,EUR,1477.72,10/10/2023 12:54,ACTIVE
ACC0011415,CUST004110,BUSINESS,SGD,1142.84,12/4/2024 5:07,ACTIVE
ACC0011416,CUST000138,BUSINESS,AUD,507.41,9/21/2022 17:11,SUSPENDED
ACC0011417,CUST004660,BUSINESS,EUR,1052.07,9/6/2023 10:40,ACTIVE
ACC0011418,CUST002711,SAVINGS,INR,593.77,4/26/2025 2:47,ACTIVE
ACC0011419,CUST004080,BUSINESS,PKR,762.94,10/7/2021 8:50,SUSPENDED
ACC0011420,CUST006311,CHECKING,JPY,3010.79,5/28/2025 22:46,ACTIVE
ACC0011421,CUST005917,SAVINGS,EUR,1367.94,3/12/2025 10:57,ACTIVE
ACC0011422,CUST004450,SAVINGS,GBP,2280.02,5/17/2026 15:18,ACTIVE
ACC0011423,CUST002546,BUSINESS,AED,830.28,1/11/2023 20:18,CLOSED
ACC0011424,CUST009241,BUSINESS,SGD,727.47,4/30/2025 18:31,ACTIVE
ACC0011425,CUST001004,CHECKING,EUR,274.74,8/3/2023 16:08,ACTIVE
ACC0011426,CUST003126,BUSINESS,EUR,703.42,6/8/2025 23:10,ACTIVE
ACC0011427,CUST001986,SAVINGS,EUR,20.38,1/23/2024 10:43,ACTIVE
ACC0011428,CUST009648,SAVINGS,INR,540.09,10/22/2021 16:54,ACTIVE
ACC0011429,CUST008131,SAVINGS,AUD,994.01,11/23/2024 12:07,ACTIVE
ACC0011430,CUST001814,CHECKING,GBP,2156.86,12/2/2025 18:46,ACTIVE
ACC0011431,CUST008440,CHECKING,JPY,794.4,5/31/2024 23:21,ACTIVE
ACC0011432,CUST004105,BUSINESS,USD,1664.38,7/1/2026 10:29,ACTIVE
ACC0011433,CUST009813,SAVINGS,PKR,80.18,5/14/2025 4:43,CLOSED
ACC0011434,CUST005617,CHECKING,EUR,1024.33,10/12/2023 8:28,CLOSED
ACC0011435,CUST006740,CHECKING,EUR,146.14,3/2/2025 10:30,ACTIVE
ACC0011436,CUST002023,SAVINGS,AED,257.25,10/2/2024 6:28,ACTIVE
ACC0011437,CUST009234,SAVINGS,JPY,876.03,10/28/2022 2:42,SUSPENDED
ACC0011438,CUST001443,BUSINESS,EUR,5072.13,3/21/2022 7:43,CLOSED
ACC0011439,CUST000989,CHECKING,CAD,1712.05,6/11/2024 4:12,ACTIVE
ACC0011440,CUST001054,CHECKING,EUR,1120.89,10/6/2025 21:54,CLOSED
ACC0011441,CUST003393,CHECKING,SGD,1071.23,11/23/2022 13:28,CLOSED
ACC0011442,CUST000376,CHECKING,AED,465.75,2/7/2024 21:07,ACTIVE
ACC0011443,CUST007451,BUSINESS,GBP,570.9,3/23/2026 6:49,ACTIVE
ACC0011444,CUST005526,SAVINGS,INR,1831.43,6/20/2024 3:05,CLOSED
ACC0011445,CUST006393,BUSINESS,EUR,208.01,11/20/2024 20:48,ACTIVE
ACC0011446,CUST004027,CHECKING,AUD,2234.26,12/29/2024 15:35,ACTIVE
ACC0011447,CUST008985,BUSINESS,INR,688,6/1/2024 1:48,CLOSED
ACC0011448,CUST003149,SAVINGS,EUR,2953.27,1/15/2024 10:07,SUSPENDED
ACC0011449,CUST005037,CHECKING,AED,3474.87,3/29/2025 3:44,ACTIVE
ACC0011450,CUST003947,SAVINGS,INR,147.27,1/16/2024 19:09,ACTIVE
ACC0011451,CUST006441,CHECKING,EUR,545.72,6/23/2023 22:22,ACTIVE
ACC0011452,CUST008279,CHECKING,EUR,392.83,12/26/2025 16:40,CLOSED
ACC0011453,CUST007974,SAVINGS,EUR,124.55,6/14/2026 10:56,CLOSED
ACC0011454,CUST009876,BUSINESS,INR,317.65,8/17/2026 22:02,ACTIVE
ACC0011455,CUST005142,CHECKING,EUR,20527.22,8/21/2025 21:35,SUSPENDED
ACC0011456,CUST009362,BUSINESS,EUR,2278.82,7/1/2023 9:08,ACTIVE
ACC0011457,CUST005616,BUSINESS,USD,10946.18,9/7/2021 3:13,SUSPENDED
ACC0011458,CUST006017,CHECKING,INR,2965.85,5/27/2025 13:57,SUSPENDED
ACC0011459,CUST004430,CHECKING,EUR,450.24,9/8/2021 19:52,SUSPENDED
ACC0011460,CUST001126,SAVINGS,USD,693.59,8/27/2021 14:53,SUSPENDED
ACC0011461,CUST003792,SAVINGS,EUR,2221.91,1/16/2024 3:20,ACTIVE
ACC0011462,CUST005429,SAVINGS,EUR,1853.83,1/10/2025 16:42,ACTIVE
ACC0011463,CUST002935,CHECKING,EUR,548.5,2/17/2025 17:42,ACTIVE
ACC0011464,CUST008224,SAVINGS,EUR,179.11,3/13/2025 17:57,ACTIVE
ACC0011465,CUST007650,SAVINGS,CAD,56687.75,2/25/2022 16:50,ACTIVE
ACC0011466,CUST000826,SAVINGS,PKR,925.76,9/22/2024 8:42,SUSPENDED
ACC0011467,CUST001304,SAVINGS,USD,741.82,1/16/2023 11:15,CLOSED
ACC0011468,CUST007546,BUSINESS,EUR,1256.39,10/13/2022 20:16,SUSPENDED
ACC0011469,CUST001378,SAVINGS,JPY,819.53,2/20/2025 22:07,ACTIVE
ACC0011470,CUST005508,CHECKING,EUR,1270.64,7/7/2022 20:44,SUSPENDED
ACC0011471,CUST005112,BUSINESS,EUR,5137.58,10/23/2022 23:23,ACTIVE
ACC0011472,CUST006031,CHECKING,AUD,944.39,3/15/2024 3:08,SUSPENDED
ACC0011473,CUST006950,SAVINGS,USD,271.71,10/10/2025 18:50,ACTIVE
ACC0011474,CUST005201,CHECKING,EUR,903.28,8/6/2022 10:14,ACTIVE
ACC0011475,CUST001574,SAVINGS,SGD,628.11,4/24/2023 18:39,ACTIVE
ACC0011476,CUST002101,BUSINESS,GBP,6055.24,10/31/2021 21:06,ACTIVE
ACC0011477,CUST002320,SAVINGS,PKR,4470.89,6/16/2024 22:31,SUSPENDED
ACC0011478,CUST007857,BUSINESS,EUR,1247.67,1/7/2023 11:27,CLOSED
ACC0011479,CUST002812,BUSINESS,PKR,236.4,9/6/2021 5:52,SUSPENDED
ACC0011480,CUST000979,BUSINESS,INR,251.87,1/3/2025 8:45,ACTIVE
ACC0011481,CUST000369,CHECKING,GBP,1116.72,12/5/2023 11:34,SUSPENDED
ACC0011482,CUST001247,BUSINESS,GBP,1641.86,11/14/2021 6:01,ACTIVE
ACC0011483,CUST002824,SAVINGS,CAD,699.56,6/10/2026 22:24,ACTIVE
ACC0011484,CUST001743,BUSINESS,GBP,616.34,3/11/2022 12:57,CLOSED
ACC0011485,CUST003998,BUSINESS,PKR,538.42,4/28/2022 20:06,ACTIVE
ACC0011486,CUST002386,CHECKING,AED,1066.28,6/25/2025 11:45,ACTIVE
ACC0011487,CUST005499,SAVINGS,EUR,62.85,10/7/2021 13:07,SUSPENDED
ACC0011488,CUST001823,CHECKING,JPY,292.48,1/14/2025 2:44,ACTIVE
ACC0011489,CUST004768,SAVINGS,SGD,516.74,4/29/2025 16:16,ACTIVE
ACC0011490,CUST002248,BUSINESS,INR,4670.42,6/8/2026 9:39,ACTIVE
ACC0011491,CUST003722,CHECKING,EUR,412.99,8/5/2023 21:28,ACTIVE
ACC0011492,CUST000991,CHECKING,EUR,1361.8,5/8/2024 21:04,ACTIVE
ACC0011493,CUST001071,CHECKING,EUR,1439.21,3/4/2024 13:13,ACTIVE
ACC0011494,CUST000250,CHECKING,EUR,5205.65,12/26/2025 23:58,ACTIVE
ACC0011495,CUST003456,CHECKING,EUR,4989.51,7/23/2022 2:24,ACTIVE
ACC0011496,CUST006952,SAVINGS,AED,1023.51,11/5/2021 9:34,ACTIVE
ACC0011497,CUST003030,CHECKING,CAD,619.81,1/9/2023 6:03,ACTIVE
ACC0011498,CUST004069,SAVINGS,EUR,494.43,5/23/2022 16:20,CLOSED
ACC0011499,CUST007834,BUSINESS,GBP,821.17,9/9/2022 13:01,CLOSED
ACC0011500,CUST000456,SAVINGS,AUD,651.42,11/27/2023 9:03,ACTIVE
ACC0011501,CUST002263,BUSINESS,EUR,2131.01,11/21/2021 22:28,ACTIVE
ACC0011502,CUST007839,SAVINGS,USD,1815.96,5/20/2022 5:25,ACTIVE
ACC0011503,CUST002079,SAVINGS,PKR,2230.9,4/27/2024 22:19,ACTIVE
ACC0011504,CUST005010,BUSINESS,EUR,4969.83,4/23/2024 22:03,ACTIVE
ACC0011505,CUST006546,BUSINESS,USD,10254.2,3/11/2026 20:49,CLOSED
ACC0011506,CUST007751,BUSINESS,EUR,1273.59,7/12/2022 13:42,SUSPENDED
ACC0011507,CUST008490,SAVINGS,EUR,4102.52,1/22/2025 9:06,CLOSED
ACC0011508,CUST003012,SAVINGS,AED,719.11,10/24/2025 7:24,ACTIVE
ACC0011509,CUST009694,SAVINGS,INR,4546.02,4/20/2023 11:14,CLOSED
ACC0011510,CUST005009,CHECKING,AUD,3919.86,2/5/2026 12:47,ACTIVE
ACC0011511,CUST003469,SAVINGS,GBP,3677.91,6/27/2023 11:41,ACTIVE
ACC0011512,CUST007338,BUSINESS,AED,1227.68,8/16/2023 5:24,ACTIVE
ACC0011513,CUST004751,BUSINESS,GBP,491.75,8/18/2026 9:03,SUSPENDED
ACC0011514,CUST006232,SAVINGS,INR,205.73,7/11/2025 6:26,ACTIVE
ACC0011515,CUST007328,BUSINESS,EUR,1045.19,8/31/2021 9:26,ACTIVE
ACC0011516,CUST003113,CHECKING,EUR,6902.34,2/19/2024 6:45,SUSPENDED
ACC0011517,CUST006732,BUSINESS,EUR,756.11,1/19/2026 2:01,ACTIVE
ACC0011518,CUST000657,SAVINGS,EUR,2813.41,4/22/2023 20:40,ACTIVE
ACC0011519,CUST001737,BUSINESS,CAD,3019.18,5/13/2024 22:01,ACTIVE
ACC0011520,CUST008178,SAVINGS,INR,780.22,2/12/2025 3:48,ACTIVE
ACC0011521,CUST005836,BUSINESS,EUR,5322.05,9/1/2023 9:41,ACTIVE
ACC0011522,CUST002100,CHECKING,USD,33.44,3/21/2023 4:42,ACTIVE
ACC0011523,CUST001083,CHECKING,AED,252.83,9/10/2025 0:59,ACTIVE
ACC0011524,CUST000135,BUSINESS,PKR,365.49,8/26/2025 7:54,ACTIVE
ACC0011525,CUST002333,CHECKING,GBP,410.08,1/19/2022 3:21,CLOSED
ACC0011526,CUST006052,BUSINESS,INR,1641.75,6/21/2023 16:06,CLOSED
ACC0011527,CUST003661,CHECKING,SGD,1553.16,2/5/2025 21:04,CLOSED
ACC0011528,CUST002266,CHECKING,PKR,1759.51,3/30/2022 1:36,SUSPENDED
ACC0011529,CUST001405,SAVINGS,EUR,2242.39,8/16/2026 4:09,ACTIVE
ACC0011530,CUST003477,CHECKING,INR,350.68,7/11/2023 15:33,ACTIVE
ACC0011531,CUST001219,SAVINGS,EUR,254.22,12/3/2022 8:04,ACTIVE
ACC0011532,CUST007728,SAVINGS,AED,1764.43,12/9/2025 10:55,CLOSED
ACC0011533,CUST005037,SAVINGS,AED,514.77,12/13/2025 17:45,SUSPENDED
ACC0011534,CUST007972,CHECKING,AUD,166.57,11/4/2025 1:42,ACTIVE
ACC0011535,CUST001876,CHECKING,AUD,3517.88,7/21/2024 14:58,SUSPENDED
ACC0011536,CUST008636,BUSINESS,CAD,5849.56,10/25/2022 3:04,SUSPENDED
ACC0011537,CUST005415,CHECKING,EUR,7105.28,5/6/2024 5:57,ACTIVE
ACC0011538,CUST001929,SAVINGS,EUR,1372.53,8/19/2025 8:25,ACTIVE
ACC0011539,CUST008932,SAVINGS,EUR,2324.17,4/13/2025 13:41,ACTIVE
ACC0011540,CUST003931,BUSINESS,EUR,5675.09,4/12/2026 18:04,ACTIVE
ACC0011541,CUST003232,SAVINGS,SGD,507.91,8/28/2025 23:07,ACTIVE
ACC0011542,CUST005276,BUSINESS,PKR,4158.1,8/9/2024 17:20,ACTIVE
ACC0011543,CUST008451,SAVINGS,USD,1526.11,3/10/2023 7:21,ACTIVE
ACC0011544,CUST002979,SAVINGS,EUR,3282.81,2/6/2025 5:04,ACTIVE
ACC0011545,CUST002134,CHECKING,GBP,1371.02,11/29/2023 18:57,ACTIVE
ACC0011546,CUST002913,BUSINESS,EUR,5195.29,10/10/2023 11:12,ACTIVE
ACC0011547,CUST005553,BUSINESS,GBP,1434.01,5/16/2025 1:16,SUSPENDED
ACC0011548,CUST004680,BUSINESS,GBP,184.79,11/16/2025 7:26,ACTIVE
ACC0011549,CUST009516,CHECKING,EUR,6262.36,10/31/2025 3:03,ACTIVE
ACC0011550,CUST001134,SAVINGS,GBP,351.76,7/7/2024 7:26,ACTIVE
ACC0011551,CUST009035,SAVINGS,USD,4932.84,10/26/2022 15:23,ACTIVE
ACC0011552,CUST000423,BUSINESS,GBP,984.08,7/5/2024 11:53,CLOSED
ACC0011553,CUST000378,SAVINGS,USD,4497.21,3/26/2024 23:29,CLOSED
ACC0011554,CUST007529,BUSINESS,SGD,4280.06,10/5/2022 0:09,ACTIVE
ACC0011555,CUST001106,SAVINGS,EUR,1837.52,7/2/2022 12:21,SUSPENDED
ACC0011556,CUST004230,BUSINESS,EUR,2018.77,7/25/2025 21:01,ACTIVE
ACC0011557,CUST004573,CHECKING,EUR,1821.02,6/2/2022 4:09,ACTIVE
ACC0011558,CUST002559,BUSINESS,USD,97.85,8/30/2022 7:45,ACTIVE
ACC0011559,CUST004268,BUSINESS,CAD,1263.95,3/8/2025 6:43,SUSPENDED
ACC0011560,CUST004186,CHECKING,USD,287.36,2/13/2026 22:43,ACTIVE
ACC0011561,CUST005028,CHECKING,EUR,1346.72,12/2/2023 5:15,ACTIVE
ACC0011562,CUST009953,CHECKING,EUR,278.24,6/24/2024 19:52,ACTIVE
ACC0011563,CUST006386,SAVINGS,EUR,264.56,6/27/2026 16:16,ACTIVE
ACC0011564,CUST004696,SAVINGS,PKR,7524.51,5/21/2026 7:35,SUSPENDED
ACC0011565,CUST006509,BUSINESS,SGD,3957.38,2/7/2023 20:00,ACTIVE
ACC0011566,CUST001913,CHECKING,PKR,1091.2,11/11/2024 22:19,SUSPENDED
ACC0011567,CUST008586,CHECKING,GBP,1368.84,7/3/2023 8:44,ACTIVE
ACC0011568,CUST001112,BUSINESS,AUD,814.44,4/15/2024 12:52,ACTIVE
ACC0011569,CUST008025,BUSINESS,AUD,2172.97,8/16/2026 12:21,ACTIVE
ACC0011570,CUST003609,SAVINGS,PKR,487.23,2/24/2024 14:25,ACTIVE
ACC0011571,CUST007597,SAVINGS,EUR,3613.7,4/24/2024 6:25,SUSPENDED
ACC0011572,CUST006843,SAVINGS,EUR,809.4,1/4/2022 3:43,SUSPENDED
ACC0011573,CUST004779,SAVINGS,JPY,662.61,6/2/2024 15:34,CLOSED
ACC0011574,CUST002055,SAVINGS,PKR,1125.58,6/12/2023 10:39,ACTIVE
ACC0011575,CUST003971,BUSINESS,GBP,539.49,8/8/2025 15:55,CLOSED
ACC0011576,CUST001677,BUSINESS,EUR,1626.88,10/2/2024 19:29,SUSPENDED
ACC0011577,CUST008520,CHECKING,EUR,575.46,12/14/2023 3:16,ACTIVE
ACC0011578,CUST006806,SAVINGS,EUR,1924.13,6/9/2026 5:41,ACTIVE
ACC0011579,CUST004668,CHECKING,EUR,4718.32,2/12/2022 1:53,ACTIVE
ACC0011580,CUST005491,SAVINGS,EUR,462.58,12/29/2023 13:09,CLOSED
ACC0011581,CUST005766,SAVINGS,EUR,937.59,7/5/2024 15:25,CLOSED
ACC0011582,CUST007180,BUSINESS,GBP,1907.59,8/31/2022 0:45,ACTIVE
ACC0011583,CUST000490,BUSINESS,INR,650,3/18/2022 18:16,ACTIVE
ACC0011584,CUST009849,BUSINESS,SGD,1914.45,10/27/2023 11:11,ACTIVE
ACC0011585,CUST007802,SAVINGS,GBP,2135.55,8/10/2022 10:57,CLOSED
ACC0011586,CUST000906,SAVINGS,EUR,4023.53,9/26/2021 14:42,CLOSED
ACC0011587,CUST006116,SAVINGS,GBP,529.97,4/26/2022 17:09,ACTIVE
ACC0011588,CUST000440,CHECKING,USD,353.78,9/15/2021 15:26,ACTIVE
ACC0011589,CUST007946,CHECKING,EUR,758.17,5/7/2026 15:25,ACTIVE
ACC0011590,CUST004296,CHECKING,EUR,343.33,3/12/2026 6:46,ACTIVE
ACC0011591,CUST007713,CHECKING,EUR,2158.99,8/6/2025 7:08,ACTIVE
ACC0011592,CUST009630,CHECKING,AED,272.03,1/28/2023 10:41,ACTIVE
ACC0011593,CUST003006,BUSINESS,EUR,18026.89,11/5/2024 10:15,CLOSED
ACC0011594,CUST009081,SAVINGS,EUR,5193.24,7/4/2026 16:23,ACTIVE
ACC0011595,CUST007337,BUSINESS,USD,1113.31,10/18/2021 7:12,ACTIVE
ACC0011596,CUST004233,CHECKING,CAD,3105.32,8/20/2024 6:21,ACTIVE
ACC0011597,CUST005997,SAVINGS,USD,153.83,4/6/2024 15:17,CLOSED
ACC0011598,CUST002664,SAVINGS,CAD,22653.01,6/22/2025 9:21,ACTIVE
ACC0011599,CUST008161,SAVINGS,EUR,540.09,6/23/2022 6:41,ACTIVE
ACC0011600,CUST008713,SAVINGS,JPY,948.99,5/10/2023 0:46,ACTIVE
ACC0011601,CUST005255,CHECKING,USD,118.26,11/5/2025 17:00,CLOSED
ACC0011602,CUST006612,SAVINGS,JPY,1965.58,4/15/2023 8:25,ACTIVE
ACC0011603,CUST004419,CHECKING,EUR,290.73,9/23/2022 5:18,ACTIVE
ACC0011604,CUST005044,CHECKING,PKR,1238.91,11/5/2024 17:49,SUSPENDED
ACC0011605,CUST002216,CHECKING,EUR,570.7,11/25/2024 12:55,ACTIVE
ACC0011606,CUST003029,CHECKING,INR,300.88,4/8/2025 21:26,ACTIVE
ACC0011607,CUST004509,CHECKING,AED,417.7,10/30/2024 8:49,ACTIVE
ACC0011608,CUST006855,SAVINGS,EUR,1437.91,12/24/2025 0:59,SUSPENDED
ACC0011609,CUST006649,CHECKING,SGD,235.62,4/3/2022 15:08,ACTIVE
ACC0011610,CUST002654,SAVINGS,EUR,446.49,2/26/2026 23:22,ACTIVE
ACC0011611,CUST002563,BUSINESS,EUR,2430.68,5/9/2023 19:36,ACTIVE
ACC0011612,CUST001751,BUSINESS,AUD,24908.79,8/31/2025 20:16,ACTIVE
ACC0011613,CUST008414,SAVINGS,EUR,1945.17,9/7/2021 17:46,ACTIVE
ACC0011614,CUST000772,BUSINESS,AED,364.78,4/9/2023 22:54,ACTIVE
ACC0011615,CUST007396,CHECKING,EUR,705.89,7/31/2026 4:19,ACTIVE
ACC0011616,CUST002790,SAVINGS,EUR,1139,12/5/2023 13:35,ACTIVE
ACC0011617,CUST000901,BUSINESS,EUR,721.04,11/10/2025 20:55,ACTIVE
ACC0011618,CUST002635,CHECKING,GBP,3241.11,7/13/2023 18:34,CLOSED
ACC0011619,CUST009388,SAVINGS,AED,1423.63,7/29/2022 12:12,ACTIVE
ACC0011620,CUST003197,CHECKING,AUD,3259.81,3/24/2023 8:41,ACTIVE
ACC0011621,CUST006136,BUSINESS,EUR,751.95,6/13/2024 12:25,ACTIVE
ACC0011622,CUST006922,BUSINESS,EUR,5380.84,1/11/2024 15:38,ACTIVE
ACC0011623,CUST000683,SAVINGS,CAD,898.04,11/12/2025 1:04,SUSPENDED
ACC0011624,CUST006362,BUSINESS,GBP,341.92,1/14/2022 10:06,ACTIVE
ACC0011625,CUST005502,BUSINESS,AUD,14954.75,11/12/2025 5:31,SUSPENDED
ACC0011626,CUST004153,SAVINGS,EUR,122.73,8/19/2024 0:45,CLOSED
ACC0011627,CUST005755,CHECKING,AUD,451.92,6/18/2022 3:36,ACTIVE
ACC0011628,CUST006504,SAVINGS,JPY,516.75,2/26/2024 18:40,SUSPENDED
ACC0011629,CUST004332,CHECKING,JPY,22247.11,6/16/2026 23:15,ACTIVE
ACC0011630,CUST000447,CHECKING,GBP,9587.65,11/8/2025 12:13,CLOSED
ACC0011631,CUST002796,CHECKING,EUR,6586.08,3/20/2025 14:28,SUSPENDED
ACC0011632,CUST009335,SAVINGS,EUR,737.46,11/11/2025 0:36,ACTIVE
ACC0011633,CUST006618,BUSINESS,CAD,20159.15,4/13/2024 22:11,ACTIVE
ACC0011634,CUST004874,CHECKING,CAD,1706.2,2/28/2022 0:17,ACTIVE
ACC0011635,CUST002356,CHECKING,EUR,3542.95,2/19/2022 15:42,ACTIVE
ACC0011636,CUST001583,SAVINGS,PKR,1360.54,12/14/2022 15:30,ACTIVE
ACC0011637,CUST007640,SAVINGS,EUR,1033.43,3/8/2026 14:34,ACTIVE
ACC0011638,CUST009869,SAVINGS,INR,810.67,2/5/2025 4:39,ACTIVE
ACC0011639,CUST009671,CHECKING,AUD,852.72,10/11/2025 18:11,SUSPENDED
ACC0011640,CUST006681,CHECKING,GBP,2276.03,10/11/2023 8:44,ACTIVE
ACC0011641,CUST008570,SAVINGS,EUR,1703.84,6/18/2022 0:06,ACTIVE
ACC0011642,CUST003840,CHECKING,GBP,1055.99,3/7/2025 11:15,ACTIVE
ACC0011643,CUST003471,SAVINGS,PKR,6710.5,11/26/2021 3:53,ACTIVE
ACC0011644,CUST002941,CHECKING,JPY,31.18,7/3/2025 23:35,ACTIVE
ACC0011645,CUST000765,SAVINGS,EUR,2022.05,9/7/2023 12:00,ACTIVE
ACC0011646,CUST001289,BUSINESS,JPY,2594.86,6/2/2022 1:28,ACTIVE
ACC0011647,CUST007462,SAVINGS,EUR,4343.15,8/13/2026 10:50,ACTIVE
ACC0011648,CUST002720,CHECKING,EUR,1014.5,2/5/2026 8:44,SUSPENDED
ACC0011649,CUST007648,SAVINGS,AED,1407.41,9/16/2024 9:04,SUSPENDED
ACC0011650,CUST009789,SAVINGS,EUR,3580.07,1/13/2022 3:45,SUSPENDED
ACC0011651,CUST009281,CHECKING,JPY,6564.29,12/10/2023 22:06,CLOSED
ACC0011652,CUST006558,SAVINGS,EUR,764.6,9/12/2025 22:17,ACTIVE
ACC0011653,CUST002694,BUSINESS,PKR,1510.76,3/4/2026 2:36,CLOSED
ACC0011654,CUST006513,CHECKING,EUR,8219.7,6/2/2026 4:40,ACTIVE
ACC0011655,CUST007966,SAVINGS,EUR,85.73,11/5/2022 0:37,CLOSED
ACC0011656,CUST007720,BUSINESS,EUR,479.14,7/11/2024 22:40,SUSPENDED
ACC0011657,CUST007377,CHECKING,PKR,6367.76,9/24/2024 18:09,SUSPENDED
ACC0011658,CUST008454,CHECKING,PKR,4068.56,12/5/2024 0:12,ACTIVE
ACC0011659,CUST001702,CHECKING,USD,2052.75,3/24/2025 5:17,ACTIVE
ACC0011660,CUST000543,BUSINESS,AED,640.14,7/17/2022 3:53,ACTIVE
ACC0011661,CUST002821,BUSINESS,CAD,380.63,3/23/2023 10:25,SUSPENDED
ACC0011662,CUST002465,CHECKING,GBP,539.45,4/1/2026 0:34,SUSPENDED
ACC0011663,CUST003646,SAVINGS,INR,7027.67,1/24/2023 6:20,ACTIVE
ACC0011664,CUST002424,CHECKING,AED,515.88,3/6/2024 19:05,ACTIVE
ACC0011665,CUST008091,SAVINGS,JPY,1238.56,1/25/2022 5:05,ACTIVE
ACC0011666,CUST004420,SAVINGS,EUR,443.88,1/28/2026 7:32,SUSPENDED
ACC0011667,CUST000492,SAVINGS,SGD,3014.92,11/30/2022 18:15,CLOSED
ACC0011668,CUST003968,BUSINESS,CAD,574.52,5/15/2026 5:59,ACTIVE
ACC0011669,CUST004325,SAVINGS,USD,975.44,6/29/2025 15:37,SUSPENDED
ACC0011670,CUST009986,SAVINGS,PKR,145.47,10/11/2022 17:42,SUSPENDED
ACC0011671,CUST004102,SAVINGS,AUD,158.22,5/29/2025 0:45,ACTIVE
ACC0011672,CUST004567,CHECKING,EUR,1106.78,2/12/2024 7:16,CLOSED
ACC0011673,CUST002775,SAVINGS,SGD,223.59,12/20/2021 21:45,ACTIVE
ACC0011674,CUST006489,BUSINESS,JPY,13713.06,11/11/2024 16:10,CLOSED
ACC0011675,CUST006004,SAVINGS,SGD,92.4,4/17/2024 6:23,CLOSED
ACC0011676,CUST005096,CHECKING,GBP,419.8,11/22/2025 20:41,ACTIVE
ACC0011677,CUST009594,CHECKING,SGD,1118.83,1/16/2022 8:17,ACTIVE
ACC0011678,CUST009634,BUSINESS,EUR,707.57,3/7/2026 8:13,ACTIVE
ACC0011679,CUST000913,CHECKING,PKR,291.5,2/14/2026 19:11,ACTIVE
ACC0011680,CUST004880,BUSINESS,EUR,347.4,6/9/2025 9:30,ACTIVE
ACC0011681,CUST001269,BUSINESS,EUR,334.02,12/8/2021 2:23,ACTIVE
ACC0011682,CUST000571,SAVINGS,EUR,777.38,10/26/2023 11:02,ACTIVE
ACC0011683,CUST006227,CHECKING,EUR,11410.79,2/15/2024 7:48,ACTIVE
ACC0011684,CUST002439,BUSINESS,EUR,1204.14,7/9/2026 4:05,ACTIVE
ACC0011685,CUST006009,SAVINGS,AUD,4534.55,5/6/2022 4:24,ACTIVE
ACC0011686,CUST001353,BUSINESS,EUR,2014.99,2/10/2025 5:00,CLOSED
ACC0011687,CUST000730,SAVINGS,PKR,4174.02,11/6/2021 2:40,ACTIVE
ACC0011688,CUST008017,SAVINGS,GBP,38.09,10/1/2025 1:16,ACTIVE
ACC0011689,CUST002736,BUSINESS,AED,761.01,4/10/2023 8:54,CLOSED
ACC0011690,CUST006791,SAVINGS,GBP,5263.56,10/18/2021 11:29,ACTIVE
ACC0011691,CUST005410,CHECKING,INR,552.2,12/6/2022 2:51,ACTIVE
ACC0011692,CUST005266,SAVINGS,EUR,9090.34,9/22/2025 11:36,ACTIVE
ACC0011693,CUST003894,SAVINGS,AED,6507.22,9/25/2024 12:14,ACTIVE
ACC0011694,CUST004493,SAVINGS,GBP,624.56,3/8/2026 0:06,CLOSED
ACC0011695,CUST004400,SAVINGS,EUR,599.56,11/16/2025 6:20,ACTIVE
ACC0011696,CUST000158,SAVINGS,EUR,324.95,8/23/2026 19:06,SUSPENDED
ACC0011697,CUST005854,CHECKING,AUD,515.16,10/31/2023 16:17,ACTIVE
ACC0011698,CUST009588,BUSINESS,PKR,249.86,4/11/2023 16:27,ACTIVE
ACC0011699,CUST006629,SAVINGS,USD,1834.58,11/12/2022 10:11,ACTIVE
ACC0011700,CUST003856,CHECKING,USD,191.09,9/27/2021 4:38,ACTIVE
ACC0011701,CUST006624,SAVINGS,CAD,2263.07,9/10/2024 15:22,SUSPENDED
ACC0011702,CUST001168,CHECKING,INR,2330.17,1/16/2022 16:36,ACTIVE
ACC0011703,CUST008051,BUSINESS,EUR,149.39,11/27/2021 18:06,ACTIVE
ACC0011704,CUST001869,CHECKING,EUR,7042.95,12/24/2021 8:30,ACTIVE
ACC0011705,CUST009876,BUSINESS,INR,2031.1,12/2/2023 9:24,ACTIVE
ACC0011706,CUST007441,CHECKING,AUD,2696.31,7/2/2023 22:20,SUSPENDED
ACC0011707,CUST001265,SAVINGS,PKR,441.25,12/17/2024 15:25,SUSPENDED
ACC0011708,CUST004771,CHECKING,AED,2314.28,7/4/2024 10:00,ACTIVE
ACC0011709,CUST002143,BUSINESS,SGD,4237.26,4/16/2025 21:57,ACTIVE
ACC0011710,CUST005705,CHECKING,JPY,974.25,8/31/2021 12:27,SUSPENDED
ACC0011711,CUST004215,CHECKING,USD,12116.3,10/22/2025 18:01,SUSPENDED
ACC0011712,CUST007260,SAVINGS,EUR,1156.18,7/8/2024 11:24,ACTIVE
ACC0011713,CUST006395,CHECKING,EUR,4311.08,1/8/2024 23:41,ACTIVE
ACC0011714,CUST006640,SAVINGS,EUR,1558.7,8/1/2024 10:45,CLOSED
ACC0011715,CUST007940,CHECKING,AED,2214.15,11/22/2023 11:29,ACTIVE
ACC0011716,CUST004233,SAVINGS,CAD,147.58,3/28/2023 23:27,SUSPENDED
ACC0011717,CUST008528,CHECKING,AUD,1711.74,2/16/2023 5:18,ACTIVE
ACC0011718,CUST007093,CHECKING,EUR,453.97,6/13/2023 9:08,ACTIVE
ACC0011719,CUST009590,BUSINESS,USD,397.15,6/15/2023 1:42,ACTIVE
ACC0011720,CUST003849,BUSINESS,USD,8892.15,5/15/2025 0:59,ACTIVE
ACC0011721,CUST000781,BUSINESS,EUR,848.5,9/20/2021 22:24,ACTIVE
ACC0011722,CUST003187,SAVINGS,EUR,328.99,3/11/2025 17:49,SUSPENDED
ACC0011723,CUST003575,SAVINGS,EUR,712.69,10/12/2023 13:00,CLOSED
ACC0011724,CUST001842,SAVINGS,AED,230.32,4/15/2023 13:57,CLOSED
ACC0011725,CUST009443,CHECKING,EUR,6128.23,3/7/2024 8:17,ACTIVE
ACC0011726,CUST006794,BUSINESS,INR,475.89,6/3/2025 2:33,ACTIVE
ACC0011727,CUST006268,BUSINESS,PKR,2069.7,10/15/2022 10:32,SUSPENDED
ACC0011728,CUST000387,BUSINESS,EUR,5582.14,8/16/2026 12:44,ACTIVE
ACC0011729,CUST007887,BUSINESS,EUR,601.73,4/12/2025 23:01,ACTIVE
ACC0011730,CUST006834,SAVINGS,EUR,2076.47,7/30/2026 14:18,ACTIVE
ACC0011731,CUST000834,CHECKING,EUR,318.59,7/6/2023 3:19,ACTIVE
ACC0011732,CUST003055,CHECKING,EUR,20638.71,12/27/2022 14:55,ACTIVE
ACC0011733,CUST005974,CHECKING,EUR,3373.33,7/13/2022 15:38,SUSPENDED
ACC0011734,CUST003305,BUSINESS,USD,870.33,6/15/2024 23:38,ACTIVE
ACC0011735,CUST000259,SAVINGS,AED,433.81,10/2/2022 23:02,ACTIVE
ACC0011736,CUST000094,BUSINESS,INR,956.43,7/14/2026 1:54,ACTIVE
ACC0011737,CUST009181,CHECKING,AED,729.25,7/27/2026 23:21,ACTIVE
ACC0011738,CUST003640,SAVINGS,JPY,11424.71,9/19/2024 9:27,ACTIVE
ACC0011739,CUST004340,CHECKING,CAD,251.98,7/12/2026 10:39,CLOSED
ACC0011740,CUST001827,CHECKING,EUR,1289.18,1/8/2025 0:45,ACTIVE
ACC0011741,CUST004730,SAVINGS,AUD,1072.76,4/27/2022 20:02,ACTIVE
ACC0011742,CUST008173,BUSINESS,EUR,952.52,6/28/2025 11:20,ACTIVE
ACC0011743,CUST009483,CHECKING,EUR,962.62,12/12/2021 18:20,CLOSED
ACC0011744,CUST002358,BUSINESS,EUR,954.05,12/22/2025 8:45,ACTIVE
ACC0011745,CUST008247,BUSINESS,SGD,3126.53,2/7/2026 15:24,ACTIVE
ACC0011746,CUST009349,SAVINGS,AUD,2277.38,9/12/2024 1:04,ACTIVE
ACC0011747,CUST002586,SAVINGS,JPY,1812.92,12/5/2023 16:55,ACTIVE
ACC0011748,CUST002064,BUSINESS,AED,28.77,4/9/2026 18:30,ACTIVE
ACC0011749,CUST004040,SAVINGS,AUD,1571.45,8/10/2022 18:50,CLOSED
ACC0011750,CUST009407,BUSINESS,USD,150.39,5/30/2026 14:28,ACTIVE
ACC0011751,CUST002316,SAVINGS,EUR,2381.73,12/29/2025 17:57,ACTIVE
ACC0011752,CUST007723,CHECKING,PKR,6434.29,10/29/2022 15:45,SUSPENDED
ACC0011753,CUST001401,BUSINESS,SGD,360.87,4/29/2025 2:31,ACTIVE
ACC0011754,CUST008231,CHECKING,EUR,801,12/2/2023 1:11,CLOSED
ACC0011755,CUST006824,CHECKING,INR,534.2,10/9/2021 4:59,CLOSED
ACC0011756,CUST008212,CHECKING,AED,4829.6,10/13/2023 3:14,SUSPENDED
ACC0011757,CUST008294,CHECKING,INR,1229.1,5/14/2022 4:05,SUSPENDED
ACC0011758,CUST008754,BUSINESS,JPY,8725.41,3/18/2023 16:09,CLOSED
ACC0011759,CUST001023,SAVINGS,SGD,1801.73,10/21/2024 6:56,ACTIVE
ACC0011760,CUST003406,CHECKING,EUR,1466.95,4/6/2024 0:51,ACTIVE
ACC0011761,CUST002900,SAVINGS,AED,1190.17,10/6/2025 10:18,ACTIVE
ACC0011762,CUST004403,SAVINGS,EUR,2926.58,10/31/2022 1:05,ACTIVE
ACC0011763,CUST002082,CHECKING,AUD,136.29,3/8/2024 12:46,ACTIVE
ACC0011764,CUST005889,BUSINESS,EUR,1214.89,4/7/2025 17:31,ACTIVE
ACC0011765,CUST002230,SAVINGS,EUR,1008.22,5/21/2023 11:02,ACTIVE
ACC0011766,CUST003811,CHECKING,AED,2618.88,6/21/2023 12:11,CLOSED
ACC0011767,CUST007936,CHECKING,EUR,875.47,12/7/2021 14:41,ACTIVE
ACC0011768,CUST002420,CHECKING,USD,315.3,4/30/2023 0:06,ACTIVE
ACC0011769,CUST005707,CHECKING,EUR,1106.35,3/22/2024 7:51,ACTIVE
ACC0011770,CUST005245,CHECKING,USD,299.04,7/15/2024 4:56,ACTIVE
ACC0011771,CUST006429,BUSINESS,GBP,108.82,3/25/2026 9:38,SUSPENDED
ACC0011772,CUST003074,CHECKING,INR,2624.24,1/28/2024 23:39,SUSPENDED
ACC0011773,CUST007252,SAVINGS,SGD,2197.06,9/7/2021 16:52,ACTIVE
ACC0011774,CUST001583,CHECKING,PKR,1920.82,8/23/2026 4:17,CLOSED
ACC0011775,CUST006466,SAVINGS,AED,5237.05,12/28/2023 11:32,CLOSED
ACC0011776,CUST001123,SAVINGS,EUR,493.72,4/12/2023 10:01,ACTIVE
ACC0011777,CUST008957,SAVINGS,SGD,196.89,1/2/2022 12:15,ACTIVE
ACC0011778,CUST004853,BUSINESS,JPY,1008.24,12/15/2025 15:41,ACTIVE
ACC0011779,CUST001741,CHECKING,EUR,722.7,7/2/2026 23:38,ACTIVE
ACC0011780,CUST009521,SAVINGS,GBP,399.11,3/4/2024 10:47,ACTIVE
ACC0011781,CUST000077,BUSINESS,JPY,996.43,10/1/2023 12:35,ACTIVE
ACC0011782,CUST007607,SAVINGS,EUR,526.41,5/9/2025 16:43,ACTIVE
ACC0011783,CUST009421,SAVINGS,EUR,121.12,2/22/2025 10:03,ACTIVE
ACC0011784,CUST004995,SAVINGS,PKR,645.86,3/22/2025 22:52,ACTIVE
ACC0011785,CUST001532,BUSINESS,CAD,280.44,3/2/2024 19:33,ACTIVE
ACC0011786,CUST003477,CHECKING,INR,1448.06,11/4/2025 5:49,CLOSED
ACC0011787,CUST000063,SAVINGS,EUR,499.08,12/24/2021 12:19,ACTIVE
ACC0011788,CUST003168,BUSINESS,PKR,4162.86,6/24/2024 5:56,SUSPENDED
ACC0011789,CUST001945,BUSINESS,JPY,7514.87,4/13/2024 8:36,CLOSED
ACC0011790,CUST001430,BUSINESS,EUR,2478.13,9/2/2025 15:58,ACTIVE
ACC0011791,CUST006548,SAVINGS,AED,170.51,6/23/2022 18:46,ACTIVE
ACC0011792,CUST000889,SAVINGS,AED,6675.74,7/31/2026 13:51,ACTIVE
ACC0011793,CUST007089,BUSINESS,CAD,7265.3,7/4/2026 17:58,CLOSED
ACC0011794,CUST008333,SAVINGS,GBP,1121.64,1/16/2025 13:48,ACTIVE
ACC0011795,CUST006197,SAVINGS,CAD,5364.25,8/26/2022 12:57,CLOSED
ACC0011796,CUST006890,BUSINESS,PKR,565.66,7/25/2023 4:29,ACTIVE
ACC0011797,CUST005820,BUSINESS,EUR,116.8,1/16/2022 5:33,SUSPENDED
ACC0011798,CUST009511,CHECKING,AED,440.39,5/13/2025 2:48,SUSPENDED
ACC0011799,CUST006212,SAVINGS,EUR,8735.59,9/18/2024 21:25,SUSPENDED
ACC0011800,CUST007256,SAVINGS,GBP,183.22,9/27/2025 8:27,ACTIVE
ACC0011801,CUST003012,CHECKING,AED,1096,1/30/2022 20:10,ACTIVE
ACC0011802,CUST006198,SAVINGS,SGD,1142.5,8/28/2025 19:02,ACTIVE
ACC0011803,CUST009374,BUSINESS,EUR,592.55,9/13/2022 22:21,SUSPENDED
ACC0011804,CUST005693,BUSINESS,USD,644.05,7/18/2023 23:35,ACTIVE
ACC0011805,CUST004741,CHECKING,EUR,1195.95,10/23/2021 8:36,ACTIVE
ACC0011806,CUST000075,BUSINESS,EUR,558.58,12/4/2025 18:29,ACTIVE
ACC0011807,CUST003230,BUSINESS,AUD,199.04,11/24/2021 8:04,ACTIVE
ACC0011808,CUST002541,SAVINGS,EUR,1419.47,12/18/2022 23:26,SUSPENDED
ACC0011809,CUST001698,SAVINGS,INR,3976.03,12/22/2025 4:20,ACTIVE
ACC0011810,CUST007043,CHECKING,GBP,3113.45,9/20/2025 16:01,ACTIVE
ACC0011811,CUST008151,SAVINGS,GBP,415.02,3/2/2026 10:47,ACTIVE
ACC0011812,CUST004450,BUSINESS,GBP,244.33,5/16/2024 1:42,ACTIVE
ACC0011813,CUST002424,CHECKING,AED,779.75,1/3/2023 7:17,ACTIVE
ACC0011814,CUST001619,CHECKING,EUR,7196.5,11/4/2025 18:50,CLOSED
ACC0011815,CUST004941,CHECKING,INR,2379.67,10/13/2022 22:12,CLOSED
ACC0011816,CUST001765,BUSINESS,EUR,2552.32,12/2/2023 16:52,SUSPENDED
ACC0011817,CUST007858,CHECKING,EUR,3190.17,4/16/2024 12:50,SUSPENDED
ACC0011818,CUST001518,BUSINESS,USD,1816.96,11/30/2021 12:21,CLOSED
ACC0011819,CUST009443,CHECKING,EUR,1267.41,3/11/2025 11:20,ACTIVE
ACC0011820,CUST004217,SAVINGS,SGD,2427.87,6/12/2026 19:07,ACTIVE
ACC0011821,CUST001704,SAVINGS,INR,569.41,7/9/2024 4:12,ACTIVE
ACC0011822,CUST001654,CHECKING,GBP,200.87,4/12/2023 21:15,CLOSED
ACC0011823,CUST002895,BUSINESS,SGD,2611.28,10/21/2024 4:25,ACTIVE
ACC0011824,CUST008855,CHECKING,GBP,4842.98,4/10/2022 6:33,CLOSED
ACC0011825,CUST009168,SAVINGS,GBP,286.61,11/20/2025 5:40,ACTIVE
ACC0011826,CUST008293,BUSINESS,EUR,2940.41,5/1/2022 19:16,ACTIVE
ACC0011827,CUST003853,CHECKING,GBP,8241.35,8/9/2025 17:34,ACTIVE
ACC0011828,CUST001657,CHECKING,EUR,1093.68,9/16/2022 19:39,ACTIVE
ACC0011829,CUST005146,CHECKING,AED,410.92,9/4/2022 23:25,CLOSED
ACC0011830,CUST005286,CHECKING,AED,1271.08,5/12/2026 19:41,ACTIVE
ACC0011831,CUST005208,BUSINESS,AED,566.43,12/24/2025 23:52,ACTIVE
ACC0011832,CUST003306,BUSINESS,INR,523.18,9/25/2022 21:32,CLOSED
ACC0011833,CUST004830,CHECKING,EUR,1844.24,11/12/2022 17:07,ACTIVE
ACC0011834,CUST007201,CHECKING,GBP,160.06,4/23/2022 10:14,SUSPENDED
ACC0011835,CUST001057,SAVINGS,CAD,193.89,10/4/2023 12:45,ACTIVE
ACC0011836,CUST003205,SAVINGS,EUR,1122.32,9/2/2022 0:39,ACTIVE
ACC0011837,CUST007312,BUSINESS,SGD,1067.67,6/4/2025 6:15,ACTIVE
ACC0011838,CUST005874,SAVINGS,INR,1656.17,11/19/2022 18:58,ACTIVE
ACC0011839,CUST003984,BUSINESS,AED,10407.38,8/14/2023 17:52,CLOSED
ACC0011840,CUST008289,CHECKING,INR,1243.17,11/3/2024 22:27,ACTIVE
ACC0011841,CUST004960,CHECKING,EUR,2248.02,3/31/2022 18:48,ACTIVE
ACC0011842,CUST006721,BUSINESS,JPY,340.14,5/21/2023 21:01,SUSPENDED
ACC0011843,CUST002306,BUSINESS,EUR,2755.97,9/19/2022 23:42,CLOSED
ACC0011844,CUST002411,CHECKING,EUR,583.08,4/12/2026 23:46,ACTIVE
ACC0011845,CUST008838,CHECKING,EUR,1194.77,12/21/2021 2:06,SUSPENDED
ACC0011846,CUST009698,BUSINESS,CAD,962.35,10/30/2021 11:39,ACTIVE
ACC0011847,CUST005587,BUSINESS,EUR,3787.91,1/14/2022 12:28,CLOSED
ACC0011848,CUST000681,CHECKING,PKR,227.7,7/17/2022 8:11,SUSPENDED
ACC0011849,CUST004975,SAVINGS,INR,70.82,6/28/2024 11:18,ACTIVE
ACC0011850,CUST001942,BUSINESS,USD,848.85,3/11/2024 13:45,SUSPENDED
ACC0011851,CUST006843,BUSINESS,EUR,1924.15,9/7/2021 16:35,CLOSED
ACC0011852,CUST001639,BUSINESS,USD,1316.49,2/2/2026 0:32,CLOSED
ACC0011853,CUST008426,CHECKING,USD,4810.93,9/5/2025 9:25,ACTIVE
ACC0011854,CUST002884,SAVINGS,GBP,1853.53,10/19/2023 13:45,ACTIVE
ACC0011855,CUST009780,BUSINESS,EUR,557.46,8/31/2024 6:53,ACTIVE
ACC0011856,CUST001750,SAVINGS,EUR,67.32,11/28/2021 9:52,ACTIVE
ACC0011857,CUST004077,BUSINESS,INR,824.87,7/3/2023 9:01,ACTIVE
ACC0011858,CUST005550,CHECKING,JPY,3765.18,5/19/2023 13:42,ACTIVE
ACC0011859,CUST003556,BUSINESS,AUD,685.08,10/24/2023 2:35,ACTIVE
ACC0011860,CUST001819,CHECKING,AED,1134.54,2/27/2025 18:04,ACTIVE
ACC0011861,CUST007635,BUSINESS,USD,1818.25,6/4/2025 9:28,ACTIVE
ACC0011862,CUST006325,CHECKING,PKR,324.29,11/23/2021 21:59,ACTIVE
ACC0011863,CUST001647,SAVINGS,EUR,2316.66,10/11/2024 0:02,ACTIVE
ACC0011864,CUST005222,SAVINGS,PKR,7820.83,7/20/2025 15:33,ACTIVE
ACC0011865,CUST003712,SAVINGS,EUR,891.25,6/19/2025 21:39,CLOSED
ACC0011866,CUST000326,SAVINGS,EUR,282.91,5/13/2023 14:35,CLOSED
ACC0011867,CUST003882,SAVINGS,EUR,1012.4,12/28/2024 15:15,ACTIVE
ACC0011868,CUST001282,CHECKING,PKR,76,12/2/2023 0:11,ACTIVE
ACC0011869,CUST004255,SAVINGS,EUR,1643.01,8/10/2022 11:06,ACTIVE
ACC0011870,CUST006843,BUSINESS,EUR,1886.97,1/21/2024 15:21,ACTIVE
ACC0011871,CUST003922,CHECKING,EUR,8190.77,2/28/2022 10:26,ACTIVE
ACC0011872,CUST001770,SAVINGS,EUR,868.88,2/20/2023 16:07,SUSPENDED
ACC0011873,CUST009746,SAVINGS,EUR,1790.38,3/17/2023 16:45,ACTIVE
ACC0011874,CUST006355,BUSINESS,SGD,390.12,12/12/2024 13:32,ACTIVE
ACC0011875,CUST002301,BUSINESS,AED,715,8/11/2024 14:54,ACTIVE
ACC0011876,CUST007313,CHECKING,EUR,175.88,4/4/2025 21:16,ACTIVE
ACC0011877,CUST004471,CHECKING,GBP,868.05,2/22/2023 4:58,SUSPENDED
ACC0011878,CUST007046,CHECKING,EUR,760.24,9/9/2021 8:34,SUSPENDED
ACC0011879,CUST003202,CHECKING,EUR,1570.33,12/17/2023 10:54,SUSPENDED
ACC0011880,CUST001733,BUSINESS,EUR,518.89,12/26/2025 4:58,ACTIVE
ACC0011881,CUST007272,BUSINESS,SGD,1211.98,1/26/2024 12:09,CLOSED
ACC0011882,CUST007410,SAVINGS,SGD,735.05,12/26/2024 11:55,CLOSED
ACC0011883,CUST009146,SAVINGS,EUR,736.71,4/30/2022 22:38,CLOSED
ACC0011884,CUST004225,SAVINGS,EUR,1207.65,5/23/2026 8:25,ACTIVE
ACC0011885,CUST000234,CHECKING,CAD,1151.28,2/15/2022 20:13,SUSPENDED
ACC0011886,CUST002357,BUSINESS,EUR,2733.69,11/30/2022 0:06,ACTIVE
ACC0011887,CUST005645,CHECKING,INR,948.83,2/15/2026 7:11,ACTIVE
ACC0011888,CUST007423,SAVINGS,AED,720.64,12/28/2025 1:07,ACTIVE
ACC0011889,CUST000020,SAVINGS,INR,882.74,11/30/2022 18:07,ACTIVE
ACC0011890,CUST001685,SAVINGS,JPY,465.17,7/2/2023 3:58,ACTIVE
ACC0011891,CUST004833,BUSINESS,EUR,712.02,6/9/2026 17:52,ACTIVE
ACC0011892,CUST008872,BUSINESS,EUR,12548.93,12/1/2025 12:40,ACTIVE
ACC0011893,CUST000801,CHECKING,EUR,366.79,3/27/2026 12:25,SUSPENDED
ACC0011894,CUST007636,CHECKING,INR,784.94,2/19/2024 1:37,ACTIVE
ACC0011895,CUST007812,SAVINGS,EUR,688.84,4/18/2023 0:43,ACTIVE
ACC0011896,CUST005664,SAVINGS,EUR,815.17,9/10/2025 1:37,ACTIVE
ACC0011897,CUST009650,BUSINESS,EUR,736.94,8/22/2025 21:47,ACTIVE
ACC0011898,CUST009534,SAVINGS,EUR,1533.16,9/19/2022 4:41,ACTIVE
ACC0011899,CUST004228,CHECKING,EUR,140.86,7/14/2022 2:50,ACTIVE
ACC0011900,CUST001013,BUSINESS,PKR,3807.03,4/11/2022 3:40,ACTIVE
ACC0011901,CUST006428,CHECKING,GBP,2342.79,12/31/2025 7:30,ACTIVE
ACC0011902,CUST000922,CHECKING,EUR,246.79,5/22/2023 14:42,SUSPENDED
ACC0011903,CUST005409,BUSINESS,EUR,72.03,3/31/2022 3:03,ACTIVE
ACC0011904,CUST002630,BUSINESS,EUR,339.51,5/15/2026 10:04,SUSPENDED
ACC0011905,CUST003049,CHECKING,AUD,819.59,7/26/2024 23:13,ACTIVE
ACC0011906,CUST003443,CHECKING,EUR,24254.33,5/17/2022 18:00,SUSPENDED
ACC0011907,CUST007005,SAVINGS,EUR,2104.66,9/29/2025 11:15,SUSPENDED
ACC0011908,CUST003542,SAVINGS,EUR,125.32,4/24/2024 14:15,ACTIVE
ACC0011909,CUST005881,BUSINESS,SGD,479.34,9/12/2023 21:19,CLOSED
ACC0011910,CUST005977,BUSINESS,CAD,1028.8,12/7/2021 1:04,SUSPENDED
ACC0011911,CUST001771,BUSINESS,PKR,1486.86,9/21/2025 3:48,ACTIVE
ACC0011912,CUST007638,SAVINGS,EUR,226.4,1/21/2023 20:08,ACTIVE
ACC0011913,CUST008393,SAVINGS,GBP,932.63,10/20/2021 9:36,SUSPENDED
ACC0011914,CUST006420,BUSINESS,EUR,463.51,11/7/2023 10:05,CLOSED
ACC0011915,CUST009431,CHECKING,AUD,291.63,11/26/2025 19:09,ACTIVE
ACC0011916,CUST005474,BUSINESS,EUR,1497.44,2/4/2025 10:42,CLOSED
ACC0011917,CUST004420,CHECKING,EUR,2775.68,3/25/2026 12:02,ACTIVE
ACC0011918,CUST006669,CHECKING,EUR,3008.66,6/26/2022 5:14,ACTIVE
ACC0011919,CUST006640,CHECKING,EUR,2184.77,4/23/2026 16:14,SUSPENDED
ACC0011920,CUST008149,CHECKING,INR,603.75,11/29/2022 16:35,ACTIVE
ACC0011921,CUST007561,CHECKING,EUR,2584.95,2/7/2022 12:49,ACTIVE
ACC0011922,CUST006078,CHECKING,INR,1589.01,1/15/2024 23:09,CLOSED
ACC0011923,CUST005612,BUSINESS,EUR,1287.85,4/2/2022 14:50,ACTIVE
ACC0011924,CUST005687,CHECKING,EUR,526.35,9/17/2022 19:57,SUSPENDED
ACC0011925,CUST004413,SAVINGS,EUR,604.11,10/30/2022 10:07,ACTIVE
ACC0011926,CUST006964,BUSINESS,AUD,1198.31,6/16/2024 11:23,SUSPENDED
ACC0011927,CUST008543,BUSINESS,EUR,20493.22,12/29/2021 5:21,ACTIVE
ACC0011928,CUST008234,BUSINESS,CAD,1574.18,3/6/2025 22:49,ACTIVE
ACC0011929,CUST009944,SAVINGS,PKR,526.67,8/21/2026 19:47,SUSPENDED
ACC0011930,CUST006767,CHECKING,AED,403.89,5/18/2026 7:31,ACTIVE
ACC0011931,CUST009941,BUSINESS,AED,607.82,9/2/2023 5:11,CLOSED
ACC0011932,CUST007565,BUSINESS,AED,14954.27,2/28/2023 16:43,ACTIVE
ACC0011933,CUST008529,SAVINGS,PKR,679.18,3/12/2022 3:14,ACTIVE
ACC0011934,CUST004534,CHECKING,INR,3255.97,10/28/2023 15:17,ACTIVE
ACC0011935,CUST009510,CHECKING,EUR,698.47,12/29/2023 2:39,CLOSED
ACC0011936,CUST004903,CHECKING,EUR,1500.3,10/3/2024 11:51,ACTIVE
ACC0011937,CUST005116,BUSINESS,CAD,2835.84,3/21/2025 5:31,CLOSED
ACC0011938,CUST001945,SAVINGS,JPY,552.09,5/26/2026 5:07,ACTIVE
ACC0011939,CUST001167,SAVINGS,PKR,508.09,3/28/2025 10:15,ACTIVE
ACC0011940,CUST005080,BUSINESS,GBP,8027.62,6/25/2023 23:28,ACTIVE
ACC0011941,CUST009500,SAVINGS,EUR,3574.25,5/8/2022 18:01,ACTIVE
ACC0011942,CUST006380,CHECKING,JPY,2832.19,4/13/2024 5:51,ACTIVE
ACC0011943,CUST002337,BUSINESS,GBP,2820.68,2/17/2025 19:41,ACTIVE
ACC0011944,CUST008104,SAVINGS,CAD,1903.58,5/15/2026 1:18,ACTIVE
ACC0011945,CUST005067,CHECKING,EUR,12349.01,10/19/2025 6:39,ACTIVE
ACC0011946,CUST002604,BUSINESS,EUR,1155.96,9/13/2021 11:40,CLOSED
ACC0011947,CUST007945,BUSINESS,EUR,2192.32,12/31/2023 0:06,CLOSED
ACC0011948,CUST007623,CHECKING,JPY,192.27,4/25/2022 11:16,ACTIVE
ACC0011949,CUST006033,SAVINGS,AUD,407.5,6/24/2022 5:55,ACTIVE
ACC0011950,CUST007062,SAVINGS,EUR,259.57,9/27/2024 12:34,ACTIVE
ACC0011951,CUST000820,SAVINGS,EUR,5058.76,9/4/2022 23:51,CLOSED
ACC0011952,CUST007235,BUSINESS,SGD,51.26,3/19/2025 17:09,SUSPENDED
ACC0011953,CUST008004,SAVINGS,USD,676.7,3/18/2025 21:07,ACTIVE
ACC0011954,CUST000008,BUSINESS,AUD,30.19,8/13/2026 4:56,ACTIVE
ACC0011955,CUST006476,BUSINESS,USD,404.42,7/10/2024 22:13,CLOSED
ACC0011956,CUST005794,CHECKING,AUD,608.42,4/26/2024 0:20,SUSPENDED
ACC0011957,CUST004636,CHECKING,EUR,5778.19,5/6/2023 7:01,ACTIVE
ACC0011958,CUST002779,CHECKING,EUR,1765.08,10/21/2022 12:58,ACTIVE
ACC0011959,CUST006687,CHECKING,EUR,403.52,5/19/2022 4:16,ACTIVE
ACC0011960,CUST000685,SAVINGS,EUR,3940.87,3/15/2026 14:13,ACTIVE
ACC0011961,CUST001025,SAVINGS,GBP,1120.35,6/27/2022 23:14,ACTIVE
ACC0011962,CUST008412,CHECKING,AED,1147.2,7/26/2022 22:50,SUSPENDED
ACC0011963,CUST002483,CHECKING,INR,258.99,10/19/2022 10:33,ACTIVE
ACC0011964,CUST009627,CHECKING,AUD,334.28,2/5/2024 13:42,ACTIVE
ACC0011965,CUST001443,BUSINESS,EUR,407.44,12/28/2024 15:21,ACTIVE
ACC0011966,CUST000465,CHECKING,PKR,1159.51,10/12/2023 18:00,ACTIVE
ACC0011967,CUST009587,BUSINESS,JPY,1204.07,2/4/2026 21:06,ACTIVE
ACC0011968,CUST000734,CHECKING,EUR,6994.72,5/17/2026 21:25,CLOSED
ACC0011969,CUST001535,SAVINGS,PKR,1740.74,1/19/2022 10:22,ACTIVE
ACC0011970,CUST004207,BUSINESS,AUD,42.56,6/23/2025 20:33,ACTIVE
ACC0011971,CUST002892,BUSINESS,GBP,1502.93,3/26/2026 0:48,SUSPENDED
ACC0011972,CUST000899,BUSINESS,EUR,192.48,3/22/2026 0:44,ACTIVE
ACC0011973,CUST006065,SAVINGS,EUR,344.07,1/27/2022 18:06,ACTIVE
ACC0011974,CUST003943,SAVINGS,AED,413.81,11/24/2025 5:54,SUSPENDED
ACC00119752,CUST003077,BUSINESS,EUR,494.72,2/7/2022 14:40,SUSPENDEDS
ACC00119763,CUST000458,SAVINGS,EUR,210.57,8/7/2025 6:50,SUSPENDED
ACC0011977,CUST008103,SAVINGS,JPY,1399.93,11/2/2025 16:31,ACTIVE
ACC0011978,CUST004800,SAVINGS,JPY,201.75,8/24/2023 21:27,ACTIVE
ACC0011979,CUST0089162,SAVINGS,USDU,1682.44,11/1/2021 11:49,ACTIVE
ACC0011980,CUST002235,SAVINGS,SGD,16064.47,7/25/2026 11:41,ACTIVE
ACC0011981,CUST003205,CHECKING,EUR,222.46,6/5/2026 4:30,ACTIVE
ACC0011982,CUST009144,BUSINESS,EUR,779.45,9/2/2023 20:38,ACTIVE
ACC0011983,CUST006790,SAVINGS,EUR,53.08,1/24/2023 17:57,ACTIVE
ACC0011984,CUST009351,CHECKING,USD,764.24,2/28/2023 4:49,ACTIVE
ACC0011985,CUST004768,BUSINESS,SGD,2371.46,3/8/2023 8:05,ACTIVE
ACC0011986,CUST000870,BUSINESS,GBP,2603.9,2/16/2026 3:58,ACTIVE
ACC0011987,CUST004827,CHECKING,PKR,1203.32,11/20/2022 10:01,ACTIVE
ACC0011988,CUST000675,CHECKING,CAD,3187.9,9/4/2022 22:46,ACTIVE
ACC0011989,CUST000804,SAVINGS,AUD,23278.03,9/14/2021 5:11,CLOSED
ACC0011990,CUST004173,BUSINESS,USD,8559.23,10/28/2022 11:53,CLOSED
ACC0011991,CUST004309,BUSINESS,EUR,585.8,8/25/2022 13:27,ACTIVE
ACC0011992,CUST003299,SAVINGS,EUR,192.23,8/17/2024 22:39,CLOSED
ACC0011993,CUST009273,CHECKING,EUR,673.59,12/5/2022 2:45,ACTIVE
ACC0011994,CUST001946,SAVINGS,AUD,352,4/26/2023 4:19,CLOSED
ACC0011995,CUST007931,BUSINESS,EUR,1884.88,12/9/2023 20:51,CLOSED
ACC0011996,CUST003186,CHECKING,SGD,265.75,2/14/2026 18:54,ACTIVE
ACC0011997,CUST003830,BUSINESS,EUR,1004.87,3/29/2024 4:23,CLOSED
ACC0011998,CUST000696,BUSINESS,EUR,2997.75,9/8/2022 20:18,ACTIVE
ACC0011999,CUST001820,BUSINESS,SGD,971.81,7/17/2025 14:20,CLOSED
ACC0012000,CUST002489,CHECKING,USD,352.28,7/30/2022 1:54,CLOSED
