customer_id,first_name,last_name,email,country,account_type,account_created_at,customer_status
CUST000001,Danielle,Johnson,john21@example.net,JP,CHECKING,2026-04-15 20:44:23,ACTIVE
CUST000002,Christopher,Henderson,davisjesse@example.net,SG,SAVINGS,2021-11-15 21:55:43,ACTIVE
CUST000003,Anna,Baldwin,lrobinson@example.com,IT,CHECKING,2021-09-14 15:50:45,ACTIVE
CUST000004,Katherine,Moore,jpeterson@example.org,JP,BUSINESS,2024-07-06 05:34:19,CLOSED
CUST000005,Curtis,James,melanie94@example.org,DE,BUSINESS,2025-07-22 20:27:54,SUSPENDED
CUST000006,Amanda,Dudley,smiller@example.net,FR,CHECKING,2024-09-22 00:43:31,ACTIVE
CUST000007,Barbara,Bush,stanleykendra@example.org,IT,CHECKING,2023-08-18 17:24:35,CLOSED
CUST000008,Michelle,James,xreid@example.org,AU,CHECKING,2024-10-18 13:57:24,CLOSED
CUST000009,Michael,Santiago,lynchgeorge@example.net,IT,BUSINESS,2023-09-25 01:41:20,CLOSED
CUST000010,Frank,Gray,gabriellecameron@example.org,GB,CHECKING,2023-08-07 02:19:31,SUSPENDED
CUST000011,Lydia,Trujillo,nadams@example.net,AU,SAVINGS,2024-04-29 03:20:49,ACTIVE
CUST000012,Jason,Porter,ithomas@example.org,AE,CHECKING,2026-06-04 13:54:19,SUSPENDED
CUST000013,Amber,Burgess,zhurst@example.com,BE,SAVINGS,2023-07-07 21:00:15,ACTIVE
CUST000014,Wendy,Taylor,ddavis@example.org,IT,SAVINGS,2022-12-13 07:56:17,ACTIVE
CUST000015,Courtney,Conner,ycarlson@example.com,DE,SAVINGS,2025-08-18 15:35:32,ACTIVE
CUST000016,Allison,Maddox,frazierdanny@example.net,BE,SAVINGS,2023-12-02 11:11:28,CLOSED
CUST000017,Kayla,Peterson,ryan70@example.net,NL,CHECKING,2023-11-21 18:58:26,SUSPENDED
CUST000018,Teresa,Gill,harrellkenneth@example.net,CA,CHECKING,2025-12-19 17:21:05,SUSPENDED
CUST000019,Chelsea,Hernandez,amberosborne@example.net,DE,BUSINESS,2021-08-27 05:54:25,ACTIVE
CUST000020,Carol,Burns,hickmannatasha@example.com,IN,BUSINESS,2023-09-08 10:07:19,CLOSED
CUST000021,Brian,Humphrey,,PK,SAVINGS,2026-03-07 12:42:50,CLOSED
CUST000022,Katie,Anderson,karroyo@example.com,IT,BUSINESS,2026-02-19 21:28:20,ACTIVE
CUST000023,Monique,Henderson,sarahcampos@example.net,FR,BUSINESS,2023-05-12 10:10:25,ACTIVE
CUST000024,Jennifer,Ross,samuel87@example.org,AE,SAVINGS,2023-10-04 16:26:45,ACTIVE
CUST000025,Jeffrey,Morgan,briannasmith@example.net,IN,CHECKING,2022-02-24 09:12:34,ACTIVE
CUST000026,Jeremy,Whitehead,chad34@example.net,GB,SAVINGS,2025-10-11 14:23:30,SUSPENDED
CUST000027,Jason,Anderson,esanchez@example.com,JP,SAVINGS,2023-04-09 01:15:21,ACTIVE
CUST000028,Clinton,Hopkins,rodney70@example.net,BE,SAVINGS,2022-06-27 05:49:54,ACTIVE
CUST000029,Bruce,Chandler,wrightjames@example.com,JP,SAVINGS,2022-11-04 00:00:47,ACTIVE
CUST000030,Robert,Ramirez,nancyjones@example.net,AU,BUSINESS,2022-06-25 15:52:02,ACTIVE
CUST000031,Brent,Kidd,novaksara@example.org,CA,BUSINESS,2023-01-24 04:19:06,ACTIVE
CUST000032,Richard,Olson,kbarrera@example.com,ES,SAVINGS,2021-09-01 03:58:46,SUSPENDED
CUST000033,Tricia,Baker,smitchell@example.net,NL,BUSINESS,2026-05-18 04:21:11,CLOSED
CUST000034,Dorothy,Tucker,kennethnovak@example.net,IT,BUSINESS,2026-04-06 00:16:05,ACTIVE
CUST000035,Bruce,Edwards,silvawesley@example.net,IN,CHECKING,2022-12-27 14:17:54,ACTIVE
CUST000036,Brian,Romero,caseyjones@example.org,IN,CHECKING,2025-01-30 22:57:02,ACTIVE
CUST000037,David,Zamora,bethwilliams@example.org,GB,SAVINGS,2025-03-19 22:56:18,ACTIVE
CUST000038,Diane,Cunningham,sarah35@example.org,IT,BUSINESS,2023-11-28 16:55:01,ACTIVE
CUST000039,Randy,Powers,stephen10@example.com,IT,BUSINESS,2026-06-09 15:06:42,SUSPENDED
CUST000040,Wendy,Jones,williamanderson@example.com,GB,BUSINESS,2022-03-27 04:42:54,SUSPENDED
CUST000041,Natasha,Wood,samueldaniels@example.com,ES,SAVINGS,2026-02-23 19:56:24,ACTIVE
CUST000042,Alan,Montoya,sarah12@example.com,IT,BUSINESS,2022-08-19 02:14:54,CLOSED
CUST000043,Pamela,Newton,josephjacobs@example.net,CA,SAVINGS,2024-07-25 18:16:14,CLOSED
CUST000044,James,Walters,william40@example.org,GB,BUSINESS,2025-04-02 11:21:43,SUSPENDED
CUST000045,Maria,Williams,kellie42@example.net,BE,CHECKING,2025-05-29 04:54:24,ACTIVE
CUST000046,Andrea,Patterson,rodriguezsierra@example.net,CA,SAVINGS,2022-12-01 13:33:23,ACTIVE
CUST000047,Amy,Davenport,russellwilliams@example.com,AE,CHECKING,2021-12-27 10:02:26,ACTIVE
CUST000048,Rachel,Clark,elizabethgomez@example.net,ES,BUSINESS,2025-02-08 00:57:27,ACTIVE
CUST000049,Terri,Brady,michellecherry@example.org,AE,BUSINESS,2025-02-26 10:09:46,SUSPENDED
CUST000050,Angel,Doyle,kimberly63@example.com,AU,CHECKING,2023-01-02 01:54:53,SUSPENDED
CUST000051,Kristin,Rodriguez,garrisonjeffrey@example.com,GB,BUSINESS,2024-08-15 19:41:06,SUSPENDED
CUST000052,Kevin,Pope,jeffreykeller@example.com,CA,SAVINGS,2024-06-10 08:14:54,CLOSED
CUST000053,Joshua,Jones,michael86@example.net,IN,CHECKING,2026-03-18 10:24:22,ACTIVE
CUST000054,Mark,Johnson,gregory40@example.org,JP,BUSINESS,2025-05-06 14:41:08,ACTIVE
CUST000055,Michael,Hartman,gobrien@example.org,AE,BUSINESS,2024-12-04 05:30:58,ACTIVE
CUST000056,Rachel,Lee,fletcheraaron@example.net,DE,SAVINGS,2023-04-29 15:16:03,SUSPENDED
CUST000057,Michael,Jones,cindy14@example.net,ES,SAVINGS,2024-04-12 09:11:57,ACTIVE
CUST000058,Elizabeth,Nguyen,angela36@example.net,SG,BUSINESS,2024-11-15 10:23:03,ACTIVE
CUST000059,Erica,Orr,richard04@example.com,CA,CHECKING,2023-06-09 11:37:12,CLOSED
CUST000060,Russell,Carpenter,steven73@example.net,PK,CHECKING,2025-09-03 14:34:56,ACTIVE
CUST000061,Laura,Moyer,donnacampbell@example.net,IN,BUSINESS,2024-07-01 20:42:41,CLOSED
CUST000062,Clarence,Crane,emilywalker@example.org,AU,CHECKING,2022-11-26 06:46:16,ACTIVE
CUST000063,Andrew,Sanchez,xcarr@example.org,BE,CHECKING,2025-07-10 09:33:14,CLOSED
CUST000064,Robert,Soto,jennifercruz@example.com,AE,BUSINESS,2023-09-22 12:03:43,ACTIVE
CUST000065,Dylan,Watts,osbornejeffery@example.net,AU,SAVINGS,2026-01-20 16:59:33,SUSPENDED
CUST000066,Steven,Grant,bryantlaurie@example.net,FR,CHECKING,2026-03-02 15:19:36,ACTIVE
CUST000067,Vanessa,Larson,usalazar@example.net,PK,SAVINGS,2025-04-12 07:21:37,ACTIVE
CUST000068,Maria,Kelley,juliawells@example.com,FR,CHECKING,2023-10-02 14:47:39,CLOSED
CUST000069,Mary,Ramirez,rsims@example.com,DE,CHECKING,2022-04-23 04:50:27,SUSPENDED
CUST000070,Jennifer,Young,luis81@example.org,IN,CHECKING,2022-12-07 02:00:45,CLOSED
CUST000071,Jesse,Benson,calebrussell@example.net,AE,CHECKING,2025-08-12 01:05:51,ACTIVE
CUST000072,Robert,Clark,xprice@example.net,JP,SAVINGS,2021-10-25 03:40:16,CLOSED
CUST000073,Melissa,Cannon,wwoods@example.com,ES,SAVINGS,2024-12-19 02:46:31,CLOSED
CUST000074,Melissa,Ashley,vmedina@example.net,IN,BUSINESS,2023-07-11 15:49:12,SUSPENDED
CUST000075,Tracy,Nelson,vjohnson@example.net,IT,BUSINESS,2025-02-01 15:17:57,ACTIVE
CUST000076,Jennifer,Pittman,tinaferguson@example.com,SG,SAVINGS,2026-06-13 23:22:47,SUSPENDED
CUST000077,Elizabeth,Miller,dtaylor@example.org,JP,BUSINESS,2022-01-28 16:45:26,ACTIVE
CUST000078,Jorge,Murphy,wmurphy@example.com,US,BUSINESS,2024-01-06 23:34:49,SUSPENDED
CUST000079,Karen,Decker,mary70@example.net,DE,CHECKING,2026-03-28 09:15:47,ACTIVE
CUST000080,Brett,Crane,debraharrington@example.net,DE,SAVINGS,2021-12-28 13:07:39,ACTIVE
CUST000081,Karen,Herring,maryhowell@example.org,AU,BUSINESS,2022-09-21 14:58:53,ACTIVE
CUST000082,Thomas,Wilson,stevenscott@example.com,AU,CHECKING,2023-01-28 18:31:43,ACTIVE
CUST000083,Catherine,Stuart,stricklandfrank@example.com,DE,BUSINESS,2022-07-27 07:41:25,ACTIVE
CUST000084,Beth,Hickman,tsanders@example.org,IT,CHECKING,2022-04-18 13:58:16,ACTIVE
CUST000085,Brittany,Rivas,curtisbarton@example.net,IN,SAVINGS,2022-09-05 13:46:58,ACTIVE
CUST000086,Laura,Knight,reedross@example.com,CA,CHECKING,2022-03-27 17:03:00,ACTIVE
CUST000087,William,Peterson,gshort@example.com,JP,SAVINGS,2024-09-23 17:57:38,ACTIVE
CUST000088,Cynthia,Poole,ryangross@example.net,CA,CHECKING,2023-12-12 14:03:58,CLOSED
CUST000089,Christina,Gillespie,umarshall@example.net,AU,SAVINGS,2023-12-07 08:17:07,ACTIVE
CUST000090,Marcus,Sanchez,ramirezshannon@example.com,AE,SAVINGS,2026-06-30 22:19:57,SUSPENDED
CUST000091,Cheryl,Gray,snydermark@example.com,IT,CHECKING,2023-06-15 12:03:56,ACTIVE
CUST000092,Michael,Green,nicole48@example.org,JP,SAVINGS,2026-01-16 13:46:59,ACTIVE
CUST000093,Stacy,Miller,wfreeman@example.org,GB,SAVINGS,2025-09-12 15:20:18,SUSPENDED
CUST000094,Debbie,Henry,davisjeffrey@example.net,IN,BUSINESS,2023-09-20 09:24:40,ACTIVE
CUST000095,Kevin,Perkins,wtran@example.com,JP,BUSINESS,2026-05-01 11:12:08,ACTIVE
CUST000096,Mark,Warner,kristopher31@example.net,FR,SAVINGS,2023-04-15 19:23:20,ACTIVE
CUST000097,Leslie,Newton,jamesrodgers@example.com,AE,CHECKING,2026-02-10 11:01:25,ACTIVE
CUST000098,Candice,Hooper,kennethward@example.com,IT,CHECKING,2021-10-08 10:14:30,CLOSED
CUST000099,Jean,Martinez,mccannangela@example.net,US,CHECKING,2022-09-21 19:20:40,SUSPENDED
CUST000100,Dana,Mullins,salasaudrey@example.com,ES,SAVINGS,2025-09-20 18:46:54,SUSPENDED
CUST000101,Scott,Lopez,kingmichelle@example.org,IT,CHECKING,2022-03-16 11:37:22,SUSPENDED
CUST000102,Richard,Jones,hernandezlisa@example.com,AE,BUSINESS,2022-05-17 02:48:42,ACTIVE
CUST000103,Victoria,Wilson,yobrien@example.net,FR,BUSINESS,2023-07-27 15:42:56,CLOSED
CUST000104,Kimberly,James,levans@example.com,IN,CHECKING,2024-03-31 06:03:52,ACTIVE
CUST000105,Ashley,Brown,mezajared@example.org,PK,CHECKING,2023-11-25 16:42:31,ACTIVE
CUST000106,Donna,Moore,andreamoore@example.com,GB,SAVINGS,2025-06-25 03:15:14,SUSPENDED
CUST000107,Hannah,Harrison,halljasmine@example.net,IT,SAVINGS,2025-07-06 02:17:34,ACTIVE
CUST000108,Charles,Hall,kristin93@example.com,ES,SAVINGS,2022-08-17 01:36:16,ACTIVE
CUST000109,Amy,Holland,margaret10@example.org,GB,SAVINGS,2024-04-07 04:27:44,SUSPENDED
CUST000110,Brooke,Holloway,scott74@example.net,NL,SAVINGS,2025-01-27 00:28:25,CLOSED
CUST000111,Sherri,Mason,mkim@example.org,JP,BUSINESS,2025-04-28 17:39:19,SUSPENDED
CUST000112,Jessica,Munoz,davissuzanne@example.net,ES,CHECKING,2026-08-23 14:19:19,ACTIVE
CUST000113,Stephanie,Key,barbara27@example.net,IT,CHECKING,2025-05-30 10:16:38,CLOSED
CUST000114,Sabrina,White,fwalters@example.org,SG,BUSINESS,2025-08-24 17:46:43,ACTIVE
CUST000115,Michael,Cook,hodgemark@example.net,SG,SAVINGS,2025-11-11 20:06:41,ACTIVE
CUST000116,Keith,Landry,gibsonleonard@example.com,FR,BUSINESS,2022-08-20 15:00:15,SUSPENDED
CUST000117,Tara,Powell,sandovalamy@example.com,CA,BUSINESS,2022-02-09 21:00:46,ACTIVE
CUST000118,Jacob,Cox,wgarrett@example.org,FR,BUSINESS,2023-05-19 21:39:57,ACTIVE
CUST000119,Joseph,Anderson,samuel71@example.org,IN,CHECKING,2023-09-07 22:34:31,ACTIVE
CUST000120,Jennifer,Collins,tranchristopher@example.org,AU,CHECKING,2025-07-29 03:18:42,ACTIVE
CUST000121,Stacey,Holland,tyronemoran@example.net,GB,CHECKING,2023-12-22 23:18:04,CLOSED
CUST000122,Robert,Olson,jsanchez@example.org,IT,BUSINESS,2024-11-29 05:30:35,CLOSED
CUST000123,James,Greene,michellehill@example.com,FR,BUSINESS,2024-07-16 10:11:52,ACTIVE
CUST000124,Sarah,Romero,campbellkenneth@example.net,GB,BUSINESS,2026-08-01 05:29:04,CLOSED
CUST000125,Yolanda,Burns,seanwashington@example.com,AU,BUSINESS,2026-05-06 05:12:31,ACTIVE
CUST000126,Kathryn,Bennett,molly39@example.com,PK,SAVINGS,2023-08-21 02:56:28,ACTIVE
CUST000127,Melissa,Jenkins,julie66@example.net,JP,BUSINESS,2022-12-11 01:03:28,ACTIVE
CUST000128,Tyler,Johnson,molly71@example.net,IT,SAVINGS,2025-07-15 02:17:25,SUSPENDED
CUST000129,Alexis,Thomas,charlesharrington@example.com,ES,BUSINESS,2024-07-12 08:13:07,ACTIVE
CUST000130,Cindy,Sanders,christianmelissa@example.net,US,SAVINGS,2024-11-18 02:49:03,ACTIVE
CUST000131,Stephanie,Sims,cbrennan@example.net,FR,SAVINGS,2022-03-26 01:05:02,CLOSED
CUST000132,Jimmy,Cohen,wendy16@example.org,AU,CHECKING,2022-07-03 17:37:34,ACTIVE
CUST000133,Scott,Benson,williamslaura@example.com,CA,CHECKING,2024-09-12 04:13:39,CLOSED
CUST000134,Nicholas,Thomas,yknight@example.org,NL,CHECKING,2023-02-04 14:09:46,ACTIVE
CUST000135,Gregory,Lynch,pharvey@example.com,PK,CHECKING,2026-08-11 06:36:39,ACTIVE
CUST000136,Douglas,Murray,steve07@example.com,BE,SAVINGS,2026-04-19 16:34:29,ACTIVE
CUST000137,Eric,Alexander,vanessa46@example.net,US,BUSINESS,2023-10-11 11:56:19,ACTIVE
CUST000138,Stephen,Turner,gcastaneda@example.org,AU,BUSINESS,2024-11-22 07:50:46,CLOSED
CUST000139,Ashley,Andrews,andrew64@example.org,FR,BUSINESS,2026-06-18 17:59:21,CLOSED
CUST000140,Michelle,Osborne,lozanojulie@example.com,NL,BUSINESS,2023-08-10 10:08:03,ACTIVE
CUST000141,Catherine,Gomez,christinebyrd@example.net,PK,CHECKING,2022-10-24 10:15:44,ACTIVE
CUST000142,Courtney,Berger,parkerscott@example.net,DE,CHECKING,2024-10-02 01:17:19,CLOSED
CUST000143,Jessica,Davis,mark62@example.org,ES,SAVINGS,2022-10-10 01:48:43,ACTIVE
CUST000144,Kristin,Walter,alyssa42@example.com,AU,CHECKING,2025-09-30 12:26:29,ACTIVE
CUST000145,Tammy,Phillips,linda71@example.org,IT,BUSINESS,2023-07-27 10:18:50,ACTIVE
CUST000146,Michelle,Ramsey,zcoffey@example.net,CA,SAVINGS,2024-10-04 21:25:41,ACTIVE
CUST000147,Christopher,Foster,amanda75@example.net,PK,CHECKING,2023-11-17 23:26:05,ACTIVE
CUST000148,Brenda,Carson,daniel37@example.org,JP,SAVINGS,2026-06-04 16:49:54,ACTIVE
CUST000149,Mark,Bishop,reidsteven@example.net,FR,CHECKING,2024-03-21 08:11:44,ACTIVE
CUST000150,Debra,Wilson,shahkevin@example.com,AE,CHECKING,2022-08-21 05:50:02,ACTIVE
CUST000151,Colton,Clay,paulwatson@example.net,ES,BUSINESS,2026-03-30 18:56:06,SUSPENDED
CUST000152,Robert,Newton,nicolepena@example.com,CA,BUSINESS,2025-02-13 10:35:21,SUSPENDED
CUST000153,Sheila,Ramirez,jeff73@example.com,CA,CHECKING,2022-06-30 03:40:51,ACTIVE
CUST000154,Tina,Richardson,bruce43@example.org,DE,BUSINESS,2025-07-08 05:26:53,ACTIVE
CUST000155,Christopher,Lewis,williamsmatthew@example.org,CA,CHECKING,2026-06-14 13:14:54,ACTIVE
CUST000156,Jamie,Gallegos,brendali@example.org,AU,BUSINESS,2024-06-11 06:26:20,ACTIVE
CUST000157,Kim,Kramer,ramireztracey@example.org,GB,CHECKING,2026-03-30 20:38:51,ACTIVE
CUST000158,John,Thompson,andersonmichael@example.org,NL,SAVINGS,2024-05-27 09:24:49,ACTIVE
CUST000159,Alfred,Baker,judyfox@example.net,PK,SAVINGS,2022-03-10 22:29:38,ACTIVE
CUST000160,Thomas,Strickland,hayesjeffrey@example.net,JP,CHECKING,2022-01-07 04:47:40,ACTIVE
CUST000161,Jessica,Kerr,stephen00@example.com,BE,BUSINESS,2025-01-24 06:00:59,SUSPENDED
CUST000162,Ronald,Rodriguez,fjones@example.com,AU,BUSINESS,2022-11-29 07:50:07,ACTIVE
CUST000163,Cameron,Hill,oscar98@example.com,PK,CHECKING,2025-07-05 02:44:13,ACTIVE
CUST000164,William,Jordan,farrelldebra@example.net,AE,CHECKING,2023-06-24 12:32:42,SUSPENDED
CUST000165,Russell,Beasley,dmorgan@example.com,FR,CHECKING,2025-03-09 21:41:59,ACTIVE
CUST000166,Jessica,Edwards,elizabeth52@example.net,AE,SAVINGS,2025-09-06 23:14:25,ACTIVE
CUST000167,Carlos,Decker,reynoldsjulie@example.com,NL,CHECKING,2022-10-03 17:22:29,ACTIVE
CUST000168,Angela,Willis,elizabeth65@example.net,GB,CHECKING,2025-03-31 11:43:15,SUSPENDED
CUST000169,Miranda,Griffith,caroline51@example.net,IT,CHECKING,2025-12-18 22:41:07,SUSPENDED
CUST000170,Jason,Douglas,melaniebell@example.net,BE,SAVINGS,2024-10-10 10:36:06,ACTIVE
CUST000171,Danny,Ramirez,lindsaybruce@example.net,IT,CHECKING,2026-05-21 04:47:19,ACTIVE
CUST000172,Anthony,Hickman,anthony44@example.com,GB,SAVINGS,2024-08-20 01:28:01,ACTIVE
CUST000173,Adam,Kane,vjones@example.net,IN,CHECKING,2021-11-28 17:13:20,ACTIVE
CUST000174,Christopher,Moreno,vbarnes@example.org,BE,BUSINESS,2024-10-18 04:25:18,CLOSED
CUST000175,Larry,Nguyen,wareeric@example.net,GB,BUSINESS,2022-01-27 01:49:24,CLOSED
CUST000176,Emily,Nelson,ctucker@example.com,BE,CHECKING,2023-12-22 04:03:34,ACTIVE
CUST000177,Jason,Hunt,russell49@example.com,PK,SAVINGS,2026-02-17 14:19:05,ACTIVE
CUST000178,Elizabeth,Williams,djoyce@example.org,AU,SAVINGS,2023-05-22 14:09:23,ACTIVE
CUST000179,Kevin,Clark,kathrynroberts@example.org,DE,BUSINESS,2021-09-18 11:38:48,SUSPENDED
CUST000180,Tyler,Jordan,omarpadilla@example.net,BE,BUSINESS,2026-05-27 08:42:42,ACTIVE
CUST000181,Martha,Drake,sandersjudy@example.com,GB,BUSINESS,2021-10-22 16:44:01,CLOSED
CUST000182,Steve,Miller,barbara96@example.net,DE,SAVINGS,2025-03-15 04:46:56,CLOSED
CUST000183,Keith,Sullivan,george97@example.net,IT,SAVINGS,2024-09-22 16:57:20,ACTIVE
CUST000184,Christopher,Richard,ryanmorales@example.org,SG,SAVINGS,2025-01-06 01:46:00,ACTIVE
CUST000185,Monica,Reese,masonjackson@example.net,CA,BUSINESS,2022-08-14 17:42:21,ACTIVE
CUST000186,Alyssa,Lee,michael23@example.org,BE,SAVINGS,2022-11-23 10:56:09,ACTIVE
CUST000187,Jonathan,Thompson,kathleenrios@example.org,JP,SAVINGS,2025-11-07 15:17:57,CLOSED
CUST000188,Steven,Elliott,kmaldonado@example.net,BE,BUSINESS,2024-05-25 15:24:58,ACTIVE
CUST000189,Michelle,Burton,scottharrison@example.net,SG,SAVINGS,2024-03-23 07:11:29,CLOSED
CUST000190,Laura,Vargas,william47@example.com,NL,BUSINESS,2021-12-20 07:27:47,SUSPENDED
CUST000191,Brian,Decker,newmantiffany@example.org,BE,SAVINGS,2025-12-17 20:58:49,ACTIVE
CUST000192,Patrick,Carpenter,colelisa@example.net,CA,CHECKING,2023-04-02 07:24:55,ACTIVE
CUST000193,Marc,Alvarez,susanhayes@example.com,GB,BUSINESS,2022-05-14 11:17:56,SUSPENDED
CUST000194,William,Thompson,jasmineritter@example.net,JP,BUSINESS,2026-02-04 14:10:54,ACTIVE
CUST000195,Chelsea,Cox,paul59@example.org,AU,BUSINESS,2024-06-30 04:31:38,ACTIVE
CUST000196,Cameron,Davis,umitchell@example.net,GB,BUSINESS,2022-12-05 15:54:40,ACTIVE
CUST000197,Mathew,Aguilar,sabrinacollins@example.net,NL,SAVINGS,2024-12-25 05:46:08,ACTIVE
CUST000198,David,Fletcher,collinsnicholas@example.com,GB,BUSINESS,2022-09-26 12:15:24,CLOSED
CUST000199,Elizabeth,Calderon,lucasrodney@example.com,JP,SAVINGS,2021-10-21 02:37:51,SUSPENDED
CUST000200,Michael,White,matthewmiranda@example.org,US,SAVINGS,2023-07-30 07:32:13,ACTIVE
CUST000201,Zoe,Moore,megan18@example.net,CA,SAVINGS,2026-02-16 08:18:27,ACTIVE
CUST000202,Benjamin,Rogers,carlamoore@example.org,JP,CHECKING,2023-01-21 18:45:29,ACTIVE
CUST000203,Jennifer,Williams,erica37@example.net,CA,BUSINESS,2024-01-27 17:01:46,CLOSED
CUST000204,Karen,Bowers,amandacollins@example.com,BE,CHECKING,2023-04-20 06:09:29,ACTIVE
CUST000205,Micheal,Valentine,smurray@example.com,JP,SAVINGS,2025-12-04 22:42:15,ACTIVE
CUST000206,Allison,Burch,laurietaylor@example.com,AE,CHECKING,2022-02-03 14:04:16,ACTIVE
CUST000207,Danielle,Sawyer,dawsonzachary@example.org,FR,CHECKING,2024-01-28 03:06:09,ACTIVE
CUST000208,Christopher,Martin,jwhitehead@example.com,US,BUSINESS,2022-06-06 09:55:21,ACTIVE
CUST000209,Stacey,Walker,bwilkerson@example.com,US,SAVINGS,2022-02-06 22:23:05,CLOSED
CUST000210,Randy,Brooks,xvang@example.org,IT,BUSINESS,2021-11-21 01:04:44,SUSPENDED
CUST000211,Lucas,Garcia,lacey20@example.com,US,SAVINGS,2025-09-01 08:03:22,ACTIVE
CUST000212,Heather,Taylor,awest@example.org,ES,BUSINESS,2021-10-23 12:17:45,ACTIVE
CUST000213,Jonathan,Conley,srodriguez@example.org,PK,CHECKING,2024-03-18 02:43:27,SUSPENDED
CUST000214,David,Allen,fbrown@example.net,IT,CHECKING,2026-03-17 22:19:51,CLOSED
CUST000215,Allen,Robertson,jennifercarter@example.org,US,CHECKING,2024-08-25 15:08:02,CLOSED
CUST000216,John,Butler,millsmichael@example.net,IT,CHECKING,2026-04-11 20:57:17,SUSPENDED
CUST000217,William,Mcneil,myerstheodore@example.net,ES,SAVINGS,2024-12-09 11:13:30,CLOSED
CUST000218,Tina,King,kellycarlos@example.org,CA,BUSINESS,2022-07-13 13:00:05,ACTIVE
CUST000219,Kelsey,Moss,dennis58@example.com,AE,SAVINGS,2023-02-20 10:51:16,CLOSED
CUST000220,Maria,Cohen,zwelch@example.org,IN,BUSINESS,2022-03-09 12:22:49,CLOSED
CUST000221,Jennifer,Acevedo,carterbradley@example.org,GB,BUSINESS,2022-01-02 15:59:48,SUSPENDED
CUST000222,Leslie,Collins,ihays@example.com,PK,CHECKING,2023-10-21 11:42:24,SUSPENDED
CUST000223,Benjamin,Lucas,michael05@example.com,US,SAVINGS,2022-09-16 04:47:32,ACTIVE
CUST000224,Lauren,Kim,ypaul@example.com,IN,BUSINESS,2023-03-28 21:21:52,ACTIVE
CUST000225,Tyler,Jimenez,laurie61@example.com,AE,BUSINESS,2023-03-09 03:04:26,SUSPENDED
CUST000226,Amy,Morris,murphykenneth@example.com,JP,CHECKING,2025-04-10 08:46:50,ACTIVE
CUST000227,Garrett,Wallace,wwilliams@example.net,US,CHECKING,2025-05-07 18:46:40,ACTIVE
CUST000228,Joshua,Whitney,jonesdana@example.com,IT,SAVINGS,2026-01-05 13:43:47,ACTIVE
CUST000229,Laurie,Shelton,thomascathy@example.com,BE,BUSINESS,2021-12-11 14:03:45,ACTIVE
CUST000230,David,Young,michael90@example.net,ES,CHECKING,2022-12-15 04:26:31,ACTIVE
CUST000231,Erika,Rush,scott19@example.org,GB,BUSINESS,2026-02-25 10:39:13,ACTIVE
CUST000232,Michael,Edwards,john10@example.net,SG,CHECKING,2023-03-26 12:00:40,ACTIVE
CUST000233,Victor,Hughes,greenjorge@example.com,GB,SAVINGS,2023-06-23 02:47:36,ACTIVE
CUST000234,Wendy,Mitchell,igonzalez@example.org,CA,SAVINGS,2025-06-29 22:00:33,SUSPENDED
CUST000235,Gerald,Reeves,cochrantammy@example.com,FR,CHECKING,2024-08-08 21:10:14,SUSPENDED
CUST000236,Jenna,Pierce,patricia22@example.com,GB,BUSINESS,2025-12-23 02:50:28,ACTIVE
CUST000237,Jeffrey,Galloway,joelsnyder@example.com,IN,BUSINESS,2026-05-12 18:05:45,SUSPENDED
CUST000238,Ashley,Mcdonald,cherylmiller@example.com,US,CHECKING,2025-01-13 12:13:22,ACTIVE
CUST000239,Yvonne,Higgins,khammond@example.org,NL,SAVINGS,2022-09-18 20:18:19,SUSPENDED
CUST000240,Teresa,Day,howens@example.com,CA,BUSINESS,2022-09-28 04:35:07,CLOSED
CUST000241,Natalie,Deleon,katrinaanderson@example.net,AE,BUSINESS,2022-02-13 15:08:41,ACTIVE
CUST000242,Marie,Holmes,fred53@example.com,US,CHECKING,2026-01-23 15:05:12,ACTIVE
CUST000243,Patty,Singleton,james84@example.org,GB,SAVINGS,2024-03-23 07:30:08,ACTIVE
CUST000244,Christina,Davis,brittanycarpenter@example.org,GB,SAVINGS,2024-07-09 10:00:15,SUSPENDED
CUST000245,Megan,Elliott,millerstacy@example.net,SG,CHECKING,2023-11-25 17:26:16,SUSPENDED
CUST000246,Debra,Wang,bmontgomery@example.com,PK,CHECKING,2026-04-16 12:28:08,CLOSED
CUST000247,Keith,Frye,zsanchez@example.net,CA,CHECKING,2025-02-07 03:43:00,SUSPENDED
CUST000248,Kenneth,Jones,moorerobert@example.com,AU,BUSINESS,2023-05-21 08:19:18,ACTIVE
CUST000249,Matthew,Thomas,jessica56@example.org,DE,BUSINESS,2024-10-19 16:44:34,SUSPENDED
CUST000250,Zachary,Rodriguez,stevenadams@example.org,ES,SAVINGS,2022-11-06 03:51:41,ACTIVE
CUST000251,Colin,Roberts,alin@example.org,FR,SAVINGS,2023-01-03 15:19:59,SUSPENDED
CUST000252,Lisa,Peck,james27@example.net,BE,CHECKING,2025-08-14 19:31:17,SUSPENDED
CUST000253,Victor,Parker,davisphillip@example.com,BE,SAVINGS,2023-09-12 09:17:31,SUSPENDED
CUST000254,Jason,Gomez,campbellcarla@example.net,NL,SAVINGS,2025-08-26 12:45:44,ACTIVE
CUST000255,Justin,Smith,jordannicole@example.net,IN,CHECKING,2024-10-04 21:37:15,SUSPENDED
CUST000256,Kathryn,Diaz,jwilliams@example.org,FR,BUSINESS,2024-09-24 18:59:42,CLOSED
CUST000257,Angela,Jones,rduran@example.net,FR,SAVINGS,2022-08-29 14:27:18,ACTIVE
CUST000258,David,Davis,laura58@example.com,JP,CHECKING,2022-11-16 16:37:02,ACTIVE
CUST000259,James,Hicks,williamsderrick@example.com,AE,CHECKING,2025-09-05 08:11:15,ACTIVE
CUST000260,April,Hernandez,markaustin@example.org,IT,CHECKING,2024-12-28 08:04:50,CLOSED
CUST000261,Vicki,Stevenson,brittney88@example.net,ES,CHECKING,2025-10-25 08:52:37,ACTIVE
CUST000262,Jeanne,Evans,richardsonemily@example.com,US,BUSINESS,2026-08-12 23:14:58,ACTIVE
CUST000263,Kyle,Roach,carlsonjoseph@example.net,AU,CHECKING,2026-07-27 17:26:09,SUSPENDED
CUST000264,Becky,Griffith,ojackson@example.net,SG,SAVINGS,2024-11-18 16:18:34,ACTIVE
CUST000265,Dylan,Becker,armstrongjackie@example.org,ES,BUSINESS,2021-10-23 07:20:09,CLOSED
CUST000266,Scott,Barnes,avaughn@example.net,SG,BUSINESS,2025-08-29 16:42:54,ACTIVE
CUST000267,Monique,Fitzgerald,thorntonapril@example.net,AE,CHECKING,2024-05-31 08:42:47,ACTIVE
CUST000268,Whitney,Mendoza,ledwards@example.com,DE,BUSINESS,2026-03-08 20:05:54,ACTIVE
CUST000269,Matthew,Gomez,chelsea33@example.com,PK,SAVINGS,2026-05-25 09:13:12,CLOSED
CUST000270,Kenneth,David,kellie37@example.com,JP,SAVINGS,2025-09-24 03:59:58,SUSPENDED
CUST000271,Michael,Peck,keith98@example.com,SG,CHECKING,2025-01-02 05:44:06,ACTIVE
CUST000272,Loretta,Blevins,kellyroberts@example.net,AU,BUSINESS,2022-04-28 00:07:30,ACTIVE
CUST000273,Michael,Ramos,julie33@example.net,DE,BUSINESS,2023-12-15 20:23:02,ACTIVE
CUST000274,Sarah,Horton,danielyang@example.org,IN,BUSINESS,2023-09-17 18:14:43,CLOSED
CUST000275,Brent,Stein,danawilliams@example.com,AE,CHECKING,2024-06-16 15:44:26,CLOSED
CUST000276,Jennifer,Garcia,adampierce@example.org,AE,CHECKING,2025-02-09 16:28:55,ACTIVE
CUST000277,Denise,Gilmore,mwoods@example.com,CA,SAVINGS,2024-05-19 07:15:47,ACTIVE
CUST000278,Justin,Brown,pearsonjesse@example.net,DE,BUSINESS,2021-12-19 08:25:19,ACTIVE
CUST000279,Robin,Thompson,sarahjohnson@example.com,FR,SAVINGS,2025-11-11 13:45:50,SUSPENDED
CUST000280,Jacob,Curry,nancy04@example.net,DE,SAVINGS,2022-07-24 20:10:57,ACTIVE
CUST000281,Sarah,Rogers,ihays@example.net,JP,SAVINGS,2025-11-07 00:02:33,ACTIVE
CUST000282,Pamela,Anderson,znelson@example.org,GB,CHECKING,2024-06-17 20:51:25,CLOSED
CUST000283,Francisco,Stevens,jennifer05@example.com,JP,SAVINGS,2026-06-24 12:05:59,CLOSED
CUST000284,Emily,Lee,gwilcox@example.com,AE,BUSINESS,2022-05-21 22:54:01,SUSPENDED
CUST000285,Richard,Davis,thomasboyle@example.org,US,SAVINGS,2023-11-13 16:49:22,CLOSED
CUST000286,Patrick,Griffin,stephanie49@example.net,NL,SAVINGS,2026-07-10 08:05:41,ACTIVE
CUST000287,Alexander,Valdez,bryanwilson@example.com,IN,CHECKING,2023-01-03 16:36:47,ACTIVE
CUST000288,Richard,Shaw,hannah45@example.net,PK,SAVINGS,2023-07-12 14:58:34,ACTIVE
CUST000289,Jeffrey,Anderson,spencerzhang@example.com,AE,SAVINGS,2025-03-09 10:57:35,CLOSED
CUST000290,Jacqueline,Durham,kathleenbecker@example.net,AU,BUSINESS,2022-05-06 19:57:21,SUSPENDED
CUST000291,Alicia,Rice,christian91@example.org,BE,CHECKING,2026-04-22 22:57:03,SUSPENDED
CUST000292,Rebecca,Harris,franklinbond@example.com,IN,SAVINGS,2022-08-21 14:44:50,ACTIVE
CUST000293,Erin,Love,gdavis@example.com,US,CHECKING,2022-02-14 07:46:11,ACTIVE
CUST000294,Shawn,Palmer,jelliott@example.com,AE,SAVINGS,2024-04-08 22:03:04,ACTIVE
CUST000295,Jennifer,Foster,reesebeth@example.org,NL,BUSINESS,2025-04-02 20:25:49,ACTIVE
CUST000296,Melvin,Brown,michaelcesar@example.com,CA,CHECKING,2021-12-02 01:35:13,CLOSED
CUST000297,Justin,White,katiegood@example.net,IT,CHECKING,2025-03-23 11:43:17,ACTIVE
CUST000298,Nicholas,Vance,ykane@example.com,SG,SAVINGS,2022-05-01 19:08:11,SUSPENDED
CUST000299,Felicia,Stanley,desireebailey@example.org,CA,CHECKING,2026-03-21 16:09:34,SUSPENDED
CUST000300,Phillip,Anderson,maryavila@example.com,JP,BUSINESS,2025-08-02 23:20:10,SUSPENDED
CUST000301,Emily,Stephens,pmorrow@example.com,US,CHECKING,2024-08-04 22:48:15,ACTIVE
CUST000302,Eric,Lopez,johnsondonna@example.net,NL,CHECKING,2021-10-13 01:53:54,SUSPENDED
CUST000303,John,Jones,griffinemily@example.org,SG,CHECKING,2023-09-24 19:57:51,ACTIVE
CUST000304,Joy,Morales,amberwebster@example.org,JP,BUSINESS,2022-11-03 20:31:45,ACTIVE
CUST000305,William,Roberts,barbara53@example.com,US,BUSINESS,2022-11-13 13:32:06,CLOSED
CUST000306,Valerie,Boyd,dturner@example.net,BE,SAVINGS,2023-02-20 14:08:25,CLOSED
CUST000307,Connie,Simmons,wwilliams@example.net,BE,SAVINGS,2024-11-21 16:12:45,SUSPENDED
CUST000308,Kristi,Flores,trussell@example.com,NL,SAVINGS,2023-03-19 18:16:25,ACTIVE
CUST000309,Karen,Wells,kevinzimmerman@example.com,IT,CHECKING,2022-02-20 12:00:55,ACTIVE
CUST000310,Anna,Faulkner,paulscott@example.com,BE,CHECKING,2022-04-28 03:10:55,CLOSED
CUST000311,Sandra,Boone,nicholsmaria@example.org,AE,BUSINESS,2023-12-07 13:12:36,ACTIVE
CUST000312,Nicholas,Jacobs,russojacob@example.net,IT,CHECKING,2026-05-27 18:10:31,SUSPENDED
CUST000313,Jay,Clark,kevin03@example.org,NL,BUSINESS,2022-08-24 22:59:34,CLOSED
CUST000314,Julie,Webster,heatherpadilla@example.com,AE,BUSINESS,2023-09-08 01:04:22,CLOSED
CUST000315,Andrea,Rowe,,NL,CHECKING,2024-04-09 16:53:44,ACTIVE
CUST000316,Jose,Hunt,zowens@example.net,NL,CHECKING,2025-08-23 03:00:23,ACTIVE
CUST000317,Kathleen,Flores,,ES,SAVINGS,2023-07-13 22:39:20,ACTIVE
CUST000318,Joyce,Smith,mphillips@example.com,SG,BUSINESS,2023-08-10 02:41:42,ACTIVE
CUST000319,Noah,Whitaker,rpierce@example.com,NL,CHECKING,2023-11-02 22:56:12,ACTIVE
CUST000320,Kathryn,Burns,umurray@example.com,CA,SAVINGS,2023-02-02 08:37:47,ACTIVE
CUST000321,Donald,Payne,sabrinaweaver@example.net,JP,SAVINGS,2022-02-23 22:38:33,ACTIVE
CUST000322,Alexandria,Combs,landryelizabeth@example.org,IN,CHECKING,2025-02-26 17:27:22,CLOSED
CUST000323,Derrick,Mccoy,mannalbert@example.net,NL,SAVINGS,2025-07-12 05:48:29,SUSPENDED
CUST000324,Nathaniel,Williamson,bhopkins@example.org,US,SAVINGS,2026-03-05 23:54:08,ACTIVE
CUST000325,Andrea,Smith,amanda40@example.net,FR,SAVINGS,2025-04-24 05:07:42,SUSPENDED
CUST000326,Linda,Browning,hullalice@example.org,DE,CHECKING,2023-04-13 18:45:17,SUSPENDED
CUST000327,Christine,King,joseph61@example.com,US,CHECKING,2025-02-06 22:51:40,CLOSED
CUST000328,Stephen,Sanchez,kevinclayton@example.org,JP,BUSINESS,2021-12-01 21:49:53,ACTIVE
CUST000329,Clayton,Gray,abrown@example.net,ES,CHECKING,2023-02-08 22:32:56,CLOSED
CUST000330,Christopher,Bruce,ariel18@example.org,NL,CHECKING,2023-08-09 07:53:43,ACTIVE
CUST000331,Jason,Parrish,enelson@example.net,DE,BUSINESS,2024-01-13 13:23:24,SUSPENDED
CUST000332,Rachel,Elliott,whitemelissa@example.org,AU,BUSINESS,2023-05-31 02:05:31,CLOSED
CUST000333,Brenda,Goodwin,thickman@example.org,IT,BUSINESS,2026-06-12 15:02:05,SUSPENDED
CUST000334,John,Davenport,irhodes@example.com,US,SAVINGS,2024-11-30 00:54:41,ACTIVE
CUST000335,Karla,Taylor,masonterri@example.org,IN,BUSINESS,2022-06-24 23:14:36,SUSPENDED
CUST000336,Samuel,Roberson,cassie99@example.com,NL,BUSINESS,2024-06-04 11:40:12,CLOSED
CUST000337,Anthony,Nelson,whenry@example.net,FR,BUSINESS,2024-11-03 21:07:44,ACTIVE
CUST000338,Ryan,Frazier,nmiller@example.com,AE,CHECKING,2023-09-30 03:53:27,ACTIVE
CUST000339,Jennifer,Miller,normanbowers@example.org,NL,BUSINESS,2024-12-17 23:35:01,ACTIVE
CUST000340,Levi,Rodriguez,hahnsean@example.com,ES,CHECKING,2022-07-09 02:11:25,ACTIVE
CUST000341,David,Lopez,ghawkins@example.com,CA,CHECKING,2022-07-12 09:20:32,ACTIVE
CUST000342,Anthony,Gomez,carlsonkristen@example.com,FR,SAVINGS,2021-10-02 19:26:47,SUSPENDED
CUST000343,Kelly,Hughes,hardyanita@example.org,SG,BUSINESS,2026-07-07 11:43:26,SUSPENDED
CUST000344,Adriana,Jennings,dominicturner@example.com,NL,CHECKING,2022-11-21 20:57:09,ACTIVE
CUST000345,Bryan,Hamilton,yevans@example.org,NL,BUSINESS,2024-09-20 10:41:19,ACTIVE
CUST000346,Johnathan,Wright,mwheeler@example.com,SG,SAVINGS,2022-07-23 19:42:05,ACTIVE
CUST000347,Derek,Smith,ncook@example.com,JP,CHECKING,2024-06-14 07:40:28,ACTIVE
CUST000348,Scott,Jordan,kevinmorrison@example.net,AE,BUSINESS,2023-05-11 11:50:08,CLOSED
CUST000349,Timothy,Thompson,snovak@example.net,JP,CHECKING,2025-10-28 23:25:18,SUSPENDED
CUST000350,Tammy,Casey,nicholas65@example.org,DE,BUSINESS,2026-06-12 07:00:17,ACTIVE
CUST000351,James,Osborn,erinpierce@example.net,JP,CHECKING,2025-07-29 16:18:39,ACTIVE
CUST000352,Sherry,Clark,marie16@example.net,IN,CHECKING,2025-11-23 18:00:34,ACTIVE
CUST000353,Donald,Turner,donna66@example.org,FR,CHECKING,2025-06-20 16:06:17,ACTIVE
CUST000354,Vicki,Mendoza,sferguson@example.com,AU,BUSINESS,2026-04-10 12:23:16,CLOSED
CUST000355,Benjamin,Schmitt,rodriguezjohn@example.net,PK,SAVINGS,2024-09-01 10:38:22,SUSPENDED
CUST000356,Gabriel,Salazar,vrasmussen@example.com,DE,SAVINGS,2022-07-20 15:03:43,ACTIVE
CUST000357,Alex,Green,seanmyers@example.net,SG,SAVINGS,2025-11-27 08:41:49,ACTIVE
CUST000358,Edward,Cuevas,agarcia@example.org,CA,BUSINESS,2022-08-21 02:01:12,SUSPENDED
CUST000359,Marie,Cross,larry73@example.net,US,CHECKING,2025-10-03 20:50:09,CLOSED
CUST000360,Michael,Davis,tflores@example.org,FR,SAVINGS,2022-08-18 00:38:34,ACTIVE
CUST000361,Andrew,Cooper,byrdfrank@example.net,AU,SAVINGS,2023-09-22 06:43:51,ACTIVE
CUST000362,Zachary,Arnold,anita73@example.com,DE,CHECKING,2023-03-21 12:59:04,CLOSED
CUST000363,Jacob,Sandoval,njohnson@example.org,AU,CHECKING,2025-06-22 06:00:21,ACTIVE
CUST000364,Brittany,Price,jamiegoodwin@example.org,AU,CHECKING,2026-07-24 05:26:37,ACTIVE
CUST000365,Cristian,Wiggins,michaelgonzalez@example.org,US,BUSINESS,2023-11-18 13:45:00,SUSPENDED
CUST000366,Emily,Burns,candice96@example.net,PK,SAVINGS,2022-08-15 09:01:27,ACTIVE
CUST000367,Michael,Bruce,lisamccarthy@example.com,AU,SAVINGS,2022-05-15 18:49:41,SUSPENDED
CUST000368,Emily,Edwards,kevinwhite@example.net,DE,SAVINGS,2022-11-07 15:43:13,ACTIVE
CUST000369,William,Barnes,baileyhenderson@example.com,GB,SAVINGS,2026-03-22 01:09:57,ACTIVE
CUST000370,Heather,Brewer,angelaburns@example.org,JP,CHECKING,2023-03-29 18:20:40,ACTIVE
CUST000371,Leonard,Hayes,glennstephanie@example.com,BE,SAVINGS,2022-10-23 16:01:46,SUSPENDED
CUST000372,James,Cruz,fortiz@example.com,NL,BUSINESS,2025-06-04 11:14:53,SUSPENDED
CUST000373,Tracy,Miller,flynnjeffrey@example.org,IN,BUSINESS,2023-12-27 09:46:56,ACTIVE
CUST000374,Jeffrey,Roberts,xcunningham@example.com,US,CHECKING,2026-04-29 09:49:06,ACTIVE
CUST000375,William,Armstrong,kimberly58@example.org,NL,SAVINGS,2025-05-27 17:56:27,ACTIVE
CUST000376,Amy,Fritz,fitzgeralddesiree@example.org,AE,SAVINGS,2024-03-07 10:03:00,CLOSED
CUST000377,Nancy,Johnson,michael17@example.org,IN,CHECKING,2023-08-31 15:14:31,CLOSED
CUST000378,Jason,Rojas,michelle96@example.org,US,SAVINGS,2022-11-01 01:22:28,ACTIVE
CUST000379,Kristen,Li,hudsonamanda@example.net,IT,BUSINESS,2026-03-26 08:45:29,ACTIVE
CUST000380,Gary,Werner,keith48@example.net,AU,SAVINGS,2022-06-17 07:45:58,SUSPENDED
CUST000381,Derek,Brady,,AE,CHECKING,2022-09-23 16:43:50,ACTIVE
CUST000382,Jacqueline,Anderson,jenniferpoole@example.net,NL,BUSINESS,2024-12-27 13:09:12,ACTIVE
CUST000383,Tracy,Ray,courtney67@example.org,PK,SAVINGS,2022-06-10 16:54:49,SUSPENDED
CUST000384,Richard,Brady,shawn75@example.net,PK,BUSINESS,2021-09-02 03:40:10,SUSPENDED
CUST000385,Misty,Boone,simonstephen@example.net,DE,CHECKING,2024-09-11 10:17:09,CLOSED
CUST000386,Melissa,Flynn,brobinson@example.org,AE,CHECKING,2025-11-09 11:53:00,ACTIVE
CUST000387,Joseph,Clayton,amy29@example.com,NL,BUSINESS,2024-07-28 10:20:49,ACTIVE
CUST000388,Patricia,Farmer,garciakristen@example.com,CA,SAVINGS,2021-10-15 01:17:20,ACTIVE
CUST000389,David,Mathews,bbryant@example.org,IT,CHECKING,2022-10-09 07:24:56,SUSPENDED
CUST000390,Nicole,Turner,clarence54@example.org,DE,BUSINESS,2024-10-23 17:56:39,ACTIVE
CUST000391,Elizabeth,Banks,sanderskevin@example.net,US,BUSINESS,2023-08-22 22:17:36,ACTIVE
CUST000392,Ruben,Davis,smiththomas@example.org,CA,BUSINESS,2023-07-29 05:16:35,ACTIVE
CUST000393,April,Wallace,dominguezlisa@example.com,GB,SAVINGS,2022-10-10 02:57:24,SUSPENDED
CUST000394,Tim,Perez,crosscurtis@example.com,IT,SAVINGS,2024-10-10 10:38:56,CLOSED
CUST000395,Nicole,Taylor,darlenebyrd@example.org,ES,SAVINGS,2026-02-28 16:49:39,ACTIVE
CUST000396,Anna,Bishop,scottbowen@example.net,PK,BUSINESS,2022-12-08 18:32:11,CLOSED
CUST000397,Samantha,Jensen,fheath@example.org,SG,CHECKING,2022-11-03 11:23:58,ACTIVE
CUST000398,Karen,Lawrence,bbell@example.com,NL,SAVINGS,2022-11-02 21:45:28,ACTIVE
CUST000399,John,Newman,angelagreene@example.net,PK,BUSINESS,2024-01-27 16:29:55,ACTIVE
CUST000400,Kimberly,Vaughn,jamie98@example.org,IN,CHECKING,2024-12-24 14:20:10,ACTIVE
CUST000401,Kenneth,Brown,troyrodriguez@example.com,SG,SAVINGS,2022-04-03 02:18:07,CLOSED
CUST000402,Allison,Levine,sarah26@example.net,AU,BUSINESS,2025-03-25 01:07:22,SUSPENDED
CUST000403,Michael,Vega,xbest@example.org,IN,CHECKING,2021-10-16 07:42:54,SUSPENDED
CUST000404,Brenda,Smith,billbrown@example.com,CA,SAVINGS,2025-12-16 10:53:16,ACTIVE
CUST000405,Justin,Marquez,zhenderson@example.org,BE,BUSINESS,2026-03-19 12:26:09,CLOSED
CUST000406,Amanda,Hernandez,collinswilliam@example.org,GB,SAVINGS,2022-12-21 05:01:19,ACTIVE
CUST000407,Amanda,Myers,collinssamuel@example.org,IN,CHECKING,2022-02-21 09:02:37,ACTIVE
CUST000408,John,Middleton,chavezchelsea@example.com,AU,SAVINGS,2023-02-22 04:22:16,ACTIVE
CUST000409,David,Zimmerman,martinstephanie@example.net,IN,SAVINGS,2026-01-18 10:11:36,ACTIVE
CUST000410,Krista,Le,nathanbrady@example.com,BE,BUSINESS,2022-08-27 06:12:37,SUSPENDED
CUST000411,Kelsey,Johnson,enelson@example.com,SG,SAVINGS,2026-07-22 01:31:42,SUSPENDED
CUST000412,Courtney,Crawford,brian92@example.com,JP,BUSINESS,2022-12-27 05:08:44,ACTIVE
CUST000413,Jonathan,Garcia,perezwilliam@example.org,US,CHECKING,2021-10-02 15:31:43,ACTIVE
CUST000414,John,Ruiz,lmora@example.org,CA,BUSINESS,2026-05-09 03:50:58,ACTIVE
CUST000415,Linda,Klein,pwalker@example.com,IN,CHECKING,2024-05-15 11:21:22,SUSPENDED
CUST000416,Joseph,Miller,david02@example.org,DE,BUSINESS,2026-01-13 22:10:10,SUSPENDED
CUST000417,Tina,Finley,wileymichelle@example.com,FR,BUSINESS,2024-06-07 08:35:21,ACTIVE
CUST000418,Christopher,Bryant,james94@example.net,GB,BUSINESS,2023-09-18 03:38:13,ACTIVE
CUST000419,Steven,Vargas,xcuevas@example.org,DE,SAVINGS,2026-04-19 13:40:27,ACTIVE
CUST000420,Kathleen,Sanchez,randolphandrew@example.net,BE,BUSINESS,2024-08-05 18:29:11,SUSPENDED
CUST000421,Cynthia,Steele,tapiaaaron@example.net,JP,CHECKING,2024-11-06 12:20:53,ACTIVE
CUST000422,Melinda,Acosta,harristonya@example.com,IN,BUSINESS,2025-11-01 03:35:43,CLOSED
CUST000423,Susan,Kaufman,jenniferdavis@example.org,GB,SAVINGS,2026-01-26 07:19:10,SUSPENDED
CUST000424,Robert,Huang,fvillegas@example.net,IN,BUSINESS,2022-06-18 10:00:04,ACTIVE
CUST000425,William,Walsh,kjones@example.org,AU,CHECKING,2025-05-07 21:56:14,ACTIVE
CUST000426,Elaine,Anderson,jose56@example.net,JP,BUSINESS,2024-06-04 02:20:37,ACTIVE
CUST000427,Louis,Nelson,hardingderek@example.net,IT,BUSINESS,2022-07-30 00:52:00,ACTIVE
CUST000428,Eric,Martin,hedwards@example.net,GB,CHECKING,2024-09-11 15:06:40,ACTIVE
CUST000429,Tami,Clark,steven11@example.org,US,CHECKING,2024-03-27 15:10:35,ACTIVE
CUST000430,Margaret,Terry,lewismelissa@example.org,PK,CHECKING,2022-06-04 20:35:25,ACTIVE
CUST000431,Jennifer,Schmitt,rpalmer@example.com,BE,CHECKING,2023-11-11 18:42:19,ACTIVE
CUST000432,Lori,Thompson,jbond@example.net,BE,SAVINGS,2026-04-30 15:15:00,SUSPENDED
CUST000433,John,Murray,davidbrown@example.org,ES,CHECKING,2022-10-05 14:05:53,CLOSED
CUST000434,James,Morales,aguilarjonathan@example.org,GB,BUSINESS,2021-11-01 04:48:08,ACTIVE
CUST000435,Wendy,Gonzalez,flamb@example.com,ES,CHECKING,2022-09-10 03:35:17,ACTIVE
CUST000436,Brad,Murray,sandrahamilton@example.net,AU,SAVINGS,2025-01-03 16:30:01,CLOSED
CUST000437,Tyler,Reyes,nthompson@example.org,JP,CHECKING,2023-12-27 19:23:25,SUSPENDED
CUST000438,Joshua,Stephenson,mendezchristina@example.net,PK,BUSINESS,2024-02-28 07:53:57,ACTIVE
CUST000439,Victor,Andrade,rbrown@example.com,IT,SAVINGS,2022-10-25 20:19:20,ACTIVE
CUST000440,Robert,Day,crystalpham@example.org,US,SAVINGS,2024-11-25 20:23:14,ACTIVE
CUST000441,Kimberly,Howard,kcooper@example.net,PK,SAVINGS,2024-05-20 15:49:37,ACTIVE
CUST000442,Paul,White,carla04@example.org,JP,BUSINESS,2025-08-29 22:36:01,ACTIVE
CUST000443,Alyssa,Wang,terrigarcia@example.net,DE,SAVINGS,2023-09-13 16:55:09,ACTIVE
CUST000444,Joseph,Velasquez,gallagherstacie@example.net,AU,SAVINGS,2024-12-14 06:08:45,SUSPENDED
CUST000445,Michael,Combs,gregorywatkins@example.net,SG,SAVINGS,2024-09-13 04:04:20,SUSPENDED
CUST000446,Robin,Johnson,stacey92@example.net,IN,SAVINGS,2023-04-02 06:58:57,ACTIVE
CUST000447,Mary,Cochran,lweaver@example.com,GB,SAVINGS,2021-12-21 10:02:43,ACTIVE
CUST000448,Christopher,Hall,andrewwoods@example.com,IT,SAVINGS,2023-05-13 09:32:10,CLOSED
CUST000449,Lindsay,Peterson,samantharichard@example.com,BE,BUSINESS,2022-02-26 12:04:40,ACTIVE
CUST000450,Andrew,Willis,kimmathis@example.com,SG,SAVINGS,2022-04-07 19:36:42,ACTIVE
CUST000451,Nathaniel,Mcmahon,vwillis@example.com,IN,BUSINESS,2024-05-23 18:18:07,SUSPENDED
CUST000452,Derek,Moore,fconner@example.net,NL,CHECKING,2024-05-07 05:37:40,CLOSED
CUST000453,Grant,Novak,jeffrey92@example.com,IN,BUSINESS,2024-04-04 17:39:40,ACTIVE
CUST000454,Jessica,Phillips,jessicarush@example.net,PK,BUSINESS,2024-12-24 03:10:54,SUSPENDED
CUST000455,Melissa,Townsend,whitelucas@example.net,IN,SAVINGS,2023-07-12 18:24:25,ACTIVE
CUST000456,Danielle,Garcia,vtaylor@example.org,AU,SAVINGS,2023-09-03 21:31:33,ACTIVE
CUST000457,Michael,Flores,underwoodelizabeth@example.net,JP,CHECKING,2024-07-03 14:33:29,CLOSED
CUST000458,Sean,Baker,heatherbell@example.org,NL,BUSINESS,2021-08-29 10:47:36,ACTIVE
CUST000459,Brandon,Kim,acosta@example.com,JP,CHECKING,2024-11-14 02:07:11,ACTIVE
CUST000460,Michael,Bennett,kkramer@example.net,NL,SAVINGS,2023-07-27 07:55:51,ACTIVE
CUST000461,Francisco,Jones,phillipslucas@example.org,AU,SAVINGS,2022-04-13 00:02:46,ACTIVE
CUST000462,Matthew,Barron,jessicapayne@example.org,DE,SAVINGS,2024-07-10 10:41:06,ACTIVE
CUST000463,Brooke,Austin,bbush@example.net,SG,SAVINGS,2023-01-20 02:20:44,ACTIVE
CUST000464,Catherine,Hamilton,garciajamie@example.org,IT,CHECKING,2025-02-17 01:22:55,CLOSED
CUST000465,Heidi,Bowen,donna43@example.org,PK,SAVINGS,2022-01-26 16:21:01,CLOSED
CUST000466,Philip,Dunn,xhernandez@example.org,CA,SAVINGS,2025-04-14 23:52:29,ACTIVE
CUST000467,Christopher,Colon,bgonzalez@example.org,NL,SAVINGS,2023-02-07 05:26:05,ACTIVE
CUST000468,Danielle,Rowland,tanthony@example.com,SG,SAVINGS,2025-08-27 15:25:36,ACTIVE
CUST000469,Tracy,Guerrero,maypaul@example.com,US,CHECKING,2024-11-22 13:52:40,ACTIVE
CUST000470,Mike,Griffin,scott43@example.com,AE,CHECKING,2026-06-13 12:32:18,SUSPENDED
CUST000471,Bryan,Goodwin,millermaurice@example.net,IN,BUSINESS,2025-03-03 16:20:42,ACTIVE
CUST000472,Tara,Lawrence,randallloretta@example.com,DE,SAVINGS,2026-03-16 06:06:42,ACTIVE
CUST000473,Gloria,Mayer,thomasmiller@example.net,NL,BUSINESS,2021-12-11 08:48:27,ACTIVE
CUST000474,Wayne,Lester,davidtodd@example.org,US,SAVINGS,2023-01-26 19:58:23,ACTIVE
CUST000475,Teresa,Stokes,bradmiller@example.net,AU,SAVINGS,2025-05-09 04:32:12,ACTIVE
CUST000476,James,Carson,maryscott@example.net,DE,BUSINESS,2022-03-21 16:02:12,ACTIVE
CUST000477,Christopher,Hawkins,melissa87@example.org,US,CHECKING,2026-08-25 00:06:42,CLOSED
CUST000478,Alexandra,Barnes,khernandez@example.net,PK,BUSINESS,2026-08-09 18:48:56,ACTIVE
CUST000479,Katherine,Ayers,hartcraig@example.com,PK,BUSINESS,2026-03-16 14:59:24,ACTIVE
CUST000480,Nicole,Humphrey,patrick79@example.net,JP,CHECKING,2025-09-03 04:10:33,SUSPENDED
CUST000481,Benjamin,Hill,christinebecker@example.com,PK,BUSINESS,2021-12-23 23:05:55,ACTIVE
CUST000482,Randy,Koch,brandonalvarez@example.com,JP,SAVINGS,2024-10-25 14:27:16,ACTIVE
CUST000483,Andrew,Roth,larry71@example.org,ES,CHECKING,2022-10-16 23:46:26,ACTIVE
CUST000484,Kevin,Manning,joseph69@example.net,NL,SAVINGS,2022-05-29 20:58:25,ACTIVE
CUST000485,Jacob,Lewis,wfigueroa@example.net,DE,CHECKING,2024-10-30 04:01:44,CLOSED
CUST000486,Lori,Robertson,cameronmckinney@example.com,ES,SAVINGS,2022-10-20 22:02:48,SUSPENDED
CUST000487,Kimberly,Warren,thompsonnancy@example.org,BE,BUSINESS,2022-02-20 12:16:56,CLOSED
CUST000488,John,Bryant,janet45@example.com,GB,BUSINESS,2025-12-11 20:12:57,ACTIVE
CUST000489,Randy,Leblanc,allentracy@example.com,PK,SAVINGS,2023-02-28 04:51:47,ACTIVE
CUST000490,Susan,Wells,max41@example.com,IN,SAVINGS,2021-11-18 18:07:12,CLOSED
CUST000491,Paul,Martin,mercedesholland@example.net,GB,SAVINGS,2023-05-29 18:14:34,ACTIVE
CUST000492,Joseph,Ortiz,hancocktammy@example.net,SG,SAVINGS,2021-09-22 02:44:42,ACTIVE
CUST000493,Thomas,Anderson,carolynsmith@example.com,US,SAVINGS,2024-03-31 11:59:20,ACTIVE
CUST000494,Jennifer,Fletcher,rodney65@example.com,IN,SAVINGS,2023-10-17 09:38:57,ACTIVE
CUST000495,Jeffery,Turner,asilva@example.net,JP,SAVINGS,2024-10-31 03:51:25,CLOSED
CUST000496,Anna,Wheeler,kenneth17@example.org,PK,BUSINESS,2024-07-05 06:23:23,ACTIVE
CUST000497,Vanessa,Davidson,jose43@example.org,FR,SAVINGS,2026-01-18 15:28:07,ACTIVE
CUST000498,Kathy,Yoder,rguerrero@example.org,IT,CHECKING,2021-11-12 13:20:44,SUSPENDED
CUST000499,Diana,Bright,rebecca66@example.net,DE,BUSINESS,2021-12-13 04:50:21,ACTIVE
CUST000500,Brandy,Cooley,matthewreeves@example.net,JP,BUSINESS,2026-03-13 12:32:44,CLOSED
CUST000501,Danielle,Alvarez,william28@example.org,FR,CHECKING,2024-02-24 05:23:25,ACTIVE
CUST000502,Connor,Anderson,jessica82@example.net,IT,CHECKING,2024-07-03 05:50:00,CLOSED
CUST000503,Destiny,Walker,julieparker@example.com,IT,CHECKING,2024-10-23 05:54:50,CLOSED
CUST000504,Jorge,Carter,ruizmichelle@example.net,IT,BUSINESS,2026-08-02 10:32:40,ACTIVE
CUST000505,Sheryl,Jones,vincentdillon@example.com,IN,CHECKING,2026-02-26 14:53:09,ACTIVE
CUST000506,Kenneth,Brown,derrickgonzalez@example.com,AE,CHECKING,2026-06-29 13:04:19,CLOSED
CUST000507,Patricia,Hatfield,lesliebaldwin@example.org,FR,SAVINGS,2025-10-18 07:55:34,ACTIVE
CUST000508,Marvin,Hatfield,cynthia07@example.com,ES,BUSINESS,2023-06-06 23:56:39,ACTIVE
CUST000509,Kathleen,Jackson,tracygallagher@example.org,AE,CHECKING,2022-10-01 12:28:15,ACTIVE
CUST000510,Christina,Schultz,epatterson@example.com,JP,CHECKING,2021-09-08 23:25:11,ACTIVE
CUST000511,Benjamin,Gonzalez,stephanie58@example.org,FR,SAVINGS,2021-10-20 03:11:11,ACTIVE
CUST000512,Erica,Sims,jeremywiley@example.com,AU,SAVINGS,2022-09-30 01:02:27,ACTIVE
CUST000513,Curtis,Gordon,gary04@example.com,ES,SAVINGS,2025-07-11 23:35:34,ACTIVE
CUST000514,Jessica,Carlson,ryan25@example.com,ES,BUSINESS,2024-09-14 14:57:02,SUSPENDED
CUST000515,Karen,Martin,osmith@example.net,CA,CHECKING,2022-10-07 02:40:31,ACTIVE
CUST000516,Jason,Johnson,daviddawson@example.org,US,SAVINGS,2024-11-03 03:38:19,ACTIVE
CUST000517,Nancy,Scott,wheelerbrandon@example.org,CA,BUSINESS,2021-10-25 19:18:59,ACTIVE
CUST000518,Brandon,Wilson,jjames@example.com,US,BUSINESS,2025-09-07 08:49:04,ACTIVE
CUST000519,Jacqueline,Harris,turnerdorothy@example.net,AU,CHECKING,2026-01-28 00:19:55,CLOSED
CUST000520,Joseph,Obrien,robertroach@example.net,NL,SAVINGS,2022-08-26 06:11:20,ACTIVE
CUST000521,Justin,Glover,mgonzalez@example.com,FR,SAVINGS,2026-02-05 19:51:50,SUSPENDED
CUST000522,Teresa,Howard,cphillips@example.net,GB,BUSINESS,2025-11-14 14:09:11,ACTIVE
CUST000523,Renee,Watts,arivera@example.org,US,BUSINESS,2022-05-28 23:47:45,SUSPENDED
CUST000524,Rebecca,Conley,fhernandez@example.net,DE,CHECKING,2022-04-15 15:15:48,ACTIVE
CUST000525,Jennifer,Garcia,dawn74@example.com,AU,CHECKING,2025-08-06 22:17:33,ACTIVE
CUST000526,Brendan,Li,phelpsmichael@example.net,ES,SAVINGS,2024-04-23 00:23:42,CLOSED
CUST000527,Ronald,Wilson,smithdevon@example.net,JP,BUSINESS,2023-02-06 05:34:49,CLOSED
CUST000528,Mark,Kline,natalie15@example.com,SG,SAVINGS,2023-03-16 14:59:45,SUSPENDED
CUST000529,Daniel,Ross,ynelson@example.net,AU,BUSINESS,2025-09-19 07:47:45,ACTIVE
CUST000530,Lauren,Banks,danielhorton@example.org,US,BUSINESS,2023-01-02 16:38:45,CLOSED
CUST000531,Dale,Pruitt,rpham@example.com,GB,CHECKING,2023-03-11 15:01:48,ACTIVE
CUST000532,Cheryl,Maxwell,huffmannichole@example.net,IN,BUSINESS,2022-10-05 09:37:50,CLOSED
CUST000533,Timothy,Freeman,ealexander@example.com,SG,CHECKING,2024-04-27 18:32:35,SUSPENDED
CUST000534,Alexander,Oneill,tiffanysantiago@example.com,US,CHECKING,2026-01-24 06:08:27,SUSPENDED
CUST000535,Alexandra,Haynes,reynoldsjessica@example.com,BE,SAVINGS,2024-08-03 16:12:49,SUSPENDED
CUST000536,Elizabeth,Davidson,marygrant@example.net,GB,BUSINESS,2022-02-11 00:00:28,ACTIVE
CUST000537,Alexander,Michael,kchristian@example.org,BE,SAVINGS,2025-10-30 23:11:33,ACTIVE
CUST000538,Malik,Rivera,brent38@example.net,JP,SAVINGS,2024-11-13 20:31:43,ACTIVE
CUST000539,Richard,Young,kwallace@example.com,ES,BUSINESS,2022-05-25 22:29:58,SUSPENDED
CUST000540,Melissa,West,hooperjulie@example.org,DE,CHECKING,2022-07-10 08:54:15,ACTIVE
CUST000541,Richard,Johnson,petersenlatoya@example.net,DE,SAVINGS,2024-03-28 19:43:59,ACTIVE
CUST000542,Pamela,Hart,xclements@example.org,SG,BUSINESS,2023-07-19 01:14:32,ACTIVE
CUST000543,Megan,Rivera,xmoran@example.net,AE,CHECKING,2025-07-01 10:31:44,CLOSED
CUST000544,Daniel,Malone,aaronkelly@example.net,FR,BUSINESS,2024-02-18 15:08:09,CLOSED
CUST000545,Amy,Brooks,williamsfrank@example.org,CA,SAVINGS,2025-02-16 20:13:44,ACTIVE
CUST000546,Daniel,Carr,davidphelps@example.org,GB,SAVINGS,2025-07-15 11:05:00,SUSPENDED
CUST000547,Makayla,Lee,daniel60@example.net,IN,BUSINESS,2022-09-12 07:09:07,ACTIVE
CUST000548,Kelsey,Hayes,tamarasmith@example.net,NL,BUSINESS,2022-01-23 09:01:29,ACTIVE
CUST000549,Angela,Reynolds,xglass@example.org,BE,CHECKING,2026-07-27 23:24:19,CLOSED
CUST000550,Glenn,Ochoa,hughescaroline@example.com,CA,CHECKING,2025-12-08 16:26:17,ACTIVE
CUST000551,Nicole,Barnes,joshuastuart@example.com,JP,SAVINGS,2025-07-02 09:53:10,ACTIVE
CUST000552,Linda,Taylor,megan85@example.net,IN,CHECKING,2026-05-11 09:17:47,ACTIVE
CUST000553,Cynthia,Harris,glenda22@example.net,IN,BUSINESS,2026-04-06 22:21:34,ACTIVE
CUST000554,Heather,Morris,hodgesanna@example.net,DE,SAVINGS,2026-07-03 09:07:51,CLOSED
CUST000555,Sherri,Mckinney,natalie60@example.net,IT,SAVINGS,2022-07-22 06:16:37,CLOSED
CUST000556,Anthony,Thomas,gonzalezkaren@example.org,AE,BUSINESS,2024-02-01 22:52:03,CLOSED
CUST000557,Frances,Thomas,vaughnkenneth@example.net,JP,BUSINESS,2021-12-03 20:12:06,CLOSED
CUST000558,Michael,Chavez,juliahoffman@example.org,FR,BUSINESS,2025-12-29 20:23:28,ACTIVE
CUST000559,Kristen,Lindsey,heather06@example.com,FR,CHECKING,2025-03-11 16:41:35,ACTIVE
CUST000560,Sue,Daugherty,tammy00@example.net,SG,SAVINGS,2023-10-15 08:36:59,ACTIVE
CUST000561,James,Melton,ogreer@example.net,BE,CHECKING,2024-10-11 00:01:42,ACTIVE
CUST000562,Kari,Payne,kimberlybrandt@example.com,IN,CHECKING,2025-06-19 21:19:46,CLOSED
CUST000563,Gregory,Fleming,sydneymoss@example.org,JP,SAVINGS,2024-11-09 09:12:07,ACTIVE
CUST000564,Billy,Ramirez,david94@example.org,ES,BUSINESS,2024-06-17 11:48:40,ACTIVE
CUST000565,Steven,Pineda,hernandezmarcus@example.org,DE,BUSINESS,2024-03-18 02:59:39,CLOSED
CUST000566,Tracy,Armstrong,charles58@example.org,IT,SAVINGS,2023-03-19 17:32:13,SUSPENDED
CUST000567,Abigail,Hartman,robertherrera@example.org,US,SAVINGS,2024-08-15 00:38:08,ACTIVE
CUST000568,Jeffrey,Lewis,mark43@example.net,BE,SAVINGS,2026-02-28 16:07:41,ACTIVE
CUST000569,Thomas,Hoffman,wilsonmichael@example.org,AE,BUSINESS,2023-09-22 00:20:03,CLOSED
CUST000570,Susan,Fleming,patrick16@example.com,DE,CHECKING,2026-03-30 22:16:37,ACTIVE
CUST000571,Jennifer,Johnson,willie87@example.com,ES,BUSINESS,2022-01-08 17:04:48,ACTIVE
CUST000572,Kenneth,Pearson,willie12@example.net,JP,CHECKING,2026-03-09 01:58:16,ACTIVE
CUST000573,Adrian,Jones,michellecoleman@example.org,US,BUSINESS,2023-05-26 04:23:13,SUSPENDED
CUST000574,Amanda,Park,elucas@example.net,US,BUSINESS,2022-12-16 04:02:09,SUSPENDED
CUST000575,Andrew,Love,millerbrian@example.com,GB,SAVINGS,2026-05-25 09:02:16,ACTIVE
CUST000576,Chad,Underwood,rickey76@example.com,AE,BUSINESS,2024-05-04 12:04:26,ACTIVE
CUST000577,Andre,Nunez,maychristine@example.net,BE,SAVINGS,2026-08-18 21:21:42,ACTIVE
CUST000578,Brandon,Charles,sarah14@example.net,NL,BUSINESS,2024-03-18 17:36:02,CLOSED
CUST000579,Catherine,Campbell,qjames@example.org,US,BUSINESS,2025-09-06 02:20:47,ACTIVE
CUST000580,Eric,Robinson,irobles@example.com,FR,CHECKING,2022-11-16 02:18:50,SUSPENDED
CUST000581,Kenneth,Eaton,susan08@example.net,AU,CHECKING,2022-11-07 16:51:47,ACTIVE
CUST000582,David,Smith,fmedina@example.com,IT,SAVINGS,2023-06-09 01:56:31,ACTIVE
CUST000583,Kaitlin,Berger,jason82@example.org,AE,CHECKING,2023-03-20 02:45:18,ACTIVE
CUST000584,Jeffrey,Davenport,dannylambert@example.net,NL,SAVINGS,2022-02-10 10:44:56,ACTIVE
CUST000585,Melissa,Randolph,enewman@example.com,FR,SAVINGS,2022-03-22 18:11:40,SUSPENDED
CUST000586,John,Gonzalez,wlynn@example.org,ES,CHECKING,2023-08-24 03:18:00,SUSPENDED
CUST000587,Craig,Harvey,louishayes@example.net,CA,BUSINESS,2024-04-01 04:04:47,ACTIVE
CUST000588,Heather,Hernandez,lindsey62@example.org,CA,BUSINESS,2024-04-24 14:15:01,ACTIVE
CUST000589,John,Walker,xhill@example.org,DE,SAVINGS,2024-06-20 14:23:19,ACTIVE
CUST000590,Natalie,Ford,kim78@example.org,GB,CHECKING,2023-02-22 13:38:11,SUSPENDED
CUST000591,Debbie,Miller,michele28@example.org,PK,CHECKING,2023-11-21 07:27:41,ACTIVE
CUST000592,Jessica,Sims,mcclainmelissa@example.net,AU,SAVINGS,2021-11-30 09:16:24,CLOSED
CUST000593,Lisa,Riley,rebeccaarnold@example.net,GB,BUSINESS,2026-03-29 04:30:21,SUSPENDED
CUST000594,Thomas,Rowe,philip94@example.org,NL,CHECKING,2025-08-08 05:53:31,SUSPENDED
CUST000595,Walter,Davis,wayne39@example.net,FR,SAVINGS,2023-01-22 17:27:16,ACTIVE
CUST000596,Katherine,Taylor,haroldfry@example.net,AE,BUSINESS,2022-11-22 16:39:17,SUSPENDED
CUST000597,Jill,Webb,billy73@example.org,IN,BUSINESS,2023-11-24 19:09:31,ACTIVE
CUST000598,Mike,Williams,aprilmoody@example.com,DE,SAVINGS,2025-08-23 16:42:42,ACTIVE
CUST000599,Samantha,Keith,hoopermario@example.net,IT,SAVINGS,2026-01-31 07:38:40,CLOSED
CUST000600,Cynthia,Hill,beth92@example.com,GB,BUSINESS,2024-11-13 11:38:59,ACTIVE
CUST000601,Michael,Valdez,blacknicholas@example.org,GB,SAVINGS,2026-01-15 18:44:03,ACTIVE
CUST000602,Richard,Roth,tommy79@example.org,IT,SAVINGS,2025-12-01 14:56:26,ACTIVE
CUST000603,Nicole,Gonzales,chrisschneider@example.org,DE,BUSINESS,2022-12-05 06:00:00,ACTIVE
CUST000604,Jacob,Cox,guerrerorobert@example.com,CA,BUSINESS,2022-08-12 14:24:33,ACTIVE
CUST000605,Timothy,Mendoza,brittanyholland@example.com,PK,SAVINGS,2021-11-03 04:57:41,ACTIVE
CUST000606,John,Anderson,dennishunt@example.net,SG,BUSINESS,2022-11-24 18:19:08,ACTIVE
CUST000607,Brian,Scott,zacharysullivan@example.net,IT,CHECKING,2021-10-22 07:40:25,ACTIVE
CUST000608,Natalie,Luna,stacey37@example.net,NL,CHECKING,2025-08-29 02:23:53,ACTIVE
CUST000609,Michelle,Jackson,yburke@example.net,AU,CHECKING,2023-03-13 13:31:42,ACTIVE
CUST000610,Cindy,Dixon,jennifercooper@example.com,ES,BUSINESS,2022-03-27 08:33:43,SUSPENDED
CUST000611,Jerry,Cruz,smithalexandra@example.net,US,BUSINESS,2025-03-21 17:26:53,CLOSED
CUST000612,Margaret,Jacobs,thomasmendez@example.org,US,BUSINESS,2026-03-03 13:33:08,CLOSED
CUST000613,Wesley,Wilson,mhopkins@example.net,JP,BUSINESS,2021-08-29 04:45:25,CLOSED
CUST000614,Penny,Hampton,xboyd@example.org,BE,BUSINESS,2026-02-26 13:14:46,ACTIVE
CUST000615,Roy,Mays,yclarke@example.com,ES,SAVINGS,2026-07-20 09:56:43,ACTIVE
CUST000616,Connor,Anderson,fcannon@example.com,US,SAVINGS,2026-04-10 18:47:13,ACTIVE
CUST000617,Ricky,Lopez,lanedavid@example.org,AE,SAVINGS,2024-11-02 15:31:04,CLOSED
CUST000618,Diamond,Watts,robert12@example.com,FR,SAVINGS,2026-08-18 03:37:41,CLOSED
CUST000619,Jon,Wyatt,ncunningham@example.com,DE,SAVINGS,2025-01-11 07:35:32,SUSPENDED
CUST000620,Kari,Gutierrez,jwhite@example.net,US,CHECKING,2025-10-06 11:02:07,ACTIVE
CUST000621,Jon,Parker,kim62@example.net,BE,SAVINGS,2022-08-30 10:56:29,ACTIVE
CUST000622,Julie,Griffin,craigromero@example.com,JP,CHECKING,2026-05-02 01:12:04,CLOSED
CUST000623,Christina,Cohen,martintamara@example.org,AU,BUSINESS,2022-06-04 11:19:13,SUSPENDED
CUST000624,Madeline,Ruiz,qdavis@example.org,US,BUSINESS,2024-10-20 14:44:05,CLOSED
CUST000625,Christopher,Johnson,zarias@example.net,AE,BUSINESS,2026-01-30 04:15:08,ACTIVE
CUST000626,Justin,Stuart,bautistalori@example.net,US,BUSINESS,2025-11-08 10:02:29,ACTIVE
CUST000627,Scott,Harris,james98@example.net,BE,BUSINESS,2023-08-15 05:54:11,SUSPENDED
CUST000628,Christina,Craig,john02@example.org,CA,CHECKING,2023-12-30 18:36:27,ACTIVE
CUST000629,Kimberly,Gomez,msullivan@example.net,US,CHECKING,2021-10-12 05:04:27,ACTIVE
CUST000630,Jillian,Jones,dunnjessica@example.net,SG,CHECKING,2026-08-10 13:51:17,CLOSED
CUST000631,Michael,Richmond,jeremy37@example.com,JP,CHECKING,2026-07-16 15:24:56,ACTIVE
CUST000632,Adam,Thompson,hansenwesley@example.com,IT,BUSINESS,2022-08-24 00:05:11,SUSPENDED
CUST000633,Leah,Frye,heather69@example.com,US,BUSINESS,2023-09-20 07:01:55,CLOSED
CUST000634,Katherine,Ali,lmaldonado@example.org,AU,CHECKING,2025-09-30 21:33:49,ACTIVE
CUST000635,Darren,Jones,ericahall@example.com,BE,SAVINGS,2025-02-26 19:58:20,SUSPENDED
CUST000636,Stephanie,Black,haynesjose@example.com,GB,SAVINGS,2022-06-10 10:32:57,CLOSED
CUST000637,Raymond,Goodman,charles27@example.com,FR,BUSINESS,2024-08-27 20:57:42,ACTIVE
CUST000638,Jeffery,Berry,staceyvega@example.org,DE,SAVINGS,2025-11-22 19:21:03,ACTIVE
CUST000639,Jillian,Young,moniqueclark@example.org,CA,BUSINESS,2023-10-10 05:54:15,SUSPENDED
CUST000640,Mary,Kelly,wilsonchristian@example.net,NL,SAVINGS,2025-11-03 03:01:04,CLOSED
CUST000641,Christina,Duran,charlesnathan@example.com,IN,CHECKING,2025-11-02 02:49:20,ACTIVE
CUST000642,Rachael,Ibarra,travis84@example.com,DE,BUSINESS,2023-07-16 11:42:04,ACTIVE
CUST000643,Karen,Anderson,imendoza@example.org,PK,SAVINGS,2025-12-03 14:31:50,ACTIVE
CUST000644,Michael,Dalton,stephenmartinez@example.net,JP,BUSINESS,2025-07-24 20:36:47,SUSPENDED
CUST000645,Leslie,Smith,nicolasgarcia@example.com,ES,BUSINESS,2023-11-10 07:57:23,ACTIVE
CUST000646,Jacob,Baker,thomas95@example.com,NL,BUSINESS,2023-03-19 20:51:39,SUSPENDED
CUST000647,Victor,Clark,michael64@example.com,JP,SAVINGS,2023-03-07 08:46:34,ACTIVE
CUST000648,Ashley,Krause,lisale@example.org,JP,BUSINESS,2026-05-16 20:25:07,CLOSED
CUST000649,Ryan,James,laurenrodgers@example.com,DE,BUSINESS,2021-09-24 17:42:05,SUSPENDED
CUST000650,Gregory,Porter,kristen44@example.net,CA,SAVINGS,2026-06-24 16:04:26,ACTIVE
CUST000651,Brandon,Garcia,briancervantes@example.com,BE,SAVINGS,2022-06-20 16:03:09,ACTIVE
CUST000652,Shannon,Cook,michael84@example.com,IT,SAVINGS,2021-10-26 02:17:34,SUSPENDED
CUST000653,Robert,Bell,barbarasantos@example.net,IT,CHECKING,2023-02-18 17:49:18,ACTIVE
CUST000654,Tiffany,Mitchell,emily77@example.org,ES,CHECKING,2024-11-21 09:58:35,ACTIVE
CUST000655,Christina,Ford,mirandadavidson@example.com,IN,CHECKING,2025-03-28 00:10:48,CLOSED
CUST000656,Crystal,Duncan,millermatthew@example.com,AE,BUSINESS,2024-05-05 23:25:03,CLOSED
CUST000657,Denise,Page,cnelson@example.com,FR,BUSINESS,2026-08-22 23:10:24,ACTIVE
CUST000658,Abigail,Cole,ivanjohnson@example.net,PK,BUSINESS,2023-08-24 10:20:05,ACTIVE
CUST000659,Ebony,Shepard,clarkrandy@example.org,AU,SAVINGS,2022-03-11 15:58:09,ACTIVE
CUST000660,Sharon,Kennedy,johnsonrandy@example.org,ES,CHECKING,2022-07-14 08:43:36,CLOSED
CUST000661,Jose,Moore,pparker@example.net,AE,CHECKING,2024-01-25 08:54:28,SUSPENDED
CUST000662,Scott,Martinez,anthonyalvarado@example.com,FR,SAVINGS,2025-09-12 19:56:02,ACTIVE
CUST000663,Tanner,Pitts,amy28@example.org,JP,BUSINESS,2025-07-13 21:36:29,ACTIVE
CUST000664,Crystal,Fields,omills@example.net,US,BUSINESS,2024-04-13 13:17:07,ACTIVE
CUST000665,Regina,Olson,lindaramos@example.com,AE,BUSINESS,2025-02-26 03:24:25,SUSPENDED
CUST000666,Jordan,Torres,millskatherine@example.org,IT,BUSINESS,2024-07-28 21:10:53,ACTIVE
CUST000667,Justin,Nichols,earroyo@example.com,NL,SAVINGS,2021-09-22 20:14:20,ACTIVE
CUST000668,Katie,Yates,laurakelley@example.org,BE,BUSINESS,2025-02-24 16:30:52,CLOSED
CUST000669,Nicole,Kim,frankmclaughlin@example.com,US,SAVINGS,2024-11-12 23:41:06,ACTIVE
CUST000670,Jeffrey,Miller,zacharymarsh@example.net,AE,SAVINGS,2023-12-18 02:59:44,CLOSED
CUST000671,Justin,Paul,robert12@example.org,CA,SAVINGS,2024-02-11 05:03:14,ACTIVE
CUST000672,Daniel,Gibson,nnelson@example.com,IN,CHECKING,2023-03-31 21:51:33,CLOSED
CUST000673,Malik,Hernandez,lopezcurtis@example.com,ES,SAVINGS,2022-09-17 22:51:43,ACTIVE
CUST000674,Jennifer,Acosta,christophersmith@example.org,JP,SAVINGS,2024-07-22 18:08:01,ACTIVE
CUST000675,Robert,Floyd,dbolton@example.net,CA,CHECKING,2021-12-02 01:45:16,CLOSED
CUST000676,Mark,Bridges,brianrowe@example.org,IN,CHECKING,2026-04-09 02:35:27,ACTIVE
CUST000677,Theodore,Lee,lisa01@example.net,DE,CHECKING,2023-10-07 23:14:33,ACTIVE
CUST000678,Paul,Proctor,joanjohnson@example.com,US,BUSINESS,2022-06-13 09:27:05,ACTIVE
CUST000679,Adriana,Hendrix,tprice@example.com,IN,SAVINGS,2022-12-31 06:11:21,ACTIVE
CUST000680,Crystal,Williams,kingdanielle@example.org,PK,CHECKING,2024-09-18 06:37:21,SUSPENDED
CUST000681,Paige,Boyer,teresayoung@example.com,PK,SAVINGS,2024-05-29 16:44:34,ACTIVE
CUST000682,Alexis,Bauer,fosterjohn@example.org,GB,CHECKING,2026-08-04 19:30:23,SUSPENDED
CUST000683,Kristen,Alvarez,nathandavis@example.org,CA,SAVINGS,2025-11-25 15:56:29,ACTIVE
CUST000684,Christopher,Montgomery,browndeanna@example.net,GB,CHECKING,2026-03-18 20:39:57,ACTIVE
CUST000685,Lacey,Martinez,levigrant@example.net,IT,CHECKING,2024-08-08 13:09:02,ACTIVE
CUST000686,Linda,Gonzales,andrewgray@example.net,PK,CHECKING,2022-10-18 01:37:20,ACTIVE
CUST000687,John,Williams,ihansen@example.net,AE,CHECKING,2025-10-26 03:10:17,ACTIVE
CUST000688,James,Lopez,mario74@example.net,FR,SAVINGS,2026-05-14 07:17:40,SUSPENDED
CUST000689,Ethan,Schmidt,qphillips@example.net,SG,CHECKING,2024-10-09 01:10:14,SUSPENDED
CUST000690,Shawn,Parsons,bgross@example.net,US,BUSINESS,2024-09-29 14:40:39,ACTIVE
CUST000691,Kimberly,Allen,barrettamber@example.com,PK,CHECKING,2023-04-07 08:57:21,ACTIVE
CUST000692,Alexandria,Jimenez,chloemorris@example.net,NL,CHECKING,2024-05-21 23:07:02,ACTIVE
CUST000693,Daniel,Mills,williamssharon@example.org,CA,BUSINESS,2021-11-30 15:12:12,CLOSED
CUST000694,James,Washington,johnsondarlene@example.com,CA,SAVINGS,2025-10-25 13:34:24,ACTIVE
CUST000695,Alicia,Miles,brandon39@example.net,AE,SAVINGS,2022-04-02 16:00:33,ACTIVE
CUST000696,Alexander,Mccall,fhebert@example.com,NL,CHECKING,2022-03-02 01:23:50,ACTIVE
CUST000697,Michael,Paul,yshort@example.net,IT,SAVINGS,2022-02-22 14:25:41,CLOSED
CUST000698,Madison,Baker,navarromary@example.org,US,CHECKING,2023-06-27 05:56:19,ACTIVE
CUST000699,Susan,Davis,amandalopez@example.net,IN,SAVINGS,2023-10-07 08:22:44,CLOSED
CUST000700,Ashley,Meza,xreese@example.net,CA,CHECKING,2026-07-21 18:57:57,CLOSED
CUST000701,Michael,Ellis,kandrade@example.org,AU,CHECKING,2026-04-30 03:39:38,ACTIVE
CUST000702,Richard,Morgan,amandagreene@example.com,NL,SAVINGS,2024-04-30 14:55:22,ACTIVE
CUST000703,Andrea,Shea,robert65@example.net,AU,SAVINGS,2023-09-12 08:50:17,ACTIVE
CUST000704,Anna,Lewis,michael77@example.com,AU,SAVINGS,2021-08-26 01:51:01,ACTIVE
CUST000705,Jessica,Bird,holmesvictoria@example.com,JP,BUSINESS,2021-09-14 21:04:15,ACTIVE
CUST000706,Kevin,Walker,andrew48@example.net,CA,SAVINGS,2026-05-19 21:43:08,ACTIVE
CUST000707,Ashley,Duncan,johnsonmichael@example.org,CA,BUSINESS,2023-11-26 18:12:50,CLOSED
CUST000708,Michael,Perkins,jonathanevans@example.net,AE,BUSINESS,2025-01-18 14:22:52,CLOSED
CUST000709,Ashley,Robinson,cummingslaura@example.org,FR,SAVINGS,2025-10-20 11:47:25,SUSPENDED
CUST000710,Margaret,Norris,larsonkevin@example.net,FR,BUSINESS,2026-07-20 22:05:25,SUSPENDED
CUST000711,Patrick,Deleon,michael66@example.org,BE,SAVINGS,2023-07-30 20:33:29,ACTIVE
CUST000712,Julie,Atkinson,walterscrystal@example.org,BE,CHECKING,2024-03-29 09:33:37,ACTIVE
CUST000713,Alice,Flores,markwolfe@example.org,IT,BUSINESS,2022-01-29 10:17:36,ACTIVE
CUST000714,Emily,Osborn,kmullins@example.net,AE,BUSINESS,2022-06-01 08:20:07,ACTIVE
CUST000715,Jeffrey,Roberts,vhernandez@example.org,ES,CHECKING,2025-09-11 21:33:28,ACTIVE
CUST000716,Ashley,Williams,zbaker@example.net,CA,SAVINGS,2025-05-06 09:16:07,ACTIVE
CUST000717,Kim,Anderson,timothygonzalez@example.com,IN,BUSINESS,2026-07-05 12:46:01,SUSPENDED
CUST000718,James,Gilbert,johnadams@example.com,SG,SAVINGS,2024-05-26 06:34:58,ACTIVE
CUST000719,Gail,Johnston,powersrodney@example.com,AE,CHECKING,2023-04-09 07:12:28,ACTIVE
CUST000720,Malik,Wheeler,carrillogary@example.com,SG,SAVINGS,2025-05-30 08:50:18,ACTIVE
CUST000721,Cindy,Alexander,jamesbrooks@example.net,NL,CHECKING,2022-05-19 02:03:06,ACTIVE
CUST000722,Daniel,Brown,mistywilkins@example.org,AE,CHECKING,2024-07-26 23:25:55,ACTIVE
CUST000723,Heather,Rodriguez,vruiz@example.org,BE,SAVINGS,2026-03-23 23:51:28,CLOSED
CUST000724,Jason,Payne,ana92@example.net,GB,BUSINESS,2021-10-21 14:24:37,SUSPENDED
CUST000725,Nicholas,Escobar,scottbrian@example.org,NL,CHECKING,2023-12-16 07:28:28,ACTIVE
CUST000726,Brian,Pena,jonesdonna@example.net,NL,SAVINGS,2024-09-17 15:08:57,ACTIVE
CUST000727,Michelle,Smith,yhall@example.net,IN,BUSINESS,2022-06-30 22:15:15,ACTIVE
CUST000728,Rebecca,Washington,lopezvincent@example.com,NL,CHECKING,2026-06-02 11:09:23,ACTIVE
CUST000729,Sara,Smith,sandratorres@example.com,GB,SAVINGS,2024-12-29 17:16:46,SUSPENDED
CUST000730,Julie,Smith,michael43@example.net,PK,SAVINGS,2023-12-30 14:14:18,ACTIVE
CUST000731,Lisa,Garrett,bzamora@example.net,ES,SAVINGS,2024-01-13 00:01:50,SUSPENDED
CUST000732,Jeremiah,Peterson,fsandoval@example.net,BE,BUSINESS,2024-11-24 22:41:30,ACTIVE
CUST000733,Abigail,Gregory,robertberry@example.com,AE,CHECKING,2024-04-22 00:12:37,SUSPENDED
CUST000734,Renee,Murphy,jamietaylor@example.net,DE,SAVINGS,2023-05-16 00:36:26,CLOSED
CUST000735,Michelle,Parker,russellstout@example.org,IN,CHECKING,2026-06-15 09:06:20,CLOSED
CUST000736,Sally,Stewart,whitemary@example.org,NL,SAVINGS,2021-11-25 01:42:03,ACTIVE
CUST000737,Kathy,Beard,tali@example.com,DE,SAVINGS,2023-12-24 02:59:06,ACTIVE
CUST000738,Edwin,Lopez,jackfarmer@example.net,NL,SAVINGS,2023-12-02 13:58:54,CLOSED
CUST000739,Catherine,Salazar,jerryjohnson@example.org,SG,SAVINGS,2025-09-14 05:18:02,ACTIVE
CUST000740,Dennis,Mathis,xjoseph@example.org,SG,SAVINGS,2024-12-11 06:23:46,ACTIVE
CUST000741,Travis,Taylor,jeremyortiz@example.org,US,CHECKING,2023-12-11 21:23:11,ACTIVE
CUST000742,Stephanie,Walker,katherinejones@example.com,AU,SAVINGS,2025-10-25 16:03:12,ACTIVE
CUST000743,Hailey,Delacruz,ronaldparsons@example.net,JP,CHECKING,2024-11-19 06:01:01,ACTIVE
CUST000744,Jennifer,Long,meyershannon@example.org,JP,BUSINESS,2023-09-27 21:35:51,SUSPENDED
CUST000745,April,Foster,grantzachary@example.net,BE,BUSINESS,2022-01-25 14:59:54,ACTIVE
CUST000746,James,Gonzales,kim47@example.org,FR,CHECKING,2025-03-30 00:19:37,CLOSED
CUST000747,Kelly,Ellison,stevenlucas@example.org,JP,SAVINGS,2025-11-27 23:00:51,ACTIVE
CUST000748,Daniel,Osborne,phillipmorris@example.org,ES,CHECKING,2023-03-04 05:25:00,ACTIVE
CUST000749,Shawn,Mosley,nicoledavis@example.com,AE,BUSINESS,2023-01-16 23:32:38,ACTIVE
CUST000750,Jennifer,Martinez,mccarthycynthia@example.org,BE,SAVINGS,2026-02-07 21:54:44,CLOSED
CUST000751,Jasmine,Acosta,nicholasjames@example.org,FR,BUSINESS,2024-07-01 21:04:31,ACTIVE
CUST000752,Ariana,Keller,fernandothomas@example.net,JP,SAVINGS,2022-01-31 21:15:03,ACTIVE
CUST000753,Robert,Collins,lroberts@example.org,BE,SAVINGS,2022-10-08 05:54:37,ACTIVE
CUST000754,Susan,Smith,alexander77@example.net,AU,CHECKING,2021-09-12 08:03:18,CLOSED
CUST000755,Cathy,Snyder,briannaalvarez@example.com,BE,SAVINGS,2025-05-29 07:52:42,ACTIVE
CUST000756,Christopher,Greene,nicoleramirez@example.net,JP,SAVINGS,2026-05-23 17:06:12,ACTIVE
CUST000757,Lori,Clark,eddiedelgado@example.org,DE,CHECKING,2022-11-20 03:09:54,ACTIVE
CUST000758,Melissa,Estrada,mark10@example.org,US,BUSINESS,2025-03-12 21:49:29,SUSPENDED
CUST000759,Victoria,Martin,,PK,BUSINESS,2023-02-27 16:36:09,ACTIVE
CUST000760,Tammy,Curry,sarah14@example.com,NL,SAVINGS,2024-10-13 13:47:28,SUSPENDED
CUST000761,Priscilla,Wilkins,ebridges@example.com,IT,BUSINESS,2025-08-27 05:54:42,ACTIVE
CUST000762,Dennis,Neal,mark68@example.org,SG,SAVINGS,2023-06-05 23:14:03,ACTIVE
CUST000763,Cheryl,Rodriguez,webbhaley@example.net,DE,CHECKING,2024-02-03 17:30:03,ACTIVE
CUST000764,Ronald,Abbott,alicia95@example.org,US,CHECKING,2026-06-08 12:19:12,SUSPENDED
CUST000765,Tyler,Daniel,lvasquez@example.net,DE,BUSINESS,2023-08-18 12:14:47,ACTIVE
CUST000766,Jeanette,Krause,wilsonsteven@example.org,JP,SAVINGS,2023-05-31 14:58:15,ACTIVE
CUST000767,Lauren,Duarte,wwilliams@example.net,CA,BUSINESS,2023-06-16 04:19:38,ACTIVE
CUST000768,Alex,Harris,jonathan14@example.com,PK,SAVINGS,2025-12-16 16:46:49,ACTIVE
CUST000769,Andrea,Wang,jenningsmatthew@example.net,SG,BUSINESS,2026-06-28 01:07:41,ACTIVE
CUST000770,Christina,Johnson,jamesbass@example.net,AE,SAVINGS,2025-09-22 00:09:54,CLOSED
CUST000771,Sabrina,Robles,timothyburton@example.net,IT,CHECKING,2024-07-01 14:51:00,ACTIVE
CUST000772,Steven,Olsen,conleykevin@example.net,AE,CHECKING,2024-05-01 16:51:36,ACTIVE
CUST000773,Angela,Smith,lauren51@example.org,AE,SAVINGS,2024-01-13 19:52:42,ACTIVE
CUST000774,Mary,Morgan,ksims@example.net,BE,BUSINESS,2024-12-17 19:25:48,CLOSED
CUST000775,Jacob,Wilson,janet50@example.com,BE,SAVINGS,2025-03-03 07:36:54,CLOSED
CUST000776,Christopher,Wiley,shannon43@example.net,ES,BUSINESS,2024-03-21 17:44:58,ACTIVE
CUST000777,Gregory,Brooks,stricklandrobin@example.com,DE,SAVINGS,2025-12-14 12:57:44,SUSPENDED
CUST000778,Angel,Webb,jamesmclean@example.net,SG,BUSINESS,2026-02-07 07:47:38,SUSPENDED
CUST000779,Lance,Murphy,shortsharon@example.net,CA,SAVINGS,2022-10-11 19:22:19,SUSPENDED
CUST000780,Jamie,Johnson,hreeves@example.org,IN,BUSINESS,2021-09-07 05:43:03,ACTIVE
CUST000781,Larry,Williams,cookpamela@example.org,ES,SAVINGS,2026-01-28 20:21:02,ACTIVE
CUST000782,Katie,Reese,lanelarry@example.org,US,SAVINGS,2024-05-18 09:50:16,CLOSED
CUST000783,James,Mitchell,kendra14@example.org,BE,CHECKING,2022-12-27 19:01:03,CLOSED
CUST000784,Joshua,Smith,clarkmichael@example.com,JP,BUSINESS,2023-12-15 14:22:23,ACTIVE
CUST000785,Donald,Bush,audrey21@example.com,AE,CHECKING,2024-07-12 21:27:57,SUSPENDED
CUST000786,Amber,Williams,ruizemma@example.org,CA,CHECKING,2024-11-29 06:31:32,ACTIVE
CUST000787,Brian,Simmons,janetvance@example.net,CA,CHECKING,2025-06-10 15:13:28,ACTIVE
CUST000788,Christina,Edwards,jenniferlambert@example.net,ES,CHECKING,2022-04-26 12:02:53,ACTIVE
CUST000789,Terri,Campos,fbradley@example.net,PK,BUSINESS,2025-08-19 08:26:44,ACTIVE
CUST000790,Colton,Collins,oruiz@example.org,BE,BUSINESS,2023-11-05 05:04:18,ACTIVE
CUST000791,Roberta,Myers,kristina57@example.com,IN,CHECKING,2021-11-27 11:55:14,ACTIVE
CUST000792,Cameron,Rodriguez,kmurray@example.com,IT,BUSINESS,2024-08-12 13:54:52,CLOSED
CUST000793,Cassandra,Anderson,sullivanjennifer@example.org,NL,CHECKING,2024-06-02 21:52:17,ACTIVE
CUST000794,Angela,Jones,amanda69@example.com,AU,BUSINESS,2023-09-05 16:43:34,ACTIVE
CUST000795,Christine,Kelley,vreyes@example.org,CA,BUSINESS,2025-04-26 00:01:31,ACTIVE
CUST000796,Kristen,Graham,amy32@example.net,AU,BUSINESS,2022-04-24 11:29:27,ACTIVE
CUST000797,Jodi,Joseph,mwilson@example.com,ES,BUSINESS,2024-06-01 09:12:44,CLOSED
CUST000798,Angela,Short,kylesullivan@example.net,SG,BUSINESS,2022-07-29 07:51:03,ACTIVE
CUST000799,Gina,Carlson,pmurphy@example.net,IN,BUSINESS,2022-03-04 11:42:36,ACTIVE
CUST000800,Christopher,Montoya,shermandonna@example.com,IN,CHECKING,2026-03-03 00:34:07,ACTIVE
CUST000801,Kelly,Gilbert,rgonzalez@example.com,FR,BUSINESS,2024-03-13 17:08:58,CLOSED
CUST000802,Ashley,Gentry,samantha65@example.org,NL,BUSINESS,2026-08-09 22:32:10,ACTIVE
CUST000803,Alan,Downs,sabbott@example.org,AE,BUSINESS,2024-10-15 14:31:03,SUSPENDED
CUST000804,Rachel,Faulkner,warnerlori@example.com,AU,BUSINESS,2022-08-01 06:57:45,ACTIVE
CUST000805,Michelle,Glenn,ryanlawrence@example.net,US,BUSINESS,2024-05-09 20:33:16,CLOSED
CUST000806,Jennifer,Sullivan,qgardner@example.org,NL,BUSINESS,2025-09-08 20:14:33,ACTIVE
CUST000807,Don,Peters,mary24@example.net,US,CHECKING,2022-09-19 12:53:12,SUSPENDED
CUST000808,Dennis,Jones,thomasnicole@example.net,NL,SAVINGS,2025-05-13 08:35:37,ACTIVE
CUST000809,Theresa,Taylor,dawnperry@example.com,SG,CHECKING,2025-04-09 02:04:01,ACTIVE
CUST000810,Cindy,Gibson,carnold@example.com,US,SAVINGS,2024-09-02 08:53:26,SUSPENDED
CUST000811,Jeremiah,Coleman,lanemelanie@example.org,US,CHECKING,2025-12-01 06:52:28,ACTIVE
CUST000812,Joseph,House,arthur09@example.com,AU,CHECKING,2024-10-13 14:28:33,ACTIVE
CUST000813,Daniel,Olson,thomasjessica@example.com,IN,BUSINESS,2025-08-08 23:25:43,ACTIVE
CUST000814,Zachary,Mills,sanchezcrystal@example.net,SG,SAVINGS,2022-04-25 01:28:22,SUSPENDED
CUST000815,Gabriella,Ryan,chloe58@example.org,ES,SAVINGS,2025-08-21 04:39:20,CLOSED
CUST000816,Shawn,Escobar,robert44@example.org,CA,CHECKING,2021-12-13 05:22:42,ACTIVE
CUST000817,Heather,Harper,jessica94@example.org,IT,SAVINGS,2025-09-03 12:40:11,ACTIVE
CUST000818,Belinda,Berry,lisa90@example.com,NL,SAVINGS,2025-10-09 13:36:10,ACTIVE
CUST000819,Christopher,Wagner,johnathan94@example.com,ES,CHECKING,2023-11-01 19:16:15,ACTIVE
CUST000820,Alexis,Rodriguez,reneestevenson@example.net,NL,SAVINGS,2025-06-13 04:08:15,CLOSED
CUST000821,Mitchell,Thompson,toddlloyd@example.org,GB,CHECKING,2024-07-25 15:51:44,ACTIVE
CUST000822,Tracey,Coffey,marymullins@example.com,IN,SAVINGS,2024-11-27 22:15:55,CLOSED
CUST000823,John,Alexander,jasonnavarro@example.com,SG,SAVINGS,2022-02-10 06:05:14,ACTIVE
CUST000824,Dawn,Campos,williamssteven@example.com,AE,CHECKING,2024-03-18 18:49:31,SUSPENDED
CUST000825,Thomas,Vaughan,noahthornton@example.com,CA,SAVINGS,2023-11-19 10:00:51,SUSPENDED
CUST000826,Dustin,Berg,robertslaura@example.com,PK,SAVINGS,2024-05-02 06:42:47,SUSPENDED
CUST000827,Suzanne,Vega,davisamanda@example.com,FR,CHECKING,2025-04-27 23:33:07,SUSPENDED
CUST000828,Cheryl,Pearson,matthew41@example.com,CA,SAVINGS,2026-08-14 10:38:43,ACTIVE
CUST000829,Peter,Mejia,jessicachapman@example.org,IT,BUSINESS,2026-01-26 21:43:06,ACTIVE
CUST000830,Matthew,Vaughn,lawrencesmith@example.org,FR,CHECKING,2022-03-24 14:07:43,ACTIVE
CUST000831,Alexander,Davis,jenningsmichael@example.net,US,BUSINESS,2024-01-22 15:25:12,SUSPENDED
CUST000832,Johnathan,Johnson,brownbrooke@example.org,NL,BUSINESS,2022-09-07 20:35:36,ACTIVE
CUST000833,Jean,Wilson,nicholasgallagher@example.net,IN,CHECKING,2026-06-19 04:24:45,SUSPENDED
CUST000834,Linda,Lopez,dominguezjon@example.com,ES,SAVINGS,2022-04-17 16:55:17,ACTIVE
CUST000835,Danielle,Livingston,kayla54@example.org,AE,SAVINGS,2022-04-12 08:53:03,ACTIVE
CUST000836,Joshua,Brown,dcook@example.com,FR,SAVINGS,2023-11-25 18:06:18,ACTIVE
CUST000837,Gregory,Jones,chelseywhite@example.com,AU,BUSINESS,2022-07-28 08:25:31,ACTIVE
CUST000838,Douglas,Mack,christinarodriguez@example.com,BE,BUSINESS,2023-11-08 03:25:27,ACTIVE
CUST000839,Dakota,Jones,kimberly07@example.org,DE,SAVINGS,2021-08-28 03:57:32,CLOSED
CUST000840,Sarah,Ortega,edward56@example.net,US,BUSINESS,2021-09-05 23:26:06,ACTIVE
CUST000841,Zachary,Case,zmendoza@example.net,IN,BUSINESS,2022-03-31 06:16:29,CLOSED
CUST000842,Amber,Smith,imartinez@example.com,DE,CHECKING,2024-06-26 10:19:49,ACTIVE
CUST000843,Evelyn,Morales,diazmelissa@example.com,GB,SAVINGS,2022-05-02 10:33:21,ACTIVE
CUST000844,Maureen,Hodges,deborah28@example.org,CA,SAVINGS,2024-12-01 00:34:58,ACTIVE
CUST000845,Donna,Evans,omosley@example.net,IT,BUSINESS,2024-09-14 15:42:50,CLOSED
CUST000846,Tom,Mcclure,imoss@example.org,GB,BUSINESS,2023-04-17 09:18:00,ACTIVE
CUST000847,Anthony,Davies,tracybrown@example.net,FR,CHECKING,2024-04-07 13:20:27,ACTIVE
CUST000848,Victor,Hanna,blevy@example.org,SG,SAVINGS,2024-07-14 14:11:40,SUSPENDED
CUST000849,Brian,French,sullivanjason@example.net,CA,SAVINGS,2026-02-05 17:53:27,ACTIVE
CUST000850,Stephen,Gregory,joycehall@example.org,AU,BUSINESS,2021-12-18 01:03:41,ACTIVE
CUST000851,Jill,Burns,ruizsamantha@example.org,BE,BUSINESS,2023-09-18 10:59:08,ACTIVE
CUST000852,Jacqueline,Anderson,cynthiaconway@example.org,ES,SAVINGS,2025-07-12 18:51:06,CLOSED
CUST000853,Cheryl,Conley,meyersdaniel@example.com,SG,SAVINGS,2023-07-11 18:20:35,CLOSED
CUST000854,Bryan,Harris,lisa65@example.org,BE,BUSINESS,2026-07-19 22:28:34,CLOSED
CUST000855,Amy,Morris,kathrynwatkins@example.com,CA,SAVINGS,2022-03-09 21:25:45,CLOSED
CUST000856,David,Thomas,xjackson@example.net,NL,SAVINGS,2023-01-20 03:00:42,ACTIVE
CUST000857,Samuel,Frost,andersonkylie@example.net,BE,SAVINGS,2024-11-06 01:37:38,ACTIVE
CUST000858,Kimberly,Smith,amiller@example.org,GB,BUSINESS,2022-05-29 10:06:56,ACTIVE
CUST000859,Jasmine,Wheeler,robert72@example.org,AE,BUSINESS,2022-11-13 00:40:03,ACTIVE
CUST000860,Danielle,Mills,lallen@example.net,AU,SAVINGS,2021-12-20 08:30:15,ACTIVE
CUST000861,Caitlyn,Love,burtonkimberly@example.com,JP,BUSINESS,2025-03-18 14:12:05,CLOSED
CUST000862,Adam,Young,downstiffany@example.net,IT,BUSINESS,2024-09-22 20:34:49,ACTIVE
CUST000863,Michelle,Hatfield,stevensims@example.org,AU,SAVINGS,2024-01-01 07:07:25,ACTIVE
CUST000864,Brian,Rodriguez,ginaschmitt@example.com,CA,BUSINESS,2025-11-18 04:39:31,CLOSED
CUST000865,Gregory,Santiago,brownmichael@example.org,AE,SAVINGS,2025-05-06 22:43:49,ACTIVE
CUST000866,John,Jensen,vwilliams@example.org,IN,BUSINESS,2026-03-21 23:46:37,ACTIVE
CUST000867,Gregory,Floyd,erobertson@example.org,FR,BUSINESS,2025-06-07 11:30:46,ACTIVE
CUST000868,Brittany,Nguyen,julievillanueva@example.org,IT,CHECKING,2022-08-02 15:21:55,SUSPENDED
CUST000869,Mark,Garcia,ykane@example.org,BE,SAVINGS,2022-04-10 22:02:10,ACTIVE
CUST000870,Thomas,Washington,nthomas@example.com,GB,BUSINESS,2023-03-01 16:26:11,ACTIVE
CUST000871,Paul,Taylor,crystalcantrell@example.org,GB,BUSINESS,2024-07-04 01:08:14,CLOSED
CUST000872,David,Schwartz,ramirezdaniel@example.com,PK,SAVINGS,2025-07-20 05:23:11,ACTIVE
CUST000873,Robert,Wolf,oliviamunoz@example.net,SG,CHECKING,2023-02-04 10:34:17,CLOSED
CUST000874,Belinda,Tran,christophervincent@example.com,IT,BUSINESS,2023-06-28 22:23:38,ACTIVE
CUST000875,Brittany,Hood,alexis63@example.org,JP,SAVINGS,2024-06-07 08:13:05,CLOSED
CUST000876,Ryan,Walker,robinvillanueva@example.com,GB,SAVINGS,2022-01-09 20:51:32,ACTIVE
CUST000877,Billy,Ruiz,simmonsphillip@example.net,US,BUSINESS,2022-06-25 22:36:50,ACTIVE
CUST000878,Shaun,Allen,steelerichard@example.org,CA,SAVINGS,2022-10-11 18:59:15,ACTIVE
CUST000879,Michael,Allen,smithelizabeth@example.org,AU,SAVINGS,2025-07-22 09:52:26,ACTIVE
CUST000880,Michaela,Burgess,braysteven@example.org,IT,SAVINGS,2025-02-04 21:07:26,CLOSED
CUST000881,Jackson,Savage,apadilla@example.net,NL,CHECKING,2022-04-02 02:55:58,ACTIVE
CUST000882,Paul,Vazquez,phillipskaren@example.net,AE,SAVINGS,2026-04-06 18:09:24,ACTIVE
CUST000883,Barbara,Clark,olivermatthew@example.org,SG,BUSINESS,2026-01-10 16:47:50,SUSPENDED
CUST000884,Sierra,Leonard,rodriguezmichael@example.net,BE,SAVINGS,2021-12-30 11:04:30,ACTIVE
CUST000885,Michael,Thompson,castrokim@example.org,CA,BUSINESS,2024-07-01 01:25:50,ACTIVE
CUST000886,John,Wilson,wmclaughlin@example.net,NL,CHECKING,2023-06-08 06:38:09,CLOSED
CUST000887,Karen,Hodges,michael48@example.net,JP,BUSINESS,2025-03-31 11:08:41,SUSPENDED
CUST000888,Joshua,Brown,shaun88@example.org,PK,SAVINGS,2025-08-25 05:13:16,ACTIVE
CUST000889,Jennifer,Gregory,shannon51@example.org,AE,CHECKING,2025-07-18 00:49:58,ACTIVE
CUST000890,Christopher,Myers,keithfrye@example.org,FR,SAVINGS,2023-01-19 09:07:23,ACTIVE
CUST000891,Joshua,Terry,nhernandez@example.net,BE,SAVINGS,2021-11-03 23:10:22,ACTIVE
CUST000892,Kelly,Montes,thomasfisher@example.net,SG,SAVINGS,2021-10-31 05:05:59,ACTIVE
CUST000893,Kelly,Brown,marystone@example.com,IT,BUSINESS,2025-02-24 13:13:26,ACTIVE
CUST000894,Beth,Rios,todd88@example.com,PK,BUSINESS,2025-07-18 10:44:51,ACTIVE
CUST000895,Kevin,Anderson,george43@example.com,ES,CHECKING,2024-10-23 22:18:35,CLOSED
CUST000896,Tara,Carrillo,,SG,BUSINESS,2023-01-07 00:37:34,ACTIVE
CUST000897,Jennifer,Mitchell,maryschwartz@example.net,IT,CHECKING,2022-12-15 07:55:11,CLOSED
CUST000898,Evan,Wilson,autumn74@example.com,IT,BUSINESS,2023-03-21 16:19:34,ACTIVE
CUST000899,Jamie,Mann,tiffany25@example.com,FR,CHECKING,2026-03-29 18:38:03,SUSPENDED
CUST000900,Theresa,Ferguson,knapprichard@example.com,BE,BUSINESS,2022-11-20 03:52:18,SUSPENDED
CUST000901,Stacie,Reilly,adamrodgers@example.net,DE,BUSINESS,2024-06-19 17:20:19,ACTIVE
CUST000902,Deborah,Phillips,tara92@example.net,FR,BUSINESS,2025-05-30 01:02:29,ACTIVE
CUST000903,Matthew,Rodriguez,imccullough@example.net,GB,BUSINESS,2026-05-03 05:49:06,SUSPENDED
CUST000904,Darryl,Johnson,seandavis@example.org,US,BUSINESS,2023-04-23 18:40:59,ACTIVE
CUST000905,Brandy,Walker,james18@example.com,AE,SAVINGS,2022-05-23 22:33:36,ACTIVE
CUST000906,Theresa,Foster,mstewart@example.net,NL,BUSINESS,2022-02-15 14:28:35,ACTIVE
CUST000907,Rebekah,Ward,jenniferpatterson@example.com,PK,CHECKING,2024-10-26 19:34:09,CLOSED
CUST000908,Alexander,Cooper,tiffany81@example.org,IT,BUSINESS,2025-06-05 14:44:03,ACTIVE
CUST000909,Judith,Perry,zroberts@example.net,PK,CHECKING,2025-04-03 06:28:57,SUSPENDED
CUST000910,Jessica,Perry,thomaskevin@example.net,PK,CHECKING,2024-07-02 13:44:56,ACTIVE
CUST000911,Carl,Choi,adavis@example.net,IN,SAVINGS,2023-12-22 16:08:25,SUSPENDED
CUST000912,Robert,Peters,jamescollier@example.com,ES,BUSINESS,2026-05-12 06:34:29,ACTIVE
CUST000913,Tracy,Carson,mary47@example.net,PK,CHECKING,2025-08-04 08:44:14,ACTIVE
CUST000914,Jeffrey,Moody,joseblanchard@example.net,NL,BUSINESS,2025-09-01 14:29:14,CLOSED
CUST000915,David,Wade,robert73@example.org,DE,SAVINGS,2022-08-31 06:59:31,ACTIVE
CUST000916,Kathy,Snyder,georgemichael@example.com,US,BUSINESS,2026-06-17 15:33:41,CLOSED
CUST000917,Ryan,Scott,hmccann@example.com,CA,SAVINGS,2026-01-03 19:57:43,ACTIVE
CUST000918,Jessica,Smith,francisco02@example.com,IN,BUSINESS,2025-07-27 21:11:36,SUSPENDED
CUST000919,Natalie,Taylor,brianward@example.net,NL,CHECKING,2024-09-04 11:22:44,ACTIVE
CUST000920,Brandon,Carter,palmerkatie@example.org,BE,CHECKING,2022-06-15 02:20:21,SUSPENDED
CUST000921,Carol,Jackson,monique44@example.net,JP,SAVINGS,2024-09-24 18:54:50,ACTIVE
CUST000922,Cody,Carpenter,alexanderholmes@example.com,FR,BUSINESS,2025-10-09 23:57:19,ACTIVE
CUST000923,Robert,Mccall,curtismoore@example.org,AE,SAVINGS,2023-04-02 20:38:13,CLOSED
CUST000924,Laura,Hansen,butlersabrina@example.org,JP,CHECKING,2022-10-07 04:38:32,ACTIVE
CUST000925,Sandra,Mendoza,hannah27@example.net,AU,BUSINESS,2026-02-05 18:00:01,SUSPENDED
CUST000926,Kathryn,Peterson,anthony13@example.org,IN,SAVINGS,2022-11-10 18:20:42,CLOSED
CUST000927,Hailey,Parker,davidmiller@example.net,BE,CHECKING,2022-08-07 13:52:27,SUSPENDED
CUST000928,Chris,Hampton,gwilliams@example.org,JP,CHECKING,2026-01-06 19:02:49,ACTIVE
CUST000929,Brittany,Harrison,bradley40@example.org,ES,SAVINGS,2022-09-14 01:58:48,ACTIVE
CUST000930,Samantha,Harris,jackbell@example.org,PK,CHECKING,2022-11-20 16:46:42,ACTIVE
CUST000931,Meghan,Mcmahon,michael89@example.org,NL,SAVINGS,2025-12-11 04:01:28,ACTIVE
CUST000932,Ashley,Garcia,ricejennifer@example.com,US,SAVINGS,2023-02-10 03:37:15,ACTIVE
CUST000933,Rachel,Medina,glasssamantha@example.net,NL,BUSINESS,2025-09-08 08:37:02,CLOSED
CUST000934,Michael,Lawrence,gnunez@example.org,FR,SAVINGS,2024-08-31 20:44:05,ACTIVE
CUST000935,Tina,Coleman,rickjuarez@example.com,SG,CHECKING,2022-09-13 12:41:46,ACTIVE
CUST000936,Steven,Stone,tfarmer@example.com,JP,CHECKING,2026-05-22 10:02:44,SUSPENDED
CUST000937,Jennifer,Miller,swilson@example.com,NL,CHECKING,2024-04-20 20:11:06,SUSPENDED
CUST000938,Gloria,Randall,angelaroberts@example.com,JP,BUSINESS,2023-04-04 00:05:31,ACTIVE
CUST000939,Melissa,Jacobson,xcrosby@example.org,SG,CHECKING,2021-10-04 04:38:42,ACTIVE
CUST000940,Yolanda,Vasquez,sandersalexandra@example.net,BE,BUSINESS,2022-05-16 13:45:50,ACTIVE
CUST000941,David,Foster,figueroapatricia@example.org,IT,CHECKING,2022-03-14 12:25:18,SUSPENDED
CUST000942,Michael,Gonzalez,brookeewing@example.org,ES,SAVINGS,2023-08-18 23:16:56,CLOSED
CUST000943,Mary,Hardy,kathy99@example.com,BE,SAVINGS,2025-01-19 22:59:15,CLOSED
CUST000944,Michael,Estrada,garcher@example.com,PK,SAVINGS,2022-11-26 08:16:21,CLOSED
CUST000945,Katrina,Rodriguez,tracy32@example.org,AE,BUSINESS,2022-06-30 22:13:49,ACTIVE
CUST000946,Joan,Greer,lgregory@example.com,AE,CHECKING,2024-06-06 06:51:41,CLOSED
CUST000947,Eric,Howell,wolfdonna@example.net,IN,CHECKING,2025-11-01 15:25:27,CLOSED
CUST000948,Laura,Harris,qhenry@example.net,US,BUSINESS,2024-07-28 01:06:11,ACTIVE
CUST000949,Lisa,Fernandez,cisnerosanthony@example.com,DE,BUSINESS,2022-08-30 14:32:47,ACTIVE
CUST000950,Patrick,Edwards,cramos@example.org,FR,BUSINESS,2023-02-25 23:35:05,CLOSED
CUST000951,Angela,Dalton,nicole27@example.com,IT,BUSINESS,2022-10-17 07:26:01,CLOSED
CUST000952,Larry,Price,carrolltracy@example.net,ES,CHECKING,2026-03-28 07:16:30,ACTIVE
CUST000953,Ashley,Alvarez,williammyers@example.com,IN,BUSINESS,2024-11-11 05:54:07,SUSPENDED
CUST000954,Christina,Gomez,luke09@example.org,DE,BUSINESS,2022-09-27 18:24:13,ACTIVE
CUST000955,Mary,Bailey,hubbardcolleen@example.com,SG,BUSINESS,2022-06-23 22:12:34,SUSPENDED
CUST000956,Ronnie,Braun,qbell@example.org,DE,BUSINESS,2023-10-03 18:41:47,SUSPENDED
CUST000957,Jimmy,Collins,lozanocameron@example.com,AE,CHECKING,2022-08-16 02:51:44,SUSPENDED
CUST000958,Matthew,Smith,benjamin69@example.net,ES,BUSINESS,2025-03-26 00:10:15,SUSPENDED
CUST000959,Joseph,Dominguez,odomnicholas@example.com,US,BUSINESS,2024-05-23 04:44:36,ACTIVE
CUST000960,Ashley,Stokes,vazquezjamie@example.com,CA,SAVINGS,2025-12-04 12:24:06,ACTIVE
CUST000961,Lisa,Contreras,christinacox@example.com,SG,CHECKING,2023-05-14 07:28:37,SUSPENDED
CUST000962,Tyler,Boone,pittmanamanda@example.com,NL,CHECKING,2023-11-27 06:39:39,ACTIVE
CUST000963,Brandon,Davies,nballard@example.net,AU,CHECKING,2022-06-07 04:08:12,ACTIVE
CUST000964,Jennifer,Lane,joshua98@example.com,GB,SAVINGS,2025-04-13 10:35:14,ACTIVE
CUST000965,Jason,Flynn,william46@example.net,CA,CHECKING,2026-03-30 00:40:23,ACTIVE
CUST000966,Lawrence,Perry,colleen78@example.org,PK,SAVINGS,2021-10-22 06:25:39,ACTIVE
CUST000967,Courtney,Black,barbaralewis@example.net,NL,SAVINGS,2025-08-16 07:19:40,ACTIVE
CUST000968,Joseph,Little,umichael@example.net,AE,CHECKING,2022-02-27 12:21:49,SUSPENDED
CUST000969,Alexa,Diaz,johnfrancis@example.com,BE,SAVINGS,2025-05-09 04:12:16,SUSPENDED
CUST000970,Robert,Dalton,waltersmeghan@example.com,IN,SAVINGS,2024-02-03 06:51:36,SUSPENDED
CUST000971,Debbie,Scott,richardwilson@example.org,DE,BUSINESS,2021-11-19 13:02:12,CLOSED
CUST000972,John,Wilcox,bwashington@example.com,ES,BUSINESS,2021-12-18 10:27:43,ACTIVE
CUST000973,James,Nelson,greenlinda@example.net,DE,CHECKING,2026-05-02 10:53:16,CLOSED
CUST000974,Gregory,Phelps,dcasey@example.org,GB,BUSINESS,2024-04-26 17:41:59,ACTIVE
CUST000975,Carolyn,Camacho,qmosley@example.net,SG,CHECKING,2022-06-02 00:59:19,ACTIVE
CUST000976,Randy,Larsen,joelduncan@example.net,AE,CHECKING,2022-09-04 07:01:44,ACTIVE
CUST000977,Alejandra,Calderon,tyler13@example.net,US,BUSINESS,2022-09-09 08:53:05,CLOSED
CUST000978,Kerri,Edwards,vshaffer@example.org,GB,BUSINESS,2025-03-31 06:39:42,SUSPENDED
CUST000979,Jeffery,Rodriguez,taragonzales@example.com,IN,CHECKING,2022-02-15 05:21:49,ACTIVE
CUST000980,Tracy,Brooks,stewartrodney@example.net,US,SAVINGS,2023-09-29 20:12:13,ACTIVE
CUST000981,Sylvia,Suarez,michaelbaldwin@example.com,NL,CHECKING,2021-10-29 22:40:13,ACTIVE
CUST000982,Deanna,Stein,skinnereileen@example.org,FR,BUSINESS,2023-09-09 02:47:20,SUSPENDED
CUST000983,Johnny,Cruz,rebecca18@example.org,AU,CHECKING,2025-05-30 23:12:26,ACTIVE
CUST000984,Paul,Browning,qpennington@example.com,IT,CHECKING,2022-06-01 20:48:56,ACTIVE
CUST000985,Sharon,Sherman,jason27@example.net,AU,CHECKING,2024-05-06 22:14:35,SUSPENDED
CUST000986,Natasha,Wang,rmccormick@example.org,AU,BUSINESS,2025-10-31 02:27:57,ACTIVE
CUST000987,Thomas,Gutierrez,jennifer12@example.net,IT,BUSINESS,2023-11-14 06:36:09,ACTIVE
CUST000988,William,Bell,shawn00@example.net,GB,SAVINGS,2023-03-19 07:52:57,ACTIVE
CUST000989,Crystal,Gibbs,aarongonzalez@example.com,CA,CHECKING,2024-04-26 04:03:24,ACTIVE
CUST000990,Barbara,Rodriguez,zacharybooker@example.net,ES,BUSINESS,2022-10-03 15:41:49,ACTIVE
CUST000991,Melanie,Jennings,shannon24@example.org,IT,BUSINESS,2024-06-08 05:25:51,CLOSED
CUST000992,Lauren,Gonzalez,zrichardson@example.com,BE,BUSINESS,2026-07-02 14:39:59,CLOSED
CUST000993,Jeffrey,Vaughan,rebeccamccann@example.org,AE,BUSINESS,2023-11-16 19:13:52,ACTIVE
CUST000994,Jacqueline,Jackson,mwilliamson@example.com,IT,SAVINGS,2022-12-02 04:14:24,ACTIVE
CUST000995,Christopher,Richardson,smithalicia@example.com,JP,BUSINESS,2025-11-07 17:41:09,ACTIVE
CUST000996,David,Reeves,sophiali@example.com,GB,SAVINGS,2024-02-06 03:15:52,ACTIVE
CUST000997,Julie,Reyes,mgates@example.org,FR,BUSINESS,2024-01-21 14:49:50,CLOSED
CUST000998,Jessica,Lopez,rickythomas@example.com,PK,BUSINESS,2023-11-16 20:26:48,ACTIVE
CUST000999,Joe,Hayes,mikesutton@example.com,JP,BUSINESS,2022-05-18 20:24:10,SUSPENDED
CUST001000,Alex,Anderson,terri63@example.net,CA,SAVINGS,2024-11-28 22:45:26,ACTIVE
CUST001001,Jeanette,Fitzgerald,charles80@example.org,BE,BUSINESS,2024-06-24 15:17:36,SUSPENDED
CUST001002,Sarah,Ruiz,wendy90@example.org,AE,BUSINESS,2023-10-22 13:17:30,ACTIVE
CUST001003,William,James,ilambert@example.net,SG,SAVINGS,2021-12-31 05:45:53,SUSPENDED
CUST001004,Beverly,Green,dconrad@example.org,ES,SAVINGS,2022-05-30 23:54:06,SUSPENDED
CUST001005,Logan,Moreno,jorgeedwards@example.org,ES,BUSINESS,2025-11-23 11:06:18,SUSPENDED
CUST001006,Monica,Davenport,sara44@example.net,IT,CHECKING,2023-11-22 22:28:51,ACTIVE
CUST001007,Zachary,Graham,leslievang@example.org,IN,BUSINESS,2026-05-17 21:22:22,ACTIVE
CUST001008,Melissa,Sandoval,jbrown@example.org,AE,SAVINGS,2023-08-09 14:54:29,ACTIVE
CUST001009,Isaac,Harrison,janicegraham@example.com,CA,SAVINGS,2021-12-30 04:54:50,SUSPENDED
CUST001010,Scott,Zhang,hellis@example.net,CA,BUSINESS,2022-11-28 10:56:54,ACTIVE
CUST001011,David,Davis,henry28@example.com,GB,CHECKING,2026-06-10 10:01:57,ACTIVE
CUST001012,Patricia,Willis,foxashley@example.com,IT,SAVINGS,2022-04-21 04:31:51,ACTIVE
CUST001013,John,Jimenez,clayanthony@example.net,PK,SAVINGS,2022-09-08 11:34:03,ACTIVE
CUST001014,Phillip,Garza,hooderic@example.org,DE,BUSINESS,2025-07-25 08:44:12,ACTIVE
CUST001015,Mariah,Keller,rfuller@example.net,FR,SAVINGS,2021-09-12 12:08:33,SUSPENDED
CUST001016,Mark,Williams,unguyen@example.net,JP,BUSINESS,2026-06-28 18:47:33,CLOSED
CUST001017,David,Boyer,marcus01@example.net,FR,CHECKING,2024-11-22 09:49:58,ACTIVE
CUST001018,Christopher,Scott,tammyglenn@example.org,AE,BUSINESS,2021-10-28 04:45:05,CLOSED
CUST001019,Melissa,Martin,wmitchell@example.net,IT,SAVINGS,2022-12-17 08:22:38,ACTIVE
CUST001020,David,Henry,tfitzgerald@example.net,IN,SAVINGS,2022-10-07 08:42:25,ACTIVE
CUST001021,Michael,Davis,william77@example.com,PK,CHECKING,2025-09-13 17:10:53,ACTIVE
CUST001022,Joseph,Burke,avilalisa@example.net,PK,CHECKING,2023-03-27 10:57:41,ACTIVE
CUST001023,Ryan,Simmons,palmerteresa@example.net,SG,SAVINGS,2023-07-23 03:04:47,ACTIVE
CUST001024,Deborah,Reeves,prose@example.net,SG,BUSINESS,2022-05-13 08:31:41,ACTIVE
CUST001025,Kelly,Kim,ievans@example.net,GB,CHECKING,2024-03-15 19:21:22,CLOSED
CUST001026,Mckenzie,Mills,ashley81@example.org,BE,SAVINGS,2026-01-06 14:13:29,SUSPENDED
CUST001027,Daniel,Coleman,marshalljennifer@example.com,US,BUSINESS,2024-09-02 20:06:22,ACTIVE
CUST001028,Jonathan,Miller,wilsondorothy@example.org,NL,SAVINGS,2023-03-14 13:41:11,ACTIVE
CUST001029,Megan,Williams,tmcdowell@example.com,CA,SAVINGS,2026-08-23 20:41:39,SUSPENDED
CUST001030,Jennifer,Todd,qhanson@example.com,DE,BUSINESS,2023-03-30 01:17:28,SUSPENDED
CUST001031,Jason,Miller,monica16@example.net,AE,SAVINGS,2021-10-20 03:07:10,ACTIVE
CUST001032,Adam,Wilson,dianastevens@example.com,BE,SAVINGS,2025-10-15 15:55:23,SUSPENDED
CUST001033,Kevin,Li,hannah64@example.org,FR,BUSINESS,2022-09-18 02:36:44,ACTIVE
CUST001034,Derek,Lee,hortonjacob@example.org,SG,CHECKING,2023-06-06 12:32:40,ACTIVE
CUST001035,Timothy,Thomas,ryangarrett@example.net,NL,BUSINESS,2023-04-10 14:52:37,CLOSED
CUST001036,Christopher,Carrillo,thomasjohnson@example.org,AU,BUSINESS,2022-12-12 00:41:21,SUSPENDED
CUST001037,Joanne,Wallace,cruiz@example.net,NL,CHECKING,2023-09-18 07:02:30,ACTIVE
CUST001038,James,Hudson,awilliams@example.org,BE,CHECKING,2025-04-27 23:42:23,SUSPENDED
CUST001039,Tiffany,Allison,benjamin67@example.net,AU,CHECKING,2025-10-19 07:50:09,SUSPENDED
CUST001040,Jesse,Brown,hendersonleslie@example.org,CA,BUSINESS,2023-12-05 15:31:21,ACTIVE
CUST001041,Patricia,Butler,nwilson@example.net,NL,SAVINGS,2024-08-06 19:52:12,SUSPENDED
CUST001042,Shane,Graham,keithlee@example.com,US,CHECKING,2025-05-17 15:09:51,ACTIVE
CUST001043,Jesse,Robinson,sandra72@example.com,ES,CHECKING,2024-12-20 07:27:07,CLOSED
CUST001044,Susan,Whitaker,laura29@example.org,US,CHECKING,2024-01-20 00:48:00,CLOSED
CUST001045,Hannah,Miller,manderson@example.org,JP,CHECKING,2025-11-01 15:17:32,CLOSED
CUST001046,Craig,Perry,ntorres@example.net,FR,CHECKING,2022-01-18 15:30:58,ACTIVE
CUST001047,Yvette,Howard,michael22@example.net,AE,CHECKING,2021-12-02 19:07:12,SUSPENDED
CUST001048,Lindsay,Morgan,williamsondavid@example.org,ES,BUSINESS,2025-10-14 13:17:20,ACTIVE
CUST001049,Jonathan,Peterson,kayla84@example.org,DE,BUSINESS,2026-01-12 17:20:12,ACTIVE
CUST001050,Cassandra,Garcia,housesamuel@example.com,FR,CHECKING,2022-08-05 02:52:00,CLOSED
CUST001051,Theresa,Harrington,colonbobby@example.org,US,SAVINGS,2023-01-26 11:08:18,ACTIVE
CUST001052,Crystal,Pitts,eric47@example.net,AU,BUSINESS,2025-11-20 21:59:24,CLOSED
CUST001053,Jessica,Garcia,matthew21@example.org,PK,SAVINGS,2025-05-20 17:33:48,SUSPENDED
CUST001054,Tara,Hammond,sanchezlisa@example.com,FR,CHECKING,2024-02-02 09:30:44,CLOSED
CUST001055,William,Miller,jennifer65@example.net,CA,SAVINGS,2023-09-27 01:26:15,ACTIVE
CUST001056,Edward,Molina,icobb@example.com,FR,BUSINESS,2025-03-01 21:18:14,ACTIVE
CUST001057,Samantha,Villanueva,sherry72@example.org,CA,SAVINGS,2026-01-18 19:34:41,ACTIVE
CUST001058,Sherry,Miller,richard26@example.org,CA,BUSINESS,2024-12-29 07:19:17,SUSPENDED
CUST001059,Katherine,Keller,rachelbrown@example.net,AE,CHECKING,2026-01-26 08:44:49,ACTIVE
CUST001060,Teresa,Barnes,jennifer55@example.org,PK,CHECKING,2024-01-11 17:13:40,CLOSED
CUST001061,Rachel,Bishop,isabellagriffin@example.org,ES,CHECKING,2026-04-12 22:33:19,ACTIVE
CUST001062,Claudia,Montgomery,zterry@example.net,AU,BUSINESS,2025-02-02 05:23:42,ACTIVE
CUST001063,Kimberly,Ibarra,johnsonmatthew@example.net,IN,SAVINGS,2022-09-20 22:55:31,ACTIVE
CUST001064,Abigail,Fernandez,christopherarnold@example.net,AE,SAVINGS,2024-07-19 00:21:32,ACTIVE
CUST001065,Katherine,Moore,zamoraamber@example.com,BE,SAVINGS,2023-09-14 06:51:42,SUSPENDED
CUST001066,Marilyn,Torres,hbenitez@example.net,AU,CHECKING,2022-02-27 17:08:30,ACTIVE
CUST001067,Mckenzie,Green,david17@example.com,NL,BUSINESS,2026-07-08 23:07:53,ACTIVE
CUST001068,Jillian,Chavez,lindazhang@example.net,JP,BUSINESS,2026-03-09 08:08:51,ACTIVE
CUST001069,Megan,Hall,justin92@example.net,DE,SAVINGS,2024-11-10 20:03:40,SUSPENDED
CUST001070,April,Wright,zachary35@example.com,GB,BUSINESS,2022-06-25 21:45:58,SUSPENDED
CUST001071,Dwayne,Simmons,dmiller@example.com,FR,BUSINESS,2022-10-03 13:29:16,ACTIVE
CUST001072,Thomas,Griffin,erica69@example.net,SG,CHECKING,2026-01-23 18:36:26,ACTIVE
CUST001073,Kimberly,Wiggins,cfields@example.net,US,SAVINGS,2025-10-24 10:05:28,ACTIVE
CUST001074,Jessica,Butler,drewmartinez@example.net,AU,CHECKING,2025-07-17 12:48:14,CLOSED
CUST001075,David,Bush,bensonstanley@example.org,PK,CHECKING,2022-12-25 18:04:43,ACTIVE
CUST001076,Sherry,Wood,guzmanricky@example.org,IT,BUSINESS,2024-10-16 17:35:25,CLOSED
CUST001077,Ashley,Williams,davidtorres@example.com,US,SAVINGS,2024-03-24 15:58:27,ACTIVE
CUST001078,Kelly,Johnson,douglaslawrence@example.org,PK,CHECKING,2024-03-30 13:56:16,ACTIVE
CUST001079,Pamela,Lewis,jsmith@example.com,PK,BUSINESS,2022-03-23 09:14:25,CLOSED
CUST001080,Monica,Butler,ariel56@example.com,JP,CHECKING,2022-10-12 02:15:56,ACTIVE
CUST001081,Kathleen,Wagner,qgill@example.com,PK,SAVINGS,2022-12-01 08:12:38,ACTIVE
CUST001082,Michelle,Nguyen,zhughes@example.com,IT,BUSINESS,2026-04-02 06:44:01,ACTIVE
CUST001083,Brandon,Santiago,pfitzgerald@example.org,AE,BUSINESS,2023-01-22 00:23:47,SUSPENDED
CUST001084,Jasmine,Armstrong,ann18@example.org,PK,CHECKING,2023-04-15 07:38:25,ACTIVE
CUST001085,Stephanie,Weaver,bernardaimee@example.com,ES,BUSINESS,2025-12-04 02:43:44,ACTIVE
CUST001086,Penny,Martinez,suzannehill@example.org,AU,SAVINGS,2023-09-26 13:09:54,CLOSED
CUST001087,Maria,Combs,imiller@example.net,BE,SAVINGS,2024-05-17 00:20:33,ACTIVE
CUST001088,Richard,Williams,morganhenry@example.org,AE,BUSINESS,2026-02-20 14:28:17,ACTIVE
CUST001089,Logan,Scott,pettyamber@example.com,CA,BUSINESS,2022-11-15 23:14:09,ACTIVE
CUST001090,Ian,Tate,kristopherrussell@example.org,FR,CHECKING,2022-02-24 12:11:23,SUSPENDED
CUST001091,Christina,Nguyen,reeveskenneth@example.org,IT,CHECKING,2024-05-15 19:17:05,ACTIVE
CUST001092,Douglas,Orozco,nicholas10@example.org,AU,BUSINESS,2023-09-08 22:50:47,CLOSED
CUST001093,Karen,Willis,gromero@example.com,GB,SAVINGS,2022-08-18 00:21:09,ACTIVE
CUST001094,Joseph,Flores,bjones@example.com,JP,SAVINGS,2023-08-21 16:12:53,SUSPENDED
CUST001095,Robin,Smith,sanchezangela@example.org,US,CHECKING,2024-03-28 20:50:35,ACTIVE
CUST001096,Ashley,Griffin,kristathomas@example.net,CA,SAVINGS,2023-01-30 00:17:40,SUSPENDED
CUST001097,Kimberly,Medina,jali@example.com,ES,BUSINESS,2022-01-02 07:30:25,CLOSED
CUST001098,Aaron,Marshall,denise20@example.org,JP,SAVINGS,2025-10-01 13:40:38,ACTIVE
CUST001099,Joshua,King,okidd@example.org,AE,BUSINESS,2026-08-17 11:53:35,ACTIVE
CUST001100,Mary,Campbell,jocelynhart@example.com,AE,CHECKING,2022-05-31 04:54:23,ACTIVE
CUST001101,Randall,Martinez,jessicalutz@example.com,DE,SAVINGS,2023-06-11 13:23:32,ACTIVE
CUST001102,Cheryl,Bernard,nicole54@example.net,GB,BUSINESS,2025-07-02 00:22:13,ACTIVE
CUST001103,Joshua,Bates,matthew79@example.com,SG,SAVINGS,2021-10-13 18:57:38,ACTIVE
CUST001104,Robin,Anderson,lynchadam@example.org,BE,CHECKING,2023-02-15 15:02:50,ACTIVE
CUST001105,Robert,Woodard,ifarmer@example.org,FR,SAVINGS,2022-04-23 07:48:21,SUSPENDED
CUST001106,Amanda,Stafford,wchambers@example.com,BE,SAVINGS,2024-09-10 15:07:26,ACTIVE
CUST001107,Paul,Combs,martinezmitchell@example.org,ES,CHECKING,2025-06-06 17:22:36,ACTIVE
CUST001108,Albert,Paul,erin53@example.org,GB,SAVINGS,2024-03-24 09:53:36,CLOSED
CUST001109,Lindsey,Walker,ccoffey@example.com,CA,BUSINESS,2025-11-03 15:55:08,SUSPENDED
CUST001110,Rebecca,Mann,adrianjoyce@example.net,DE,CHECKING,2025-01-07 01:35:24,ACTIVE
CUST001111,Daniel,Ramirez,mjackson@example.net,BE,BUSINESS,2026-06-18 01:26:18,ACTIVE
CUST001112,Emily,Morrison,cameronanderson@example.org,AU,BUSINESS,2022-09-25 09:12:04,ACTIVE
CUST001113,Jordan,Hudson,nicoledaniel@example.com,IN,SAVINGS,2023-04-13 12:45:06,ACTIVE
CUST001114,Melanie,Johnson,erin70@example.com,NL,SAVINGS,2022-02-02 14:26:02,SUSPENDED
CUST001115,Melissa,Morris,rhill@example.net,AE,CHECKING,2025-08-14 02:29:30,CLOSED
CUST001116,Tyler,Holmes,stephensonjeffrey@example.com,PK,CHECKING,2025-03-22 13:21:41,CLOSED
CUST001117,Amanda,Stewart,flee@example.net,CA,CHECKING,2021-11-12 07:07:56,SUSPENDED
CUST001118,Veronica,Perez,prosario@example.org,ES,CHECKING,2023-01-18 11:53:55,ACTIVE
CUST001119,Mark,Brown,johnsonryan@example.org,NL,SAVINGS,2024-06-29 02:40:01,SUSPENDED
CUST001120,Mary,Wright,vallen@example.org,ES,CHECKING,2024-06-26 21:25:17,ACTIVE
CUST001121,April,Young,parsonschristine@example.org,GB,SAVINGS,2025-06-12 13:27:00,SUSPENDED
CUST001122,Beth,Miller,rangelnicholas@example.net,NL,SAVINGS,2022-03-15 12:07:08,ACTIVE
CUST001123,Kimberly,Brown,nbrown@example.net,BE,SAVINGS,2025-04-28 03:30:46,ACTIVE
CUST001124,Cameron,Byrd,phillipspatrick@example.org,SG,BUSINESS,2025-02-22 17:41:53,SUSPENDED
CUST001125,Jesse,Greene,chavezsteven@example.com,AU,BUSINESS,2022-07-06 03:05:35,ACTIVE
CUST001126,Matthew,Pace,gibsonmark@example.org,US,CHECKING,2022-07-27 00:49:07,ACTIVE
CUST001127,Curtis,Larson,watkinsmary@example.net,NL,CHECKING,2022-09-20 21:08:04,SUSPENDED
CUST001128,Dana,Scott,nolson@example.com,BE,BUSINESS,2023-03-26 02:43:04,SUSPENDED
CUST001129,John,Robles,andersonbreanna@example.net,AE,SAVINGS,2024-09-09 22:33:46,SUSPENDED
CUST001130,Larry,Mcclure,dylanparker@example.com,BE,SAVINGS,2024-02-15 18:33:52,CLOSED
CUST001131,Miguel,Smith,brianhunter@example.net,ES,SAVINGS,2022-02-11 03:04:41,ACTIVE
CUST001132,Robert,Gonzalez,danielleharris@example.org,AU,BUSINESS,2024-07-21 15:13:15,ACTIVE
CUST001133,Jaime,Alvarez,vgreene@example.net,US,SAVINGS,2026-06-19 06:30:30,ACTIVE
CUST001134,Sylvia,Jensen,gmurphy@example.com,GB,SAVINGS,2022-01-03 13:20:17,ACTIVE
CUST001135,Tyler,Mora,heatherowens@example.org,SG,BUSINESS,2023-09-07 01:48:53,SUSPENDED
CUST001136,Timothy,Tate,lindsay63@example.com,AU,CHECKING,2023-03-20 21:31:47,ACTIVE
CUST001137,Margaret,Smith,jonesanthony@example.org,GB,SAVINGS,2022-11-10 21:31:28,SUSPENDED
CUST001138,Kelly,Lee,bradley03@example.org,BE,CHECKING,2024-01-25 03:21:40,CLOSED
CUST001139,Grant,Mcclure,matthewspencer@example.org,IT,BUSINESS,2023-04-26 09:09:19,CLOSED
CUST001140,Andrew,Cameron,smitherica@example.com,ES,BUSINESS,2022-08-05 05:42:46,CLOSED
CUST001141,Matthew,Clark,zallen@example.com,FR,BUSINESS,2023-02-08 20:46:36,SUSPENDED
CUST001142,Shelley,Rowland,ejohns@example.org,SG,CHECKING,2022-11-17 04:54:43,SUSPENDED
CUST001143,Nicole,Anderson,jamesgray@example.com,AE,SAVINGS,2024-05-09 07:27:13,ACTIVE
CUST001144,Carol,Rowland,samanthahines@example.net,IN,SAVINGS,2023-04-04 23:44:34,SUSPENDED
CUST001145,Melissa,Phillips,markbrown@example.com,ES,BUSINESS,2022-09-22 08:41:42,ACTIVE
CUST001146,Melissa,Schmitt,fclark@example.com,IT,SAVINGS,2022-03-15 00:32:54,ACTIVE
CUST001147,Gary,Hughes,victor72@example.com,SG,SAVINGS,2024-10-30 01:40:53,SUSPENDED
CUST001148,Alicia,Webb,lwells@example.com,DE,SAVINGS,2026-08-13 20:09:50,CLOSED
CUST001149,Debra,Clark,shannonyoung@example.org,US,BUSINESS,2024-04-02 04:12:20,SUSPENDED
CUST001150,Ronald,Bennett,selenabrooks@example.net,CA,BUSINESS,2022-05-15 19:20:48,SUSPENDED
CUST001151,Dennis,Miller,ostone@example.net,CA,CHECKING,2021-12-31 07:06:07,ACTIVE
CUST001152,Steven,Oliver,bhayes@example.com,SG,BUSINESS,2024-10-10 06:56:24,CLOSED
CUST001153,Linda,Stewart,cjohnson@example.org,JP,CHECKING,2023-11-28 17:41:23,ACTIVE
CUST001154,Deanna,Howard,phillipswarren@example.net,AE,CHECKING,2022-04-25 07:13:18,ACTIVE
CUST001155,Kristi,House,wilsonmichael@example.net,ES,BUSINESS,2023-05-09 19:12:22,CLOSED
CUST001156,Matthew,Leonard,kevin43@example.net,FR,BUSINESS,2022-10-27 19:13:56,SUSPENDED
CUST001157,Yesenia,Goodwin,alan44@example.com,AE,SAVINGS,2025-01-31 01:36:16,SUSPENDED
CUST001158,Sonya,Underwood,kennedywilliam@example.org,DE,CHECKING,2025-01-11 11:24:21,ACTIVE
CUST001159,Jeremy,Cummings,thomasblack@example.net,NL,CHECKING,2025-08-20 18:55:36,CLOSED
CUST001160,Jennifer,Murray,edwardsjacob@example.net,SG,BUSINESS,2025-03-15 04:19:42,CLOSED
CUST001161,Jason,Cole,brooksbarbara@example.org,AU,BUSINESS,2024-03-31 20:21:30,CLOSED
CUST001162,Sherry,Smith,matthew66@example.net,IT,SAVINGS,2025-01-29 16:36:53,ACTIVE
CUST001163,Kathryn,Vaughn,mark09@example.org,GB,SAVINGS,2022-10-31 17:54:06,CLOSED
CUST001164,Eric,Cisneros,ashley99@example.net,SG,BUSINESS,2024-12-21 21:49:39,ACTIVE
CUST001165,Tina,Harris,ybrown@example.org,BE,CHECKING,2025-09-08 13:15:06,SUSPENDED
CUST001166,Daniel,Hudson,tfowler@example.org,DE,SAVINGS,2023-02-09 01:32:18,SUSPENDED
CUST001167,Damon,Tran,serranocarrie@example.org,PK,CHECKING,2023-03-28 12:02:09,ACTIVE
CUST001168,James,Pruitt,ocampbell@example.com,IN,BUSINESS,2026-02-09 17:02:27,ACTIVE
CUST001169,Chad,Brown,jacksonmichele@example.com,BE,SAVINGS,2024-12-22 14:11:11,ACTIVE
CUST001170,Eric,Rodriguez,emendoza@example.com,US,CHECKING,2023-05-28 23:30:19,CLOSED
CUST001171,David,Harris,qmeyers@example.com,US,SAVINGS,2022-12-31 18:51:05,SUSPENDED
CUST001172,Cassandra,Crosby,waynecohen@example.com,DE,SAVINGS,2023-05-14 03:18:34,SUSPENDED
CUST001173,Adrian,Thomas,summerscassidy@example.org,BE,CHECKING,2026-02-14 05:58:00,ACTIVE
CUST001174,Mark,Carroll,kstevens@example.org,FR,BUSINESS,2022-06-04 12:22:18,ACTIVE
CUST001175,Keith,Ibarra,treed@example.com,FR,SAVINGS,2024-12-22 13:04:29,ACTIVE
CUST001176,Chloe,Patrick,robertwhite@example.net,JP,CHECKING,2025-04-28 21:13:52,ACTIVE
CUST001177,Stephen,Bartlett,hollydavis@example.net,CA,CHECKING,2022-01-08 03:07:20,CLOSED
CUST001178,John,Harrell,nicole84@example.net,ES,SAVINGS,2022-03-20 20:02:48,CLOSED
CUST001179,Helen,Bowen,reginajenkins@example.net,GB,SAVINGS,2022-09-06 02:52:26,ACTIVE
CUST001180,Wanda,Jones,gordonkimberly@example.com,AE,SAVINGS,2025-06-26 11:29:16,ACTIVE
CUST001181,Frederick,Clark,murraycharles@example.net,ES,BUSINESS,2025-07-30 13:19:11,SUSPENDED
CUST001182,Patrick,Reese,randysmith@example.org,GB,CHECKING,2022-10-23 11:59:33,CLOSED
CUST001183,Mark,Goodman,fmurray@example.net,PK,CHECKING,2023-09-17 05:59:03,SUSPENDED
CUST001184,Jennifer,Kim,khoover@example.org,AU,SAVINGS,2021-10-20 14:22:18,SUSPENDED
CUST001185,Catherine,Thompson,nicholspeter@example.org,FR,BUSINESS,2021-09-29 07:11:15,ACTIVE
CUST001186,Erica,Hernandez,gregory08@example.org,IT,SAVINGS,2025-05-29 21:30:27,ACTIVE
CUST001187,Heather,Copeland,myerskyle@example.org,AU,CHECKING,2021-09-08 23:09:57,CLOSED
CUST001188,Brandon,Bennett,sarahbrooks@example.org,ES,SAVINGS,2023-05-08 19:16:39,ACTIVE
CUST001189,Christopher,Fisher,rogersjames@example.net,IT,SAVINGS,2022-03-09 17:40:15,ACTIVE
CUST001190,Jeffrey,Khan,jenniferwilliams@example.net,NL,BUSINESS,2022-07-26 00:45:06,SUSPENDED
CUST001191,Lisa,Morris,colleenvilla@example.com,CA,BUSINESS,2025-04-15 20:19:52,ACTIVE
CUST001192,David,Lewis,marcus06@example.net,AU,SAVINGS,2024-05-03 23:50:38,CLOSED
CUST001193,Alexander,Lewis,cameronbriggs@example.net,GB,BUSINESS,2024-10-14 20:24:13,ACTIVE
CUST001194,Bradley,Mcclure,mturner@example.com,BE,SAVINGS,2022-07-07 19:02:05,SUSPENDED
CUST001195,Jennifer,Moody,johnathandavis@example.com,AU,CHECKING,2024-12-14 16:48:09,ACTIVE
CUST001196,Erica,Compton,martinreid@example.net,PK,BUSINESS,2024-05-09 08:35:57,CLOSED
CUST001197,Tiffany,Estrada,rogerscharlotte@example.net,DE,BUSINESS,2025-06-20 04:32:09,ACTIVE
CUST001198,Patrick,Davidson,wesleybush@example.org,BE,CHECKING,2023-08-18 03:37:01,ACTIVE
CUST001199,Andrew,Blake,parkerjoann@example.org,NL,CHECKING,2022-04-29 02:59:04,ACTIVE
CUST001200,Brian,Brooks,james63@example.net,BE,BUSINESS,2021-12-21 05:47:36,ACTIVE
CUST001201,John,Swanson,vstevenson@example.org,CA,SAVINGS,2024-01-06 13:52:28,SUSPENDED
CUST001202,Lonnie,Buchanan,meyertiffany@example.net,AU,CHECKING,2024-02-07 16:02:05,CLOSED
CUST001203,Karen,Perez,matthew38@example.org,GB,SAVINGS,2023-10-06 00:41:25,ACTIVE
CUST001204,Laurie,Horton,cathyjames@example.com,US,BUSINESS,2023-03-18 17:24:21,CLOSED
CUST001205,Scott,Smith,mjones@example.org,SG,BUSINESS,2022-11-08 04:39:17,ACTIVE
CUST001206,Shawna,Martinez,brittanyguerra@example.org,CA,CHECKING,2023-08-29 15:49:25,SUSPENDED
CUST001207,William,Simmons,ucollins@example.org,NL,CHECKING,2023-09-25 10:11:32,ACTIVE
CUST001208,Roger,Obrien,justin73@example.com,BE,SAVINGS,2025-09-28 09:57:07,CLOSED
CUST001209,Christopher,Kaufman,egray@example.com,FR,SAVINGS,2025-03-30 17:51:20,ACTIVE
CUST001210,William,Moss,lorileon@example.org,US,CHECKING,2024-11-22 11:56:56,ACTIVE
CUST001211,Ronald,Miller,brooke28@example.net,IN,SAVINGS,2023-02-22 08:21:16,CLOSED
CUST001212,Jonathan,Ford,jcampbell@example.net,CA,BUSINESS,2025-09-27 09:36:58,SUSPENDED
CUST001213,Charles,Taylor,mgonzalez@example.org,GB,BUSINESS,2021-10-04 08:15:21,SUSPENDED
CUST001214,Michelle,Cross,travis66@example.net,GB,BUSINESS,2024-10-27 18:57:49,SUSPENDED
CUST001215,Patrick,Parker,ortizbenjamin@example.org,US,CHECKING,2024-12-03 01:58:13,ACTIVE
CUST001216,Sarah,Martin,xkrueger@example.net,AU,CHECKING,2024-08-12 11:10:28,ACTIVE
CUST001217,William,Burns,heather66@example.net,NL,CHECKING,2023-10-01 05:23:42,ACTIVE
CUST001218,John,Johnson,crystal02@example.com,IT,BUSINESS,2025-07-10 13:37:31,ACTIVE
CUST001219,Sheryl,Hernandez,carrielynn@example.org,ES,SAVINGS,2021-10-02 19:12:21,CLOSED
CUST001220,Darryl,Davis,lsanders@example.org,SG,SAVINGS,2026-01-22 12:11:15,CLOSED
CUST001221,Renee,Liu,mariaking@example.com,CA,CHECKING,2025-11-27 22:11:45,CLOSED
CUST001222,Tammy,Barrett,uwillis@example.com,DE,SAVINGS,2022-05-28 14:08:51,CLOSED
CUST001223,Daniel,Armstrong,lisa43@example.net,IN,SAVINGS,2025-01-12 22:04:26,CLOSED
CUST001224,Holly,Smith,lisasmith@example.org,IN,CHECKING,2025-03-15 15:38:34,SUSPENDED
CUST001225,Alicia,Pena,xjackson@example.org,CA,CHECKING,2022-10-16 19:47:17,SUSPENDED
CUST001226,James,White,hayeslisa@example.org,DE,BUSINESS,2023-05-11 18:29:58,ACTIVE
CUST001227,Brian,White,jordanbarrera@example.com,NL,CHECKING,2025-05-25 18:30:28,SUSPENDED
CUST001228,Courtney,Weber,christophermiller@example.org,NL,SAVINGS,2024-01-02 08:08:57,ACTIVE
CUST001229,Caleb,Johnson,timothychambers@example.org,US,CHECKING,2021-09-24 00:07:32,ACTIVE
CUST001230,Bruce,Walton,ortegakristina@example.org,IT,BUSINESS,2022-06-22 08:18:55,CLOSED
CUST001231,Jason,Conner,wmorrison@example.com,SG,SAVINGS,2025-10-13 04:32:37,CLOSED
CUST001232,Thomas,Rogers,rrogers@example.com,JP,SAVINGS,2024-04-30 20:03:13,ACTIVE
CUST001233,Lisa,Everett,dgray@example.com,AU,CHECKING,2024-06-16 12:52:48,ACTIVE
CUST001234,Linda,Smith,ihardy@example.org,IN,CHECKING,2022-09-11 06:56:40,ACTIVE
CUST001235,Misty,Ramirez,miguelmontgomery@example.net,AU,SAVINGS,2025-09-09 20:42:04,CLOSED
CUST001236,Zachary,Keller,andersensusan@example.com,NL,BUSINESS,2021-10-16 03:18:31,CLOSED
CUST001237,Cynthia,Marks,erica39@example.com,ES,SAVINGS,2025-01-19 17:44:34,ACTIVE
CUST001238,Jocelyn,Bauer,ronnie71@example.net,NL,BUSINESS,2024-12-03 04:23:48,ACTIVE
CUST001239,Kelly,Lee,mollywalter@example.net,IN,BUSINESS,2025-12-10 07:41:50,ACTIVE
CUST001240,Anthony,Jimenez,turneremily@example.net,ES,SAVINGS,2025-08-14 18:37:17,ACTIVE
CUST001241,Gary,Griffin,olsonamber@example.org,NL,BUSINESS,2023-06-14 00:20:50,ACTIVE
CUST001242,George,Raymond,garciavictoria@example.org,SG,CHECKING,2023-01-05 07:16:18,ACTIVE
CUST001243,Sarah,Nguyen,omiranda@example.net,ES,BUSINESS,2023-11-03 21:26:24,ACTIVE
CUST001244,Elizabeth,Lynn,wadesandra@example.net,IN,CHECKING,2025-10-31 22:22:09,SUSPENDED
CUST001245,Christopher,Holt,sarahmiranda@example.net,US,CHECKING,2022-03-14 09:11:11,CLOSED
CUST001246,Dawn,Bennett,yvaldez@example.net,JP,SAVINGS,2025-05-14 01:31:50,SUSPENDED
CUST001247,Lindsey,Walker,carterdaniel@example.com,GB,SAVINGS,2023-04-02 01:13:09,ACTIVE
CUST001248,Julie,Wilson,david56@example.net,JP,CHECKING,2021-08-30 16:25:16,SUSPENDED
CUST001249,Lance,Lawrence,melaniewhitney@example.com,CA,BUSINESS,2024-10-02 13:24:50,ACTIVE
CUST001250,Lauren,Peck,aprilguzman@example.org,SG,SAVINGS,2022-07-22 14:53:10,SUSPENDED
CUST001251,Randall,Medina,sstewart@example.org,US,SAVINGS,2025-11-25 09:29:17,CLOSED
CUST001252,Erin,Hernandez,dustin09@example.com,FR,BUSINESS,2024-04-11 03:52:40,ACTIVE
CUST001253,Wayne,Barker,wendy97@example.net,SG,SAVINGS,2023-06-26 15:23:56,ACTIVE
CUST001254,Troy,Padilla,zbrown@example.com,IN,CHECKING,2022-12-12 21:34:02,CLOSED
CUST001255,Maria,Clark,isabellawilliams@example.org,GB,CHECKING,2025-10-18 02:14:41,SUSPENDED
CUST001256,Jessica,Evans,vickiekelley@example.com,IN,CHECKING,2025-03-29 22:29:03,SUSPENDED
CUST001257,Erica,Mooney,hmyers@example.net,NL,SAVINGS,2024-01-21 20:14:46,ACTIVE
CUST001258,Justin,Leblanc,udavis@example.net,BE,BUSINESS,2022-02-09 14:59:22,CLOSED
CUST001259,Melissa,Mckinney,kpena@example.org,ES,BUSINESS,2025-05-29 08:30:11,SUSPENDED
CUST001260,Heather,Carter,jasonbrock@example.org,AE,SAVINGS,2021-09-22 20:13:59,ACTIVE
CUST001261,Michael,Chase,gregoryvanessa@example.org,FR,CHECKING,2024-11-07 09:17:53,SUSPENDED
CUST001262,Stephanie,Simmons,saradavis@example.com,FR,CHECKING,2023-03-06 13:39:42,ACTIVE
CUST001263,Sierra,Wilson,brittney26@example.org,US,SAVINGS,2021-12-09 01:57:10,ACTIVE
CUST001264,David,Sanders,hailey26@example.net,GB,CHECKING,2022-05-30 21:09:18,ACTIVE
CUST001265,Kimberly,Hancock,phill@example.com,PK,BUSINESS,2024-10-09 16:51:21,ACTIVE
CUST001266,Alexander,Wilson,burnselizabeth@example.net,ES,SAVINGS,2023-07-25 07:38:09,ACTIVE
CUST001267,Andrew,Berry,vhill@example.org,JP,SAVINGS,2023-03-11 02:48:15,ACTIVE
CUST001268,Patrick,Cooke,ievans@example.org,DE,SAVINGS,2024-05-31 22:05:37,ACTIVE
CUST001269,Bryan,Stout,richardhaynes@example.com,FR,SAVINGS,2026-05-19 02:06:52,ACTIVE
CUST001270,Lisa,Logan,lbrown@example.net,SG,BUSINESS,2022-09-15 00:02:04,ACTIVE
CUST001271,Karen,Clark,whitecarol@example.org,GB,BUSINESS,2021-09-11 00:15:00,ACTIVE
CUST001272,Angela,Mcbride,williamsbailey@example.net,SG,CHECKING,2023-01-08 07:58:20,ACTIVE
CUST001273,Christopher,Scott,millerdavid@example.com,IT,SAVINGS,2024-09-28 00:14:06,ACTIVE
CUST001274,Tammy,Jackson,wrightbrandon@example.net,ES,BUSINESS,2024-02-23 00:31:00,ACTIVE
CUST001275,Donna,Wallace,hneal@example.com,CA,BUSINESS,2026-03-24 15:04:18,SUSPENDED
CUST001276,William,Watts,youngjacob@example.com,FR,CHECKING,2023-06-25 02:42:12,ACTIVE
CUST001277,Susan,Guzman,brittanyramirez@example.net,IN,CHECKING,2025-03-28 14:59:01,SUSPENDED
CUST001278,Charles,Scott,ksantos@example.com,SG,CHECKING,2025-07-12 10:08:24,SUSPENDED
CUST001279,Christopher,King,jbentley@example.net,DE,CHECKING,2023-05-20 12:55:36,SUSPENDED
CUST001280,Chad,Oconnor,jenniferelliott@example.net,DE,BUSINESS,2025-12-31 10:03:27,ACTIVE
CUST001281,Cassidy,Barnes,lesliefrench@example.com,DE,SAVINGS,2021-11-13 23:14:33,ACTIVE
CUST001282,Tamara,Wright,david18@example.com,PK,SAVINGS,2022-03-18 09:33:00,ACTIVE
CUST001283,Mark,Davis,kimberly23@example.com,GB,CHECKING,2021-09-25 02:43:38,ACTIVE
CUST001284,Corey,Petty,nicholasgarcia@example.org,DE,BUSINESS,2023-02-22 10:44:40,CLOSED
CUST001285,Alisha,Hutchinson,wdavis@example.net,FR,BUSINESS,2026-07-08 02:27:41,ACTIVE
CUST001286,Michelle,Arnold,mosleygeorge@example.com,US,SAVINGS,2023-03-09 19:10:50,ACTIVE
CUST001287,Michael,Figueroa,iwoods@example.com,JP,BUSINESS,2021-09-23 23:26:46,ACTIVE
CUST001288,Gloria,Reeves,douglasbradley@example.com,PK,SAVINGS,2022-02-05 17:08:08,CLOSED
CUST001289,Samantha,Fowler,jasmine39@example.com,JP,SAVINGS,2025-07-17 18:18:21,ACTIVE
CUST001290,Isaac,Andersen,rshaw@example.com,DE,CHECKING,2026-01-28 21:36:54,ACTIVE
CUST001291,Shelly,Keith,kevinhodge@example.com,AE,CHECKING,2025-02-08 11:12:10,CLOSED
CUST001292,Kaylee,Bruce,jonesjohn@example.org,SG,SAVINGS,2023-01-20 10:59:25,ACTIVE
CUST001293,Barbara,Miller,angela70@example.com,GB,SAVINGS,2025-12-22 21:22:09,ACTIVE
CUST001294,Sarah,Taylor,rrobertson@example.net,IT,SAVINGS,2022-09-16 20:56:31,ACTIVE
CUST001295,Richard,Jensen,kleinjacqueline@example.net,IT,BUSINESS,2024-08-01 12:50:55,CLOSED
CUST001296,John,Stevenson,lawsontami@example.net,AU,BUSINESS,2026-02-06 23:28:35,CLOSED
CUST001297,Rebecca,Thompson,mary85@example.org,NL,BUSINESS,2025-03-30 19:43:13,ACTIVE
CUST001298,Tyler,Jackson,morganerika@example.net,IN,BUSINESS,2022-08-26 15:56:41,ACTIVE
CUST001299,Kelly,Webb,jason96@example.org,IT,BUSINESS,2024-03-29 12:16:29,CLOSED
CUST001300,Sarah,Haley,wallspatricia@example.com,CA,CHECKING,2022-02-20 02:31:50,SUSPENDED
CUST001301,Michael,Gilbert,kenneth10@example.com,NL,BUSINESS,2023-03-26 20:11:17,ACTIVE
CUST001302,Richard,Smith,fvasquez@example.net,AE,CHECKING,2026-01-09 09:38:15,SUSPENDED
CUST001303,Rachel,Jenkins,xsmith@example.net,GB,CHECKING,2023-10-11 14:39:46,ACTIVE
CUST001304,Jeremy,Foster,michael28@example.com,US,BUSINESS,2022-07-29 04:08:57,CLOSED
CUST001305,Veronica,Douglas,wmartin@example.net,DE,BUSINESS,2025-05-04 17:40:41,ACTIVE
CUST001306,Adam,Stephenson,danielmitchell@example.org,BE,SAVINGS,2025-01-02 06:44:46,ACTIVE
CUST001307,Robert,Rivera,martinjames@example.com,GB,BUSINESS,2023-11-29 06:43:11,SUSPENDED
CUST001308,David,Burns,tmarsh@example.org,BE,BUSINESS,2024-05-30 20:38:45,ACTIVE
CUST001309,Karen,Deleon,vshaw@example.com,AE,SAVINGS,2022-10-07 18:28:31,ACTIVE
CUST001310,Daniel,Rodriguez,martinezmaurice@example.org,FR,BUSINESS,2023-08-30 06:20:59,ACTIVE
CUST001311,Brett,Gallegos,vbray@example.org,FR,SAVINGS,2025-05-05 21:08:41,ACTIVE
CUST001312,Timothy,Campbell,hodgesjohn@example.org,FR,CHECKING,2025-12-30 20:04:08,SUSPENDED
CUST001313,Jacob,Campbell,linvirginia@example.org,CA,SAVINGS,2025-04-19 19:40:21,CLOSED
CUST001314,James,Mccarthy,hayneswayne@example.org,AE,SAVINGS,2023-04-03 15:26:36,SUSPENDED
CUST001315,Victoria,Garza,jeromeanderson@example.org,SG,SAVINGS,2023-12-24 07:52:01,ACTIVE
CUST001316,Veronica,Hickman,msmith@example.org,JP,BUSINESS,2022-01-30 18:46:15,CLOSED
CUST001317,Omar,Warren,jeffreysimmons@example.org,AU,CHECKING,2025-12-26 13:27:21,ACTIVE
CUST001318,Ronald,Williams,adamsjuan@example.com,DE,SAVINGS,2025-03-16 09:08:07,ACTIVE
CUST001319,John,Jacobson,blakewilliams@example.net,CA,CHECKING,2024-05-20 18:27:03,ACTIVE
CUST001320,Jason,Kennedy,jordanjohnny@example.com,CA,SAVINGS,2024-09-28 01:50:45,SUSPENDED
CUST001321,Matthew,Rodriguez,vegakaylee@example.org,AU,BUSINESS,2024-06-19 12:12:02,ACTIVE
CUST001322,Michael,Patrick,john43@example.net,NL,BUSINESS,2024-11-30 16:03:33,SUSPENDED
CUST001323,Christopher,Rodriguez,williamstanya@example.net,SG,CHECKING,2023-04-09 03:01:19,ACTIVE
CUST001324,James,Griffin,jonesamy@example.com,IT,CHECKING,2024-03-19 02:58:28,SUSPENDED
CUST001325,Jessica,Mayo,amandahernandez@example.org,DE,SAVINGS,2023-04-13 01:57:12,CLOSED
CUST001326,Robert,Dawson,patricia71@example.com,AU,CHECKING,2022-03-23 19:58:30,ACTIVE
CUST001327,Timothy,Mills,jacksonjoshua@example.org,JP,BUSINESS,2024-02-11 09:36:26,ACTIVE
CUST001328,Brandon,Knight,joysanders@example.net,DE,CHECKING,2026-03-06 19:05:35,ACTIVE
CUST001329,Monica,Mata,samuelhicks@example.net,SG,CHECKING,2024-12-19 22:10:54,ACTIVE
CUST001330,Richard,Nelson,adamarmstrong@example.net,US,SAVINGS,2021-09-22 00:00:41,CLOSED
CUST001331,Natasha,Gibbs,ugordon@example.net,CA,BUSINESS,2023-11-07 15:22:18,ACTIVE
CUST001332,Kevin,Robinson,andrea23@example.org,ES,SAVINGS,2026-03-10 04:48:46,ACTIVE
CUST001333,John,Williams,sheriramirez@example.org,SG,SAVINGS,2023-12-13 16:20:52,ACTIVE
CUST001334,Morgan,Williams,veronicaclark@example.org,AE,CHECKING,2021-08-29 19:39:08,ACTIVE
CUST001335,Deborah,Chen,mark84@example.net,AE,SAVINGS,2022-10-14 14:03:59,ACTIVE
CUST001336,Ricky,Carr,tracie05@example.org,CA,CHECKING,2024-01-11 10:26:49,ACTIVE
CUST001337,Gregory,Bonilla,sharphailey@example.net,SG,BUSINESS,2023-11-03 00:18:35,ACTIVE
CUST001338,Molly,Walters,lisawalker@example.com,US,SAVINGS,2023-05-21 00:32:19,CLOSED
CUST001339,Bonnie,Morton,omoore@example.net,BE,CHECKING,2025-05-04 13:27:29,SUSPENDED
CUST001340,Miguel,Barrera,crawfordstephen@example.org,IN,BUSINESS,2023-04-04 05:40:48,ACTIVE
CUST001341,Ashley,Harding,deborahsmith@example.org,BE,CHECKING,2023-02-28 16:05:27,ACTIVE
CUST001342,Lisa,Mcdaniel,chadjones@example.org,AE,CHECKING,2025-07-09 04:19:26,CLOSED
CUST001343,Regina,Waller,ramseyderrick@example.org,JP,BUSINESS,2022-07-01 07:40:02,ACTIVE
CUST001344,Nicholas,Smith,hinesdeanna@example.org,IT,BUSINESS,2022-10-10 03:14:52,CLOSED
CUST001345,John,Miller,sheenagreene@example.org,FR,CHECKING,2022-07-21 20:28:12,ACTIVE
CUST001346,Amy,Meyers,harristimothy@example.net,IT,CHECKING,2025-06-05 22:37:34,SUSPENDED
CUST001347,Lisa,Parker,dmoore@example.net,BE,SAVINGS,2023-12-04 10:16:33,ACTIVE
CUST001348,Courtney,Martinez,garciakenneth@example.net,ES,CHECKING,2025-03-07 17:08:00,CLOSED
CUST001349,Donald,Barr,perezpaul@example.com,AE,BUSINESS,2024-02-02 16:04:01,SUSPENDED
CUST001350,Jeremiah,Koch,tmcdaniel@example.org,IT,SAVINGS,2025-10-31 12:03:50,ACTIVE
CUST001351,Gavin,Rodriguez,huberjuan@example.org,GB,BUSINESS,2024-06-27 07:35:15,ACTIVE
CUST001352,David,Mclean,huangcassandra@example.org,NL,CHECKING,2025-04-18 04:06:50,CLOSED
CUST001353,Alyssa,Greene,qhernandez@example.net,BE,CHECKING,2024-03-19 09:29:16,CLOSED
CUST001354,Colleen,Mitchell,nelsonvictor@example.com,JP,CHECKING,2023-11-28 00:59:40,ACTIVE
CUST001355,Lisa,Dawson,mccormickmichelle@example.org,IT,BUSINESS,2022-11-23 21:44:18,ACTIVE
CUST001356,Luke,Myers,hbriggs@example.net,GB,CHECKING,2025-04-14 12:28:51,SUSPENDED
CUST001357,Susan,Ramirez,morrisdavid@example.com,IN,SAVINGS,2024-08-24 23:40:41,ACTIVE
CUST001358,Luis,Coleman,oguzman@example.com,BE,CHECKING,2022-10-28 21:47:20,CLOSED
CUST001359,Leah,Valdez,patrickdunn@example.net,US,CHECKING,2026-03-10 20:05:15,ACTIVE
CUST001360,Travis,Herrera,patrickcarpenter@example.com,IT,SAVINGS,2026-02-17 15:12:04,CLOSED
CUST001361,Becky,Steele,jacquelineyoung@example.org,AE,SAVINGS,2023-05-19 00:53:38,CLOSED
CUST001362,Victoria,Smith,hrosario@example.org,IT,SAVINGS,2024-08-14 20:30:14,ACTIVE
CUST001363,Michael,Atkinson,kenneththomas@example.net,AU,SAVINGS,2025-03-25 17:02:17,ACTIVE
CUST001364,John,Carey,burgessdavid@example.net,SG,BUSINESS,2022-11-12 23:49:35,ACTIVE
CUST001365,Nicholas,Johnson,swatson@example.org,ES,CHECKING,2026-08-06 11:01:50,SUSPENDED
CUST001366,Charles,Monroe,anthonydiaz@example.org,FR,CHECKING,2023-09-25 19:12:12,CLOSED
CUST001367,Chris,Carroll,lhernandez@example.com,BE,BUSINESS,2022-11-03 18:48:04,ACTIVE
CUST001368,Kaitlin,Hale,theodore57@example.net,BE,CHECKING,2021-10-05 12:13:46,SUSPENDED
CUST001369,Justin,Moore,munozglenn@example.org,IN,BUSINESS,2021-09-28 05:36:32,ACTIVE
CUST001370,Randy,Henderson,qspencer@example.net,DE,CHECKING,2025-12-01 17:35:06,CLOSED
CUST001371,Kevin,Perez,josephdavis@example.com,IT,SAVINGS,2022-09-18 05:52:57,SUSPENDED
CUST001372,Julia,Morales,robinsonisaiah@example.net,FR,CHECKING,2026-05-29 03:16:05,ACTIVE
CUST001373,Cassie,Jones,pwoods@example.net,DE,CHECKING,2025-02-04 01:41:58,ACTIVE
CUST001374,Margaret,Martin,deborah34@example.org,PK,BUSINESS,2022-07-15 19:53:47,SUSPENDED
CUST001375,Christian,Morrison,anthony42@example.net,SG,SAVINGS,2022-07-22 05:50:07,SUSPENDED
CUST001376,Cameron,Harper,jacob30@example.org,SG,CHECKING,2023-12-09 17:53:07,CLOSED
CUST001377,Christopher,Hudson,elliottkristy@example.org,DE,BUSINESS,2022-01-21 18:02:58,ACTIVE
CUST001378,Leonard,Harding,hooperkaren@example.com,JP,SAVINGS,2025-11-26 14:04:42,ACTIVE
CUST001379,James,Walton,terri15@example.com,AU,BUSINESS,2025-12-07 00:47:27,ACTIVE
CUST001380,Craig,Aguirre,andrewflynn@example.com,GB,BUSINESS,2026-08-21 05:17:59,ACTIVE
CUST001381,Misty,Johnson,edwardford@example.net,IT,SAVINGS,2022-06-11 07:32:04,ACTIVE
CUST001382,Stephanie,Hall,lindseypena@example.net,IN,SAVINGS,2023-01-07 19:48:00,SUSPENDED
CUST001383,Victoria,Mason,seth25@example.com,SG,BUSINESS,2024-09-17 22:23:54,ACTIVE
CUST001384,Cindy,Bentley,macdonaldkim@example.com,BE,SAVINGS,2023-09-07 08:38:40,ACTIVE
CUST001385,Jason,Bishop,rubioashley@example.com,IT,CHECKING,2022-06-24 02:23:03,ACTIVE
CUST001386,Linda,Thomas,amy17@example.org,ES,BUSINESS,2025-07-08 12:11:43,ACTIVE
CUST001387,Lee,Villa,carlosray@example.com,ES,CHECKING,2022-05-29 16:40:42,ACTIVE
CUST001388,Charles,Page,escott@example.com,US,SAVINGS,2025-05-29 20:33:24,ACTIVE
CUST001389,Debra,Taylor,bonillatracy@example.com,GB,CHECKING,2024-02-01 23:34:40,CLOSED
CUST001390,Richard,Vincent,scotthunt@example.net,BE,CHECKING,2024-04-25 22:21:37,SUSPENDED
CUST001391,Nathaniel,Fleming,rbaker@example.org,NL,SAVINGS,2022-02-18 17:52:00,ACTIVE
CUST001392,Joyce,Sanchez,mooredaniel@example.com,IN,CHECKING,2022-12-29 23:56:36,ACTIVE
CUST001393,Ashley,Nash,paulford@example.org,ES,BUSINESS,2024-08-13 13:57:50,ACTIVE
CUST001394,Steven,Day,lrodriguez@example.net,IN,BUSINESS,2022-07-28 02:18:01,CLOSED
CUST001395,Samantha,Nielsen,vgonzalez@example.org,FR,CHECKING,2024-05-07 05:44:15,ACTIVE
CUST001396,Matthew,Munoz,jacquelinealvarez@example.com,ES,CHECKING,2025-07-07 19:06:16,ACTIVE
CUST001397,Benjamin,Moore,nthomas@example.com,BE,SAVINGS,2026-06-25 19:48:59,CLOSED
CUST001398,Anthony,Burke,zbrown@example.com,FR,BUSINESS,2025-04-22 18:34:11,ACTIVE
CUST001399,Tiffany,Lewis,mirandacisneros@example.net,NL,CHECKING,2025-03-31 10:29:26,ACTIVE
CUST001400,Joseph,Reid,thomasjoshua@example.org,GB,SAVINGS,2024-03-09 08:52:04,CLOSED
CUST001401,Morgan,Hayes,qwarren@example.com,SG,BUSINESS,2023-03-20 09:08:08,ACTIVE
CUST001402,Maria,Davis,wpeterson@example.com,DE,SAVINGS,2023-01-18 15:45:16,ACTIVE
CUST001403,James,Mcmahon,salvarez@example.org,AE,CHECKING,2025-05-13 12:14:17,ACTIVE
CUST001404,Michael,Schwartz,jmorrow@example.net,FR,CHECKING,2023-05-04 08:58:07,ACTIVE
CUST001405,Christian,Contreras,mariodowns@example.net,ES,CHECKING,2024-05-04 20:21:15,SUSPENDED
CUST001406,Alexis,Mosley,victorstewart@example.net,BE,BUSINESS,2025-02-08 01:38:52,ACTIVE
CUST001407,Jose,Bowen,iharding@example.net,AU,BUSINESS,2025-06-21 11:38:10,ACTIVE
CUST001408,Danielle,Lane,robinsontiffany@example.com,PK,CHECKING,2026-04-18 02:24:13,ACTIVE
CUST001409,Kim,Burke,michaelfarley@example.net,DE,CHECKING,2026-07-22 15:18:18,SUSPENDED
CUST001410,Stephanie,Wood,allen48@example.org,AE,CHECKING,2025-11-23 05:08:36,ACTIVE
CUST001411,Deborah,Bryant,ibell@example.com,PK,SAVINGS,2026-02-05 21:37:58,ACTIVE
CUST001412,Terri,Rogers,stephenbrooks@example.net,FR,SAVINGS,2023-01-12 19:51:32,ACTIVE
CUST001413,Amy,James,swalters@example.net,ES,BUSINESS,2022-06-29 18:01:13,SUSPENDED
CUST001414,Wanda,Shaffer,davisallen@example.com,IN,BUSINESS,2022-07-13 13:51:16,SUSPENDED
CUST001415,Tyler,Walton,schultzwesley@example.org,US,CHECKING,2024-02-12 04:06:23,SUSPENDED
CUST001416,Melissa,Lewis,harnold@example.org,JP,SAVINGS,2025-08-23 09:15:24,ACTIVE
CUST001417,Stephanie,Bell,pgutierrez@example.net,BE,CHECKING,2025-01-06 04:53:19,ACTIVE
CUST001418,Adrian,Brooks,williamadams@example.net,NL,SAVINGS,2023-11-25 05:44:38,SUSPENDED
CUST001419,Kyle,Orr,anunez@example.com,PK,CHECKING,2021-12-04 23:39:33,ACTIVE
CUST001420,Alexis,Hernandez,mary89@example.com,AU,BUSINESS,2024-07-01 13:22:49,CLOSED
CUST001421,George,Armstrong,zallen@example.org,IT,BUSINESS,2024-12-29 11:09:35,ACTIVE
CUST001422,Maria,Solis,oanderson@example.com,US,SAVINGS,2023-02-16 04:33:43,CLOSED
CUST001423,Richard,Flores,samuelgarcia@example.org,US,CHECKING,2025-12-09 03:23:39,ACTIVE
CUST001424,David,Ray,ocameron@example.com,NL,SAVINGS,2026-05-09 06:53:11,ACTIVE
CUST001425,Erik,Morris,davissamuel@example.net,GB,CHECKING,2022-12-13 23:23:44,CLOSED
CUST001426,Anthony,Zimmerman,armstronganthony@example.net,IT,BUSINESS,2022-10-05 01:37:44,CLOSED
CUST001427,Tonya,Walters,jacob34@example.org,AE,CHECKING,2026-03-15 22:51:53,SUSPENDED
CUST001428,Mary,Barber,qtownsend@example.org,AE,BUSINESS,2023-12-27 18:07:38,ACTIVE
CUST001429,Christopher,Thomas,littlebeth@example.org,US,BUSINESS,2022-08-05 02:55:02,SUSPENDED
CUST001430,Stephen,Carlson,thomasjose@example.org,BE,BUSINESS,2022-06-09 17:13:43,CLOSED
CUST001431,Chris,Kirk,peterhenry@example.org,BE,SAVINGS,2025-03-02 22:20:12,ACTIVE
CUST001432,Charles,Chung,clarkrobert@example.com,ES,CHECKING,2025-06-26 07:12:12,ACTIVE
CUST001433,Lindsey,White,bergerdonna@example.net,AU,CHECKING,2021-12-01 04:22:52,ACTIVE
CUST001434,David,Cooper,timothy99@example.net,PK,SAVINGS,2021-09-10 01:10:33,ACTIVE
CUST001435,Eric,Harmon,leeanthony@example.org,AE,SAVINGS,2026-01-20 19:45:52,CLOSED
CUST001436,William,Hernandez,danny30@example.com,BE,BUSINESS,2022-10-29 23:25:13,ACTIVE
CUST001437,Jeffrey,Luna,josepholson@example.org,ES,CHECKING,2024-08-12 09:17:14,ACTIVE
CUST001438,Jean,Pearson,fmcgee@example.com,JP,CHECKING,2026-01-04 05:42:22,ACTIVE
CUST001439,Stacey,Nielsen,gerald46@example.org,CA,BUSINESS,2026-08-12 19:13:53,ACTIVE
CUST001440,Laura,Matthews,lauramckay@example.com,AE,CHECKING,2025-05-03 05:15:13,CLOSED
CUST001441,Nicole,Henderson,lisa91@example.net,IN,SAVINGS,2024-11-27 13:13:56,ACTIVE
CUST001442,Ruben,Bradley,rachael17@example.org,PK,CHECKING,2021-12-08 08:35:31,ACTIVE
CUST001443,Susan,King,pcarter@example.net,IT,BUSINESS,2024-08-23 21:10:34,ACTIVE
CUST001444,Raymond,Wilson,ruben25@example.org,AE,BUSINESS,2022-04-08 03:43:10,ACTIVE
CUST001445,Jason,Watson,kimberlymartinez@example.com,PK,BUSINESS,2021-09-28 08:06:10,ACTIVE
CUST001446,Jennifer,Lewis,rachel81@example.com,SG,BUSINESS,2024-01-23 15:04:30,ACTIVE
CUST001447,Carolyn,Rose,hoffmanjennifer@example.net,AU,BUSINESS,2022-04-14 22:33:36,ACTIVE
CUST001448,Audrey,Lucas,ustewart@example.org,AU,CHECKING,2023-04-29 21:50:20,SUSPENDED
CUST001449,Brandon,Snyder,mooneyrobert@example.org,CA,SAVINGS,2025-07-02 05:22:06,ACTIVE
CUST001450,George,Murphy,byoung@example.com,US,CHECKING,2021-10-19 21:14:03,ACTIVE
CUST001451,Dawn,Chase,buckjustin@example.com,FR,CHECKING,2021-12-18 10:47:40,CLOSED
CUST001452,Paula,Hull,rogersallen@example.com,IT,CHECKING,2022-06-16 23:54:39,CLOSED
CUST001453,Maria,Perry,joshua56@example.org,US,CHECKING,2026-05-20 07:11:51,ACTIVE
CUST001454,Kim,Snyder,longheather@example.com,PK,BUSINESS,2025-11-05 05:06:30,ACTIVE
CUST001455,Melinda,Coffey,cameronsharon@example.org,AE,CHECKING,2021-11-24 11:08:56,ACTIVE
CUST001456,Jeffrey,Petersen,danielmorris@example.net,SG,CHECKING,2025-05-10 02:06:09,ACTIVE
CUST001457,Jeremy,Miller,lisa80@example.net,FR,CHECKING,2022-02-04 13:16:29,ACTIVE
CUST001458,Jordan,Glover,williamskevin@example.com,AU,BUSINESS,2024-06-13 15:48:41,ACTIVE
CUST001459,Hailey,Conner,knelson@example.org,AE,CHECKING,2026-08-12 04:41:16,CLOSED
CUST001460,Steven,Martinez,karenbarron@example.com,IN,SAVINGS,2025-06-13 13:34:31,ACTIVE
CUST001461,Elizabeth,Boyd,beckystanley@example.com,BE,BUSINESS,2024-05-21 14:42:52,SUSPENDED
CUST001462,Kendra,Webb,bakerkenneth@example.org,AU,CHECKING,2024-08-26 05:34:27,ACTIVE
CUST001463,Angelica,Salas,heatherjones@example.com,NL,SAVINGS,2022-02-28 17:05:30,ACTIVE
CUST001464,Jason,Santiago,mcardenas@example.com,ES,BUSINESS,2022-07-16 05:56:14,SUSPENDED
CUST001465,Matthew,Cervantes,kathleen47@example.net,AE,BUSINESS,2022-12-16 22:15:20,SUSPENDED
CUST001466,Melanie,Garcia,jefferycox@example.com,JP,SAVINGS,2026-01-06 17:55:03,ACTIVE
CUST001467,James,Ross,ramirezfrank@example.com,SG,BUSINESS,2026-07-23 21:34:04,CLOSED
CUST001468,Deborah,Thomas,mcgeejohn@example.com,AE,SAVINGS,2023-03-29 13:12:50,ACTIVE
CUST001469,Joseph,Alvarez,hbell@example.net,JP,BUSINESS,2022-05-13 15:44:10,ACTIVE
CUST001470,Michael,Lewis,gshaw@example.com,GB,SAVINGS,2022-02-06 14:56:32,ACTIVE
CUST001471,Scott,Wood,wongjessica@example.com,ES,CHECKING,2023-04-19 23:51:14,ACTIVE
CUST001472,Kelly,Powell,alyssa78@example.com,SG,BUSINESS,2022-07-30 16:39:15,SUSPENDED
CUST001473,Erin,Lucas,robinsonbrian@example.org,IN,BUSINESS,2026-07-17 15:33:32,ACTIVE
CUST001474,Joseph,Jones,hillnicole@example.net,ES,BUSINESS,2025-02-02 09:23:55,ACTIVE
CUST001475,Philip,Garcia,tyler23@example.com,PK,BUSINESS,2024-02-06 05:32:39,ACTIVE
CUST001476,Janice,Roberts,daviswesley@example.net,JP,BUSINESS,2025-09-14 16:56:27,ACTIVE
CUST001477,Jocelyn,Phelps,georgemaldonado@example.org,PK,SAVINGS,2023-03-30 12:40:31,ACTIVE
CUST001478,Martin,Gibson,waderonnie@example.org,BE,BUSINESS,2023-02-27 23:44:41,ACTIVE
CUST001479,Terri,Ibarra,erincastaneda@example.net,IT,SAVINGS,2024-08-23 12:59:48,ACTIVE
CUST001480,Tara,Aguilar,emarks@example.org,ES,BUSINESS,2022-01-12 19:52:08,ACTIVE
CUST001481,Lori,Bradley,mary88@example.org,IN,BUSINESS,2022-11-23 21:16:51,ACTIVE
CUST001482,Kimberly,Garcia,shaun58@example.com,US,CHECKING,2025-10-14 22:50:04,ACTIVE
CUST001483,Jon,Ellis,kevin58@example.net,IT,CHECKING,2025-10-08 07:22:42,ACTIVE
CUST001484,Daniel,Jennings,hernandezrobert@example.org,BE,SAVINGS,2022-11-08 12:11:42,ACTIVE
CUST001485,Michael,Johnson,vhoward@example.org,SG,CHECKING,2023-04-19 17:10:44,ACTIVE
CUST001486,Samantha,Gray,sheppardnatalie@example.net,GB,SAVINGS,2026-04-14 11:10:36,SUSPENDED
CUST001487,Rachel,Cole,josephshelton@example.com,ES,SAVINGS,2024-12-22 08:17:32,SUSPENDED
CUST001488,Brianna,Landry,kyle09@example.net,PK,SAVINGS,2024-07-26 23:39:40,ACTIVE
CUST001489,Mary,Martinez,yknight@example.com,CA,SAVINGS,2024-02-07 12:33:46,ACTIVE
CUST001490,Daniel,Smith,stevenhernandez@example.com,IN,SAVINGS,2026-05-25 13:15:41,CLOSED
CUST001491,Elizabeth,Torres,calvin40@example.com,JP,BUSINESS,2021-12-30 16:56:51,ACTIVE
CUST001492,Jeff,Petersen,brownkevin@example.com,ES,SAVINGS,2024-08-23 21:20:19,ACTIVE
CUST001493,Donna,Smith,devin48@example.net,AE,CHECKING,2026-06-02 15:44:53,ACTIVE
CUST001494,Eric,Miller,douglas36@example.net,FR,SAVINGS,2022-05-03 06:01:46,ACTIVE
CUST001495,Kelly,Johnson,john66@example.com,DE,CHECKING,2022-06-26 09:00:53,ACTIVE
CUST001496,Patricia,Mora,glen65@example.net,ES,SAVINGS,2022-10-31 21:00:18,ACTIVE
CUST001497,Felicia,Gonzalez,robertgonzalez@example.com,SG,CHECKING,2022-05-18 09:54:27,CLOSED
CUST001498,Kenneth,Ho,ygardner@example.com,PK,CHECKING,2022-06-19 20:41:47,ACTIVE
CUST001499,Dillon,Ramos,william57@example.com,AU,BUSINESS,2025-04-15 04:35:18,SUSPENDED
CUST001500,Steven,Ali,jjohnson@example.org,SG,CHECKING,2025-03-25 05:13:51,SUSPENDED
CUST001501,Christopher,Taylor,kristin98@example.com,JP,CHECKING,2022-09-24 21:33:54,CLOSED
CUST001502,Christine,Yoder,brian62@example.com,PK,SAVINGS,2021-09-12 23:08:23,ACTIVE
CUST001503,Steven,Hines,fcombs@example.org,FR,CHECKING,2023-12-12 20:57:35,ACTIVE
CUST001504,Maria,Santos,brooke49@example.com,IT,CHECKING,2024-06-19 19:20:54,SUSPENDED
CUST001505,Michelle,Martinez,mileszachary@example.net,SG,BUSINESS,2025-11-11 07:51:19,CLOSED
CUST001506,Derek,Jacobson,kevincollins@example.org,NL,BUSINESS,2025-10-10 04:08:23,ACTIVE
CUST001507,Cindy,Gonzalez,smithcassandra@example.org,NL,CHECKING,2026-01-26 12:02:35,ACTIVE
CUST001508,Collin,Harris,gjohnson@example.com,FR,SAVINGS,2024-12-21 09:00:11,CLOSED
CUST001509,Brian,Martinez,lwebb@example.org,CA,SAVINGS,2026-04-20 01:36:19,ACTIVE
CUST001510,Jorge,Salazar,nvillarreal@example.org,FR,SAVINGS,2025-04-29 17:53:31,ACTIVE
CUST001511,Dustin,Smith,lorisandoval@example.org,GB,CHECKING,2025-12-31 16:35:10,ACTIVE
CUST001512,Judith,Payne,scastillo@example.net,IN,BUSINESS,2022-07-02 05:16:18,CLOSED
CUST001513,Susan,Vasquez,peter17@example.com,US,CHECKING,2025-04-06 09:06:17,ACTIVE
CUST001514,Eddie,Campbell,elliottalex@example.com,FR,CHECKING,2021-12-09 08:42:59,ACTIVE
CUST001515,Deanna,Barry,wwilliams@example.org,JP,SAVINGS,2025-08-18 04:56:46,ACTIVE
CUST001516,Nicole,Ellis,holdenmichael@example.net,US,CHECKING,2023-06-11 08:10:11,ACTIVE
CUST001517,Michael,Mccarthy,lpalmer@example.net,AE,SAVINGS,2022-12-08 20:40:05,SUSPENDED
CUST001518,Michael,Ball,stephen24@example.net,US,BUSINESS,2024-03-23 15:21:10,ACTIVE
CUST001519,Sandra,Jones,ebennett@example.net,DE,BUSINESS,2023-03-08 20:57:49,CLOSED
CUST001520,Barbara,Pennington,david59@example.net,GB,CHECKING,2024-08-10 23:07:28,ACTIVE
CUST001521,Breanna,Gallegos,williamsmelissa@example.org,PK,SAVINGS,2023-08-15 08:23:21,ACTIVE
CUST001522,Colin,Rodriguez,omorris@example.net,ES,SAVINGS,2023-08-30 14:43:11,ACTIVE
CUST001523,Daniel,Gilmore,acampos@example.org,NL,SAVINGS,2022-03-05 20:50:55,SUSPENDED
CUST001524,Cheryl,Wilson,alexandernicholas@example.net,NL,CHECKING,2021-11-24 23:55:10,ACTIVE
CUST001525,Sandra,Morris,ogray@example.net,AU,CHECKING,2026-05-20 08:32:30,ACTIVE
CUST001526,James,King,oshelton@example.org,AE,BUSINESS,2023-01-11 01:32:20,ACTIVE
CUST001527,Ryan,Rice,christopherjohnson@example.net,DE,BUSINESS,2022-06-20 08:54:41,ACTIVE
CUST001528,James,Patrick,wardricky@example.net,AE,BUSINESS,2022-04-06 01:22:18,SUSPENDED
CUST001529,Matthew,Fleming,nlee@example.net,AE,BUSINESS,2025-09-05 07:20:47,ACTIVE
CUST001530,Vincent,Kelly,lauriegonzales@example.net,CA,CHECKING,2024-11-06 00:40:16,SUSPENDED
CUST001531,Morgan,Carroll,kimberlyevans@example.org,IN,BUSINESS,2025-11-21 21:56:37,SUSPENDED
CUST001532,Jerry,Guzman,andrew44@example.com,CA,BUSINESS,2024-09-10 10:36:34,SUSPENDED
CUST001533,Carlos,Savage,charles93@example.net,AU,CHECKING,2025-11-26 01:28:15,SUSPENDED
CUST001534,Larry,Montgomery,aguilarsharon@example.com,NL,CHECKING,2021-11-26 14:35:16,SUSPENDED
CUST001535,Antonio,Fisher,matthewhubbard@example.org,PK,BUSINESS,2023-05-22 00:00:09,ACTIVE
CUST001536,Amy,Gross,youngcharles@example.net,CA,BUSINESS,2021-12-13 08:03:03,CLOSED
CUST001537,Michael,Jones,ngeorge@example.org,AE,BUSINESS,2026-05-04 16:30:37,CLOSED
CUST001538,Timothy,Anderson,garciatyler@example.org,ES,CHECKING,2024-08-17 16:22:10,SUSPENDED
CUST001539,Ryan,Turner,andrewbrown@example.org,ES,CHECKING,2026-03-12 03:02:53,ACTIVE
CUST001540,Cathy,Gray,tranbrett@example.com,AE,CHECKING,2022-09-18 13:38:26,ACTIVE
CUST001541,Russell,Simmons,darrellwilson@example.net,FR,SAVINGS,2024-10-10 21:36:34,ACTIVE
CUST001542,Michael,Cooper,allenchristopher@example.org,JP,SAVINGS,2023-08-01 02:59:50,ACTIVE
CUST001543,Robert,Goodwin,ritteralexis@example.net,IN,BUSINESS,2023-10-10 22:49:42,ACTIVE
CUST001544,Lisa,Jones,samuelcampbell@example.com,IN,BUSINESS,2024-08-15 20:21:34,ACTIVE
CUST001545,Carrie,Zamora,david67@example.net,BE,BUSINESS,2022-09-09 16:18:22,ACTIVE
CUST001546,Diane,Jones,troymoss@example.com,DE,SAVINGS,2023-07-10 21:04:28,CLOSED
CUST001547,Scott,Turner,kimberly43@example.net,GB,BUSINESS,2023-12-04 16:08:16,ACTIVE
CUST001548,Luis,Weaver,brownrachel@example.net,IN,SAVINGS,2025-10-14 01:32:14,CLOSED
CUST001549,Joshua,Harris,maureenmeyer@example.com,US,CHECKING,2026-05-09 11:22:19,CLOSED
CUST001550,Jason,Watson,barryyoung@example.com,AU,BUSINESS,2025-07-05 06:17:01,SUSPENDED
CUST001551,Stephanie,Smith,nelsonbrianna@example.com,DE,SAVINGS,2022-05-14 23:32:26,ACTIVE
CUST001552,Brian,Bond,ysimpson@example.com,ES,BUSINESS,2025-06-04 23:46:30,CLOSED
CUST001553,Bradley,Harris,donnapatel@example.net,AU,CHECKING,2024-03-30 12:45:12,ACTIVE
CUST001554,Anthony,Hines,kentkaren@example.com,AU,CHECKING,2023-11-19 03:07:23,ACTIVE
CUST001555,Lisa,Garza,petersonmaria@example.com,IN,BUSINESS,2025-04-14 19:38:30,ACTIVE
CUST001556,Kimberly,Mcfarland,aguirreangela@example.net,PK,SAVINGS,2024-02-04 10:44:17,ACTIVE
CUST001557,Michele,Hurley,ucoleman@example.net,GB,BUSINESS,2026-01-23 16:12:39,SUSPENDED
CUST001558,Jordan,Horne,preese@example.org,AU,BUSINESS,2021-10-11 15:25:16,SUSPENDED
CUST001559,Juan,Fleming,christopher38@example.com,FR,CHECKING,2024-07-09 03:30:00,ACTIVE
CUST001560,Ashley,Johnson,michael49@example.org,GB,CHECKING,2022-09-15 16:13:18,CLOSED
CUST001561,Kurt,Guerrero,melanie77@example.org,AU,BUSINESS,2025-05-23 05:16:37,SUSPENDED
CUST001562,Alan,Johnson,timothy83@example.com,FR,SAVINGS,2022-02-23 11:39:55,ACTIVE
CUST001563,Bethany,Miller,stephanie72@example.com,SG,CHECKING,2023-12-31 10:04:41,ACTIVE
CUST001564,Jordan,Simpson,crystalthomas@example.net,SG,SAVINGS,2022-01-26 12:11:31,ACTIVE
CUST001565,Jesse,Pena,gabriellevalencia@example.net,PK,SAVINGS,2024-05-07 09:26:03,ACTIVE
CUST001566,Bobby,Love,lynnvictoria@example.com,BE,SAVINGS,2021-10-14 13:07:18,ACTIVE
CUST001567,Erika,Mathews,amber09@example.org,NL,SAVINGS,2024-08-16 00:59:47,ACTIVE
CUST001568,Daniel,Hunter,dixonjoel@example.com,IN,CHECKING,2026-07-02 12:49:37,ACTIVE
CUST001569,Nathan,Carson,bjones@example.com,NL,BUSINESS,2022-11-13 00:02:35,SUSPENDED
CUST001570,Angel,Lawson,matthew65@example.com,AE,SAVINGS,2024-02-25 02:11:34,ACTIVE
CUST001571,Christy,Martin,carteredward@example.net,SG,SAVINGS,2021-11-12 19:18:46,CLOSED
CUST001572,Daniel,Lewis,william89@example.net,JP,CHECKING,2024-07-29 09:41:43,ACTIVE
CUST001573,Shelby,Gray,sandovaledward@example.net,US,CHECKING,2022-04-26 04:32:39,SUSPENDED
CUST001574,Stephanie,Benjamin,arianacuevas@example.net,SG,SAVINGS,2026-04-24 18:28:52,CLOSED
CUST001575,Jessica,Ryan,abbottallison@example.org,IN,SAVINGS,2025-08-31 22:40:41,ACTIVE
CUST001576,Donna,Meyer,joseph94@example.org,CA,CHECKING,2024-06-11 15:45:23,ACTIVE
CUST001577,John,Saunders,jerry51@example.net,NL,BUSINESS,2023-09-13 08:59:29,CLOSED
CUST001578,Sean,Rosario,wcox@example.net,GB,CHECKING,2025-12-13 10:46:18,CLOSED
CUST001579,Charles,Cox,cjacobs@example.com,PK,BUSINESS,2023-08-09 07:39:25,ACTIVE
CUST001580,Ashley,Serrano,sarasanchez@example.com,ES,CHECKING,2026-08-16 05:46:53,ACTIVE
CUST001581,Elizabeth,Jacobs,matthew11@example.com,IN,CHECKING,2025-03-25 12:59:00,ACTIVE
CUST001582,William,Hernandez,xchen@example.org,FR,SAVINGS,2023-03-07 10:45:03,ACTIVE
CUST001583,Nancy,Smith,barneskathy@example.net,PK,SAVINGS,2025-08-24 06:35:04,ACTIVE
CUST001584,Julia,Martinez,bassandrew@example.org,NL,SAVINGS,2022-04-09 07:38:05,SUSPENDED
CUST001585,David,Camacho,wstrong@example.org,CA,SAVINGS,2025-01-26 10:13:52,ACTIVE
CUST001586,Heidi,Allen,david59@example.net,JP,CHECKING,2022-07-26 07:18:37,ACTIVE
CUST001587,Virginia,Williams,stephanie67@example.net,BE,SAVINGS,2025-05-10 02:40:32,CLOSED
CUST001588,Keith,Woods,jessicacummings@example.net,US,CHECKING,2025-12-25 00:56:28,SUSPENDED
CUST001589,Christopher,Huang,emily76@example.com,AU,BUSINESS,2025-05-19 02:41:02,ACTIVE
CUST001590,Gregory,Sharp,shirley13@example.com,BE,CHECKING,2025-11-05 01:53:26,ACTIVE
CUST001591,Matthew,Elliott,ymitchell@example.com,SG,BUSINESS,2023-03-02 18:54:37,ACTIVE
CUST001592,Stephanie,Williams,russellramirez@example.net,NL,CHECKING,2024-04-28 04:11:43,SUSPENDED
CUST001593,Cory,Mitchell,robertstommy@example.org,FR,CHECKING,2023-02-02 12:44:08,CLOSED
CUST001594,Keith,Hardin,middletonelizabeth@example.org,AE,CHECKING,2022-06-19 15:45:14,ACTIVE
CUST001595,Jamie,Roberson,anthonyorr@example.net,JP,CHECKING,2026-03-23 17:10:53,ACTIVE
CUST001596,Lauren,Smith,woodjuan@example.net,NL,BUSINESS,2025-04-11 13:35:57,SUSPENDED
CUST001597,Jessica,Meyer,hphillips@example.net,CA,CHECKING,2022-09-02 02:40:56,ACTIVE
CUST001598,Sean,Reynolds,christopher24@example.net,US,CHECKING,2022-08-22 07:20:49,ACTIVE
CUST001599,Tanya,Lara,jessicamurphy@example.net,AU,CHECKING,2024-07-02 07:48:54,ACTIVE
CUST001600,Joshua,Mccoy,mannleroy@example.org,NL,BUSINESS,2025-05-02 22:14:29,ACTIVE
CUST001601,Craig,Thornton,james80@example.net,SG,BUSINESS,2021-09-19 05:35:37,ACTIVE
CUST001602,John,Willis,emilybaker@example.org,GB,SAVINGS,2025-10-08 18:44:11,ACTIVE
CUST001603,Lisa,Gross,david18@example.net,US,SAVINGS,2023-06-21 22:21:32,ACTIVE
CUST001604,Aaron,Jones,jenniferwilliams@example.net,US,SAVINGS,2023-11-20 19:28:08,CLOSED
CUST001605,Christina,Welch,danawashington@example.net,IN,BUSINESS,2023-03-07 21:49:59,SUSPENDED
CUST001606,Natalie,Pittman,elizabeth76@example.net,AU,CHECKING,2024-09-08 00:38:52,ACTIVE
CUST001607,Amy,Phillips,danielibarra@example.com,CA,BUSINESS,2025-03-21 02:27:41,ACTIVE
CUST001608,Tara,Nguyen,dwilson@example.com,CA,BUSINESS,2022-08-13 05:08:36,CLOSED
CUST001609,Michael,Sanders,kimwebb@example.com,AU,SAVINGS,2025-02-25 12:25:39,ACTIVE
CUST001610,Grace,Johnson,william60@example.net,JP,CHECKING,2024-05-25 14:12:25,SUSPENDED
CUST001611,Jose,Stewart,blamb@example.com,DE,SAVINGS,2023-11-13 10:25:05,ACTIVE
CUST001612,Rita,Adams,matthewcardenas@example.com,JP,SAVINGS,2025-06-16 05:26:56,ACTIVE
CUST001613,Robert,Armstrong,amandachan@example.org,NL,BUSINESS,2024-06-14 18:17:51,ACTIVE
CUST001614,David,Fernandez,langchristopher@example.net,IT,CHECKING,2024-06-25 23:01:26,CLOSED
CUST001615,Rhonda,Wang,penaapril@example.com,AE,CHECKING,2026-03-16 02:59:58,ACTIVE
CUST001616,James,Moore,oheath@example.com,AE,BUSINESS,2023-01-08 22:25:51,SUSPENDED
CUST001617,Renee,Rivera,angelawright@example.org,JP,SAVINGS,2021-12-15 13:12:29,ACTIVE
CUST001618,Megan,Fischer,masonlacey@example.org,SG,CHECKING,2022-12-26 01:58:07,SUSPENDED
CUST001619,Justin,Johnson,arthurbrady@example.com,NL,SAVINGS,2025-01-21 13:25:09,SUSPENDED
CUST001620,David,Yang,michelle11@example.net,GB,SAVINGS,2025-03-08 00:14:36,ACTIVE
CUST001621,Andrew,Newton,codychapman@example.com,AU,BUSINESS,2023-04-21 02:08:03,CLOSED
CUST001622,Marie,Villarreal,ronald04@example.com,IN,CHECKING,2025-07-21 05:44:53,ACTIVE
CUST001623,James,Baker,bbennett@example.org,SG,BUSINESS,2023-07-16 23:38:41,ACTIVE
CUST001624,Tammy,Hoffman,smitchell@example.net,JP,BUSINESS,2025-12-16 09:36:47,SUSPENDED
CUST001625,John,Smith,xluna@example.net,PK,BUSINESS,2022-07-27 23:01:02,ACTIVE
CUST001626,Shaun,Lane,sandersjesse@example.com,CA,SAVINGS,2025-09-14 20:31:09,ACTIVE
CUST001627,Anna,Day,douglas11@example.net,IN,BUSINESS,2023-02-02 07:53:04,CLOSED
CUST001628,Jared,Mcmahon,christopherpowell@example.com,ES,SAVINGS,2026-02-06 15:13:07,ACTIVE
CUST001629,Jennifer,Knight,briansnyder@example.com,US,CHECKING,2024-04-19 03:01:42,ACTIVE
CUST001630,Joy,Flowers,morrisannette@example.com,SG,BUSINESS,2021-09-11 18:43:30,ACTIVE
CUST001631,Joseph,Clark,ugardner@example.net,JP,SAVINGS,2023-08-27 21:15:45,ACTIVE
CUST001632,Marc,Fletcher,morseronald@example.org,IT,SAVINGS,2024-11-04 16:26:45,ACTIVE
CUST001633,David,Smith,martinsamuel@example.org,SG,SAVINGS,2021-12-24 19:55:59,SUSPENDED
CUST001634,Nicole,Simpson,jtaylor@example.com,AE,SAVINGS,2025-01-17 09:06:29,ACTIVE
CUST001635,Albert,Wilson,jennifer48@example.com,NL,BUSINESS,2024-10-23 02:08:23,ACTIVE
CUST001636,Anne,Martin,alexandra39@example.net,US,CHECKING,2024-10-21 21:55:00,SUSPENDED
CUST001637,April,King,vclark@example.net,FR,BUSINESS,2022-10-19 22:53:21,CLOSED
CUST001638,Frank,Espinoza,asmith@example.org,AU,BUSINESS,2022-12-05 14:06:11,ACTIVE
CUST001639,Thomas,Holder,collinsjacob@example.net,US,CHECKING,2022-06-13 01:03:58,CLOSED
CUST001640,Amanda,Rivera,weberbrooke@example.org,DE,BUSINESS,2024-08-18 06:55:04,SUSPENDED
CUST001641,Dana,Ware,courtney34@example.com,CA,SAVINGS,2025-04-10 12:28:39,SUSPENDED
CUST001642,Breanna,Torres,jvilla@example.net,FR,CHECKING,2023-05-16 21:19:42,ACTIVE
CUST001643,Chris,Hernandez,joshuabaker@example.org,IT,SAVINGS,2022-09-23 03:00:18,SUSPENDED
CUST001644,Laura,Matthews,xrivera@example.net,AU,SAVINGS,2024-01-03 19:35:23,ACTIVE
CUST001645,Tammy,Mclaughlin,aclark@example.org,BE,BUSINESS,2023-06-28 22:27:27,ACTIVE
CUST001646,Christopher,Pratt,douglasalvarez@example.org,AE,CHECKING,2024-05-26 01:04:59,SUSPENDED
CUST001647,Christian,Booker,williamgonzales@example.net,BE,BUSINESS,2025-08-29 22:57:01,ACTIVE
CUST001648,Mark,Mason,allenphillip@example.com,BE,BUSINESS,2025-09-07 14:54:28,ACTIVE
CUST001649,Michael,Roberson,alyssa93@example.org,FR,SAVINGS,2024-01-05 08:49:03,ACTIVE
CUST001650,Jennifer,Larsen,yhenry@example.com,IT,CHECKING,2022-09-03 00:59:34,CLOSED
CUST001651,Angela,Graham,gregory57@example.net,AE,CHECKING,2024-08-04 10:15:50,SUSPENDED
CUST001652,Jessica,Lewis,patrickwhite@example.net,AE,CHECKING,2021-09-27 15:03:26,ACTIVE
CUST001653,James,Ward,adamcollins@example.org,AU,SAVINGS,2024-10-14 12:00:44,SUSPENDED
CUST001654,Ruth,Shaw,lawsonarthur@example.com,GB,SAVINGS,2025-09-20 20:19:22,SUSPENDED
CUST001655,Raymond,Forbes,joshua09@example.org,GB,CHECKING,2025-08-27 05:20:53,ACTIVE
CUST001656,Wendy,Chen,vthompson@example.net,CA,CHECKING,2026-04-16 13:12:14,ACTIVE
CUST001657,Lindsey,Johnson,salazarjennifer@example.net,FR,SAVINGS,2023-02-26 02:27:20,CLOSED
CUST001658,Monica,Anderson,hflowers@example.org,IT,CHECKING,2025-06-02 23:55:26,ACTIVE
CUST001659,Dana,Brown,hodgejoshua@example.org,JP,BUSINESS,2021-10-16 06:36:04,ACTIVE
CUST001660,Marvin,Powers,rachael29@example.net,IT,BUSINESS,2024-10-06 09:19:58,ACTIVE
CUST001661,Zachary,Shepard,qbutler@example.net,NL,CHECKING,2022-03-04 11:47:55,ACTIVE
CUST001662,Calvin,Bryan,jessicamiller@example.com,GB,BUSINESS,2022-01-10 18:03:09,CLOSED
CUST001663,Joshua,Gonzalez,vthompson@example.org,NL,CHECKING,2024-04-18 05:22:19,ACTIVE
CUST001664,Joshua,Bell,steven19@example.com,IN,CHECKING,2022-05-26 09:05:44,ACTIVE
CUST001665,Darren,Davis,lopezbrittany@example.org,NL,SAVINGS,2023-02-02 13:51:32,CLOSED
CUST001666,Kristina,Robinson,steven34@example.net,AU,BUSINESS,2023-04-11 03:40:21,ACTIVE
CUST001667,Julie,Rojas,brian42@example.com,GB,BUSINESS,2022-11-04 18:11:25,ACTIVE
CUST001668,Annette,Gutierrez,joshuagonzalez@example.com,BE,SAVINGS,2023-11-09 06:06:22,ACTIVE
CUST001669,Heidi,Baker,xkelly@example.com,AE,CHECKING,2026-02-05 12:09:24,ACTIVE
CUST001670,Shannon,Welch,benjamindavenport@example.com,PK,SAVINGS,2022-12-22 05:24:43,ACTIVE
CUST001671,Amanda,Clark,zreed@example.net,IT,CHECKING,2024-02-08 09:28:33,ACTIVE
CUST001672,Jared,Lyons,christopher34@example.org,IT,BUSINESS,2025-08-17 12:37:24,ACTIVE
CUST001673,Jose,Weeks,thomasmcdonald@example.com,AU,BUSINESS,2024-10-25 02:40:38,ACTIVE
CUST001674,Anne,Barrett,morrisdaniel@example.com,DE,SAVINGS,2021-09-19 00:12:13,ACTIVE
CUST001675,Erik,Alvarez,deborah12@example.com,GB,BUSINESS,2024-04-03 00:49:47,ACTIVE
CUST001676,Francisco,Payne,gonzaleschristina@example.net,AE,BUSINESS,2026-07-19 22:20:29,CLOSED
CUST001677,Heather,Simon,qflowers@example.net,FR,BUSINESS,2024-10-28 00:10:28,ACTIVE
CUST001678,Carolyn,Olson,oevans@example.net,JP,CHECKING,2022-07-26 13:32:19,ACTIVE
CUST001679,Robert,Schroeder,kwatkins@example.net,FR,BUSINESS,2023-01-24 09:48:30,ACTIVE
CUST001680,Sandra,Tanner,stephaniebradley@example.org,GB,SAVINGS,2022-10-03 00:37:32,SUSPENDED
CUST001681,Elizabeth,Kramer,wallerkyle@example.org,DE,BUSINESS,2024-08-04 18:31:57,ACTIVE
CUST001682,Stephen,Martin,hopkinsjames@example.org,US,BUSINESS,2024-03-18 12:30:09,ACTIVE
CUST001683,Kyle,Lopez,samuelramsey@example.org,IT,BUSINESS,2026-05-16 21:01:43,ACTIVE
CUST001684,Megan,Brooks,gmoore@example.com,NL,SAVINGS,2026-04-29 17:29:26,ACTIVE
CUST001685,Gloria,Hale,dbarnett@example.net,JP,BUSINESS,2023-09-18 15:25:10,ACTIVE
CUST001686,Kathryn,Davis,lucasmcconnell@example.com,AU,BUSINESS,2024-06-06 18:29:24,ACTIVE
CUST001687,Rachael,Weiss,icarlson@example.org,GB,CHECKING,2024-08-07 03:33:20,CLOSED
CUST001688,Tracy,Yang,walkercharlotte@example.org,SG,BUSINESS,2024-10-15 07:46:58,ACTIVE
CUST001689,Michael,Mason,bishopkaren@example.org,NL,CHECKING,2023-08-10 06:47:07,ACTIVE
CUST001690,Devin,Lopez,kevindavis@example.com,US,CHECKING,2023-03-07 07:45:49,CLOSED
CUST001691,Ronald,Mitchell,eleonard@example.org,IT,SAVINGS,2023-11-14 10:17:16,CLOSED
CUST001692,Susan,Fisher,raymondholmes@example.org,IT,SAVINGS,2025-08-08 22:24:45,SUSPENDED
CUST001693,Linda,Reed,riosrichard@example.org,NL,CHECKING,2023-01-07 07:37:40,ACTIVE
CUST001694,Luis,Andrews,aparks@example.com,CA,SAVINGS,2025-01-24 12:26:22,ACTIVE
CUST001695,Roberto,Brown,ogreen@example.org,SG,SAVINGS,2025-06-24 09:49:25,ACTIVE
CUST001696,Wayne,Norman,megan51@example.org,IT,CHECKING,2025-04-03 23:51:04,ACTIVE
CUST001697,Amanda,Reyes,hernandezmatthew@example.net,JP,CHECKING,2023-11-04 12:57:01,ACTIVE
CUST001698,James,Hess,dgraham@example.com,IN,BUSINESS,2021-12-27 06:16:51,SUSPENDED
CUST001699,David,Burns,brendan95@example.com,ES,CHECKING,2025-04-09 01:56:43,CLOSED
CUST001700,Matthew,Phillips,danielsguy@example.com,DE,BUSINESS,2025-03-13 05:31:43,ACTIVE
CUST001701,Andres,Nguyen,larsonmichael@example.org,PK,SAVINGS,2026-03-03 01:31:00,ACTIVE
CUST001702,Joanna,Wright,nicholsdavid@example.org,US,SAVINGS,2025-11-05 13:35:03,ACTIVE
CUST001703,Ryan,Hill,pbarker@example.net,US,CHECKING,2026-02-07 02:37:59,ACTIVE
CUST001704,Ashley,Williams,nathan29@example.net,IN,CHECKING,2022-07-05 15:31:12,ACTIVE
CUST001705,Patrick,Baird,morgandana@example.com,IN,SAVINGS,2025-03-30 05:22:37,ACTIVE
CUST001706,Richard,White,jennifer16@example.org,AE,BUSINESS,2023-04-12 21:14:56,ACTIVE
CUST001707,Ashley,Cooley,heatherwilliams@example.net,GB,BUSINESS,2025-09-02 18:36:55,ACTIVE
CUST001708,Jason,Walls,julie24@example.net,DE,CHECKING,2022-01-14 14:02:52,ACTIVE
CUST001709,Cassandra,Browning,joseph63@example.org,IN,CHECKING,2025-03-04 17:33:46,ACTIVE
CUST001710,Diane,Hill,ogeorge@example.com,BE,SAVINGS,2022-06-23 07:07:16,SUSPENDED
CUST001711,Jeffrey,Smith,jeffrey94@example.net,AU,SAVINGS,2025-07-26 15:22:51,ACTIVE
CUST001712,Brianna,Walters,amber78@example.org,BE,SAVINGS,2024-07-25 23:31:22,ACTIVE
CUST001713,Matthew,Reed,vhernandez@example.com,DE,SAVINGS,2023-06-10 21:31:34,SUSPENDED
CUST001714,Amanda,Jackson,cscott@example.net,US,SAVINGS,2026-07-05 11:28:12,SUSPENDED
CUST001715,Tammy,Welch,christopher85@example.com,SG,SAVINGS,2024-02-18 03:09:59,SUSPENDED
CUST001716,Karen,Hayes,njohnson@example.net,JP,CHECKING,2023-01-25 11:52:27,ACTIVE
CUST001717,Claudia,Cunningham,bforbes@example.com,ES,BUSINESS,2026-05-20 06:23:56,ACTIVE
CUST001718,Julie,Fritz,imorse@example.com,IN,CHECKING,2022-09-13 03:38:40,ACTIVE
CUST001719,Collin,Robinson,duncangregory@example.org,GB,BUSINESS,2025-01-22 16:40:41,SUSPENDED
CUST001720,Andrea,Bell,robertgreene@example.com,AE,BUSINESS,2024-09-26 19:31:49,SUSPENDED
CUST001721,Crystal,Beck,wayne86@example.org,ES,BUSINESS,2025-01-31 13:08:57,SUSPENDED
CUST001722,Troy,Marshall,lmoore@example.com,AE,SAVINGS,2024-02-07 12:30:31,CLOSED
CUST001723,Aaron,Gallegos,rdouglas@example.org,FR,BUSINESS,2024-11-28 12:10:00,ACTIVE
CUST001724,Betty,Barnes,ojenkins@example.org,US,SAVINGS,2023-07-23 00:16:35,ACTIVE
CUST001725,Dillon,Harvey,greenejessica@example.org,PK,SAVINGS,2024-05-31 06:32:04,SUSPENDED
CUST001726,Chelsea,Jackson,xcohen@example.org,FR,CHECKING,2024-12-17 02:30:44,ACTIVE
CUST001727,Andrea,Boyer,stephensharp@example.org,JP,SAVINGS,2023-02-20 19:56:32,ACTIVE
CUST001728,Thomas,Marquez,marcuscarter@example.org,SG,BUSINESS,2023-05-30 14:50:39,CLOSED
CUST001729,Becky,Stevens,yfritz@example.org,AE,BUSINESS,2025-07-29 00:12:19,CLOSED
CUST001730,Vincent,Rodriguez,monica23@example.com,SG,BUSINESS,2022-03-30 11:04:51,ACTIVE
CUST001731,Adam,Johnson,ecamacho@example.com,JP,SAVINGS,2022-04-01 02:06:13,CLOSED
CUST001732,Krista,Rosario,baldwincatherine@example.net,CA,BUSINESS,2021-11-07 03:57:51,CLOSED
CUST001733,Samuel,Carey,carterraymond@example.net,DE,SAVINGS,2021-12-27 10:54:17,ACTIVE
CUST001734,Michael,Moran,hpatterson@example.org,US,SAVINGS,2022-11-22 00:36:00,SUSPENDED
CUST001735,Melanie,Chang,bowenmichael@example.net,ES,BUSINESS,2024-07-16 07:10:12,CLOSED
CUST001736,Donald,Sanchez,gclark@example.com,FR,CHECKING,2022-04-12 14:17:23,ACTIVE
CUST001737,Stephen,Fletcher,katherinepeterson@example.net,CA,SAVINGS,2025-06-07 00:24:57,SUSPENDED
CUST001738,Mark,Cole,ashley90@example.org,IN,CHECKING,2022-11-28 08:43:52,ACTIVE
CUST001739,Aimee,Johnson,anna44@example.net,AE,SAVINGS,2022-12-30 07:08:58,ACTIVE
CUST001740,Ashley,Torres,jnunez@example.net,IT,SAVINGS,2022-09-28 20:52:35,ACTIVE
CUST001741,Dwayne,Carter,oscott@example.org,FR,BUSINESS,2023-06-14 01:55:45,ACTIVE
CUST001742,Brandy,Hernandez,greenjennifer@example.net,CA,BUSINESS,2026-01-17 04:00:13,SUSPENDED
CUST001743,Richard,Montgomery,teresaschneider@example.net,GB,CHECKING,2025-11-29 07:38:11,ACTIVE
CUST001744,Leon,Brooks,hwong@example.com,US,SAVINGS,2023-02-21 09:05:34,CLOSED
CUST001745,Timothy,James,petersonkyle@example.org,US,CHECKING,2022-12-04 18:40:30,SUSPENDED
CUST001746,Joshua,Strickland,santosmichael@example.com,US,SAVINGS,2026-06-29 13:24:01,ACTIVE
CUST001747,Roberta,Escobar,judithcox@example.org,US,BUSINESS,2025-01-14 12:55:21,ACTIVE
CUST001748,Connie,Crane,nelsonsuzanne@example.net,DE,SAVINGS,2026-03-23 03:15:01,SUSPENDED
CUST001749,Monique,Waller,griffinalexandra@example.org,FR,BUSINESS,2023-10-30 01:22:52,CLOSED
CUST001750,Laura,White,jeremylove@example.org,FR,CHECKING,2021-12-28 11:14:16,CLOSED
CUST001751,Tiffany,Baker,christopher31@example.org,AU,BUSINESS,2026-02-03 23:59:23,ACTIVE
CUST001752,Kevin,Clark,brendaperkins@example.com,PK,BUSINESS,2022-06-26 18:49:24,CLOSED
CUST001753,Amanda,Harrington,kristy13@example.com,IT,BUSINESS,2022-08-22 03:09:11,SUSPENDED
CUST001754,Scott,Alvarez,danielsjason@example.com,BE,SAVINGS,2024-03-14 09:58:26,ACTIVE
CUST001755,Ashley,Perkins,cortezscott@example.net,IN,CHECKING,2023-04-22 16:30:44,SUSPENDED
CUST001756,Brianna,Reid,qgay@example.com,BE,BUSINESS,2023-12-14 15:20:23,CLOSED
CUST001757,Travis,Thompson,ppalmer@example.com,AU,SAVINGS,2023-11-24 07:26:09,ACTIVE
CUST001758,Michelle,Wright,erica84@example.net,SG,SAVINGS,2025-05-23 15:18:28,ACTIVE
CUST001759,Daniel,Sherman,tonyflores@example.net,DE,BUSINESS,2025-08-26 06:45:29,ACTIVE
CUST001760,Tyler,White,gchambers@example.com,FR,SAVINGS,2024-07-24 08:49:23,ACTIVE
CUST001761,Dana,Ryan,jamesrodriguez@example.org,IN,BUSINESS,2023-06-18 21:50:03,ACTIVE
CUST001762,Kyle,Torres,tgarcia@example.net,CA,BUSINESS,2023-06-09 19:45:58,ACTIVE
CUST001763,Ashley,Moore,jamesfoster@example.org,SG,CHECKING,2022-12-29 04:21:34,ACTIVE
CUST001764,Chelsea,Moore,yvaldez@example.com,PK,CHECKING,2023-12-10 09:55:47,SUSPENDED
CUST001765,Jeremy,Baker,nathan45@example.net,ES,BUSINESS,2024-08-29 02:27:48,SUSPENDED
CUST001766,Maria,Stewart,ronald66@example.org,DE,SAVINGS,2025-01-31 21:44:06,CLOSED
CUST001767,Brian,Ortiz,theresawang@example.org,IT,CHECKING,2023-05-15 17:21:54,ACTIVE
CUST001768,Jason,Moran,marissa05@example.com,PK,SAVINGS,2024-11-25 13:32:48,ACTIVE
CUST001769,Mark,Castro,laurenwilliamson@example.com,US,CHECKING,2023-12-24 15:25:37,ACTIVE
CUST001770,Daniel,Sanchez,jennifer97@example.org,DE,SAVINGS,2024-12-19 08:28:11,ACTIVE
CUST001771,Gwendolyn,Stout,mwright@example.net,PK,BUSINESS,2024-11-02 14:42:16,CLOSED
CUST001772,Brian,Brown,joshua57@example.com,DE,SAVINGS,2022-08-05 10:19:09,SUSPENDED
CUST001773,Thomas,Gilmore,nguyenkimberly@example.com,JP,BUSINESS,2022-12-10 00:14:51,CLOSED
CUST001774,Morgan,Lawrence,annagonzales@example.com,ES,SAVINGS,2026-07-09 21:20:37,ACTIVE
CUST001775,Amy,Guerrero,hannah21@example.net,CA,BUSINESS,2024-04-26 21:54:35,ACTIVE
CUST001776,Susan,Ward,nburgess@example.org,CA,SAVINGS,2024-05-19 14:40:38,CLOSED
CUST001777,Taylor,Murray,james44@example.net,US,BUSINESS,2021-11-05 08:34:52,ACTIVE
CUST001778,Donald,May,ffoster@example.org,SG,BUSINESS,2026-02-22 03:25:41,ACTIVE
CUST001779,Brian,Mayo,allen60@example.net,SG,CHECKING,2024-06-06 15:22:16,ACTIVE
CUST001780,Kristy,Vasquez,cynthia19@example.org,GB,BUSINESS,2026-05-26 00:25:51,CLOSED
CUST001781,Kimberly,Schmidt,berrytaylor@example.net,AU,SAVINGS,2023-04-10 12:51:50,CLOSED
CUST001782,Karen,Wang,dmeyers@example.com,PK,SAVINGS,2022-12-11 08:30:51,SUSPENDED
CUST001783,Debra,Jones,shawn60@example.com,AU,BUSINESS,2026-07-16 02:49:24,ACTIVE
CUST001784,Kelly,Hanson,osmith@example.com,NL,SAVINGS,2025-04-13 13:50:59,ACTIVE
CUST001785,Edward,Foley,amanda39@example.com,NL,SAVINGS,2026-07-22 16:46:14,ACTIVE
CUST001786,Elijah,Mejia,kylegarcia@example.net,ES,SAVINGS,2021-12-26 01:03:41,CLOSED
CUST001787,Kimberly,Fernandez,murphyleslie@example.org,SG,BUSINESS,2023-06-05 05:03:40,CLOSED
CUST001788,James,Martin,jesse35@example.org,NL,BUSINESS,2022-10-26 02:00:02,CLOSED
CUST001789,Natalie,Blackburn,flowersnicholas@example.com,IN,SAVINGS,2023-06-04 12:26:23,CLOSED
CUST001790,Omar,Griffin,xgonzalez@example.com,JP,CHECKING,2022-09-16 17:47:25,ACTIVE
CUST001791,Christopher,Thompson,martinjason@example.com,IT,BUSINESS,2024-09-11 22:47:06,ACTIVE
CUST001792,Kara,Stewart,jasondavis@example.net,JP,SAVINGS,2024-09-16 12:15:24,ACTIVE
CUST001793,Timothy,Hicks,ysmith@example.com,SG,BUSINESS,2025-01-20 04:25:02,ACTIVE
CUST001794,Suzanne,Garcia,sonya16@example.net,CA,BUSINESS,2024-03-16 16:39:57,ACTIVE
CUST001795,Jerome,Haynes,bliu@example.com,SG,CHECKING,2024-05-25 20:05:30,ACTIVE
CUST001796,Brandon,Boone,anneanderson@example.org,CA,SAVINGS,2022-11-04 02:51:06,CLOSED
CUST001797,Heather,Farmer,carlsonjason@example.net,AU,BUSINESS,2024-02-22 01:14:02,SUSPENDED
CUST001798,Nathan,Perry,robertthompson@example.net,JP,BUSINESS,2022-12-08 19:00:42,CLOSED
CUST001799,Judy,Patrick,michaelbuckley@example.org,NL,SAVINGS,2021-11-26 14:44:38,ACTIVE
CUST001800,Tyler,Torres,regina49@example.com,CA,CHECKING,2021-11-21 22:45:01,ACTIVE
CUST001801,Krista,Rivera,jjohnson@example.com,GB,CHECKING,2022-01-16 22:30:50,ACTIVE
CUST001802,Amber,Farmer,ericsmith@example.org,JP,CHECKING,2022-06-07 16:31:09,ACTIVE
CUST001803,Robert,Jones,amarshall@example.net,NL,CHECKING,2025-05-24 19:02:53,ACTIVE
CUST001804,Dennis,Morrison,collinsterrance@example.com,JP,SAVINGS,2022-09-27 18:26:41,ACTIVE
CUST001805,Marcus,Fernandez,woodskaitlyn@example.net,IN,CHECKING,2023-04-27 07:29:26,ACTIVE
CUST001806,David,Robertson,jeremiahmiller@example.org,IT,BUSINESS,2025-01-31 03:38:49,ACTIVE
CUST001807,Justin,Gilbert,jeremylopez@example.net,BE,SAVINGS,2024-03-17 23:30:51,ACTIVE
CUST001808,Mark,Dickson,kathleen25@example.com,AU,BUSINESS,2024-11-01 20:11:31,CLOSED
CUST001809,Donna,Riley,adkinslauren@example.net,IN,CHECKING,2022-01-21 15:46:37,CLOSED
CUST001810,Laura,Petty,thomasaustin@example.org,GB,CHECKING,2023-01-10 10:17:58,CLOSED
CUST001811,Randy,Smith,wwebb@example.org,AE,BUSINESS,2026-07-23 18:31:32,ACTIVE
CUST001812,Richard,Haney,ihowell@example.com,SG,BUSINESS,2022-08-26 12:29:40,ACTIVE
CUST001813,Julie,Rios,matthew24@example.com,PK,SAVINGS,2025-10-17 15:05:50,SUSPENDED
CUST001814,Kelsey,Bryant,barnettmatthew@example.net,GB,BUSINESS,2023-11-20 03:46:32,ACTIVE
CUST001815,Bryan,Diaz,oconnelldavid@example.org,CA,CHECKING,2025-07-16 15:58:22,ACTIVE
CUST001816,Maria,Martinez,david54@example.com,SG,SAVINGS,2025-05-11 14:00:59,ACTIVE
CUST001817,Angela,Ayers,raymondpugh@example.net,AU,SAVINGS,2023-04-22 22:25:09,ACTIVE
CUST001818,Donald,Becker,gonzalezjulie@example.net,PK,BUSINESS,2022-12-10 00:08:38,ACTIVE
CUST001819,Anna,Schmidt,mcbridemichael@example.org,AE,BUSINESS,2026-03-01 19:48:19,CLOSED
CUST001820,Garrett,Moore,cynthiatrevino@example.org,SG,BUSINESS,2022-12-10 21:00:50,ACTIVE
CUST001821,Amber,Friedman,rgarrison@example.org,AE,BUSINESS,2025-01-21 22:30:33,ACTIVE
CUST001822,Kenneth,Santana,denglish@example.com,NL,SAVINGS,2022-10-22 09:05:49,ACTIVE
CUST001823,Jennifer,Evans,kingangela@example.com,JP,CHECKING,2023-06-05 01:08:57,ACTIVE
CUST001824,Sandra,Austin,brownrobert@example.org,ES,BUSINESS,2025-09-27 16:09:42,CLOSED
CUST001825,Lynn,Duran,petermoore@example.com,DE,SAVINGS,2024-12-22 06:18:42,ACTIVE
CUST001826,Brittany,Wright,chad42@example.com,GB,SAVINGS,2022-09-13 01:57:36,CLOSED
CUST001827,Jessica,Willis,jamiethomas@example.com,NL,CHECKING,2024-06-07 21:09:19,ACTIVE
CUST001828,Alex,Wilson,alexandria97@example.org,AU,SAVINGS,2025-05-18 03:11:30,ACTIVE
CUST001829,Kent,Martinez,whernandez@example.net,BE,SAVINGS,2024-07-21 02:11:29,ACTIVE
CUST001830,Nancy,Herring,jamespatricia@example.org,FR,CHECKING,2025-08-13 21:56:23,ACTIVE
CUST001831,Ronald,Jackson,oblake@example.net,AU,CHECKING,2022-07-11 15:14:28,CLOSED
CUST001832,Christopher,Dennis,john76@example.com,IN,BUSINESS,2022-02-17 11:34:53,ACTIVE
CUST001833,Danielle,Grimes,megan44@example.net,US,BUSINESS,2025-12-20 05:19:56,CLOSED
CUST001834,Mark,Estrada,tonya10@example.org,BE,CHECKING,2025-10-12 00:24:12,ACTIVE
CUST001835,John,Simpson,gwade@example.net,CA,CHECKING,2025-10-19 04:53:17,ACTIVE
CUST001836,Ann,Monroe,qobrien@example.com,CA,CHECKING,2022-01-03 06:33:31,CLOSED
CUST001837,Carolyn,Garza,johnstondavid@example.org,ES,SAVINGS,2024-09-19 03:03:59,CLOSED
CUST001838,Betty,Fletcher,tochoa@example.net,CA,SAVINGS,2021-12-27 07:48:28,ACTIVE
CUST001839,Michael,French,hberry@example.org,BE,CHECKING,2025-01-15 03:56:55,ACTIVE
CUST001840,Lisa,Fuller,bcaldwell@example.org,JP,SAVINGS,2026-06-21 20:37:42,ACTIVE
CUST001841,Henry,Mccoy,corey60@example.net,BE,SAVINGS,2025-07-14 03:33:17,ACTIVE
CUST001842,Melissa,King,michael34@example.com,AE,BUSINESS,2022-01-20 23:25:25,CLOSED
CUST001843,Mark,Lyons,kayla23@example.net,US,BUSINESS,2026-04-21 19:14:52,ACTIVE
CUST001844,Deborah,Yang,kimberly27@example.org,DE,BUSINESS,2024-06-27 10:27:23,ACTIVE
CUST001845,Michael,Medina,leslietorres@example.net,US,CHECKING,2022-06-02 10:23:53,CLOSED
CUST001846,Danielle,Edwards,wfowler@example.com,PK,BUSINESS,2023-05-15 12:35:40,ACTIVE
CUST001847,Joseph,Zimmerman,matthew75@example.org,FR,BUSINESS,2023-01-31 02:45:17,ACTIVE
CUST001848,Marcus,Rodriguez,regina84@example.net,GB,CHECKING,2026-03-24 18:25:03,SUSPENDED
CUST001849,Gregory,Montgomery,gonzalezchristopher@example.net,NL,BUSINESS,2025-02-02 15:11:30,ACTIVE
CUST001850,Melissa,Thomas,amanda62@example.com,FR,BUSINESS,2022-07-13 10:10:47,ACTIVE
CUST001851,Megan,Doyle,christina15@example.org,CA,BUSINESS,2025-05-31 09:08:35,SUSPENDED
CUST001852,Margaret,Sanchez,elizabethhill@example.com,US,CHECKING,2023-07-23 20:51:20,ACTIVE
CUST001853,Martha,Lucero,nancyalexander@example.org,PK,BUSINESS,2022-11-20 03:20:10,ACTIVE
CUST001854,Alexander,Sanchez,mathewstimothy@example.com,BE,BUSINESS,2025-03-05 08:33:02,ACTIVE
CUST001855,Angela,Murillo,robertabbott@example.net,DE,CHECKING,2025-01-18 00:51:16,CLOSED
CUST001856,Courtney,Oneal,tfrancis@example.com,CA,CHECKING,2023-11-22 07:31:23,ACTIVE
CUST001857,Ryan,Diaz,lukekelly@example.net,IT,BUSINESS,2022-10-17 07:46:25,ACTIVE
CUST001858,Marc,Carey,laurariley@example.org,IN,BUSINESS,2025-12-19 01:45:50,SUSPENDED
CUST001859,Jeanette,Nichols,aguirrecassandra@example.net,IN,CHECKING,2024-08-11 17:35:03,ACTIVE
CUST001860,Jennifer,Newman,stevenandrews@example.org,CA,BUSINESS,2025-07-25 09:09:39,SUSPENDED
CUST001861,Christine,Crawford,kbrown@example.org,JP,CHECKING,2026-05-31 04:48:45,ACTIVE
CUST001862,Shane,Santos,thomas21@example.net,FR,SAVINGS,2024-08-30 14:09:29,ACTIVE
CUST001863,Cameron,Higgins,stacey09@example.com,FR,CHECKING,2025-04-25 00:16:44,ACTIVE
CUST001864,Janet,Bender,clewis@example.com,FR,CHECKING,2026-03-25 04:57:23,ACTIVE
CUST001865,Heidi,Torres,ashleyliu@example.com,CA,CHECKING,2022-11-16 14:03:38,CLOSED
CUST001866,Katie,Baird,michelle90@example.net,IN,CHECKING,2024-09-11 19:44:24,ACTIVE
CUST001867,Briana,Hampton,austinalyssa@example.net,GB,SAVINGS,2023-01-08 07:44:42,SUSPENDED
CUST001868,Jessica,Wright,maryjohnson@example.com,JP,SAVINGS,2022-08-31 17:50:12,SUSPENDED
CUST001869,Martin,Davis,rberry@example.com,BE,CHECKING,2025-02-11 18:11:51,SUSPENDED
CUST001870,Patrick,Wells,isaac45@example.org,JP,CHECKING,2025-04-23 13:17:50,CLOSED
CUST001871,Natasha,Porter,jorgegonzalez@example.com,FR,BUSINESS,2022-05-05 21:26:40,CLOSED
CUST001872,Matthew,Walton,andrew90@example.net,DE,BUSINESS,2022-02-25 05:31:26,CLOSED
CUST001873,Felicia,Davis,stuartallison@example.org,FR,BUSINESS,2024-06-05 23:41:11,ACTIVE
CUST001874,Paul,Johnson,michele23@example.net,BE,BUSINESS,2025-11-20 07:50:57,ACTIVE
CUST001875,Hunter,Robinson,collin29@example.com,NL,BUSINESS,2026-07-13 18:41:17,ACTIVE
CUST001876,Gregory,Alexander,williamolsen@example.com,AU,CHECKING,2021-11-27 17:42:08,ACTIVE
CUST001877,Christy,Mcconnell,aguirrelarry@example.com,AE,SAVINGS,2022-07-26 07:32:40,SUSPENDED
CUST001878,Michael,White,racheljimenez@example.net,GB,BUSINESS,2022-12-20 19:44:16,ACTIVE
CUST001879,Wendy,Mora,jmcfarland@example.com,US,CHECKING,2025-06-17 03:45:40,CLOSED
CUST001880,Sherry,Barnett,morganmichael@example.org,IT,CHECKING,2025-10-28 05:35:21,SUSPENDED
CUST001881,Jacob,Powell,brian79@example.org,AE,BUSINESS,2026-01-26 13:37:37,ACTIVE
CUST001882,Christopher,Pena,psherman@example.org,JP,CHECKING,2024-01-20 08:34:49,ACTIVE
CUST001883,Luke,West,kellysims@example.com,JP,BUSINESS,2025-05-08 09:33:57,ACTIVE
CUST001884,Nicholas,Henry,jgarcia@example.com,FR,BUSINESS,2024-12-15 10:56:18,CLOSED
CUST001885,Kevin,Gay,kelli08@example.org,ES,CHECKING,2023-04-01 19:26:33,ACTIVE
CUST001886,Stacey,Parker,daniellestevenson@example.net,FR,BUSINESS,2021-11-20 08:20:38,CLOSED
CUST001887,Brandon,Turner,michaelmedina@example.net,GB,BUSINESS,2025-05-04 06:02:20,CLOSED
CUST001888,Joanna,Warren,williammaldonado@example.org,DE,SAVINGS,2023-06-22 21:02:00,ACTIVE
CUST001889,Corey,Dodson,jenniferjones@example.org,SG,BUSINESS,2025-11-11 05:39:35,ACTIVE
CUST001890,Jamie,Bowman,williamspatrick@example.net,IT,SAVINGS,2022-08-21 21:31:59,CLOSED
CUST001891,Sandra,Smith,donnaherman@example.com,ES,CHECKING,2023-02-26 13:38:46,ACTIVE
CUST001892,Valerie,Serrano,samantha60@example.org,IT,BUSINESS,2022-11-08 14:54:04,ACTIVE
CUST001893,Carol,Howell,nicole69@example.net,IT,CHECKING,2024-04-13 19:05:46,ACTIVE
CUST001894,Jamie,Johns,robert06@example.com,JP,BUSINESS,2024-11-09 04:14:45,ACTIVE
CUST001895,Joshua,Santana,aking@example.net,IN,BUSINESS,2025-01-05 03:31:50,SUSPENDED
CUST001896,Bobby,Wang,elizabethwalker@example.net,JP,BUSINESS,2022-08-15 20:04:57,ACTIVE
CUST001897,Darius,Barrera,ijones@example.com,NL,BUSINESS,2023-01-27 11:01:53,ACTIVE
CUST001898,Sherry,Scott,smitchell@example.com,NL,CHECKING,2026-07-01 17:37:19,ACTIVE
CUST001899,Jose,Juarez,mcarson@example.org,SG,BUSINESS,2026-05-15 00:25:13,SUSPENDED
CUST001900,Meghan,Gonzalez,harrisondaniel@example.org,BE,SAVINGS,2021-12-21 15:04:45,ACTIVE
CUST001901,Marissa,Lopez,allenchristina@example.com,JP,BUSINESS,2022-11-12 00:07:27,ACTIVE
CUST001902,Scott,Hammond,kaylahardy@example.org,DE,SAVINGS,2026-06-27 16:10:00,CLOSED
CUST001903,Alexis,Hernandez,sandra57@example.org,DE,CHECKING,2022-02-16 18:51:07,ACTIVE
CUST001904,Peter,Hernandez,william32@example.net,US,SAVINGS,2023-04-21 06:14:12,ACTIVE
CUST001905,Matthew,Griffith,savagechad@example.org,AU,BUSINESS,2026-02-22 15:18:02,ACTIVE
CUST001906,Keith,Martin,brian16@example.net,SG,BUSINESS,2026-03-12 09:36:12,ACTIVE
CUST001907,Andre,Le,mitchell21@example.net,AU,BUSINESS,2023-08-21 10:21:46,ACTIVE
CUST001908,Adam,Smith,cervanteskayla@example.org,AE,SAVINGS,2023-07-24 00:32:40,SUSPENDED
CUST001909,Kathleen,Johnson,smithmadison@example.com,ES,CHECKING,2026-07-06 00:47:09,ACTIVE
CUST001910,Deanna,Campbell,vcole@example.org,IT,CHECKING,2025-10-27 14:14:33,SUSPENDED
CUST001911,Cheyenne,Reed,jmendoza@example.com,NL,SAVINGS,2026-03-19 04:13:23,ACTIVE
CUST001912,Natasha,Walker,dana26@example.com,JP,BUSINESS,2023-01-05 13:20:21,ACTIVE
CUST001913,Micheal,Smith,douglas76@example.net,PK,SAVINGS,2026-04-03 20:19:11,SUSPENDED
CUST001914,Melissa,Archer,marygomez@example.com,US,SAVINGS,2025-03-25 21:47:11,ACTIVE
CUST001915,Nicole,Murray,ywallace@example.com,US,BUSINESS,2024-09-28 00:16:53,ACTIVE
CUST001916,Matthew,Ortega,jenniferharris@example.org,ES,BUSINESS,2023-04-10 18:39:05,CLOSED
CUST001917,Ashley,Gould,rachel86@example.com,DE,SAVINGS,2024-04-04 23:18:37,ACTIVE
CUST001918,Jason,Thomas,danielsshaun@example.net,PK,BUSINESS,2025-02-25 20:59:52,ACTIVE
CUST001919,Brent,Robinson,donnagiles@example.com,NL,BUSINESS,2023-03-08 16:32:29,ACTIVE
CUST001920,Sherry,Johnson,paulestrada@example.com,SG,CHECKING,2026-06-10 18:43:41,ACTIVE
CUST001921,Kayla,Davidson,edwardstewart@example.org,IN,BUSINESS,2022-10-05 02:09:22,ACTIVE
CUST001922,Kathryn,Tucker,lowekristin@example.org,IN,BUSINESS,2021-10-31 03:53:24,CLOSED
CUST001923,Alan,Atkins,riverachristopher@example.com,GB,BUSINESS,2023-05-18 04:34:04,ACTIVE
CUST001924,Julia,Rubio,mary59@example.com,PK,CHECKING,2026-08-12 04:20:18,CLOSED
CUST001925,Rebecca,Griffin,jane44@example.org,NL,BUSINESS,2026-06-06 04:38:11,CLOSED
CUST001926,Ernest,Gilmore,robertpatel@example.net,US,BUSINESS,2025-02-18 07:12:37,ACTIVE
CUST001927,Eric,Tran,rgraves@example.net,BE,SAVINGS,2023-10-09 07:06:52,ACTIVE
CUST001928,Theresa,Beck,reginadavis@example.org,PK,BUSINESS,2022-10-20 18:14:18,ACTIVE
CUST001929,Nicole,Kennedy,bjackson@example.net,ES,SAVINGS,2024-09-24 08:35:24,CLOSED
CUST001930,Sarah,Richards,sethsmith@example.com,CA,CHECKING,2026-06-21 09:40:03,SUSPENDED
CUST001931,Maurice,Morgan,tannercasey@example.org,BE,BUSINESS,2024-03-14 20:40:47,ACTIVE
CUST001932,Erica,Rangel,haneykrystal@example.net,JP,CHECKING,2023-04-29 22:28:39,CLOSED
CUST001933,Suzanne,Flores,gomeztonya@example.com,JP,CHECKING,2021-10-14 00:59:39,CLOSED
CUST001934,Christy,Garza,michaelking@example.net,ES,SAVINGS,2024-01-13 03:54:27,ACTIVE
CUST001935,Tina,Strong,burnsrebecca@example.org,ES,BUSINESS,2023-09-06 09:46:30,CLOSED
CUST001936,Jackie,Baker,rmorgan@example.net,JP,CHECKING,2025-07-18 16:44:41,SUSPENDED
CUST001937,Donna,Cook,andersontiffany@example.net,BE,CHECKING,2021-09-27 15:27:50,ACTIVE
CUST001938,Jessica,Smith,egonzalez@example.com,AE,SAVINGS,2024-12-14 04:15:12,ACTIVE
CUST001939,Barry,Powers,zrogers@example.net,DE,SAVINGS,2025-04-05 09:20:18,ACTIVE
CUST001940,Richard,Peterson,jennifer83@example.com,IT,CHECKING,2024-01-17 11:56:56,ACTIVE
CUST001941,Joseph,Gentry,trujillorobin@example.net,CA,SAVINGS,2022-08-13 04:19:18,SUSPENDED
CUST001942,Andrew,Anderson,sanchezgregory@example.org,US,SAVINGS,2022-12-16 22:47:33,ACTIVE
CUST001943,Ashley,Young,shieldsalec@example.org,FR,BUSINESS,2024-07-20 08:07:05,ACTIVE
CUST001944,Molly,Williamson,brandisheppard@example.com,DE,BUSINESS,2024-06-18 13:00:12,CLOSED
CUST001945,Kristi,Rodriguez,browndominic@example.net,JP,SAVINGS,2022-05-04 14:39:50,ACTIVE
CUST001946,Jacob,Higgins,smithlatasha@example.org,AU,BUSINESS,2023-06-09 14:19:53,CLOSED
CUST001947,Brendan,Miller,colleen37@example.org,ES,SAVINGS,2025-11-11 07:32:12,SUSPENDED
CUST001948,Catherine,Lopez,jessica90@example.com,BE,BUSINESS,2023-03-23 00:29:00,ACTIVE
CUST001949,William,Miller,josehumphrey@example.net,CA,SAVINGS,2023-04-05 17:53:38,SUSPENDED
CUST001950,Holly,Warner,lopezmelinda@example.org,PK,CHECKING,2023-01-12 02:26:36,CLOSED
CUST001951,Ralph,Huff,carolyn84@example.org,GB,SAVINGS,2025-04-11 15:08:48,ACTIVE
CUST001952,John,Cooper,alyssapena@example.net,US,SAVINGS,2023-10-16 09:00:10,CLOSED
CUST001953,Juan,Martin,brownmax@example.net,FR,BUSINESS,2022-03-01 03:18:37,ACTIVE
CUST001954,Christine,Roth,craigrachel@example.com,US,CHECKING,2021-10-01 17:58:10,ACTIVE
CUST001955,Tiffany,Craig,brianna59@example.net,DE,BUSINESS,2022-03-18 03:32:37,ACTIVE
CUST001956,Ashley,Acosta,shannon75@example.com,IT,CHECKING,2024-03-15 07:18:55,ACTIVE
CUST001957,Kathryn,Edwards,jeremyjackson@example.net,ES,SAVINGS,2024-08-25 21:01:09,CLOSED
CUST001958,Robert,Hobbs,sandra67@example.com,SG,CHECKING,2025-06-30 07:58:50,ACTIVE
CUST001959,Eric,Rojas,bbarnes@example.org,GB,SAVINGS,2024-05-05 11:52:46,ACTIVE
CUST001960,Patrick,Berg,reginaldsmith@example.net,US,BUSINESS,2023-02-13 06:40:14,SUSPENDED
CUST001961,Edward,Shah,codymyers@example.org,US,CHECKING,2023-12-15 02:17:31,CLOSED
CUST001962,Matthew,Smith,jmoore@example.com,ES,BUSINESS,2023-08-03 00:44:10,SUSPENDED
CUST001963,James,Lawson,kreynolds@example.com,FR,CHECKING,2022-02-27 03:19:23,ACTIVE
CUST001964,Michael,Rodriguez,janice94@example.org,ES,BUSINESS,2023-08-26 01:29:55,CLOSED
CUST001965,April,Snyder,robertsmith@example.com,ES,CHECKING,2022-12-31 05:30:56,CLOSED
CUST001966,Matthew,Collins,mcarr@example.org,FR,BUSINESS,2026-02-25 23:50:24,ACTIVE
CUST001967,Julian,Hardy,mikewaller@example.org,FR,CHECKING,2021-10-19 11:48:03,ACTIVE
CUST001968,Sergio,Butler,shirleybarker@example.com,PK,CHECKING,2025-09-12 22:23:26,CLOSED
CUST001969,Kristin,Peters,holly25@example.net,GB,BUSINESS,2026-07-08 11:10:38,CLOSED
CUST001970,Teresa,Perez,lisawright@example.net,JP,CHECKING,2025-08-23 22:33:06,ACTIVE
CUST001971,Pamela,Edwards,cruzeddie@example.com,DE,CHECKING,2022-05-05 02:00:10,SUSPENDED
CUST001972,Allison,Ford,carl63@example.com,AU,SAVINGS,2022-11-13 00:19:56,SUSPENDED
CUST001973,Michael,Strickland,owright@example.org,ES,CHECKING,2024-06-07 02:08:10,SUSPENDED
CUST001974,Michael,Oliver,kristenfrye@example.com,AU,CHECKING,2024-04-27 13:20:54,CLOSED
CUST001975,Cassandra,Herrera,susanharper@example.org,IN,CHECKING,2024-02-29 22:15:24,CLOSED
CUST001976,Jessica,Moss,alexandragordon@example.org,JP,BUSINESS,2024-11-05 16:31:12,ACTIVE
CUST001977,Rodney,Cardenas,evansjames@example.com,ES,BUSINESS,2021-11-12 00:33:10,ACTIVE
CUST001978,Anthony,Schneider,dmiller@example.org,PK,SAVINGS,2025-06-13 06:31:06,CLOSED
CUST001979,Connie,Peters,gblake@example.com,AU,CHECKING,2025-07-12 00:51:19,ACTIVE
CUST001980,Joshua,Mccarthy,lmitchell@example.org,GB,SAVINGS,2024-05-24 09:15:12,ACTIVE
CUST001981,Stephanie,Martinez,angela52@example.com,DE,CHECKING,2024-11-02 15:27:22,ACTIVE
CUST001982,Andrea,Fuller,randall59@example.org,CA,BUSINESS,2024-01-21 10:28:53,SUSPENDED
CUST001983,Mario,Avila,warebrian@example.net,IN,CHECKING,2022-10-09 03:57:42,CLOSED
CUST001984,Tyler,Mcintosh,edwardmills@example.net,DE,CHECKING,2023-08-25 15:08:51,SUSPENDED
CUST001985,Christopher,Ward,matthew65@example.org,PK,BUSINESS,2025-11-02 11:25:19,CLOSED
CUST001986,Richard,Brown,zmay@example.net,FR,BUSINESS,2022-12-19 23:42:31,CLOSED
CUST001987,Amy,Davis,shanewilson@example.com,AE,CHECKING,2023-08-01 23:08:59,ACTIVE
CUST001988,John,Newman,williamsmegan@example.org,US,BUSINESS,2025-09-20 17:13:05,ACTIVE
CUST001989,Bobby,Robinson,stephaniebest@example.org,PK,BUSINESS,2025-11-27 17:30:09,CLOSED
CUST001990,Luis,Hughes,wsmith@example.com,IN,CHECKING,2025-11-01 18:23:20,SUSPENDED
CUST001991,Andrew,Espinoza,cpierce@example.org,CA,SAVINGS,2021-12-15 08:02:05,ACTIVE
CUST001992,Jason,Aguilar,baileychristopher@example.com,IN,CHECKING,2025-12-24 08:08:14,CLOSED
CUST001993,Rachel,Martin,edwinsmith@example.net,GB,CHECKING,2024-01-16 19:14:50,SUSPENDED
CUST001994,Joseph,Brooks,mmoore@example.net,AE,SAVINGS,2023-10-30 16:45:12,ACTIVE
CUST001995,Matthew,Murphy,philip47@example.org,AU,BUSINESS,2025-06-09 17:23:25,CLOSED
CUST001996,Carrie,Curtis,hharris@example.org,DE,SAVINGS,2024-12-11 05:46:59,ACTIVE
CUST001997,Linda,Newton,jameshudson@example.net,NL,SAVINGS,2024-03-10 05:13:22,ACTIVE
CUST001998,Marissa,Craig,michael03@example.net,PK,CHECKING,2023-10-18 10:32:40,ACTIVE
CUST001999,Jay,Johnson,robinsonhenry@example.com,AU,BUSINESS,2023-05-28 14:02:10,SUSPENDED
CUST002000,Victor,Cortez,stephen69@example.org,NL,CHECKING,2025-10-31 01:45:00,ACTIVE
CUST002001,Timothy,Carlson,chrisrodriguez@example.org,SG,BUSINESS,2021-11-30 09:41:57,ACTIVE
CUST002002,Christine,Vincent,sarah47@example.com,AU,BUSINESS,2026-06-25 12:41:00,ACTIVE
CUST002003,Susan,Davis,jason36@example.net,CA,CHECKING,2024-10-26 18:48:35,SUSPENDED
CUST002004,Charles,Butler,evansaustin@example.org,JP,CHECKING,2024-03-20 21:45:09,ACTIVE
CUST002005,Donald,Bryant,davidfields@example.net,GB,SAVINGS,2021-11-27 19:38:10,ACTIVE
CUST002006,Nicole,Frederick,alexismiller@example.org,ES,SAVINGS,2025-07-09 20:45:34,CLOSED
CUST002007,Molly,Riley,joseph97@example.org,NL,SAVINGS,2022-12-14 17:45:23,CLOSED
CUST002008,Jason,Sanders,fjohnson@example.com,GB,BUSINESS,2025-08-11 08:29:26,ACTIVE
CUST002009,Robert,Dudley,douglassusan@example.com,AU,SAVINGS,2024-01-17 06:32:25,SUSPENDED
CUST002010,Jennifer,Harris,andrew43@example.org,AE,CHECKING,2025-06-17 07:45:14,SUSPENDED
CUST002011,Lisa,Forbes,russomary@example.com,CA,BUSINESS,2026-05-28 01:10:41,SUSPENDED
CUST002012,Stephanie,Freeman,jennifernewton@example.com,ES,SAVINGS,2024-09-29 11:39:55,CLOSED
CUST002013,Christopher,Richardson,xstephens@example.net,CA,SAVINGS,2024-10-21 23:19:51,ACTIVE
CUST002014,Jessica,Fernandez,jill56@example.org,NL,BUSINESS,2026-08-02 02:59:25,ACTIVE
CUST002015,Richard,Mcdonald,katrina27@example.net,AE,BUSINESS,2026-04-06 05:44:26,SUSPENDED
CUST002016,Ricky,Ali,guzmannicole@example.com,SG,CHECKING,2024-09-12 19:32:22,ACTIVE
CUST002017,Debbie,Hayes,pamelacooper@example.net,SG,CHECKING,2022-11-19 03:00:44,SUSPENDED
CUST002018,Carol,Fernandez,melissaberry@example.org,AE,BUSINESS,2025-01-07 21:16:30,ACTIVE
CUST002019,Christopher,Barnes,mooneyamy@example.net,DE,CHECKING,2022-07-14 00:17:40,CLOSED
CUST002020,Barbara,Scott,jodisutton@example.com,GB,SAVINGS,2025-10-23 07:10:04,CLOSED
CUST002021,Daryl,Dennis,amy68@example.net,AU,BUSINESS,2024-12-27 20:32:03,ACTIVE
CUST002022,Jeffery,Bell,gwatts@example.org,ES,SAVINGS,2025-07-04 22:09:52,ACTIVE
CUST002023,Eric,Benson,jenniferbarry@example.net,AE,CHECKING,2022-07-26 09:28:44,ACTIVE
CUST002024,Tyler,Moon,john64@example.org,US,BUSINESS,2026-04-05 07:14:36,SUSPENDED
CUST002025,Danielle,Lynn,andrewjohnson@example.org,DE,CHECKING,2023-05-30 20:49:09,ACTIVE
CUST002026,Jacob,Parsons,jonesshaun@example.org,IT,SAVINGS,2025-03-28 07:42:52,ACTIVE
CUST002027,Shirley,Stanley,wolfekevin@example.com,AU,CHECKING,2024-11-02 07:01:20,SUSPENDED
CUST002028,Jared,Patterson,lreid@example.org,PK,SAVINGS,2025-10-29 23:44:31,CLOSED
CUST002029,Tiffany,Porter,anthony76@example.net,JP,BUSINESS,2022-06-25 23:10:53,ACTIVE
CUST002030,Roberto,Matthews,stacy70@example.com,SG,BUSINESS,2021-12-23 14:49:29,ACTIVE
CUST002031,Sydney,Blake,wellsamy@example.org,AE,CHECKING,2023-09-26 20:49:56,SUSPENDED
CUST002032,Jennifer,Baldwin,gibsonkaitlyn@example.org,US,CHECKING,2025-08-22 11:16:46,ACTIVE
CUST002033,Austin,Collins,arobinson@example.org,IN,BUSINESS,2021-09-26 10:50:09,CLOSED
CUST002034,Gabriela,Watkins,wallssean@example.net,NL,CHECKING,2023-03-11 12:59:45,ACTIVE
CUST002035,Steven,Terry,isolis@example.net,AE,BUSINESS,2022-01-23 19:42:29,CLOSED
CUST002036,Jon,Wilson,cthompson@example.com,CA,BUSINESS,2023-01-13 02:29:56,ACTIVE
CUST002037,Bill,Burke,jrodriguez@example.org,AU,CHECKING,2023-05-06 02:57:23,ACTIVE
CUST002038,Timothy,Wright,zparsons@example.net,BE,CHECKING,2023-02-25 05:52:13,ACTIVE
CUST002039,Kelsey,Williams,jeffreyglenn@example.net,ES,CHECKING,2025-11-05 06:11:01,ACTIVE
CUST002040,Jeremy,Wallace,garciadonald@example.net,AE,SAVINGS,2026-06-08 22:29:34,ACTIVE
CUST002041,Andrew,Crawford,hsmith@example.net,JP,SAVINGS,2024-10-12 16:49:46,SUSPENDED
CUST002042,Cynthia,Rodriguez,bjohnson@example.net,AU,CHECKING,2025-03-29 08:53:46,CLOSED
CUST002043,Carl,Miller,thomas83@example.org,FR,BUSINESS,2022-09-05 10:29:19,ACTIVE
CUST002044,Andrew,Miller,elizabethgriffin@example.net,PK,CHECKING,2024-10-28 07:47:11,CLOSED
CUST002045,Angela,Woods,brandiwilson@example.org,NL,BUSINESS,2023-08-17 00:57:06,CLOSED
CUST002046,James,Evans,dsmith@example.net,PK,BUSINESS,2021-10-02 06:23:00,ACTIVE
CUST002047,Daniel,Wade,turnerlisa@example.com,BE,SAVINGS,2023-09-21 13:04:25,ACTIVE
CUST002048,Michelle,Solis,elizabethmendoza@example.org,AU,CHECKING,2022-06-29 04:44:39,SUSPENDED
CUST002049,Gerald,Tran,thomasdavid@example.net,PK,SAVINGS,2022-11-20 05:16:05,CLOSED
CUST002050,Michelle,Jones,knightjohn@example.com,FR,SAVINGS,2024-09-22 07:14:55,ACTIVE
CUST002051,Sharon,Clayton,bbrown@example.org,GB,BUSINESS,2024-05-17 04:32:58,ACTIVE
CUST002052,Kimberly,Johnson,peter93@example.net,CA,CHECKING,2022-09-25 01:24:16,CLOSED
CUST002053,Timothy,Avery,wlucas@example.net,NL,SAVINGS,2022-12-27 03:17:34,ACTIVE
CUST002054,John,Boyd,bmejia@example.net,AE,BUSINESS,2021-11-29 12:22:45,ACTIVE
CUST002055,Robert,Hoffman,kendrawilliams@example.com,PK,BUSINESS,2024-12-29 07:24:08,CLOSED
CUST002056,Juan,Santos,kevin89@example.com,NL,BUSINESS,2024-04-08 19:59:10,SUSPENDED
CUST002057,Melissa,Harrison,shughes@example.net,GB,BUSINESS,2026-05-31 21:53:03,SUSPENDED
CUST002058,Sandra,Jacobs,taylordavis@example.com,AE,CHECKING,2024-07-24 07:12:19,ACTIVE
CUST002059,Amanda,Jensen,kingjoseph@example.com,AE,SAVINGS,2024-02-09 04:42:38,SUSPENDED
CUST002060,Brooke,Perez,rebecca93@example.com,PK,BUSINESS,2024-04-03 06:11:56,ACTIVE
CUST002061,James,Rogers,mramirez@example.com,US,CHECKING,2023-04-02 15:51:53,ACTIVE
CUST002062,Kayla,Zamora,leahbarker@example.org,DE,SAVINGS,2024-09-21 13:40:59,ACTIVE
CUST002063,Jennifer,Tran,laurenperkins@example.org,JP,BUSINESS,2022-08-24 15:07:53,ACTIVE
CUST002064,Jenny,Walter,jamietyler@example.com,AE,SAVINGS,2023-03-17 06:32:10,SUSPENDED
CUST002065,Paige,Pacheco,john74@example.net,BE,BUSINESS,2025-07-21 18:41:29,CLOSED
CUST002066,Amanda,Thomas,kingtammy@example.net,FR,BUSINESS,2024-12-28 17:30:17,ACTIVE
CUST002067,Aaron,Lopez,sarah78@example.net,IT,SAVINGS,2024-01-03 08:42:55,ACTIVE
CUST002068,William,Fisher,brent67@example.net,GB,BUSINESS,2022-07-27 06:13:51,ACTIVE
CUST002069,Thomas,Hughes,taylordavid@example.org,DE,BUSINESS,2021-12-30 23:01:33,ACTIVE
CUST002070,Melanie,Ramirez,david16@example.org,US,SAVINGS,2021-12-27 13:12:38,ACTIVE
CUST002071,Patricia,Knight,rodrigueztiffany@example.net,IT,BUSINESS,2024-01-03 14:50:25,ACTIVE
CUST002072,Justin,Allen,christineduncan@example.com,ES,BUSINESS,2026-05-08 09:17:02,ACTIVE
CUST002073,Michael,Young,spencerlevi@example.org,US,BUSINESS,2023-02-10 08:45:24,ACTIVE
CUST002074,Linda,Bryan,ambersmith@example.org,IT,BUSINESS,2022-06-04 17:58:09,ACTIVE
CUST002075,Ashley,Mendez,lisa11@example.org,IN,SAVINGS,2025-02-08 02:48:29,ACTIVE
CUST002076,Jeffrey,Stevens,patricialowery@example.com,IT,CHECKING,2022-07-25 02:36:43,ACTIVE
CUST002077,Aaron,Lambert,mriley@example.com,IN,BUSINESS,2025-06-11 15:45:09,ACTIVE
CUST002078,Jason,Garcia,ortizsean@example.org,ES,CHECKING,2024-12-01 23:50:09,ACTIVE
CUST002079,Melissa,Christensen,weaverjoseph@example.net,PK,CHECKING,2025-10-30 13:38:18,SUSPENDED
CUST002080,Samuel,Golden,marc78@example.net,AU,CHECKING,2024-12-12 15:14:01,CLOSED
CUST002081,Mary,Obrien,drew19@example.net,FR,SAVINGS,2024-11-10 19:57:09,ACTIVE
CUST002082,Gary,Powell,leonsullivan@example.org,AU,SAVINGS,2024-02-14 13:50:48,SUSPENDED
CUST002083,Rachel,Gray,ryu@example.net,PK,BUSINESS,2023-09-22 18:39:28,ACTIVE
CUST002084,Debbie,Brown,pricemichael@example.com,US,CHECKING,2021-10-28 03:24:57,CLOSED
CUST002085,Travis,Ramsey,qdavis@example.com,NL,SAVINGS,2023-08-05 13:41:48,ACTIVE
CUST002086,Joseph,Buck,timothy23@example.net,AE,BUSINESS,2026-01-18 06:14:18,ACTIVE
CUST002087,Carol,Patrick,wernermichael@example.org,FR,BUSINESS,2022-06-01 00:05:57,SUSPENDED
CUST002088,Jasmine,Moore,wrightalicia@example.com,US,BUSINESS,2025-07-03 04:54:38,ACTIVE
CUST002089,Edward,Thomas,lramirez@example.org,CA,SAVINGS,2025-02-17 15:08:25,SUSPENDED
CUST002090,Larry,Meyer,monicaoliver@example.net,IN,BUSINESS,2023-02-23 02:35:38,ACTIVE
CUST002091,Keith,Harrison,pjacobson@example.org,US,CHECKING,2023-04-24 12:13:31,CLOSED
CUST002092,Carrie,Jones,adamskrista@example.net,US,SAVINGS,2022-09-15 03:36:35,ACTIVE
CUST002093,Kimberly,Tran,jennifer28@example.org,FR,BUSINESS,2023-09-27 15:59:50,ACTIVE
CUST002094,Kristin,Nguyen,katiepalmer@example.org,GB,BUSINESS,2025-11-28 18:03:01,ACTIVE
CUST002095,William,Brown,garyharrison@example.org,BE,SAVINGS,2023-09-16 02:32:27,CLOSED
CUST002096,Michelle,Flowers,steven72@example.net,IN,SAVINGS,2022-08-01 20:13:31,ACTIVE
CUST002097,Jennifer,Martin,jonesnicholas@example.org,CA,SAVINGS,2024-02-03 18:38:01,ACTIVE
CUST002098,Steven,Lindsey,upierce@example.com,NL,SAVINGS,2026-02-11 17:53:15,CLOSED
CUST002099,Steven,Holland,kristin96@example.com,BE,SAVINGS,2026-02-06 20:02:48,ACTIVE
CUST002100,Sharon,Jackson,cmartinez@example.org,US,SAVINGS,2022-04-10 13:38:13,ACTIVE
CUST002101,Carol,Richardson,darrell66@example.com,GB,BUSINESS,2024-03-13 00:56:30,ACTIVE
CUST002102,Nathaniel,Edwards,karenlewis@example.net,BE,SAVINGS,2022-11-25 17:04:00,ACTIVE
CUST002103,Shannon,Garza,deborahturner@example.org,US,CHECKING,2022-11-10 15:03:49,CLOSED
CUST002104,Allen,Perez,zking@example.com,ES,BUSINESS,2025-08-09 19:26:25,ACTIVE
CUST002105,Nathan,Harris,robertwilliams@example.org,IN,CHECKING,2022-07-06 03:36:32,ACTIVE
CUST002106,Kenneth,Brown,pblankenship@example.com,AE,CHECKING,2022-04-25 04:34:19,CLOSED
CUST002107,Carmen,Kelly,ewilliams@example.org,GB,SAVINGS,2024-08-24 14:15:31,ACTIVE
CUST002108,Mark,Collins,alexgarcia@example.net,ES,BUSINESS,2026-06-05 06:27:26,ACTIVE
CUST002109,Joseph,Johnson,crystalwatson@example.com,US,CHECKING,2025-01-29 19:50:48,ACTIVE
CUST002110,Matthew,Austin,christy45@example.org,GB,SAVINGS,2026-01-17 17:23:33,ACTIVE
CUST002111,Brenda,Stephenson,ghamilton@example.org,PK,BUSINESS,2026-04-24 00:20:25,CLOSED
CUST002112,Jessica,Knight,lutzeric@example.com,CA,BUSINESS,2024-06-16 05:11:07,ACTIVE
CUST002113,Donna,Gonzales,douglas31@example.net,AE,SAVINGS,2024-11-30 04:08:32,ACTIVE
CUST002114,Joshua,Robinson,turnerstephanie@example.org,NL,BUSINESS,2025-03-17 07:37:47,CLOSED
CUST002115,Ashley,Butler,ronaldcarroll@example.org,FR,SAVINGS,2021-08-27 05:32:26,ACTIVE
CUST002116,Vickie,Martin,bakertimothy@example.org,SG,CHECKING,2023-07-07 04:07:48,ACTIVE
CUST002117,Taylor,Zavala,qwilson@example.com,IT,SAVINGS,2024-07-25 07:35:47,SUSPENDED
CUST002118,Christina,Krause,qsosa@example.net,IN,BUSINESS,2026-05-26 21:09:21,ACTIVE
CUST002119,Amy,Valenzuela,crystal58@example.org,US,BUSINESS,2026-01-27 04:52:26,ACTIVE
CUST002120,Felicia,Drake,jeremyjohnson@example.com,NL,SAVINGS,2023-12-19 03:06:42,ACTIVE
CUST002121,Mark,Hicks,zkaufman@example.org,CA,BUSINESS,2024-03-15 14:25:22,ACTIVE
CUST002122,Laurie,Scott,angelarichard@example.org,BE,CHECKING,2023-10-07 06:30:52,SUSPENDED
CUST002123,Steven,Hernandez,terrywilliam@example.com,DE,SAVINGS,2025-01-18 18:17:35,CLOSED
CUST002124,Robert,Rivera,sanchezcindy@example.net,IT,BUSINESS,2022-03-19 12:29:08,CLOSED
CUST002125,Kimberly,Howe,grahamlisa@example.org,JP,BUSINESS,2025-03-04 09:57:41,CLOSED
CUST002126,Thomas,Johnson,david37@example.com,ES,SAVINGS,2025-01-07 20:51:51,ACTIVE
CUST002127,Brianna,Sullivan,justinbishop@example.org,BE,BUSINESS,2024-07-04 17:32:15,CLOSED
CUST002128,Erik,Murphy,gcastaneda@example.org,US,BUSINESS,2022-05-08 04:45:39,SUSPENDED
CUST002129,Laura,Smith,fvasquez@example.net,PK,CHECKING,2022-12-10 08:49:46,SUSPENDED
CUST002130,Victoria,Smith,antoniocarter@example.com,AU,SAVINGS,2024-09-08 09:47:30,SUSPENDED
CUST002131,Elizabeth,Miller,patriciarivera@example.org,JP,CHECKING,2026-08-10 08:42:59,ACTIVE
CUST002132,Christopher,Williams,underwoodjames@example.org,JP,SAVINGS,2024-12-21 20:12:28,SUSPENDED
CUST002133,Madison,Henry,brittney98@example.org,JP,BUSINESS,2024-01-26 05:00:33,CLOSED
CUST002134,Dillon,Ford,eric81@example.com,GB,CHECKING,2023-07-21 18:23:52,ACTIVE
CUST002135,Hannah,Johnson,elizabeth77@example.com,ES,SAVINGS,2025-12-23 11:47:57,ACTIVE
CUST002136,Kirk,Valdez,pbutler@example.com,BE,SAVINGS,2024-06-05 05:02:40,ACTIVE
CUST002137,Jason,Murray,benjaminbrown@example.org,SG,SAVINGS,2022-11-27 07:04:49,CLOSED
CUST002138,Daniel,Cole,jennifercampbell@example.com,JP,SAVINGS,2024-05-15 12:29:37,ACTIVE
CUST002139,Beth,Higgins,portiz@example.net,PK,SAVINGS,2026-05-06 20:19:55,ACTIVE
CUST002140,Jessica,Turner,pauladouglas@example.com,SG,BUSINESS,2022-12-24 19:03:28,CLOSED
CUST002141,Peter,Reed,johnsonmelissa@example.com,US,SAVINGS,2024-12-17 18:53:36,ACTIVE
CUST002142,Jacob,Jimenez,ubowers@example.com,ES,CHECKING,2022-10-12 09:14:54,ACTIVE
CUST002143,Lisa,Mcgee,wbarrett@example.net,SG,CHECKING,2023-03-20 00:27:21,ACTIVE
CUST002144,Adrian,Logan,robert75@example.org,SG,BUSINESS,2022-01-03 00:54:35,ACTIVE
CUST002145,Nicole,Allen,mkrueger@example.net,IT,CHECKING,2023-03-09 07:16:57,SUSPENDED
CUST002146,Robert,Townsend,jennifer95@example.com,DE,CHECKING,2021-09-02 23:22:20,ACTIVE
CUST002147,Daniel,Ingram,jasoncook@example.net,PK,SAVINGS,2025-12-11 09:23:11,CLOSED
CUST002148,Joshua,Myers,ryandodson@example.org,FR,CHECKING,2025-07-08 22:58:49,SUSPENDED
CUST002149,Tamara,Garza,amber70@example.com,CA,CHECKING,2024-06-23 20:07:14,ACTIVE
CUST002150,Andrew,Lawrence,wellsnatalie@example.com,NL,BUSINESS,2026-07-07 07:02:36,ACTIVE
CUST002151,Jerry,Edwards,shannonevans@example.net,DE,BUSINESS,2021-12-23 17:43:31,SUSPENDED
CUST002152,Lisa,Barnett,ralph08@example.org,NL,CHECKING,2021-12-29 10:27:16,ACTIVE
CUST002153,Jeffrey,Underwood,randyjordan@example.org,SG,SAVINGS,2023-12-23 14:56:45,SUSPENDED
CUST002154,Amanda,Lam,usmith@example.net,JP,CHECKING,2024-04-02 19:29:52,ACTIVE
CUST002155,Kayla,Alvarado,nzhang@example.net,CA,CHECKING,2026-05-07 14:09:18,ACTIVE
CUST002156,Keith,Wilson,saraprice@example.net,FR,BUSINESS,2024-06-11 08:30:54,ACTIVE
CUST002157,Gregory,Douglas,cohenchristopher@example.net,IN,SAVINGS,2023-09-27 12:15:06,SUSPENDED
CUST002158,Stacey,Smith,sarahsimon@example.org,US,BUSINESS,2024-02-19 15:58:16,ACTIVE
CUST002159,Emily,Perry,kharris@example.com,CA,SAVINGS,2022-06-24 17:10:06,ACTIVE
CUST002160,Kathy,Roberts,joneseric@example.org,SG,BUSINESS,2021-09-04 19:26:00,ACTIVE
CUST002161,Stephanie,Jones,tammy17@example.com,AU,BUSINESS,2022-09-06 18:24:53,SUSPENDED
CUST002162,Vincent,Conley,edixon@example.net,JP,BUSINESS,2024-01-07 02:51:28,CLOSED
CUST002163,Kristen,Kelly,gomezpaul@example.org,GB,BUSINESS,2026-04-15 16:06:37,CLOSED
CUST002164,Sierra,Swanson,gayfrancis@example.com,NL,SAVINGS,2023-01-05 15:04:03,SUSPENDED
CUST002165,Alexa,Norris,timothymiddleton@example.net,CA,CHECKING,2024-08-21 04:14:54,ACTIVE
CUST002166,Anthony,Castaneda,ggarcia@example.com,US,SAVINGS,2023-06-16 05:58:18,ACTIVE
CUST002167,Gary,Oliver,vayala@example.net,GB,SAVINGS,2022-03-21 07:43:52,ACTIVE
CUST002168,Theresa,Garner,dgrant@example.com,NL,CHECKING,2024-05-22 13:16:51,ACTIVE
CUST002169,Dawn,Gonzalez,johnsonjacob@example.net,CA,CHECKING,2024-09-02 17:24:31,ACTIVE
CUST002170,Andre,Beck,deborah60@example.com,NL,SAVINGS,2025-08-04 10:55:57,CLOSED
CUST002171,Christopher,Cameron,watkinsthomas@example.net,FR,BUSINESS,2026-05-05 05:52:53,SUSPENDED
CUST002172,Jessica,Peterson,hartmandanielle@example.org,AE,SAVINGS,2024-04-21 00:00:27,ACTIVE
CUST002173,Amanda,Coleman,trevinobrian@example.com,FR,SAVINGS,2022-10-24 20:43:12,ACTIVE
CUST002174,Heather,Cabrera,juanatkinson@example.org,AU,CHECKING,2026-03-02 02:41:03,ACTIVE
CUST002175,Michael,Jimenez,richard04@example.com,CA,SAVINGS,2023-03-22 13:10:17,ACTIVE
CUST002176,Jennifer,Kane,coxcody@example.com,GB,BUSINESS,2024-06-27 12:05:20,SUSPENDED
CUST002177,Lucas,Martinez,brandimiller@example.org,GB,CHECKING,2024-01-01 13:42:32,ACTIVE
CUST002178,Larry,Hodges,cainana@example.net,SG,BUSINESS,2026-04-18 00:47:35,SUSPENDED
CUST002179,Kenneth,Tran,craig60@example.com,IN,SAVINGS,2025-03-22 21:29:45,ACTIVE
CUST002180,Christopher,Cook,taylorclinton@example.net,NL,CHECKING,2021-09-06 22:13:48,SUSPENDED
CUST002181,Daniel,Woods,zpacheco@example.net,JP,CHECKING,2022-07-23 13:37:45,CLOSED
CUST002182,Joseph,Garza,christopherjackson@example.net,AE,BUSINESS,2026-06-28 08:06:50,ACTIVE
CUST002183,Jackie,Garcia,ruizjessica@example.org,NL,BUSINESS,2023-02-02 16:22:30,CLOSED
CUST002184,Joann,Short,veronicasmith@example.net,AE,SAVINGS,2023-12-22 15:03:48,SUSPENDED
CUST002185,Barbara,Blair,travisyoung@example.com,IT,CHECKING,2023-06-12 01:07:28,ACTIVE
CUST002186,Christina,Price,max69@example.com,ES,SAVINGS,2026-07-27 06:48:01,ACTIVE
CUST002187,Keith,Wright,mannjonathan@example.net,JP,SAVINGS,2025-11-18 16:46:05,CLOSED
CUST002188,Aaron,Wilson,julievazquez@example.net,US,SAVINGS,2023-03-21 05:59:13,CLOSED
CUST002189,Lisa,Carpenter,davidwilliams@example.org,US,CHECKING,2022-01-17 03:20:34,ACTIVE
CUST002190,Jessica,Sutton,tammyhill@example.org,FR,CHECKING,2026-07-15 14:39:38,ACTIVE
CUST002191,Aaron,Clark,greeralexander@example.org,CA,CHECKING,2024-07-21 00:41:07,ACTIVE
CUST002192,Jamie,Thomas,meltonmark@example.com,DE,SAVINGS,2024-11-14 03:01:09,ACTIVE
CUST002193,Donna,Becker,oalvarado@example.org,ES,BUSINESS,2023-05-29 22:00:26,SUSPENDED
CUST002194,Paul,Lopez,tracyavery@example.com,SG,CHECKING,2022-01-24 12:00:16,ACTIVE
CUST002195,Johnny,Hamilton,bryansmall@example.org,DE,CHECKING,2025-07-20 17:57:54,ACTIVE
CUST002196,Alice,Harris,keithdonald@example.com,US,CHECKING,2023-02-26 13:49:12,ACTIVE
CUST002197,Ronald,Smith,willismichael@example.net,GB,SAVINGS,2023-07-23 09:27:26,SUSPENDED
CUST002198,Shannon,Barker,mary64@example.org,BE,SAVINGS,2025-09-25 20:46:38,ACTIVE
CUST002199,Jeffrey,Conway,normandeanna@example.com,BE,CHECKING,2023-07-06 11:36:32,ACTIVE
CUST002200,Valerie,Arnold,danielgriffith@example.net,FR,SAVINGS,2023-10-26 03:21:43,SUSPENDED
CUST002201,Hannah,Nelson,julie01@example.net,DE,BUSINESS,2022-07-24 06:38:48,SUSPENDED
CUST002202,John,Campbell,katherinebarnett@example.net,ES,CHECKING,2026-07-15 02:39:03,ACTIVE
CUST002203,Lauren,Moreno,courtneymadden@example.org,IN,SAVINGS,2022-12-01 16:41:22,ACTIVE
CUST002204,Susan,Murphy,abradley@example.com,DE,BUSINESS,2023-04-18 09:38:24,ACTIVE
CUST002205,Jacob,Oconnor,zking@example.com,GB,SAVINGS,2026-08-20 16:56:01,ACTIVE
CUST002206,James,Morales,cody79@example.org,SG,CHECKING,2023-09-25 07:08:34,ACTIVE
CUST002207,Mark,Hodge,thomas38@example.com,US,BUSINESS,2025-11-04 15:14:01,ACTIVE
CUST002208,Jeremy,Bernard,norrisdakota@example.org,CA,BUSINESS,2023-08-14 02:34:19,ACTIVE
CUST002209,Robert,Williams,vgutierrez@example.org,US,SAVINGS,2022-07-10 06:48:15,ACTIVE
CUST002210,Erin,Daugherty,ohiggins@example.net,PK,SAVINGS,2023-06-23 00:03:32,ACTIVE
CUST002211,Jeffery,Davis,alexander96@example.org,JP,BUSINESS,2024-01-13 16:12:54,ACTIVE
CUST002212,Dawn,Wu,claytonmclean@example.net,SG,BUSINESS,2022-08-29 12:04:31,CLOSED
CUST002213,Clayton,Wright,bradleybarker@example.net,DE,SAVINGS,2023-01-26 10:29:58,SUSPENDED
CUST002214,Diane,Dominguez,howetracy@example.org,JP,SAVINGS,2025-02-24 21:58:03,ACTIVE
CUST002215,Paige,Garcia,sandyramirez@example.com,BE,CHECKING,2024-08-13 15:31:05,ACTIVE
CUST002216,Sarah,Mullins,anthonydavis@example.net,DE,CHECKING,2026-07-06 16:37:13,SUSPENDED
CUST002217,Andrew,Hill,lynnyoung@example.org,BE,CHECKING,2023-03-05 19:40:05,ACTIVE
CUST002218,James,Clark,kennethbrown@example.com,AE,SAVINGS,2023-07-27 11:05:46,CLOSED
CUST002219,Christine,Johnson,michaelsherman@example.com,DE,SAVINGS,2025-04-28 02:17:06,ACTIVE
CUST002220,Eric,Brown,thomassmith@example.com,FR,CHECKING,2021-12-12 14:42:33,CLOSED
CUST002221,Amanda,Cohen,wrodriguez@example.org,AE,BUSINESS,2023-06-14 11:06:40,SUSPENDED
CUST002222,Charles,Perry,kperez@example.com,SG,BUSINESS,2026-01-27 20:48:00,ACTIVE
CUST002223,Jennifer,Stephenson,olivia29@example.net,BE,CHECKING,2026-06-22 23:44:31,ACTIVE
CUST002224,Jason,Cole,cherylnorton@example.com,ES,SAVINGS,2024-05-02 09:48:50,ACTIVE
CUST002225,Jorge,Lewis,gonzalezkenneth@example.net,JP,BUSINESS,2025-08-08 18:21:45,ACTIVE
CUST002226,Sara,Baxter,hogandavid@example.org,PK,BUSINESS,2023-08-09 05:45:25,ACTIVE
CUST002227,Jillian,Ferguson,castroralph@example.net,FR,SAVINGS,2026-08-03 12:35:08,ACTIVE
CUST002228,Jennifer,Velasquez,holmesamber@example.org,SG,BUSINESS,2022-09-22 06:20:56,ACTIVE
CUST002229,John,Williams,allenandrea@example.com,ES,SAVINGS,2026-02-11 19:45:29,ACTIVE
CUST002230,Amanda,Green,ana20@example.com,BE,BUSINESS,2025-10-27 10:13:01,ACTIVE
CUST002231,Melissa,Harris,hollydavis@example.org,AE,SAVINGS,2025-05-30 19:05:41,ACTIVE
CUST002232,Charles,Le,rojasmarc@example.org,FR,BUSINESS,2023-12-31 22:31:30,SUSPENDED
CUST002233,Victoria,Morgan,cannonkimberly@example.net,BE,BUSINESS,2021-11-08 16:17:01,ACTIVE
CUST002234,Michelle,Sharp,morriskatherine@example.net,NL,CHECKING,2026-08-19 14:42:01,SUSPENDED
CUST002235,Christopher,Watts,gbenton@example.com,SG,SAVINGS,2026-03-27 04:21:12,CLOSED
CUST002236,Deborah,Brown,ballvanessa@example.com,NL,BUSINESS,2024-11-15 02:54:41,SUSPENDED
CUST002237,Emily,Norton,karen42@example.org,IT,BUSINESS,2026-04-17 03:12:51,ACTIVE
CUST002238,Lisa,Burke,hmitchell@example.org,CA,SAVINGS,2022-12-06 07:07:02,ACTIVE
CUST002239,Gregory,Hines,edwardstaylor@example.net,SG,SAVINGS,2025-05-07 00:05:36,ACTIVE
CUST002240,Tanner,Williams,smithjose@example.org,IN,BUSINESS,2024-11-11 13:12:43,CLOSED
CUST002241,Michael,Peterson,jennifer48@example.org,ES,CHECKING,2025-02-04 07:55:26,CLOSED
CUST002242,Nicholas,Martinez,rhernandez@example.net,ES,SAVINGS,2023-08-03 08:35:58,ACTIVE
CUST002243,Vicki,Wood,diazlorraine@example.net,IN,SAVINGS,2024-11-03 13:33:48,CLOSED
CUST002244,Jessica,Tran,weberbrian@example.org,BE,SAVINGS,2023-09-11 08:01:50,ACTIVE
CUST002245,Robert,Chase,ymontgomery@example.org,AE,BUSINESS,2026-02-14 03:22:46,CLOSED
CUST002246,Jack,Brown,laurie16@example.com,GB,BUSINESS,2026-02-22 16:43:56,ACTIVE
CUST002247,David,Peters,greenjessica@example.net,PK,CHECKING,2023-02-27 18:31:37,CLOSED
CUST002248,Amy,Wells,zacharygray@example.org,IN,SAVINGS,2026-02-21 21:45:17,CLOSED
CUST002249,Deborah,Ross,ericjones@example.net,IT,SAVINGS,2025-01-19 11:35:15,ACTIVE
CUST002250,Christine,Phillips,aimeebrewer@example.net,JP,BUSINESS,2024-04-06 19:52:18,SUSPENDED
CUST002251,Rickey,Moore,natashaavila@example.org,IT,BUSINESS,2024-10-12 14:27:34,SUSPENDED
CUST002252,Jennifer,Kirk,tlewis@example.com,AE,BUSINESS,2022-05-07 18:10:27,ACTIVE
CUST002253,Steven,Williams,ocarter@example.com,AU,SAVINGS,2022-12-25 05:34:31,ACTIVE
CUST002254,Michael,Christensen,michelle02@example.com,GB,BUSINESS,2023-08-07 04:38:10,ACTIVE
CUST002255,Jennifer,Wood,kellychung@example.net,DE,CHECKING,2021-11-05 17:57:38,CLOSED
CUST002256,Elizabeth,Harrison,robert44@example.net,JP,CHECKING,2026-07-19 03:16:06,ACTIVE
CUST002257,Susan,Moreno,ingramjessica@example.com,IN,CHECKING,2023-09-14 14:35:15,ACTIVE
CUST002258,Angela,Mason,mariahill@example.net,IN,CHECKING,2022-10-16 13:57:21,ACTIVE
CUST002259,Steven,Decker,nunezmatthew@example.com,DE,SAVINGS,2022-02-20 04:31:15,ACTIVE
CUST002260,Victoria,Carter,sabrinaclark@example.com,DE,CHECKING,2023-04-21 05:28:40,CLOSED
CUST002261,Maria,Scott,nicole16@example.net,JP,SAVINGS,2023-07-15 19:44:51,SUSPENDED
CUST002262,Lindsay,Shaffer,daviscarol@example.net,CA,BUSINESS,2025-08-13 16:17:52,CLOSED
CUST002263,Jennifer,Cobb,obrienjames@example.net,NL,CHECKING,2022-06-05 11:56:05,ACTIVE
CUST002264,Crystal,Gonzalez,dennisschneider@example.org,IT,BUSINESS,2021-12-25 07:03:29,ACTIVE
CUST002265,Nicole,Bond,hubersamantha@example.net,FR,CHECKING,2025-12-11 02:19:31,SUSPENDED
CUST002266,Tyler,Nixon,gdavis@example.com,PK,CHECKING,2026-05-08 04:21:51,SUSPENDED
CUST002267,Jennifer,Warren,smithjack@example.org,AE,BUSINESS,2021-11-24 19:21:14,ACTIVE
CUST002268,Brenda,Cook,irodriguez@example.net,BE,BUSINESS,2026-02-08 01:49:22,SUSPENDED
CUST002269,Sandra,Sanchez,ocook@example.net,IN,SAVINGS,2025-11-17 16:29:27,ACTIVE
CUST002270,Joseph,Campbell,hornerebecca@example.org,IN,BUSINESS,2023-06-20 10:01:19,ACTIVE
CUST002271,Peter,Lynch,dennis01@example.com,CA,CHECKING,2022-04-02 18:53:48,ACTIVE
CUST002272,Lindsey,Pitts,daniel43@example.org,IN,SAVINGS,2025-01-09 21:53:18,ACTIVE
CUST002273,Alyssa,Cooper,williskatherine@example.com,IT,BUSINESS,2023-04-22 09:35:24,ACTIVE
CUST002274,George,Sharp,catherinewagner@example.org,DE,BUSINESS,2023-09-10 13:34:40,ACTIVE
CUST002275,Shannon,Rogers,qjones@example.org,CA,SAVINGS,2024-02-24 17:38:38,ACTIVE
CUST002276,David,Herrera,gallegoscrystal@example.com,IT,BUSINESS,2023-09-02 19:37:53,ACTIVE
CUST002277,Travis,Foster,vburch@example.org,AU,BUSINESS,2026-01-25 00:00:17,ACTIVE
CUST002278,Heather,Wilson,ronaldbradford@example.org,CA,BUSINESS,2023-04-16 21:48:22,CLOSED
CUST002279,Nancy,Brown,michaelsanders@example.net,GB,BUSINESS,2022-05-27 01:20:06,ACTIVE
CUST002280,Lisa,Farmer,dmoore@example.org,AE,BUSINESS,2024-05-16 20:23:40,CLOSED
CUST002281,Shelby,Lewis,katrinaking@example.com,BE,BUSINESS,2024-09-03 21:17:13,SUSPENDED
CUST002282,Brett,Jordan,ryanrodriguez@example.net,SG,BUSINESS,2025-10-11 03:37:43,SUSPENDED
CUST002283,Roger,Hoffman,christineriggs@example.com,PK,CHECKING,2024-02-13 17:07:05,ACTIVE
CUST002284,Kara,Williams,kevinspencer@example.net,AE,CHECKING,2025-06-15 14:03:48,CLOSED
CUST002285,Kimberly,Cooper,thomasestrada@example.net,GB,BUSINESS,2026-02-22 19:07:48,ACTIVE
CUST002286,Derek,Williams,deannamendez@example.org,JP,CHECKING,2022-02-07 09:04:53,CLOSED
CUST002287,Curtis,Wood,obrienbrandon@example.com,AU,SAVINGS,2026-06-14 04:35:03,ACTIVE
CUST002288,Beverly,Brown,justin20@example.net,PK,SAVINGS,2025-07-03 05:26:23,CLOSED
CUST002289,Victoria,Aguilar,richardharper@example.net,BE,SAVINGS,2025-03-24 15:45:24,SUSPENDED
CUST002290,Katie,Armstrong,qkane@example.com,AE,BUSINESS,2026-05-08 15:27:21,SUSPENDED
CUST002291,Darlene,Malone,hdavis@example.com,IN,BUSINESS,2022-11-19 12:44:50,ACTIVE
CUST002292,Amanda,Diaz,kwalsh@example.org,AU,CHECKING,2022-11-24 23:17:48,CLOSED
CUST002293,Mark,Garcia,bartonpaige@example.net,CA,CHECKING,2023-04-21 14:34:48,SUSPENDED
CUST002294,Stephanie,Zamora,lopezkimberly@example.org,AE,BUSINESS,2024-02-26 05:40:44,ACTIVE
CUST002295,Kimberly,Parsons,jpowell@example.org,BE,SAVINGS,2025-02-12 12:27:35,SUSPENDED
CUST002296,Cindy,Johnson,omoore@example.org,GB,CHECKING,2025-07-15 21:11:12,ACTIVE
CUST002297,Kathryn,Compton,maygordon@example.org,NL,BUSINESS,2024-04-13 01:23:14,ACTIVE
CUST002298,Anna,Vang,abigailrobinson@example.net,CA,CHECKING,2024-09-22 13:09:18,ACTIVE
CUST002299,Debra,Roach,dianehoffman@example.org,FR,SAVINGS,2024-01-27 00:08:25,ACTIVE
CUST002300,Maria,Merritt,hclay@example.org,IT,SAVINGS,2026-06-19 19:15:13,ACTIVE
CUST002301,Chelsea,Peterson,richardhines@example.net,AE,BUSINESS,2022-11-23 23:28:00,ACTIVE
CUST002302,Ryan,Adams,wberry@example.com,PK,BUSINESS,2022-04-08 15:56:05,CLOSED
CUST002303,Sandra,Robinson,gstokes@example.net,CA,BUSINESS,2022-11-21 04:45:08,CLOSED
CUST002304,Katie,Aguirre,ashley14@example.org,ES,CHECKING,2023-12-03 03:44:08,ACTIVE
CUST002305,Raymond,Hernandez,melissa40@example.org,US,SAVINGS,2023-01-17 18:17:34,ACTIVE
CUST002306,Timothy,Walker,contreraswillie@example.net,ES,SAVINGS,2024-12-21 05:57:08,ACTIVE
CUST002307,Rebecca,Price,wilsontina@example.com,PK,BUSINESS,2025-12-08 00:43:15,ACTIVE
CUST002308,James,Miller,lisarogers@example.org,IT,SAVINGS,2022-01-21 08:09:01,ACTIVE
CUST002309,Sierra,Brooks,salazarjoshua@example.com,DE,BUSINESS,2022-04-09 18:40:38,SUSPENDED
CUST002310,Michaela,Morris,lrussell@example.net,AU,CHECKING,2026-02-01 16:04:01,ACTIVE
CUST002311,James,Aguilar,omay@example.org,SG,SAVINGS,2022-01-28 17:50:30,SUSPENDED
CUST002312,Jessica,Walker,joseph77@example.com,ES,SAVINGS,2024-01-17 01:29:46,CLOSED
CUST002313,Peter,Brown,umcclure@example.com,IN,CHECKING,2025-02-24 09:49:17,CLOSED
CUST002314,Emily,Carlson,andrew17@example.net,JP,SAVINGS,2025-09-06 13:39:22,ACTIVE
CUST002315,Sandra,Leblanc,arianarandolph@example.org,SG,BUSINESS,2023-11-22 06:40:06,SUSPENDED
CUST002316,Andrew,Zuniga,carlos33@example.org,DE,CHECKING,2025-07-05 13:59:53,ACTIVE
CUST002317,Jesse,Pineda,michael23@example.com,BE,SAVINGS,2025-01-23 07:16:40,SUSPENDED
CUST002318,Daniel,Stephens,marshalljamie@example.org,PK,CHECKING,2022-07-07 07:19:33,ACTIVE
CUST002319,Christian,Martin,wrodriguez@example.com,SG,BUSINESS,2023-09-03 19:48:54,CLOSED
CUST002320,Mandy,Petty,david78@example.net,PK,CHECKING,2024-08-01 05:44:06,SUSPENDED
CUST002321,Nicholas,Lee,qjones@example.net,FR,SAVINGS,2024-03-04 08:55:07,CLOSED
CUST002322,Kurt,Watkins,michellemorris@example.org,FR,SAVINGS,2025-01-05 12:29:00,CLOSED
CUST002323,Kelly,Williams,reynoldsjustin@example.org,AU,CHECKING,2023-08-30 06:32:29,ACTIVE
CUST002324,Shannon,Fleming,rossamanda@example.org,CA,BUSINESS,2025-08-03 14:20:16,ACTIVE
CUST002325,Joyce,Porter,rosejones@example.org,ES,CHECKING,2022-06-08 03:18:16,SUSPENDED
CUST002326,Natalie,Shannon,curtislee@example.net,US,BUSINESS,2025-03-21 22:52:14,CLOSED
CUST002327,George,Payne,rmueller@example.net,CA,CHECKING,2025-05-17 01:45:57,ACTIVE
CUST002328,Jesus,Simmons,nancyryan@example.org,GB,SAVINGS,2026-01-12 10:50:24,SUSPENDED
CUST002329,Gregory,Maldonado,ricky53@example.net,ES,CHECKING,2025-06-22 11:05:44,ACTIVE
CUST002330,Susan,Johnson,hpowell@example.com,DE,SAVINGS,2025-09-19 13:28:52,CLOSED
CUST002331,Isabel,Powell,zyoung@example.net,SG,CHECKING,2022-11-23 18:23:20,CLOSED
CUST002332,Michelle,Smith,bennettdouglas@example.net,GB,SAVINGS,2023-02-07 13:29:38,ACTIVE
CUST002333,Henry,Soto,emily16@example.net,GB,BUSINESS,2024-10-05 17:13:18,SUSPENDED
CUST002334,Alexis,Rogers,rgiles@example.com,AE,BUSINESS,2025-02-03 13:22:55,ACTIVE
CUST002335,Ashley,Oconnor,charlesduncan@example.com,AE,CHECKING,2026-06-24 18:29:56,SUSPENDED
CUST002336,Raymond,Bryant,grantamanda@example.net,CA,CHECKING,2023-12-07 17:22:41,SUSPENDED
CUST002337,Joe,Hanson,krista02@example.org,GB,BUSINESS,2021-12-20 20:57:03,CLOSED
CUST002338,Melissa,Yates,eileendaniels@example.net,IT,BUSINESS,2023-10-13 14:07:37,CLOSED
CUST002339,William,Carter,kennethjacobs@example.net,SG,BUSINESS,2026-01-02 20:05:01,ACTIVE
CUST002340,Angela,Jones,campbellshannon@example.net,IT,CHECKING,2025-12-19 07:48:32,ACTIVE
CUST002341,Stephen,Patrick,dominguezscott@example.com,AE,SAVINGS,2023-03-04 17:37:30,ACTIVE
CUST002342,Joe,Stephens,mmyers@example.net,JP,BUSINESS,2023-03-28 17:10:33,ACTIVE
CUST002343,Anthony,Gilbert,omar19@example.org,DE,BUSINESS,2025-07-29 00:11:11,SUSPENDED
CUST002344,Troy,Patel,nweaver@example.net,GB,SAVINGS,2025-05-12 12:25:15,ACTIVE
CUST002345,William,Higgins,maryanderson@example.net,IT,SAVINGS,2026-07-22 12:54:28,ACTIVE
CUST002346,James,Gamble,gibbsamanda@example.net,AU,BUSINESS,2026-02-09 16:22:30,ACTIVE
CUST002347,Aaron,Schneider,migueldominguez@example.org,AE,SAVINGS,2024-09-18 01:26:55,ACTIVE
CUST002348,Karla,Price,gina90@example.org,BE,BUSINESS,2022-09-17 06:55:34,SUSPENDED
CUST002349,Gary,Yoder,kimberlycooper@example.com,AU,CHECKING,2023-12-07 02:50:06,SUSPENDED
CUST002350,John,Villa,zmurray@example.org,FR,CHECKING,2022-11-04 12:49:42,ACTIVE
CUST002351,Michael,Ochoa,jacob32@example.net,JP,SAVINGS,2026-03-07 12:29:09,ACTIVE
CUST002352,Jodi,Bradford,ogreer@example.org,AE,BUSINESS,2026-04-18 09:33:05,ACTIVE
CUST002353,Susan,Bradshaw,petersonfrank@example.org,DE,BUSINESS,2024-06-09 03:49:06,ACTIVE
CUST002354,Jacob,Juarez,vthompson@example.com,IT,BUSINESS,2023-01-28 10:20:25,ACTIVE
CUST002355,Tanya,Jackson,mirandawalker@example.net,IN,SAVINGS,2024-10-18 04:19:56,ACTIVE
CUST002356,Curtis,Dalton,castropeter@example.com,BE,BUSINESS,2021-11-13 04:33:26,ACTIVE
CUST002357,Stephanie,Burns,stephanie85@example.org,NL,SAVINGS,2024-05-17 01:06:26,SUSPENDED
CUST002358,Katelyn,Mejia,mallory30@example.org,FR,SAVINGS,2024-04-04 02:27:29,ACTIVE
CUST002359,Courtney,Wilson,housedaniel@example.com,SG,BUSINESS,2025-10-07 23:29:34,ACTIVE
CUST002360,Fred,Gonzalez,brandi40@example.org,IT,BUSINESS,2024-09-30 01:45:00,CLOSED
CUST002361,Jason,Parker,kelly15@example.com,AE,SAVINGS,2023-05-15 23:38:07,CLOSED
CUST002362,Daniel,Daniel,christine36@example.com,US,BUSINESS,2026-02-10 02:39:57,ACTIVE
CUST002363,Connor,Lindsey,cyork@example.org,SG,BUSINESS,2023-11-29 03:20:57,ACTIVE
CUST002364,Stephanie,Hernandez,campbellkayla@example.org,GB,BUSINESS,2021-12-12 19:23:00,CLOSED
CUST002365,Kimberly,Thompson,hgilbert@example.net,FR,SAVINGS,2026-02-07 14:43:53,ACTIVE
CUST002366,Thomas,Brown,katherinesmith@example.com,FR,SAVINGS,2022-10-02 16:03:20,ACTIVE
CUST002367,Jimmy,Palmer,richard25@example.net,AE,BUSINESS,2025-04-16 16:34:23,CLOSED
CUST002368,Robert,Sosa,csparks@example.net,NL,CHECKING,2025-05-30 08:11:47,SUSPENDED
CUST002369,Joshua,Huffman,trevormorgan@example.com,JP,CHECKING,2024-01-11 04:46:33,ACTIVE
CUST002370,Amber,Morgan,yoconnell@example.com,GB,BUSINESS,2024-02-06 08:31:58,ACTIVE
CUST002371,Gregory,Anderson,poncelisa@example.com,JP,BUSINESS,2024-06-22 20:57:30,ACTIVE
CUST002372,Anthony,Cantu,khanbrad@example.com,IN,CHECKING,2024-10-25 19:08:42,ACTIVE
CUST002373,Danielle,Willis,charlesyoung@example.net,NL,BUSINESS,2022-08-20 00:58:55,SUSPENDED
CUST002374,Lauren,Oneill,clarkmario@example.com,IT,SAVINGS,2021-12-08 10:46:35,CLOSED
CUST002375,Aimee,Schultz,lpeters@example.net,SG,CHECKING,2022-07-03 07:20:49,ACTIVE
CUST002376,Justin,Mitchell,ncruz@example.net,US,BUSINESS,2025-10-27 19:14:37,CLOSED
CUST002377,Douglas,Mccarty,rodneynolan@example.com,DE,CHECKING,2024-02-20 18:11:07,ACTIVE
CUST002378,Dawn,Hernandez,andersonmeghan@example.net,CA,SAVINGS,2023-01-28 12:32:55,CLOSED
CUST002379,Samantha,Roberts,foxlinda@example.org,PK,BUSINESS,2026-04-09 15:28:23,ACTIVE
CUST002380,Lindsey,Rodriguez,jamesbrown@example.org,FR,CHECKING,2022-11-13 09:58:10,CLOSED
CUST002381,Natasha,Brewer,claire06@example.net,NL,SAVINGS,2021-09-19 16:21:02,SUSPENDED
CUST002382,Nicole,Stone,kbaker@example.org,GB,BUSINESS,2026-05-08 18:59:32,ACTIVE
CUST002383,Steven,Johnson,katiepowell@example.net,FR,SAVINGS,2022-05-23 01:18:19,ACTIVE
CUST002384,Elizabeth,Thompson,rachelcastillo@example.com,BE,BUSINESS,2023-11-12 07:40:14,ACTIVE
CUST002385,Julie,Cox,timothy62@example.net,IT,BUSINESS,2021-12-05 01:05:18,ACTIVE
CUST002386,Mark,Montgomery,qreyes@example.net,AE,CHECKING,2023-09-13 12:09:29,ACTIVE
CUST002387,Jessica,Long,jenniferhorne@example.net,PK,SAVINGS,2025-08-20 21:28:23,ACTIVE
CUST002388,Gregory,Bryant,jamescobb@example.net,CA,SAVINGS,2023-07-01 12:05:00,ACTIVE
CUST002389,Sara,Rios,suehowe@example.com,ES,SAVINGS,2023-03-13 06:27:12,SUSPENDED
CUST002390,Gerald,Ray,joycekeith@example.org,JP,CHECKING,2025-04-13 10:09:05,ACTIVE
CUST002391,Lauren,Sandoval,bowmanjoel@example.net,SG,SAVINGS,2022-11-15 11:12:31,CLOSED
CUST002392,Joel,Jackson,jacqueline39@example.net,JP,BUSINESS,2023-05-18 17:56:52,ACTIVE
CUST002393,Luke,Case,robert77@example.net,GB,CHECKING,2025-11-04 11:35:52,CLOSED
CUST002394,Jeffery,Morton,john09@example.com,ES,SAVINGS,2023-11-14 11:39:43,ACTIVE
CUST002395,Michelle,Lane,ucarr@example.org,PK,BUSINESS,2023-03-09 03:22:16,ACTIVE
CUST002396,Patricia,Munoz,ksmith@example.org,US,BUSINESS,2025-05-23 22:36:28,ACTIVE
CUST002397,Chad,Brown,elizabethcarlson@example.net,IT,BUSINESS,2025-11-18 18:31:59,ACTIVE
CUST002398,Jennifer,Lewis,devon88@example.org,AU,BUSINESS,2022-10-05 10:36:01,ACTIVE
CUST002399,Edward,Burnett,taylormichael@example.net,IN,CHECKING,2022-02-10 03:27:56,ACTIVE
CUST002400,Amy,Thompson,bakerangela@example.net,SG,BUSINESS,2025-08-11 01:03:58,CLOSED
CUST002401,April,Hunter,nbailey@example.net,PK,CHECKING,2024-10-24 19:58:36,SUSPENDED
CUST002402,Elizabeth,Howard,danafoster@example.org,PK,CHECKING,2021-12-29 02:31:25,CLOSED
CUST002403,James,Ramirez,joel61@example.net,PK,CHECKING,2026-07-13 08:47:38,ACTIVE
CUST002404,Malik,Stevens,mary23@example.net,DE,BUSINESS,2026-07-03 00:01:44,CLOSED
CUST002405,Rachel,Dillon,maxwelldawn@example.org,SG,CHECKING,2026-08-22 20:10:18,ACTIVE
CUST002406,Kara,Beck,turnertimothy@example.net,BE,CHECKING,2025-12-31 06:35:36,ACTIVE
CUST002407,James,Salazar,rhondaray@example.com,AE,SAVINGS,2022-05-09 05:55:54,SUSPENDED
CUST002408,Jason,Watkins,franklindarius@example.com,GB,SAVINGS,2022-01-22 21:27:24,SUSPENDED
CUST002409,Cynthia,Dennis,clarkdavid@example.net,SG,BUSINESS,2025-07-25 17:03:23,ACTIVE
CUST002410,Robert,Goodwin,brianobrien@example.net,ES,CHECKING,2022-05-29 17:13:34,ACTIVE
CUST002411,Darren,Reyes,andersonhenry@example.org,ES,CHECKING,2021-12-02 15:11:39,ACTIVE
CUST002412,Sean,Sharp,mrandolph@example.net,AE,BUSINESS,2023-06-21 14:54:47,CLOSED
CUST002413,Benjamin,Armstrong,njames@example.net,NL,BUSINESS,2021-10-06 03:06:57,CLOSED
CUST002414,Donna,Gibson,kimberly12@example.com,AU,CHECKING,2023-02-23 17:00:09,CLOSED
CUST002415,Craig,Mitchell,igarrett@example.com,IT,CHECKING,2021-09-21 15:07:33,ACTIVE
CUST002416,Barbara,Nguyen,edwardmitchell@example.org,BE,CHECKING,2021-10-17 15:26:33,SUSPENDED
CUST002417,Mary,Vargas,virginia56@example.org,ES,BUSINESS,2021-08-29 07:25:55,CLOSED
CUST002418,Linda,Lewis,david97@example.org,US,BUSINESS,2022-06-23 08:38:21,ACTIVE
CUST002419,Jeremy,Chavez,joshuacoleman@example.com,ES,SAVINGS,2026-04-29 07:29:30,SUSPENDED
CUST002420,Mark,Richardson,kathryn23@example.org,US,CHECKING,2023-11-09 06:20:33,ACTIVE
CUST002421,Shelly,Beasley,anthonybranch@example.org,IT,CHECKING,2025-03-30 00:08:55,ACTIVE
CUST002422,David,Mendez,fhall@example.com,GB,CHECKING,2022-02-28 20:13:34,ACTIVE
CUST002423,Gabriel,Harvey,fhiggins@example.com,GB,CHECKING,2025-04-10 14:57:18,ACTIVE
CUST002424,Michelle,Johnson,davidheath@example.net,AE,CHECKING,2022-07-24 00:43:14,ACTIVE
CUST002425,Matthew,Green,mariacohen@example.net,ES,SAVINGS,2021-09-18 00:16:52,CLOSED
CUST002426,Jeffrey,Page,antonio01@example.org,US,BUSINESS,2024-09-26 20:25:56,ACTIVE
CUST002427,Rebecca,Sullivan,xelliott@example.net,IN,SAVINGS,2025-06-28 03:34:36,ACTIVE
CUST002428,Miguel,Orozco,cindy57@example.net,GB,SAVINGS,2024-08-10 18:25:11,ACTIVE
CUST002429,Nathan,Coleman,sonyaking@example.org,AU,BUSINESS,2022-10-24 16:13:19,SUSPENDED
CUST002430,Mary,King,csmith@example.net,SG,SAVINGS,2022-02-26 00:20:05,SUSPENDED
CUST002431,Kayla,Robles,williamsanthony@example.net,AU,BUSINESS,2025-02-27 06:54:57,CLOSED
CUST002432,Angela,Garcia,fhill@example.com,AU,BUSINESS,2023-01-10 09:29:26,CLOSED
CUST002433,Rodney,Williams,blacklisa@example.net,JP,BUSINESS,2024-10-06 08:23:14,ACTIVE
CUST002434,Seth,Hernandez,oneilldaniel@example.com,CA,CHECKING,2022-03-02 09:01:19,SUSPENDED
CUST002435,Steven,Gonzalez,ortizcristian@example.org,US,CHECKING,2025-07-30 16:27:58,ACTIVE
CUST002436,Jennifer,Cook,hesskeith@example.net,CA,BUSINESS,2023-12-29 13:35:46,SUSPENDED
CUST002437,Travis,Gonzalez,tthompson@example.org,SG,CHECKING,2021-11-10 11:45:03,CLOSED
CUST002438,Andre,Graham,amanda85@example.com,GB,BUSINESS,2025-04-09 17:17:41,ACTIVE
CUST002439,Jade,Carlson,hjohnson@example.net,IT,SAVINGS,2021-09-11 10:53:20,SUSPENDED
CUST002440,Matthew,Cooke,catherinemoore@example.com,GB,SAVINGS,2023-10-24 07:21:54,ACTIVE
CUST002441,Mary,Preston,fmorrow@example.com,US,CHECKING,2026-08-17 11:00:01,SUSPENDED
CUST002442,Caleb,Allen,hollyalvarez@example.org,NL,BUSINESS,2022-02-20 08:48:19,ACTIVE
CUST002443,Tina,Powell,vgarcia@example.net,SG,BUSINESS,2021-11-10 22:25:52,ACTIVE
CUST002444,Kari,Pope,griffintodd@example.com,US,BUSINESS,2022-09-15 17:29:22,SUSPENDED
CUST002445,Robin,Johnson,brenda88@example.org,DE,BUSINESS,2026-06-09 09:40:45,CLOSED
CUST002446,Katherine,Hodge,audrey53@example.net,DE,CHECKING,2022-03-17 20:05:18,CLOSED
CUST002447,Levi,Jackson,cheryl80@example.net,PK,BUSINESS,2024-03-07 04:04:48,CLOSED
CUST002448,Deborah,Harper,znoble@example.net,ES,SAVINGS,2026-02-24 14:22:27,SUSPENDED
CUST002449,Veronica,Fowler,gonzalezbrittany@example.net,BE,SAVINGS,2022-09-03 03:50:10,ACTIVE
CUST002450,Lisa,Reyes,curtis61@example.org,ES,SAVINGS,2023-06-28 10:32:12,CLOSED
CUST002451,Todd,Cisneros,rcastillo@example.org,PK,BUSINESS,2023-08-20 07:17:20,ACTIVE
CUST002452,Mariah,Gill,vwhite@example.net,PK,SAVINGS,2026-01-12 17:23:12,ACTIVE
CUST002453,Elizabeth,Larson,forbessean@example.org,NL,SAVINGS,2022-03-21 14:49:02,ACTIVE
CUST002454,Jennifer,Bartlett,nicolecharles@example.net,SG,BUSINESS,2022-11-02 02:06:09,ACTIVE
CUST002455,Anthony,Mcdonald,iweiss@example.org,DE,CHECKING,2022-07-19 20:10:11,SUSPENDED
CUST002456,Christopher,Brown,donnahopkins@example.net,JP,SAVINGS,2023-11-09 16:21:04,ACTIVE
CUST002457,Cody,Galvan,younggabrielle@example.net,CA,BUSINESS,2026-07-06 06:03:00,SUSPENDED
CUST002458,William,Gordon,hlester@example.org,SG,BUSINESS,2025-06-06 08:21:56,CLOSED
CUST002459,Sydney,Simon,sarah80@example.org,ES,SAVINGS,2026-04-19 18:04:03,CLOSED
CUST002460,Sarah,Shannon,amanda21@example.com,GB,CHECKING,2024-09-04 16:20:24,ACTIVE
CUST002461,Alejandra,Mclaughlin,ashleyalexander@example.net,PK,SAVINGS,2024-10-29 19:45:30,CLOSED
CUST002462,Samuel,Smith,bryanjohnson@example.net,IN,BUSINESS,2022-01-17 22:35:21,ACTIVE
CUST002463,Robert,Flores,poolehector@example.org,ES,CHECKING,2024-11-18 20:45:05,ACTIVE
CUST002464,Anna,Evans,pdavis@example.net,AE,BUSINESS,2022-05-13 13:10:55,ACTIVE
CUST002465,Sarah,Dixon,lcraig@example.com,GB,SAVINGS,2023-01-21 04:36:39,ACTIVE
CUST002466,Carol,Henderson,stevengoodwin@example.net,SG,SAVINGS,2025-09-15 21:04:52,ACTIVE
CUST002467,Elizabeth,Williams,chapmanjerome@example.org,JP,CHECKING,2023-11-07 01:42:45,ACTIVE
CUST002468,Rebecca,Davis,brodriguez@example.org,PK,CHECKING,2025-11-08 09:04:45,ACTIVE
CUST002469,Rachel,May,tonycraig@example.net,FR,BUSINESS,2026-05-10 05:41:36,ACTIVE
CUST002470,Angela,Cook,xgomez@example.com,FR,SAVINGS,2026-08-04 16:16:48,SUSPENDED
CUST002471,Lauren,Ballard,owhite@example.org,IN,SAVINGS,2025-03-27 10:27:43,CLOSED
CUST002472,Jacqueline,Campbell,preyes@example.net,AE,CHECKING,2023-11-26 06:31:17,CLOSED
CUST002473,Selena,Patterson,shawn42@example.org,PK,SAVINGS,2025-06-04 18:18:31,ACTIVE
CUST002474,Alexander,Hoffman,cruzernest@example.com,IT,BUSINESS,2026-08-01 11:00:13,SUSPENDED
CUST002475,Kathleen,Petersen,ihill@example.org,US,SAVINGS,2021-08-26 12:51:43,SUSPENDED
CUST002476,Wayne,Berry,josephross@example.net,DE,BUSINESS,2025-12-01 12:50:20,CLOSED
CUST002477,Jeremy,Williams,qtaylor@example.com,FR,CHECKING,2025-09-23 07:08:05,CLOSED
CUST002478,Edward,Archer,eguzman@example.com,NL,BUSINESS,2021-11-01 23:47:27,CLOSED
CUST002479,Cindy,Brown,charles19@example.net,IN,CHECKING,2023-10-05 20:44:47,ACTIVE
CUST002480,Michael,Campos,yolandamarks@example.net,ES,CHECKING,2025-02-11 03:40:50,ACTIVE
CUST002481,Daniel,Lewis,vkline@example.org,JP,SAVINGS,2023-10-06 22:06:54,ACTIVE
CUST002482,Bradley,Scott,moraleskimberly@example.net,ES,CHECKING,2021-11-01 14:32:51,CLOSED
CUST002483,Renee,Ward,karen72@example.com,IN,BUSINESS,2022-09-16 11:49:34,ACTIVE
CUST002484,Christina,Patterson,marksheidi@example.com,BE,CHECKING,2021-11-21 06:06:21,ACTIVE
CUST002485,Kristin,Butler,harrisonjoy@example.net,DE,SAVINGS,2022-03-16 10:53:18,ACTIVE
CUST002486,Kelsey,Martinez,brooke98@example.net,ES,BUSINESS,2022-01-02 10:24:05,ACTIVE
CUST002487,Amy,Huber,clinesteven@example.net,AU,BUSINESS,2022-11-20 09:33:42,CLOSED
CUST002488,Collin,Miller,robert13@example.com,AU,BUSINESS,2023-03-22 08:05:15,ACTIVE
CUST002489,Samantha,Sims,amy98@example.net,US,BUSINESS,2023-10-08 00:14:35,CLOSED
CUST002490,Holly,Perkins,gcollins@example.com,BE,CHECKING,2026-06-22 18:21:24,ACTIVE
CUST002491,Larry,Stafford,murphybrianna@example.com,AE,SAVINGS,2022-01-25 15:22:39,ACTIVE
CUST002492,Daniel,Austin,brianmcdaniel@example.com,BE,SAVINGS,2024-09-21 00:56:33,ACTIVE
CUST002493,John,Mcfarland,bellchad@example.org,AE,SAVINGS,2025-03-30 01:48:59,CLOSED
CUST002494,Felicia,Brown,uclark@example.org,DE,SAVINGS,2025-02-21 17:57:20,SUSPENDED
CUST002495,Theresa,Holland,robertsonjordan@example.com,ES,CHECKING,2022-02-14 20:51:37,ACTIVE
CUST002496,Nicholas,Smith,wheelerdenise@example.com,BE,BUSINESS,2022-10-21 15:42:49,SUSPENDED
CUST002497,Kenneth,Mata,harold46@example.com,CA,CHECKING,2023-12-24 16:04:25,ACTIVE
CUST002498,Kristen,Yang,areynolds@example.org,AU,CHECKING,2024-06-06 00:47:29,ACTIVE
CUST002499,Kristina,Baker,wilkinssarah@example.com,AU,BUSINESS,2025-04-02 12:28:25,CLOSED
CUST002500,Michelle,Burns,bmorgan@example.net,DE,SAVINGS,2025-06-25 12:01:18,CLOSED
CUST002501,Kimberly,Parker,tami38@example.net,PK,BUSINESS,2021-11-23 05:33:27,ACTIVE
CUST002502,Ronald,Sanchez,jonathan66@example.org,GB,BUSINESS,2023-03-21 03:33:30,ACTIVE
CUST002503,Kaylee,Rogers,brian65@example.net,NL,BUSINESS,2024-08-07 15:12:36,CLOSED
CUST002504,Jeremy,Brown,lmartin@example.org,AU,SAVINGS,2023-02-19 21:20:33,ACTIVE
CUST002505,Edwin,White,epatterson@example.net,AU,BUSINESS,2025-09-05 23:25:11,SUSPENDED
CUST002506,Lance,Taylor,christina60@example.org,CA,BUSINESS,2022-04-28 02:47:00,SUSPENDED
CUST002507,Gregory,Fletcher,davisrenee@example.net,US,CHECKING,2023-10-14 22:10:16,CLOSED
CUST002508,Amanda,Holmes,aholder@example.net,IT,BUSINESS,2021-10-11 02:47:22,ACTIVE
CUST002509,Daniel,Chapman,folson@example.net,IT,CHECKING,2022-09-26 16:36:40,ACTIVE
CUST002510,James,Miller,scott04@example.com,FR,SAVINGS,2022-10-18 14:53:00,ACTIVE
CUST002511,Virginia,Ortiz,melissa61@example.org,SG,CHECKING,2022-08-05 01:08:33,CLOSED
CUST002512,Samantha,Brown,jeremy75@example.org,GB,SAVINGS,2025-04-22 16:37:48,ACTIVE
CUST002513,Michael,Chapman,idelacruz@example.org,BE,SAVINGS,2025-07-28 09:08:48,CLOSED
CUST002514,Angela,Beltran,miguelbaker@example.net,AE,BUSINESS,2023-02-19 15:24:57,ACTIVE
CUST002515,Kyle,Martinez,wesleyjohns@example.com,FR,BUSINESS,2023-12-07 05:14:39,ACTIVE
CUST002516,Brandon,Lowe,pscott@example.com,SG,SAVINGS,2024-01-28 13:50:05,ACTIVE
CUST002517,Denise,Morgan,mollybruce@example.org,AE,CHECKING,2022-08-06 14:07:21,ACTIVE
CUST002518,Donald,Lee,imitchell@example.net,NL,BUSINESS,2025-10-29 17:46:33,CLOSED
CUST002519,Evelyn,Oliver,hayesrachel@example.com,BE,CHECKING,2023-05-28 08:36:37,ACTIVE
CUST002520,John,Carter,tracyjohnson@example.net,JP,SAVINGS,2026-03-26 18:15:31,ACTIVE
CUST002521,Noah,Jackson,hurstmichael@example.org,GB,BUSINESS,2026-04-08 04:58:12,CLOSED
CUST002522,Bruce,Bradford,crivers@example.com,AU,CHECKING,2024-06-12 11:39:04,ACTIVE
CUST002523,Jennifer,Lee,ylynch@example.org,IT,SAVINGS,2024-05-31 04:59:54,ACTIVE
CUST002524,Jennifer,Shaw,josephenglish@example.com,PK,BUSINESS,2023-08-08 13:23:41,SUSPENDED
CUST002525,Nicole,Smith,robertsonjennifer@example.com,PK,SAVINGS,2025-05-25 04:25:31,ACTIVE
CUST002526,Thomas,Mitchell,kirbymichael@example.org,JP,CHECKING,2024-01-08 20:08:07,SUSPENDED
CUST002527,Jonathan,Rangel,jose60@example.net,ES,BUSINESS,2023-06-09 17:50:02,SUSPENDED
CUST002528,Lori,Koch,alvarezchristine@example.com,PK,BUSINESS,2026-05-07 22:29:31,ACTIVE
CUST002529,Daniel,May,john91@example.org,US,SAVINGS,2026-03-19 17:21:42,ACTIVE
CUST002530,Stephen,Shaw,morgan69@example.net,IN,BUSINESS,2026-07-30 05:29:25,ACTIVE
CUST002531,Ronald,Willis,nicoleduran@example.net,AU,BUSINESS,2022-03-02 17:51:10,ACTIVE
CUST002532,Kevin,Galloway,iriley@example.com,CA,BUSINESS,2022-07-16 14:50:28,ACTIVE
CUST002533,Joshua,Cole,jonhall@example.org,IT,BUSINESS,2026-03-31 13:54:51,ACTIVE
CUST002534,Julie,James,gregory23@example.net,AE,SAVINGS,2023-07-29 19:41:23,ACTIVE
CUST002535,Brittany,Martin,johnsparks@example.org,ES,SAVINGS,2022-08-10 16:59:33,ACTIVE
CUST002536,Tricia,Keller,kjohnson@example.net,BE,SAVINGS,2023-06-09 04:43:41,CLOSED
CUST002537,Tonya,Holmes,josephangela@example.org,IN,CHECKING,2023-01-28 18:05:21,CLOSED
CUST002538,Dustin,Williams,smithjerry@example.org,AU,SAVINGS,2021-10-15 00:59:54,ACTIVE
CUST002539,Bryan,Boyd,hhamilton@example.org,AU,CHECKING,2021-11-26 01:20:55,ACTIVE
CUST002540,William,Welch,hespinoza@example.org,SG,SAVINGS,2026-04-23 05:47:41,ACTIVE
CUST002541,Christopher,Phillips,patrick14@example.org,NL,SAVINGS,2023-08-26 07:25:03,ACTIVE
CUST002542,Rachael,Roberts,debra19@example.net,US,CHECKING,2022-01-19 15:01:47,ACTIVE
CUST002543,Kristi,Hill,jamesparker@example.net,US,SAVINGS,2024-05-04 11:10:40,ACTIVE
CUST002544,Marilyn,Tyler,smithjessica@example.org,CA,SAVINGS,2025-07-15 10:56:19,ACTIVE
CUST002545,Mary,Powell,adamroth@example.com,DE,SAVINGS,2024-06-13 22:53:44,ACTIVE
CUST002546,Stephanie,Chapman,vflowers@example.org,AE,CHECKING,2022-01-15 15:01:43,ACTIVE
CUST002547,Ryan,Compton,fhenderson@example.org,US,BUSINESS,2021-10-04 23:44:20,ACTIVE
CUST002548,Rebecca,Long,kerry11@example.net,AE,SAVINGS,2023-07-24 21:13:37,CLOSED
CUST002549,Valerie,Smith,gweaver@example.com,ES,CHECKING,2023-12-08 19:15:29,ACTIVE
CUST002550,Kelsey,Harrison,richardsonanna@example.org,PK,SAVINGS,2025-04-22 02:40:14,CLOSED
CUST002551,Robert,Harris,nicholasswanson@example.net,NL,SAVINGS,2025-02-04 13:22:19,ACTIVE
CUST002552,Erik,Lawson,riceamber@example.net,AE,CHECKING,2026-05-17 02:26:22,CLOSED
CUST002553,Abigail,Reid,kennedywanda@example.net,JP,CHECKING,2025-10-11 05:29:11,ACTIVE
CUST002554,Kimberly,Jones,watsonbrittany@example.org,SG,CHECKING,2024-09-26 08:05:50,SUSPENDED
CUST002555,Shawn,Jones,bmosley@example.net,GB,BUSINESS,2023-08-31 00:26:26,CLOSED
CUST002556,David,Harding,ryanmiles@example.com,DE,CHECKING,2025-07-07 17:07:35,ACTIVE
CUST002557,Melinda,Welch,omarturner@example.org,PK,CHECKING,2026-05-10 12:00:18,CLOSED
CUST002558,Melissa,Juarez,sarah17@example.com,IN,CHECKING,2024-07-03 04:29:14,ACTIVE
CUST002559,William,Mata,murraystephen@example.net,US,CHECKING,2022-06-01 17:58:58,ACTIVE
CUST002560,Emily,Taylor,paul21@example.org,CA,BUSINESS,2026-04-04 19:35:41,ACTIVE
CUST002561,Emily,Davenport,juanfranklin@example.net,FR,BUSINESS,2025-01-27 23:10:21,ACTIVE
CUST002562,Shelby,Graham,franciscomorrison@example.com,JP,CHECKING,2024-06-29 00:02:58,ACTIVE
CUST002563,William,Jones,shepherdnicole@example.com,IT,CHECKING,2024-10-06 23:06:39,ACTIVE
CUST002564,Joseph,Anderson,erin57@example.org,NL,BUSINESS,2024-05-12 10:40:41,ACTIVE
CUST002565,Ryan,Wagner,kirkdonald@example.com,AE,SAVINGS,2025-11-16 10:09:56,ACTIVE
CUST002566,Maria,Page,hurleybrandon@example.net,NL,CHECKING,2025-01-17 01:06:47,ACTIVE
CUST002567,Jeffrey,Padilla,robert07@example.org,NL,CHECKING,2023-06-12 20:51:15,ACTIVE
CUST002568,Margaret,Ramirez,gbraun@example.org,AU,BUSINESS,2026-05-31 07:08:41,CLOSED
CUST002569,Cheryl,Clay,adam17@example.net,DE,CHECKING,2026-01-16 19:57:56,CLOSED
CUST002570,Ian,Barker,iallen@example.com,BE,BUSINESS,2022-04-07 16:21:35,ACTIVE
CUST002571,Perry,Peck,adam10@example.com,NL,CHECKING,2026-06-07 23:11:29,ACTIVE
CUST002572,Darlene,Mullins,davisautumn@example.org,AU,CHECKING,2023-03-01 11:55:27,ACTIVE
CUST002573,Megan,Blackwell,zavaladiane@example.com,DE,SAVINGS,2023-03-26 03:11:33,CLOSED
CUST002574,Ronald,Adkins,manningjeremy@example.com,PK,SAVINGS,2022-02-06 21:08:01,CLOSED
CUST002575,Lori,Taylor,johnsonchad@example.com,US,CHECKING,2024-04-26 18:05:49,ACTIVE
CUST002576,Erin,Smith,sscott@example.net,FR,SAVINGS,2022-05-21 14:23:42,ACTIVE
CUST002577,Natalie,Berry,anna54@example.org,DE,SAVINGS,2022-11-06 01:44:39,ACTIVE
CUST002578,Lauren,Boyd,kwatkins@example.org,DE,SAVINGS,2025-02-25 21:31:56,SUSPENDED
CUST002579,Melvin,Larson,sue16@example.net,ES,BUSINESS,2022-05-26 03:47:15,CLOSED
CUST002580,Susan,Mcguire,tiffanyharris@example.com,PK,BUSINESS,2026-03-25 06:45:16,SUSPENDED
CUST002581,Christopher,Winters,johnsonmartin@example.org,AU,SAVINGS,2024-08-22 11:00:02,ACTIVE
CUST002582,Kim,Beck,lwalker@example.org,BE,CHECKING,2025-08-19 08:09:33,CLOSED
CUST002583,Patricia,Lewis,samuel83@example.com,DE,SAVINGS,2022-12-08 19:16:04,CLOSED
CUST002584,Robert,Brown,tiffany60@example.net,ES,CHECKING,2025-04-20 03:43:31,SUSPENDED
CUST002585,Seth,Chapman,veronicadavies@example.com,DE,SAVINGS,2026-04-05 05:23:22,ACTIVE
CUST002586,Wesley,Payne,louisperez@example.net,JP,BUSINESS,2024-03-08 01:26:14,SUSPENDED
CUST002587,Richard,Taylor,riverabrian@example.com,US,CHECKING,2024-01-02 03:31:37,ACTIVE
CUST002588,Janet,Long,wharvey@example.org,ES,BUSINESS,2024-09-30 01:37:48,ACTIVE
CUST002589,Susan,Moore,jessicasmith@example.org,PK,SAVINGS,2026-04-01 19:22:38,SUSPENDED
CUST002590,Sharon,Barrera,daniel74@example.net,ES,BUSINESS,2021-11-19 02:00:47,ACTIVE
CUST002591,Elizabeth,Greene,corymiller@example.org,AE,SAVINGS,2025-08-02 00:39:18,SUSPENDED
CUST002592,Kimberly,Pugh,burkegloria@example.org,US,CHECKING,2024-06-11 04:31:51,ACTIVE
CUST002593,Linda,Padilla,dfleming@example.net,US,CHECKING,2023-02-26 20:20:46,ACTIVE
CUST002594,Gary,Johnson,samantha54@example.net,US,SAVINGS,2022-05-10 19:57:38,ACTIVE
CUST002595,Felicia,Bolton,estradaian@example.com,NL,SAVINGS,2026-06-18 15:06:11,CLOSED
CUST002596,Michael,Hayden,moorerobert@example.net,AU,CHECKING,2022-01-30 05:14:25,CLOSED
CUST002597,Christian,Rodriguez,michellearias@example.com,DE,SAVINGS,2023-11-10 02:39:18,ACTIVE
CUST002598,Scott,Zamora,antonio40@example.com,BE,BUSINESS,2022-07-01 19:49:47,ACTIVE
CUST002599,Kathy,Padilla,stevenpierce@example.com,AE,SAVINGS,2024-10-06 01:56:37,CLOSED
CUST002600,Dawn,Mcintyre,williamstoni@example.com,US,SAVINGS,2023-06-28 06:40:30,CLOSED
CUST002601,Tara,Mejia,harrisphyllis@example.org,GB,CHECKING,2021-09-03 19:16:21,CLOSED
CUST002602,Joshua,Martinez,johnsross@example.net,IT,BUSINESS,2024-01-25 11:35:56,ACTIVE
CUST002603,Caleb,Daniels,mosesveronica@example.com,US,SAVINGS,2023-02-17 21:12:40,ACTIVE
CUST002604,Susan,Howard,reginaparks@example.com,BE,CHECKING,2022-11-23 15:41:11,CLOSED
CUST002605,Brandon,Hughes,browntamara@example.net,GB,SAVINGS,2026-07-25 00:54:54,CLOSED
CUST002606,Alexander,Smith,jhahn@example.org,AE,SAVINGS,2022-04-11 09:49:11,CLOSED
CUST002607,Amy,Love,xbaker@example.net,SG,CHECKING,2023-09-15 04:56:34,ACTIVE
CUST002608,Wendy,Mason,jenniferhuber@example.net,JP,BUSINESS,2023-04-19 17:25:31,ACTIVE
CUST002609,Ashley,Roberts,michelle00@example.com,SG,BUSINESS,2025-10-28 06:12:45,CLOSED
CUST002610,Stephen,Blake,matthewsmith@example.org,IN,SAVINGS,2024-08-10 11:27:52,ACTIVE
CUST002611,Maria,Jones,triciaedwards@example.org,AU,BUSINESS,2024-12-22 18:29:26,SUSPENDED
CUST002612,Isaiah,Rodriguez,isaiah02@example.net,BE,BUSINESS,2026-07-09 17:32:28,ACTIVE
CUST002613,Jacqueline,Hernandez,kylechase@example.org,IN,SAVINGS,2021-10-11 19:08:38,ACTIVE
CUST002614,Jo,Johnson,daypatricia@example.net,NL,SAVINGS,2022-01-16 14:42:52,ACTIVE
CUST002615,Michael,Smith,pdixon@example.org,AU,CHECKING,2022-12-09 01:26:49,CLOSED
CUST002616,Olivia,Wilson,olong@example.org,AE,SAVINGS,2021-09-14 15:34:58,ACTIVE
CUST002617,Juan,Gregory,kcook@example.net,US,BUSINESS,2026-04-08 14:32:35,ACTIVE
CUST002618,Shannon,Vincent,christopherwatkins@example.net,DE,CHECKING,2025-04-02 05:32:35,ACTIVE
CUST002619,Larry,Foster,stephanieallen@example.net,PK,BUSINESS,2023-03-05 03:57:45,ACTIVE
CUST002620,Laura,Dyer,stephengomez@example.org,AE,CHECKING,2022-04-23 23:48:20,ACTIVE
CUST002621,Jonathan,Lucero,nealdavid@example.com,US,BUSINESS,2022-08-16 07:34:13,ACTIVE
CUST002622,Christopher,Cooper,jeremiahwalton@example.org,GB,BUSINESS,2023-03-10 14:34:20,CLOSED
CUST002623,Jaime,Graves,coreypope@example.net,US,CHECKING,2023-02-07 11:44:36,ACTIVE
CUST002624,Carlos,Meadows,boydrenee@example.net,JP,SAVINGS,2021-09-07 18:05:57,ACTIVE
CUST002625,Gina,Cunningham,hrodriguez@example.net,AU,BUSINESS,2025-05-12 17:20:05,ACTIVE
CUST002626,Jason,Watson,crossnicole@example.net,PK,SAVINGS,2025-08-05 06:58:11,ACTIVE
CUST002627,Hannah,Ruiz,jameszachary@example.net,DE,BUSINESS,2022-01-28 21:10:43,ACTIVE
CUST002628,Karen,Mejia,timothycannon@example.net,AU,BUSINESS,2023-06-27 09:27:21,SUSPENDED
CUST002629,Carlos,Werner,williamperkins@example.org,IN,CHECKING,2025-12-24 01:51:56,ACTIVE
CUST002630,Joshua,Ali,michelle18@example.org,FR,SAVINGS,2023-01-29 19:18:02,CLOSED
CUST002631,Jennifer,Woods,brownandrea@example.net,FR,CHECKING,2024-02-26 14:10:16,CLOSED
CUST002632,Amanda,Garrett,derekdougherty@example.org,IN,SAVINGS,2023-10-17 06:54:49,ACTIVE
CUST002633,Christopher,Ramirez,diana28@example.net,IN,SAVINGS,2022-08-01 07:33:14,ACTIVE
CUST002634,Carl,Dickson,barbara30@example.net,IT,SAVINGS,2022-09-22 14:14:49,CLOSED
CUST002635,Jill,Navarro,barryclark@example.org,GB,BUSINESS,2024-01-03 01:44:51,ACTIVE
CUST002636,Sharon,Dominguez,melissaanderson@example.com,SG,SAVINGS,2025-11-19 18:50:59,SUSPENDED
CUST002637,Michael,Arias,sanchezjennifer@example.org,GB,SAVINGS,2022-10-05 08:41:41,CLOSED
CUST002638,Wesley,Butler,russellrandy@example.org,IT,BUSINESS,2022-02-19 22:23:03,ACTIVE
CUST002639,Maxwell,Mcguire,sarahgonzales@example.com,US,CHECKING,2024-09-04 02:01:41,ACTIVE
CUST002640,Raymond,Richards,davidjones@example.org,CA,SAVINGS,2023-01-10 11:20:13,ACTIVE
CUST002641,Vicki,Davis,harrisonnicholas@example.net,IN,SAVINGS,2021-12-30 11:14:45,ACTIVE
CUST002642,Michelle,Moore,davidglover@example.com,NL,BUSINESS,2023-10-04 19:07:13,ACTIVE
CUST002643,Megan,Harmon,carl66@example.org,ES,CHECKING,2022-12-07 02:23:35,ACTIVE
CUST002644,Ashley,Solis,sheilabarnes@example.org,JP,CHECKING,2025-11-29 07:02:04,ACTIVE
CUST002645,Brian,Sullivan,tanya66@example.com,SG,SAVINGS,2021-12-29 13:04:52,SUSPENDED
CUST002646,Patrick,Graves,christopherhunt@example.com,ES,CHECKING,2024-09-23 07:43:39,ACTIVE
CUST002647,Michael,Turner,kimberly44@example.net,JP,SAVINGS,2021-12-15 20:52:17,SUSPENDED
CUST002648,Scott,Reynolds,gailjacobs@example.org,PK,BUSINESS,2023-07-24 15:34:52,CLOSED
CUST002649,Ashley,Cooper,deborah62@example.com,PK,SAVINGS,2023-04-07 01:44:42,CLOSED
CUST002650,David,Jackson,ryanflowers@example.org,ES,SAVINGS,2024-02-29 14:39:40,CLOSED
CUST002651,Tanya,Scott,vwade@example.com,GB,BUSINESS,2026-05-15 04:32:32,SUSPENDED
CUST002652,Heather,Adams,craigrobertson@example.net,GB,SAVINGS,2021-12-25 12:59:50,ACTIVE
CUST002653,Amanda,Vasquez,singhsarah@example.org,ES,SAVINGS,2023-09-10 10:34:19,CLOSED
CUST002654,Jennifer,Solomon,barrettashley@example.com,FR,BUSINESS,2023-11-22 15:54:10,SUSPENDED
CUST002655,Jeffrey,Castro,paigecortez@example.com,IN,BUSINESS,2025-07-27 12:55:24,ACTIVE
CUST002656,Terri,Lopez,elizabeth58@example.org,SG,BUSINESS,2023-07-25 05:58:52,ACTIVE
CUST002657,John,Avery,lambjohn@example.org,GB,BUSINESS,2024-10-05 02:35:42,CLOSED
CUST002658,Melinda,Rice,ujohnson@example.com,BE,CHECKING,2024-10-17 09:10:20,ACTIVE
CUST002659,Michelle,Osborne,khendricks@example.net,AU,SAVINGS,2023-12-07 20:46:17,ACTIVE
CUST002660,Victor,Flynn,umatthews@example.com,DE,BUSINESS,2024-07-02 20:13:18,SUSPENDED
CUST002661,Stacey,Ward,samuelelliott@example.com,SG,CHECKING,2024-12-28 13:30:55,ACTIVE
CUST002662,Paul,Chandler,erivers@example.com,SG,BUSINESS,2023-06-04 15:13:39,CLOSED
CUST002663,Rebecca,Martinez,matthewwood@example.net,IN,SAVINGS,2021-09-19 01:46:19,SUSPENDED
CUST002664,Ashley,Schaefer,william52@example.com,CA,CHECKING,2022-11-11 11:56:43,CLOSED
CUST002665,Marcus,Case,csanders@example.org,PK,BUSINESS,2022-08-11 01:20:54,ACTIVE
CUST002666,Melissa,Allen,rberg@example.org,IT,SAVINGS,2023-09-08 20:56:05,ACTIVE
CUST002667,Micheal,Love,bakerpaul@example.com,JP,BUSINESS,2022-02-05 00:19:17,CLOSED
CUST002668,Whitney,Mckay,johnmerritt@example.com,AE,BUSINESS,2022-08-21 22:29:45,ACTIVE
CUST002669,Kevin,Stewart,jason07@example.net,AU,CHECKING,2025-02-27 12:37:17,ACTIVE
CUST002670,Jeffrey,Townsend,damonsolomon@example.org,CA,CHECKING,2021-11-26 15:18:24,SUSPENDED
CUST002671,Amanda,Parks,simpsonalyssa@example.com,US,BUSINESS,2023-01-26 08:35:46,SUSPENDED
CUST002672,Douglas,Martinez,jessica71@example.net,AU,BUSINESS,2024-01-15 01:03:22,ACTIVE
CUST002673,Lucas,Clark,jocelyn26@example.net,GB,SAVINGS,2025-07-26 16:09:53,ACTIVE
CUST002674,Jordan,Richard,fwilliams@example.org,NL,CHECKING,2023-01-15 18:12:41,ACTIVE
CUST002675,Molly,Peck,holtrobert@example.com,SG,BUSINESS,2022-11-27 00:12:55,ACTIVE
CUST002676,Jeffrey,Wallace,banderson@example.com,SG,BUSINESS,2024-05-27 20:01:37,ACTIVE
CUST002677,Richard,Lee,rodriguezrhonda@example.net,FR,BUSINESS,2022-01-17 09:05:38,SUSPENDED
CUST002678,Sara,Soto,lisa78@example.org,AU,CHECKING,2021-11-09 20:34:26,CLOSED
CUST002679,Sara,Richardson,johnsonsamantha@example.com,FR,BUSINESS,2023-03-02 01:25:54,ACTIVE
CUST002680,Jessica,Jones,luisbates@example.org,AE,BUSINESS,2022-09-02 00:46:52,CLOSED
CUST002681,Ronald,Munoz,tammyschwartz@example.org,FR,SAVINGS,2023-07-02 13:56:21,SUSPENDED
CUST002682,Kathryn,Rice,snyderfrank@example.org,DE,CHECKING,2023-05-04 01:28:32,CLOSED
CUST002683,David,Gray,michael28@example.com,DE,SAVINGS,2023-02-23 07:32:21,ACTIVE
CUST002684,Rebecca,Johnson,barbarawelch@example.com,ES,BUSINESS,2023-09-29 04:08:23,ACTIVE
CUST002685,Maurice,Ball,margaret33@example.org,NL,SAVINGS,2023-02-01 11:01:28,ACTIVE
CUST002686,Edward,Steele,nperez@example.org,SG,CHECKING,2026-02-02 22:14:50,CLOSED
CUST002687,Carrie,Thompson,michael73@example.com,ES,BUSINESS,2023-07-27 01:53:59,ACTIVE
CUST002688,David,Henderson,hunterteresa@example.com,JP,SAVINGS,2025-01-10 04:53:19,ACTIVE
CUST002689,Christopher,Williams,lwilliams@example.com,AE,CHECKING,2025-11-19 04:28:20,ACTIVE
CUST002690,Kristin,Martinez,mariagonzalez@example.org,AE,BUSINESS,2022-06-28 00:39:13,ACTIVE
CUST002691,Alexis,Martinez,pgarcia@example.net,US,CHECKING,2023-07-17 00:16:22,CLOSED
CUST002692,Patricia,Grant,janicestuart@example.com,IN,CHECKING,2025-05-07 03:57:42,ACTIVE
CUST002693,Sandra,Gill,kimberly73@example.com,DE,CHECKING,2025-05-31 15:07:15,CLOSED
CUST002694,Karen,Anderson,tinabrandt@example.net,PK,CHECKING,2022-12-13 02:20:31,SUSPENDED
CUST002695,Donald,Martin,walterskaren@example.com,AE,SAVINGS,2023-10-22 20:42:18,SUSPENDED
CUST002696,Wendy,Reed,jenniferortega@example.net,IT,BUSINESS,2023-03-20 13:10:21,SUSPENDED
CUST002697,Gregory,Mullen,lbrown@example.net,SG,BUSINESS,2024-07-09 03:36:39,ACTIVE
CUST002698,Jason,Douglas,oallen@example.net,IT,BUSINESS,2025-09-21 00:19:05,ACTIVE
CUST002699,Michelle,Sanchez,schmidtjoseph@example.net,FR,BUSINESS,2025-10-31 08:45:45,ACTIVE
CUST002700,Joshua,Carey,washingtonleslie@example.net,AE,CHECKING,2024-03-29 17:32:43,ACTIVE
CUST002701,Kelsey,Delgado,eddie13@example.com,ES,SAVINGS,2023-02-18 16:01:43,SUSPENDED
CUST002702,Richard,Brown,elizabeth39@example.net,US,SAVINGS,2025-09-04 15:57:53,SUSPENDED
CUST002703,Diane,Hughes,jessica70@example.com,SG,BUSINESS,2024-05-10 18:24:45,ACTIVE
CUST002704,John,Jones,sharonkeller@example.com,GB,BUSINESS,2022-05-21 03:31:37,SUSPENDED
CUST002705,Ronnie,Le,joneskatie@example.net,US,SAVINGS,2024-07-23 17:06:16,ACTIVE
CUST002706,Mark,Nelson,johnstonnicholas@example.org,CA,SAVINGS,2024-05-18 21:46:56,ACTIVE
CUST002707,Shannon,Crawford,brianlara@example.org,NL,SAVINGS,2021-10-20 21:23:00,SUSPENDED
CUST002708,Jon,Hamilton,elizabethjones@example.net,JP,SAVINGS,2025-11-13 21:25:42,CLOSED
CUST002709,Cody,Daniel,hernandezcharles@example.org,JP,CHECKING,2026-07-06 06:52:55,ACTIVE
CUST002710,John,Moran,kford@example.net,PK,BUSINESS,2025-07-05 16:44:26,ACTIVE
CUST002711,Richard,Knight,klewis@example.com,IN,SAVINGS,2025-10-27 13:17:05,CLOSED
CUST002712,Patricia,Hall,davidpearson@example.net,PK,BUSINESS,2021-11-21 10:50:04,ACTIVE
CUST002713,Steven,Morgan,awong@example.com,BE,SAVINGS,2023-09-01 12:31:14,ACTIVE
CUST002714,Mary,Boyle,james91@example.net,AE,CHECKING,2024-11-25 00:29:26,ACTIVE
CUST002715,Mark,Lopez,hunter12@example.org,JP,BUSINESS,2022-12-31 00:49:43,SUSPENDED
CUST002716,David,Jones,hamptontom@example.com,US,BUSINESS,2023-12-19 10:29:12,ACTIVE
CUST002717,Victoria,Hart,smarsh@example.com,SG,BUSINESS,2021-09-15 20:50:41,CLOSED
CUST002718,Jennifer,Smith,ddonaldson@example.com,AE,CHECKING,2024-04-02 16:58:48,CLOSED
CUST002719,Kyle,Ortega,tcrawford@example.net,BE,BUSINESS,2025-06-16 19:35:45,ACTIVE
CUST002720,Brittany,Mclean,barnesjames@example.com,BE,BUSINESS,2025-04-11 23:07:57,ACTIVE
CUST002721,Hannah,Johnson,antonio63@example.com,JP,CHECKING,2024-04-29 07:35:08,ACTIVE
CUST002722,Holly,Harrison,chapmanpaul@example.com,FR,SAVINGS,2026-06-16 00:10:12,ACTIVE
CUST002723,Ronald,Lopez,halexander@example.net,CA,CHECKING,2026-06-17 04:58:39,SUSPENDED
CUST002724,Debra,Taylor,nwalker@example.org,BE,CHECKING,2024-10-21 00:10:29,ACTIVE
CUST002725,Brittney,Ball,michealrodriguez@example.net,NL,CHECKING,2023-01-07 23:55:11,ACTIVE
CUST002726,Steven,Craig,fevans@example.com,FR,BUSINESS,2024-02-12 09:48:19,ACTIVE
CUST002727,Sabrina,Oliver,cheryl54@example.com,FR,BUSINESS,2025-05-06 19:13:03,ACTIVE
CUST002728,John,Compton,nancy43@example.com,AU,BUSINESS,2023-11-03 04:14:22,ACTIVE
CUST002729,Kristen,Conner,cheryl69@example.net,SG,CHECKING,2023-09-24 09:04:44,ACTIVE
CUST002730,Karen,Sanchez,joshua74@example.org,IN,BUSINESS,2026-07-16 16:23:57,ACTIVE
CUST002731,Nicole,Wiley,andre82@example.org,GB,BUSINESS,2023-07-24 01:20:33,CLOSED
CUST002732,Brandon,Murphy,uanderson@example.com,AE,CHECKING,2023-07-05 09:45:50,ACTIVE
CUST002733,Vanessa,Caldwell,cory21@example.org,SG,CHECKING,2026-07-04 12:37:40,ACTIVE
CUST002734,Sean,Brown,dariusmendoza@example.org,NL,SAVINGS,2025-09-21 10:53:11,ACTIVE
CUST002735,Mark,Lam,james65@example.com,JP,SAVINGS,2025-09-01 20:11:17,ACTIVE
CUST002736,Lauren,Anderson,benjaminsmith@example.com,AE,SAVINGS,2024-01-06 14:42:39,ACTIVE
CUST002737,Ashley,Charles,jhickman@example.net,NL,CHECKING,2023-07-20 16:36:35,ACTIVE
CUST002738,Ashley,Morrow,phyllisbaxter@example.org,NL,CHECKING,2022-10-23 03:02:00,SUSPENDED
CUST002739,Kimberly,Harris,zcook@example.com,GB,SAVINGS,2026-02-23 06:50:25,ACTIVE
CUST002740,Jasmine,Myers,brandi70@example.net,NL,SAVINGS,2025-04-23 04:35:23,ACTIVE
CUST002741,Tara,Miller,sherylgreen@example.com,US,CHECKING,2026-05-08 04:24:47,SUSPENDED
CUST002742,Kenneth,Green,randy31@example.org,PK,CHECKING,2023-07-18 18:05:49,CLOSED
CUST002743,Sarah,Pierce,dyerkenneth@example.org,GB,CHECKING,2023-04-09 07:30:11,SUSPENDED
CUST002744,Maria,Moore,arthurwright@example.com,DE,CHECKING,2025-07-16 22:22:29,CLOSED
CUST002745,Kelly,Baker,dianasmith@example.org,AE,SAVINGS,2025-06-25 22:31:58,ACTIVE
CUST002746,Jennifer,Perry,iharrington@example.org,AU,BUSINESS,2021-12-04 23:16:51,ACTIVE
CUST002747,Andrea,Valenzuela,jennifer29@example.com,PK,SAVINGS,2024-11-22 12:40:41,ACTIVE
CUST002748,Karen,Chung,oliviavaldez@example.net,DE,CHECKING,2025-10-17 10:39:12,ACTIVE
CUST002749,Samuel,Mitchell,cbaker@example.com,DE,BUSINESS,2023-06-02 04:53:11,ACTIVE
CUST002750,Mckenzie,Brown,amandamoody@example.com,AE,SAVINGS,2022-01-18 06:44:34,ACTIVE
CUST002751,Frank,Briggs,robert52@example.com,PK,SAVINGS,2024-07-06 18:57:36,ACTIVE
CUST002752,Jessica,Molina,jamesanderson@example.org,JP,BUSINESS,2023-08-21 18:39:03,ACTIVE
CUST002753,Albert,Smith,richard13@example.org,PK,CHECKING,2021-09-25 09:59:47,SUSPENDED
CUST002754,Jerry,Robinson,ricky71@example.net,NL,CHECKING,2022-09-11 04:03:04,ACTIVE
CUST002755,Ellen,Patterson,adiaz@example.com,PK,SAVINGS,2025-04-12 16:51:38,CLOSED
CUST002756,Douglas,Mendoza,karen53@example.net,FR,BUSINESS,2022-02-17 12:33:08,SUSPENDED
CUST002757,Glenn,May,briandavid@example.org,US,SAVINGS,2023-08-12 15:13:17,SUSPENDED
CUST002758,Jessica,Hawkins,lisa23@example.org,IN,BUSINESS,2023-06-29 23:54:41,ACTIVE
CUST002759,Joseph,Hardin,brandonfernandez@example.com,CA,CHECKING,2022-03-25 01:16:11,ACTIVE
CUST002760,Stacey,Marsh,davisjennifer@example.org,GB,BUSINESS,2022-10-10 19:55:42,SUSPENDED
CUST002761,Kelly,Ibarra,gonzalesnatasha@example.com,DE,BUSINESS,2023-11-07 23:29:26,CLOSED
CUST002762,Donna,Payne,deckerthomas@example.net,PK,SAVINGS,2025-11-10 23:28:24,ACTIVE
CUST002763,Manuel,Green,deanmarisa@example.org,JP,SAVINGS,2023-11-22 18:52:51,SUSPENDED
CUST002764,Brendan,Ward,amandaknapp@example.org,FR,BUSINESS,2025-08-22 02:26:18,ACTIVE
CUST002765,Cristina,Morgan,whitelevi@example.org,BE,BUSINESS,2026-08-16 19:03:00,ACTIVE
CUST002766,Kimberly,Cooper,schang@example.net,DE,SAVINGS,2023-10-25 20:44:48,ACTIVE
CUST002767,Robin,Hardy,staceywashington@example.net,JP,CHECKING,2023-03-31 09:42:29,ACTIVE
CUST002768,Shannon,Hammond,bauercory@example.org,CA,CHECKING,2022-05-19 12:21:34,SUSPENDED
CUST002769,Tiffany,Wilson,cchurch@example.org,JP,CHECKING,2024-08-06 11:46:46,ACTIVE
CUST002770,Toni,Tran,caldwellpatricia@example.org,SG,SAVINGS,2025-07-07 06:52:19,ACTIVE
CUST002771,Melissa,Roy,ccarter@example.net,JP,BUSINESS,2023-07-27 04:23:36,ACTIVE
CUST002772,Carmen,Gomez,heather29@example.com,US,CHECKING,2022-07-31 08:07:12,SUSPENDED
CUST002773,Troy,Thompson,rebeccadougherty@example.net,SG,CHECKING,2023-10-25 06:11:04,ACTIVE
CUST002774,John,Grant,frankward@example.com,FR,CHECKING,2022-12-03 10:14:20,ACTIVE
CUST002775,Drew,Bennett,rshelton@example.com,SG,BUSINESS,2024-11-25 20:32:28,ACTIVE
CUST002776,Melissa,Lee,jodysmith@example.net,US,SAVINGS,2023-04-24 20:57:01,ACTIVE
CUST002777,James,Roberts,scott04@example.net,AE,BUSINESS,2026-01-22 14:16:03,ACTIVE
CUST002778,Victor,Greene,alexander70@example.org,US,BUSINESS,2021-09-26 13:06:22,SUSPENDED
CUST002779,Michelle,Austin,rcannon@example.com,FR,CHECKING,2022-04-04 05:06:13,ACTIVE
CUST002780,Cheryl,Golden,kristinwest@example.com,FR,SAVINGS,2023-03-12 20:45:56,ACTIVE
CUST002781,Ray,Walters,ernestrich@example.net,GB,CHECKING,2024-05-04 21:37:49,ACTIVE
CUST002782,Robert,Adams,emorse@example.com,AE,BUSINESS,2023-02-06 04:23:36,CLOSED
CUST002783,Ernest,Howard,andresmiller@example.com,US,BUSINESS,2024-08-14 16:11:23,CLOSED
CUST002784,Amy,Thomas,anthonywood@example.net,ES,BUSINESS,2022-12-28 07:50:08,CLOSED
CUST002785,Edward,Mitchell,morrismichelle@example.com,IT,CHECKING,2023-07-04 21:50:07,ACTIVE
CUST002786,Bobby,Vargas,katherine96@example.org,SG,CHECKING,2025-05-10 17:42:01,SUSPENDED
CUST002787,John,Barnett,debbiejackson@example.net,JP,CHECKING,2024-03-04 03:45:35,SUSPENDED
CUST002788,Elizabeth,Finley,,PK,BUSINESS,2023-11-08 19:17:00,ACTIVE
CUST002789,Cindy,Johnson,colton31@example.org,IT,BUSINESS,2026-03-24 22:32:58,ACTIVE
CUST002790,Kathleen,Williams,audrey32@example.org,FR,CHECKING,2022-05-12 12:58:53,ACTIVE
CUST002791,Gregory,Hernandez,kimberlywatson@example.com,PK,SAVINGS,2025-12-31 05:09:46,ACTIVE
CUST002792,Elizabeth,Stephenson,amanda68@example.com,US,BUSINESS,2026-03-17 02:19:24,ACTIVE
CUST002793,Victor,Morales,garciabrandi@example.net,IN,BUSINESS,2024-06-05 13:01:13,ACTIVE
CUST002794,Jose,Medina,tparker@example.org,IN,CHECKING,2021-08-28 10:50:45,ACTIVE
CUST002795,Brad,Price,hramos@example.com,US,BUSINESS,2023-09-24 06:22:44,CLOSED
CUST002796,Marie,Meyer,slittle@example.com,IT,CHECKING,2024-04-17 01:36:38,ACTIVE
CUST002797,Kimberly,Wilson,nramsey@example.com,GB,SAVINGS,2023-03-08 14:51:16,SUSPENDED
CUST002798,Daniel,Thomas,lstokes@example.org,BE,CHECKING,2023-04-18 01:20:53,CLOSED
CUST002799,Isaac,Torres,williamsfrank@example.com,CA,CHECKING,2026-03-05 00:25:08,ACTIVE
CUST002800,Jay,Kaufman,jessica89@example.net,IN,CHECKING,2022-08-08 04:22:27,ACTIVE
CUST002801,Christopher,Huffman,whernandez@example.com,AU,CHECKING,2024-01-05 04:57:50,ACTIVE
CUST002802,Barbara,Rose,williegonzalez@example.net,DE,CHECKING,2026-04-28 20:53:11,ACTIVE
CUST002803,Andrew,Robinson,bhenderson@example.net,ES,SAVINGS,2023-01-29 17:04:28,ACTIVE
CUST002804,Jasmin,Brown,sharon28@example.com,SG,SAVINGS,2023-04-18 07:36:02,CLOSED
CUST002805,Amy,Lopez,smithcrystal@example.com,ES,SAVINGS,2023-03-06 00:48:12,ACTIVE
CUST002806,Joseph,Mercado,andreasmith@example.com,PK,BUSINESS,2026-05-10 01:10:16,ACTIVE
CUST002807,Hannah,Buckley,donnacunningham@example.net,ES,CHECKING,2022-03-07 11:42:24,CLOSED
CUST002808,Brian,Sanders,dmartin@example.com,GB,CHECKING,2023-09-22 18:06:55,ACTIVE
CUST002809,Michaela,Thompson,nicolemason@example.com,PK,SAVINGS,2023-05-20 19:10:13,ACTIVE
CUST002810,Jason,Webb,wagnercynthia@example.net,FR,CHECKING,2026-04-06 10:23:43,ACTIVE
CUST002811,Robin,Brady,dthompson@example.org,PK,CHECKING,2023-10-04 10:58:07,CLOSED
CUST002812,Ryan,Torres,smithcharles@example.org,PK,SAVINGS,2025-12-14 01:32:20,SUSPENDED
CUST002813,Kylie,Harris,jenniferhernandez@example.net,SG,SAVINGS,2026-03-31 22:39:22,ACTIVE
CUST002814,Melinda,Simon,michaellopez@example.net,IT,CHECKING,2022-03-10 03:18:17,ACTIVE
CUST002815,Allison,Nguyen,sullivanpaula@example.com,CA,SAVINGS,2024-12-05 14:52:16,SUSPENDED
CUST002816,Cody,Williams,margaret20@example.net,IT,CHECKING,2026-03-24 16:19:21,CLOSED
CUST002817,Alexandra,Chase,john19@example.org,SG,CHECKING,2025-08-15 15:56:06,CLOSED
CUST002818,Catherine,Huber,murraywesley@example.org,ES,BUSINESS,2024-08-24 03:53:00,SUSPENDED
CUST002819,Tara,Barnes,amberevans@example.net,AU,CHECKING,2025-11-18 01:57:16,ACTIVE
CUST002820,Gregory,Lowe,jacquelinebennett@example.net,BE,SAVINGS,2025-01-16 21:46:58,ACTIVE
CUST002821,Amanda,Gallagher,bailey12@example.com,CA,CHECKING,2025-06-18 00:46:24,ACTIVE
CUST002822,James,Jensen,matthewwalker@example.com,DE,BUSINESS,2025-05-08 10:47:44,ACTIVE
CUST002823,Courtney,Smith,irojas@example.net,AU,SAVINGS,2021-11-03 07:06:25,CLOSED
CUST002824,Sean,Burton,kathyjenkins@example.net,CA,CHECKING,2024-03-28 13:23:02,SUSPENDED
CUST002825,Bryan,Kim,jwashington@example.org,AE,BUSINESS,2026-05-10 08:15:36,ACTIVE
CUST002826,Kimberly,Ellis,wscott@example.net,NL,CHECKING,2026-07-04 10:30:44,ACTIVE
CUST002827,Justin,Hill,leahpham@example.com,DE,CHECKING,2022-08-10 03:11:39,SUSPENDED
CUST002828,Robert,Sanchez,ostone@example.com,US,CHECKING,2023-05-28 06:57:57,ACTIVE
CUST002829,Raymond,Perkins,osbornkelly@example.net,JP,CHECKING,2026-03-10 15:07:58,ACTIVE
CUST002830,Anthony,Roberts,sparksgarrett@example.net,JP,SAVINGS,2026-01-10 19:16:18,ACTIVE
CUST002831,Linda,Liu,tammie10@example.org,IT,SAVINGS,2025-01-14 11:27:31,ACTIVE
CUST002832,Donald,Ellis,jross@example.net,BE,BUSINESS,2022-03-03 15:09:18,SUSPENDED
CUST002833,Andrew,Stephens,amanda45@example.net,FR,CHECKING,2022-07-15 18:00:06,ACTIVE
CUST002834,Kayla,Smith,nancyballard@example.com,PK,BUSINESS,2025-10-02 10:39:21,ACTIVE
CUST002835,Kevin,Briggs,christinedoyle@example.com,ES,CHECKING,2022-07-20 18:10:31,SUSPENDED
CUST002836,Angela,Perry,alexisschaefer@example.com,CA,CHECKING,2024-10-19 18:04:16,ACTIVE
CUST002837,Rose,Williams,brandoncooper@example.com,PK,CHECKING,2025-01-29 11:16:20,SUSPENDED
CUST002838,Cristian,Oneal,deanna05@example.com,AU,BUSINESS,2024-02-21 02:48:34,ACTIVE
CUST002839,Colton,Green,margaretirwin@example.net,GB,CHECKING,2024-02-25 11:38:18,ACTIVE
CUST002840,Ryan,Hudson,bsloan@example.net,IT,CHECKING,2022-08-28 01:28:51,ACTIVE
CUST002841,Alyssa,Martin,johnsoncrystal@example.org,IT,CHECKING,2025-04-15 08:53:05,ACTIVE
CUST002842,Nathan,Watts,hallsamantha@example.com,SG,SAVINGS,2023-10-17 14:35:33,ACTIVE
CUST002843,David,Larson,longjoshua@example.com,GB,CHECKING,2025-03-28 09:21:02,ACTIVE
CUST002844,Angelica,Hickman,fred06@example.org,US,BUSINESS,2022-09-21 01:56:09,SUSPENDED
CUST002845,Darryl,Kent,ibrennan@example.com,FR,SAVINGS,2025-04-08 08:37:18,ACTIVE
CUST002846,Kayla,Lopez,davidsmith@example.org,IT,BUSINESS,2023-06-25 20:44:30,SUSPENDED
CUST002847,Sarah,Holland,scott04@example.com,ES,SAVINGS,2024-04-06 05:26:58,ACTIVE
CUST002848,Timothy,Price,gail55@example.net,ES,SAVINGS,2023-07-18 19:13:09,ACTIVE
CUST002849,Carolyn,Nguyen,charleslisa@example.net,JP,SAVINGS,2023-07-26 05:11:41,ACTIVE
CUST002850,Larry,Burns,monteskarl@example.net,IT,SAVINGS,2024-08-09 17:31:01,ACTIVE
CUST002851,Jeffery,Martin,smithjohn@example.org,FR,BUSINESS,2023-03-22 17:33:01,CLOSED
CUST002852,Stacey,Arias,noblekimberly@example.org,FR,SAVINGS,2022-11-13 08:00:51,ACTIVE
CUST002853,Cynthia,Ford,ronaldnelson@example.net,DE,SAVINGS,2026-04-16 12:29:35,SUSPENDED
CUST002854,Jessica,Williamson,jennifer58@example.com,GB,CHECKING,2023-02-07 15:39:02,ACTIVE
CUST002855,Henry,Barnett,erinreed@example.net,IT,SAVINGS,2024-04-22 18:28:59,CLOSED
CUST002856,Craig,Wilson,tracy91@example.com,ES,BUSINESS,2022-03-20 06:20:43,CLOSED
CUST002857,Brian,Hendricks,coxcarol@example.com,PK,CHECKING,2025-06-18 02:13:34,CLOSED
CUST002858,Shawn,Adams,kathyfowler@example.com,CA,CHECKING,2022-11-06 23:52:39,ACTIVE
CUST002859,Kenneth,Russo,daniel71@example.com,GB,BUSINESS,2026-08-03 06:31:04,SUSPENDED
CUST002860,Kevin,Shaffer,sgonzalez@example.net,IN,CHECKING,2023-05-18 17:03:17,CLOSED
CUST002861,Benjamin,Hall,walkerdavid@example.org,US,SAVINGS,2025-03-26 08:34:17,ACTIVE
CUST002862,Christopher,Cobb,johnnewman@example.net,FR,BUSINESS,2023-03-14 14:33:29,SUSPENDED
CUST002863,Ronald,Johnson,lhunter@example.net,SG,CHECKING,2022-03-25 17:22:35,ACTIVE
CUST002864,Michael,Thompson,sgonzalez@example.net,BE,SAVINGS,2025-05-07 07:55:26,CLOSED
CUST002865,Jack,Sutton,hunter74@example.com,IT,BUSINESS,2024-06-05 12:52:46,ACTIVE
CUST002866,Marie,Lewis,jessica78@example.org,PK,BUSINESS,2022-07-06 21:40:40,ACTIVE
CUST002867,William,Boyer,roger73@example.com,GB,CHECKING,2024-01-09 23:08:29,ACTIVE
CUST002868,Molly,Crawford,yramos@example.org,US,BUSINESS,2025-01-11 10:18:10,CLOSED
CUST002869,Brianna,Brown,jeffrey62@example.net,FR,SAVINGS,2026-07-18 18:29:46,CLOSED
CUST002870,Jonathan,Bennett,vgreen@example.org,GB,SAVINGS,2026-08-24 21:33:55,ACTIVE
CUST002871,Barbara,Tyler,rodriguezamanda@example.net,US,SAVINGS,2024-07-17 16:42:08,ACTIVE
CUST002872,Timothy,Ray,marissasutton@example.com,DE,BUSINESS,2023-01-16 03:32:47,ACTIVE
CUST002873,Cody,Miller,salvarado@example.com,SG,BUSINESS,2023-02-05 06:23:01,SUSPENDED
CUST002874,Debra,Price,christine97@example.net,IT,CHECKING,2024-10-20 05:33:55,ACTIVE
CUST002875,Samuel,Hoffman,madison75@example.net,NL,CHECKING,2026-07-04 13:12:12,ACTIVE
CUST002876,Michael,Meyer,kirbybrett@example.org,FR,SAVINGS,2022-04-04 11:29:30,ACTIVE
CUST002877,Scott,Silva,wilkinskevin@example.net,ES,BUSINESS,2023-03-31 02:37:14,SUSPENDED
CUST002878,Danielle,Solomon,droach@example.org,IN,BUSINESS,2024-06-10 01:06:32,CLOSED
CUST002879,Karen,Rice,sara14@example.org,FR,SAVINGS,2025-04-08 07:25:01,SUSPENDED
CUST002880,Tyler,Russo,ghendrix@example.org,AE,CHECKING,2023-03-14 14:57:35,SUSPENDED
CUST002881,Jessica,Little,allisonpeterson@example.com,ES,SAVINGS,2026-03-18 22:21:42,SUSPENDED
CUST002882,Daniel,Miller,chelseaodom@example.net,SG,BUSINESS,2022-04-30 08:34:00,ACTIVE
CUST002883,Joshua,Hendricks,clayandrew@example.net,IN,BUSINESS,2026-07-10 06:42:02,ACTIVE
CUST002884,Crystal,Jackson,griffinbarbara@example.com,GB,BUSINESS,2024-05-02 01:48:46,ACTIVE
CUST002885,Dylan,Hensley,orichards@example.com,CA,CHECKING,2022-05-30 07:40:03,ACTIVE
CUST002886,Courtney,Sandoval,webstersteven@example.net,GB,SAVINGS,2021-10-01 09:45:06,CLOSED
CUST002887,Kayla,Caldwell,davidfoster@example.net,CA,BUSINESS,2022-09-07 01:47:03,ACTIVE
CUST002888,David,Allen,smithsusan@example.net,AE,BUSINESS,2022-09-19 20:25:23,ACTIVE
CUST002889,Melissa,Rollins,dennis55@example.org,AU,SAVINGS,2023-09-20 12:42:12,ACTIVE
CUST002890,Jennifer,Williams,vaughnmark@example.net,CA,BUSINESS,2022-07-05 11:09:58,ACTIVE
CUST002891,Melissa,Love,campbellbruce@example.org,PK,CHECKING,2024-03-12 11:26:15,ACTIVE
CUST002892,Jason,Murray,vjones@example.net,GB,SAVINGS,2026-03-02 00:14:47,SUSPENDED
CUST002893,Tyler,Gray,ctaylor@example.org,AU,CHECKING,2023-06-30 18:24:50,ACTIVE
CUST002894,Hannah,Hicks,ncarroll@example.com,BE,CHECKING,2023-09-16 07:40:50,CLOSED
CUST002895,Lauren,Brown,simsamy@example.com,SG,CHECKING,2022-06-02 04:04:01,CLOSED
CUST002896,Michael,Sosa,fwade@example.net,SG,CHECKING,2024-06-29 03:23:30,ACTIVE
CUST002897,Michelle,Hoover,brendacarroll@example.com,BE,CHECKING,2024-08-06 16:23:00,CLOSED
CUST002898,Kristy,Wilson,zroberts@example.net,DE,BUSINESS,2022-01-04 18:48:20,SUSPENDED
CUST002899,Donna,Massey,thomaswhite@example.org,SG,BUSINESS,2022-12-30 15:00:59,ACTIVE
CUST002900,Amy,Fisher,vortiz@example.org,AE,BUSINESS,2024-02-27 22:57:34,ACTIVE
CUST002901,Gregory,Miller,jonathan61@example.org,BE,SAVINGS,2022-07-17 04:55:56,ACTIVE
CUST002902,Cindy,Horton,cynthia35@example.net,CA,BUSINESS,2024-03-13 08:02:05,SUSPENDED
CUST002903,Robert,Baker,tabitha03@example.net,NL,CHECKING,2026-06-01 00:02:04,ACTIVE
CUST002904,Amy,Taylor,alanthomas@example.com,BE,SAVINGS,2023-06-04 08:26:01,SUSPENDED
CUST002905,Robert,Peck,bakerjonathon@example.com,US,BUSINESS,2025-07-03 18:50:23,CLOSED
CUST002906,Darren,Fischer,brittanybauer@example.org,IN,CHECKING,2026-07-18 00:03:23,SUSPENDED
CUST002907,Robert,Salinas,qsimpson@example.net,SG,BUSINESS,2021-09-05 15:14:07,CLOSED
CUST002908,Ashley,Thompson,sheena87@example.com,PK,SAVINGS,2024-05-15 08:48:54,SUSPENDED
CUST002909,Karen,Bell,mariahwang@example.net,AU,SAVINGS,2025-07-04 23:41:09,ACTIVE
CUST002910,Derek,Henry,madams@example.org,IT,SAVINGS,2025-04-06 08:00:26,ACTIVE
CUST002911,Linda,Moyer,mccormickkatherine@example.com,DE,SAVINGS,2021-12-12 13:36:43,ACTIVE
CUST002912,James,Valentine,hunterjamie@example.com,NL,CHECKING,2025-06-02 09:42:57,ACTIVE
CUST002913,Denise,Howard,jessicalewis@example.com,ES,SAVINGS,2025-09-08 22:06:02,ACTIVE
CUST002914,Shannon,Calderon,hallalan@example.org,SG,CHECKING,2022-08-10 16:03:29,SUSPENDED
CUST002915,Sheri,Bailey,lcosta@example.net,ES,CHECKING,2022-09-26 06:28:49,CLOSED
CUST002916,Randy,Bailey,tarabradshaw@example.org,JP,CHECKING,2023-02-05 20:08:27,ACTIVE
CUST002917,Michelle,Hall,carrjennifer@example.com,GB,BUSINESS,2025-06-24 05:22:21,CLOSED
CUST002918,Steven,Smith,carl07@example.net,PK,CHECKING,2023-12-18 21:21:35,SUSPENDED
CUST002919,Cory,Lewis,nathan38@example.net,BE,SAVINGS,2022-04-16 08:47:51,SUSPENDED
CUST002920,Brian,Webb,corey22@example.com,SG,BUSINESS,2026-04-11 13:48:36,ACTIVE
CUST002921,Stephanie,Johnson,yhernandez@example.com,NL,CHECKING,2026-07-14 20:52:43,ACTIVE
CUST002922,Richard,White,christian74@example.org,FR,CHECKING,2023-03-24 20:47:57,CLOSED
CUST002923,Keith,Baker,geraldgarcia@example.net,JP,SAVINGS,2022-02-01 20:09:30,SUSPENDED
CUST002924,Austin,Torres,ygarcia@example.org,AU,SAVINGS,2022-01-28 14:57:34,ACTIVE
CUST002925,Thomas,Hernandez,pwest@example.org,US,BUSINESS,2022-02-15 17:40:39,CLOSED
CUST002926,Sarah,Hernandez,johnsonmatthew@example.org,IN,BUSINESS,2024-12-22 00:38:57,SUSPENDED
CUST002927,Patricia,Gutierrez,chadward@example.com,US,SAVINGS,2026-04-10 16:34:31,CLOSED
CUST002928,Brandy,Smith,ualvarez@example.org,ES,SAVINGS,2022-02-27 16:09:16,ACTIVE
CUST002929,Cody,Sanchez,stephanie90@example.org,AE,SAVINGS,2025-07-28 23:21:32,ACTIVE
CUST002930,Javier,Murray,karenjohnson@example.com,US,SAVINGS,2023-02-09 19:32:49,ACTIVE
CUST002931,Ethan,Rodriguez,vknight@example.net,AE,CHECKING,2025-09-01 19:55:02,ACTIVE
CUST002932,Nicole,Rios,hthomas@example.org,BE,SAVINGS,2023-10-23 06:21:45,SUSPENDED
CUST002933,Leslie,Weeks,julia17@example.org,ES,BUSINESS,2026-06-29 18:43:37,ACTIVE
CUST002934,Gary,Morton,wellsadam@example.com,SG,BUSINESS,2024-04-03 09:36:02,ACTIVE
CUST002935,John,Brown,mandymalone@example.com,ES,CHECKING,2022-10-08 18:51:18,ACTIVE
CUST002936,Isaiah,Thomas,vsmith@example.org,ES,CHECKING,2023-06-23 10:30:16,ACTIVE
CUST002937,Rhonda,Nelson,thomasjessica@example.net,FR,SAVINGS,2021-10-17 08:11:30,CLOSED
CUST002938,Brandy,Torres,esalinas@example.org,ES,SAVINGS,2024-11-05 03:00:07,ACTIVE
CUST002939,Christina,Clark,robertgarrett@example.com,BE,CHECKING,2022-06-14 16:15:09,ACTIVE
CUST002940,Jeffrey,Anderson,dmiller@example.net,CA,BUSINESS,2024-03-14 20:56:01,ACTIVE
CUST002941,Jennifer,Johnson,josephcooper@example.net,JP,SAVINGS,2024-09-14 02:58:35,ACTIVE
CUST002942,Breanna,Bell,gjohnson@example.org,ES,SAVINGS,2026-07-16 20:19:04,SUSPENDED
CUST002943,Elizabeth,Flores,jacksonrussell@example.com,CA,CHECKING,2024-01-29 14:21:13,CLOSED
CUST002944,Jessica,Lang,jscott@example.com,NL,CHECKING,2026-01-07 11:08:56,ACTIVE
CUST002945,Emily,Martinez,dgray@example.org,GB,SAVINGS,2025-11-26 12:52:13,ACTIVE
CUST002946,Alicia,Collins,andrew37@example.net,US,SAVINGS,2026-05-23 12:44:56,ACTIVE
CUST002947,Tiffany,Davila,armstrongtravis@example.net,FR,BUSINESS,2026-06-22 20:46:16,CLOSED
CUST002948,David,Kim,williamsashley@example.net,CA,SAVINGS,2026-02-24 06:48:50,ACTIVE
CUST002949,Sarah,Mack,philliphayden@example.net,US,SAVINGS,2022-09-26 17:00:48,CLOSED
CUST002950,Martha,Floyd,joshuaadams@example.com,JP,CHECKING,2023-12-13 15:10:02,CLOSED
CUST002951,Shane,Sampson,davidandrews@example.net,SG,SAVINGS,2025-02-19 23:21:59,ACTIVE
CUST002952,Lucas,Reynolds,jennifersmith@example.org,SG,CHECKING,2023-01-24 18:22:54,SUSPENDED
CUST002953,James,Acosta,michellehoward@example.com,PK,CHECKING,2021-08-30 02:22:21,ACTIVE
CUST002954,Natalie,Juarez,brownandrew@example.net,JP,BUSINESS,2024-11-08 11:12:56,ACTIVE
CUST002955,John,Carter,lchavez@example.org,NL,CHECKING,2021-09-09 11:21:32,SUSPENDED
CUST002956,Aaron,Meyer,martinezdavid@example.org,AU,CHECKING,2021-11-05 08:54:18,SUSPENDED
CUST002957,Bethany,Chase,cruzkaren@example.net,BE,CHECKING,2022-12-11 13:11:49,ACTIVE
CUST002958,Lori,Taylor,dharris@example.net,FR,BUSINESS,2026-08-07 14:15:40,ACTIVE
CUST002959,Emily,Landry,nsingh@example.org,AU,BUSINESS,2024-12-13 13:53:44,ACTIVE
CUST002960,Alan,Pope,kevin18@example.com,AE,SAVINGS,2025-09-24 20:48:46,ACTIVE
CUST002961,Zoe,Price,williamssandra@example.net,FR,CHECKING,2026-01-11 16:10:28,CLOSED
CUST002962,Joshua,Robinson,gwilson@example.net,IN,SAVINGS,2023-09-23 12:58:22,ACTIVE
CUST002963,Stephanie,Miller,millschristopher@example.org,CA,SAVINGS,2026-05-16 17:07:53,ACTIVE
CUST002964,Debbie,Benson,walter94@example.org,US,SAVINGS,2021-10-20 22:11:59,CLOSED
CUST002965,Jaime,Green,jonesjames@example.org,AU,BUSINESS,2024-01-05 08:37:05,ACTIVE
CUST002966,Robert,Johnson,nicholas99@example.net,PK,BUSINESS,2023-10-12 09:09:46,ACTIVE
CUST002967,Justin,Zamora,michelle67@example.org,GB,CHECKING,2022-02-08 05:04:41,SUSPENDED
CUST002968,Cody,Pierce,nicole02@example.net,BE,SAVINGS,2026-03-27 07:35:55,ACTIVE
CUST002969,Renee,Barker,samanthadelgado@example.net,FR,SAVINGS,2025-06-13 10:29:24,ACTIVE
CUST002970,Candace,Wang,hernandezpamela@example.org,BE,SAVINGS,2021-12-08 02:40:41,SUSPENDED
CUST002971,Alyssa,Mason,crawfordhaley@example.org,IN,BUSINESS,2025-08-17 03:44:03,ACTIVE
CUST002972,Jeremy,Durham,robertmoore@example.org,IT,BUSINESS,2024-07-30 14:37:54,SUSPENDED
CUST002973,Wendy,Smith,christopher91@example.net,SG,SAVINGS,2022-11-01 20:20:03,SUSPENDED
CUST002974,Andrea,Rivera,parksshawna@example.net,NL,CHECKING,2023-02-25 10:10:45,SUSPENDED
CUST002975,Kristie,Villegas,anne46@example.org,SG,SAVINGS,2021-12-01 23:31:12,ACTIVE
CUST002976,Bruce,Guzman,briansimmons@example.org,IN,BUSINESS,2022-02-08 13:32:54,CLOSED
CUST002977,Christopher,Hoffman,stephenjohnson@example.net,DE,CHECKING,2023-02-22 14:26:51,ACTIVE
CUST002978,James,Strong,fjones@example.org,NL,SAVINGS,2021-11-24 16:52:54,CLOSED
CUST002979,Diana,Baker,alexander66@example.com,BE,CHECKING,2023-07-23 14:52:19,CLOSED
CUST002980,Stephanie,Ingram,larry04@example.net,AE,SAVINGS,2023-02-28 13:51:38,ACTIVE
CUST002981,Patricia,Good,ohuerta@example.com,FR,SAVINGS,2024-11-26 20:20:35,ACTIVE
CUST002982,Mandy,Johnson,cookadam@example.com,GB,CHECKING,2023-05-24 06:01:34,CLOSED
CUST002983,Tamara,Parker,jordanbailey@example.com,US,BUSINESS,2022-05-10 13:43:17,CLOSED
CUST002984,Travis,Ortiz,frankstewart@example.org,AE,CHECKING,2022-09-21 14:43:47,ACTIVE
CUST002985,Margaret,Barnett,philliphatfield@example.net,ES,SAVINGS,2024-12-25 07:45:18,ACTIVE
CUST002986,Melanie,Padilla,sdonovan@example.com,CA,SAVINGS,2022-12-12 17:07:56,ACTIVE
CUST002987,Melissa,Hill,huberchristine@example.com,IN,SAVINGS,2025-02-15 11:20:48,CLOSED
CUST002988,Melissa,Ramos,kristy47@example.com,NL,SAVINGS,2022-05-02 15:14:24,CLOSED
CUST002989,Eileen,Lane,michaeljohnson@example.org,SG,SAVINGS,2025-12-27 18:59:55,ACTIVE
CUST002990,Kevin,Cunningham,teresa23@example.com,FR,CHECKING,2023-12-18 03:45:00,ACTIVE
CUST002991,Lisa,Parker,jessica68@example.org,NL,SAVINGS,2022-08-03 15:58:14,SUSPENDED
CUST002992,Edward,Rogers,mbridges@example.net,DE,BUSINESS,2024-09-05 09:27:01,ACTIVE
CUST002993,Frank,Scott,andreross@example.net,GB,CHECKING,2024-01-01 06:03:23,SUSPENDED
CUST002994,Laurie,Day,mirandacraig@example.net,PK,BUSINESS,2025-11-04 08:18:16,ACTIVE
CUST002995,Kim,Payne,schmidtsteven@example.org,FR,CHECKING,2025-04-19 10:23:39,ACTIVE
CUST002996,Jesus,Perez,vincent82@example.net,US,CHECKING,2022-03-14 17:04:45,CLOSED
CUST002997,Allison,Ramirez,zherrera@example.com,SG,SAVINGS,2023-11-10 05:41:21,CLOSED
CUST002998,Michelle,Smith,velasquezvictoria@example.org,US,BUSINESS,2022-06-04 12:46:13,SUSPENDED
CUST002999,Eugene,Humphrey,james41@example.net,IN,SAVINGS,2023-03-27 20:49:29,SUSPENDED
CUST003000,John,Johnson,nwilliams@example.net,SG,CHECKING,2026-02-20 13:47:16,ACTIVE
CUST003001,Rodney,Colon,tylergarcia@example.net,CA,BUSINESS,2025-12-12 04:25:12,CLOSED
CUST003002,Paul,Archer,frankkey@example.org,FR,SAVINGS,2022-07-17 19:12:31,ACTIVE
CUST003003,Brooke,Pierce,millerlindsey@example.org,AU,CHECKING,2021-10-05 11:59:57,ACTIVE
CUST003004,Jason,Ellison,pli@example.org,BE,SAVINGS,2025-11-14 16:11:13,ACTIVE
CUST003005,Julie,Lawrence,jgill@example.com,BE,CHECKING,2022-01-14 02:29:23,ACTIVE
CUST003006,Kimberly,Garcia,jhenson@example.com,NL,SAVINGS,2022-01-30 16:46:14,SUSPENDED
CUST003007,Jennifer,Green,megan78@example.com,JP,SAVINGS,2024-10-01 10:10:39,ACTIVE
CUST003008,Samantha,Fuller,harrissamuel@example.org,NL,SAVINGS,2024-07-09 15:47:13,CLOSED
CUST003009,Alyssa,Mccarthy,kennedygarrett@example.net,JP,CHECKING,2025-06-03 19:30:12,CLOSED
CUST003010,Alexandra,Smith,kimberlygeorge@example.org,IT,BUSINESS,2023-07-30 19:03:43,ACTIVE
CUST003011,Taylor,Dougherty,simmonsangela@example.net,AE,CHECKING,2022-08-05 13:06:29,CLOSED
CUST003012,Kimberly,Harrison,davidharris@example.net,AE,CHECKING,2024-12-01 03:05:22,CLOSED
CUST003013,John,Henry,nicholstodd@example.org,BE,SAVINGS,2021-12-28 17:37:12,ACTIVE
CUST003014,Seth,Barnes,yoderadam@example.com,NL,BUSINESS,2026-04-21 00:46:05,ACTIVE
CUST003015,Alexis,Sharp,kristen78@example.org,DE,BUSINESS,2021-10-10 05:38:52,CLOSED
CUST003016,Geoffrey,Scott,james23@example.com,BE,CHECKING,2023-03-27 01:03:09,ACTIVE
CUST003017,Francis,Holloway,yrichards@example.com,ES,BUSINESS,2024-11-25 15:03:50,ACTIVE
CUST003018,Andrea,Bradford,raymond70@example.com,BE,SAVINGS,2025-05-31 05:15:45,SUSPENDED
CUST003019,Evelyn,Kelly,hharvey@example.org,BE,CHECKING,2026-07-26 10:51:12,ACTIVE
CUST003020,Melissa,Rocha,heidi21@example.com,IT,CHECKING,2022-02-12 02:17:57,CLOSED
CUST003021,Jill,Roberson,madeline61@example.org,IT,CHECKING,2025-09-25 20:12:45,CLOSED
CUST003022,Sarah,Robinson,brandon84@example.org,AU,BUSINESS,2024-01-18 19:52:30,CLOSED
CUST003023,Melinda,Warner,harveymichelle@example.net,IN,BUSINESS,2022-10-24 23:15:38,CLOSED
CUST003024,Keith,Wyatt,robinsonalejandro@example.org,SG,CHECKING,2025-04-07 04:00:06,SUSPENDED
CUST003025,Caroline,Pacheco,stewartjeremy@example.org,US,CHECKING,2022-07-05 01:26:53,ACTIVE
CUST003026,Micheal,Jones,wcortez@example.net,IN,CHECKING,2026-04-30 09:55:37,ACTIVE
CUST003027,Veronica,Wolfe,pmarquez@example.org,US,SAVINGS,2024-06-15 17:27:46,ACTIVE
CUST003028,Jesse,Pierce,smithandre@example.org,SG,SAVINGS,2023-12-31 09:33:06,ACTIVE
CUST003029,Rhonda,Fisher,tracywilkins@example.net,IN,SAVINGS,2025-04-05 07:15:18,CLOSED
CUST003030,Melissa,Martinez,vwright@example.com,CA,SAVINGS,2022-08-05 20:28:58,ACTIVE
CUST003031,Derrick,Townsend,vvelez@example.org,SG,SAVINGS,2022-10-15 18:00:51,ACTIVE
CUST003032,Jim,Watson,vhunter@example.com,SG,CHECKING,2023-11-10 00:14:37,ACTIVE
CUST003033,Eric,Dickerson,farmerlisa@example.com,ES,BUSINESS,2023-01-06 23:36:09,ACTIVE
CUST003034,Jeremy,Reyes,kennethcarter@example.net,SG,CHECKING,2024-10-17 10:25:26,ACTIVE
CUST003035,Kelsey,Henderson,cmcdonald@example.com,ES,CHECKING,2022-03-14 08:30:09,ACTIVE
CUST003036,Scott,Johnson,bruceporter@example.org,DE,SAVINGS,2024-09-22 02:07:31,ACTIVE
CUST003037,Patrick,Baker,pschmidt@example.org,DE,CHECKING,2025-09-28 08:44:19,SUSPENDED
CUST003038,Elizabeth,Brown,tuckerkurt@example.org,AE,SAVINGS,2026-02-27 08:36:57,ACTIVE
CUST003039,Allen,Lopez,ephillips@example.com,IT,CHECKING,2025-12-06 00:39:57,ACTIVE
CUST003040,Melanie,Thornton,patrickmartin@example.org,AE,BUSINESS,2024-06-22 23:38:35,CLOSED
CUST003041,Jordan,Walton,czavala@example.org,AU,CHECKING,2026-05-15 19:06:10,SUSPENDED
CUST003042,Zachary,Evans,westroy@example.org,DE,SAVINGS,2021-09-26 10:12:48,ACTIVE
CUST003043,Sean,Stafford,douglasdougherty@example.net,DE,SAVINGS,2023-05-29 03:02:59,ACTIVE
CUST003044,Sherry,Clark,salvarez@example.org,AE,CHECKING,2024-09-11 03:42:36,ACTIVE
CUST003045,Cassandra,Robinson,ebowen@example.net,PK,BUSINESS,2022-02-03 09:28:47,ACTIVE
CUST003046,Richard,Powers,salinaszachary@example.net,AU,CHECKING,2024-12-29 16:07:29,ACTIVE
CUST003047,Brittany,Hall,bensonkimberly@example.org,JP,SAVINGS,2023-11-10 08:30:50,ACTIVE
CUST003048,Adam,Kramer,thomaslane@example.net,DE,CHECKING,2022-05-12 20:26:28,ACTIVE
CUST003049,Susan,Murphy,qpatterson@example.org,AU,SAVINGS,2024-04-27 20:58:42,ACTIVE
CUST003050,James,Douglas,robert07@example.net,ES,BUSINESS,2025-08-04 02:53:18,CLOSED
CUST003051,Vincent,Morgan,erik19@example.net,IT,BUSINESS,2021-11-19 06:51:12,CLOSED
CUST003052,John,Harrington,dylan27@example.org,DE,CHECKING,2025-01-26 19:27:16,CLOSED
CUST003053,Kara,Anderson,henrymccarthy@example.org,AE,CHECKING,2022-11-25 21:09:30,CLOSED
CUST003054,Timothy,Rodriguez,huffmaria@example.net,IT,BUSINESS,2025-10-26 03:27:05,ACTIVE
CUST003055,Ronald,Martinez,krodriguez@example.org,NL,CHECKING,2024-02-26 12:51:47,CLOSED
CUST003056,Eric,Ware,daniel48@example.com,FR,BUSINESS,2026-07-23 12:47:01,ACTIVE
CUST003057,Angela,Johnson,shelbyhouston@example.net,PK,CHECKING,2021-09-18 21:37:05,CLOSED
CUST003058,Jared,Gates,jacobroach@example.net,IN,BUSINESS,2025-03-01 06:20:06,SUSPENDED
CUST003059,Wanda,Riggs,davistiffany@example.com,BE,BUSINESS,2023-03-21 07:59:06,CLOSED
CUST003060,Erika,Adams,brownamy@example.org,ES,SAVINGS,2025-06-25 08:42:57,ACTIVE
CUST003061,Steven,Eaton,dorseylinda@example.org,ES,SAVINGS,2025-01-19 10:03:23,SUSPENDED
CUST003062,Sandra,Griffin,beasleygina@example.org,GB,CHECKING,2024-02-16 05:06:15,CLOSED
CUST003063,Brandy,Clark,lconley@example.com,IT,SAVINGS,2024-01-11 08:26:46,ACTIVE
CUST003064,Nicholas,Walker,royscott@example.net,AE,SAVINGS,2024-01-08 03:56:53,ACTIVE
CUST003065,Kimberly,Hamilton,ruthsmith@example.org,US,CHECKING,2026-06-09 02:17:13,CLOSED
CUST003066,Antonio,Sanders,jordan25@example.net,ES,SAVINGS,2026-04-30 09:20:42,ACTIVE
CUST003067,Mark,Hale,joannawalker@example.com,SG,SAVINGS,2022-12-29 08:52:17,CLOSED
CUST003068,Vickie,Snyder,mooreashley@example.com,SG,CHECKING,2023-07-16 20:20:35,ACTIVE
CUST003069,Michael,Williams,bbrown@example.net,BE,SAVINGS,2025-03-21 16:25:34,ACTIVE
CUST003070,Shaun,Brewer,shawnmartin@example.net,GB,SAVINGS,2024-03-26 02:26:49,SUSPENDED
CUST003071,Michael,Harris,vbaker@example.net,AU,BUSINESS,2026-08-21 07:14:00,ACTIVE
CUST003072,Nathaniel,Chavez,wagneramy@example.com,JP,SAVINGS,2021-09-03 03:14:33,ACTIVE
CUST003073,Robert,Simpson,karen02@example.org,CA,SAVINGS,2026-04-16 17:09:10,ACTIVE
CUST003074,Alejandro,Espinoza,cunninghammegan@example.org,IN,SAVINGS,2022-01-16 19:23:00,ACTIVE
CUST003075,Gabriel,Ingram,kimberly43@example.net,IN,CHECKING,2021-12-04 16:11:21,SUSPENDED
CUST003076,Joshua,Daniels,richardsglenn@example.org,JP,SAVINGS,2024-08-12 05:00:06,ACTIVE
CUST003077,Susan,Wright,adamjackson@example.com,FR,BUSINESS,2022-03-22 08:43:04,SUSPENDED
CUST003078,Billy,Pacheco,maurice01@example.net,JP,CHECKING,2023-07-29 09:05:46,SUSPENDED
CUST003079,Veronica,Campbell,perezrichard@example.net,US,BUSINESS,2026-05-13 21:07:50,ACTIVE
CUST003080,Lindsey,Mitchell,cindyfischer@example.org,DE,CHECKING,2023-04-16 07:36:14,SUSPENDED
CUST003081,Nancy,Phillips,phillipmartin@example.com,GB,BUSINESS,2022-10-10 09:29:08,CLOSED
CUST003082,Adrian,Medina,anne83@example.org,DE,BUSINESS,2022-09-21 22:47:00,ACTIVE
CUST003083,Marie,Kramer,christopher90@example.com,DE,SAVINGS,2024-06-26 02:52:40,ACTIVE
CUST003084,Karen,Long,stephaniewilson@example.org,BE,CHECKING,2025-11-14 18:29:52,CLOSED
CUST003085,Richard,Jones,xparker@example.com,IN,SAVINGS,2023-01-04 17:41:19,ACTIVE
CUST003086,Cameron,Smith,caitlincamacho@example.net,IT,SAVINGS,2022-06-10 02:53:34,SUSPENDED
CUST003087,Ashley,Winters,christy19@example.org,NL,BUSINESS,2023-03-10 05:32:37,CLOSED
CUST003088,Randall,Jones,corywatson@example.net,AU,SAVINGS,2025-01-21 15:45:21,SUSPENDED
CUST003089,David,Henderson,thomas28@example.net,BE,SAVINGS,2025-01-15 00:09:08,CLOSED
CUST003090,Johnathan,Garcia,jacquelinezamora@example.com,GB,SAVINGS,2022-09-03 17:49:28,CLOSED
CUST003091,Shane,Miranda,smithbrittany@example.net,NL,CHECKING,2026-03-08 14:03:42,SUSPENDED
CUST003092,Rachel,Stewart,josephlee@example.net,DE,CHECKING,2022-07-20 11:20:47,ACTIVE
CUST003093,Bryan,Vazquez,michael51@example.com,US,SAVINGS,2023-06-08 13:19:44,ACTIVE
CUST003094,Jennifer,Taylor,evanselizabeth@example.org,JP,CHECKING,2026-01-19 01:14:49,ACTIVE
CUST003095,Melissa,Washington,qlittle@example.com,DE,BUSINESS,2022-09-23 13:52:14,ACTIVE
CUST003096,Nicholas,Figueroa,ericdavis@example.net,IN,CHECKING,2023-08-29 12:36:28,SUSPENDED
CUST003097,Jean,King,isabella81@example.net,JP,CHECKING,2023-03-08 17:50:34,ACTIVE
CUST003098,Jill,Costa,kelsey77@example.org,GB,BUSINESS,2025-04-26 20:25:26,ACTIVE
CUST003099,Trevor,Reyes,suzannegilmore@example.org,ES,SAVINGS,2026-05-25 16:55:42,CLOSED
CUST003100,Russell,Davis,martintanner@example.net,AU,CHECKING,2024-02-11 23:00:39,ACTIVE
CUST003101,Susan,Hill,dana58@example.net,JP,BUSINESS,2023-04-14 07:41:00,SUSPENDED
CUST003102,Maria,Weaver,holly72@example.com,AE,SAVINGS,2023-02-10 13:08:15,ACTIVE
CUST003103,Andrew,Romero,qolson@example.net,NL,BUSINESS,2023-01-30 07:15:38,SUSPENDED
CUST003104,Michael,Bradshaw,jillian19@example.com,US,BUSINESS,2023-01-31 19:53:27,ACTIVE
CUST003105,Angela,Thompson,alan18@example.org,CA,SAVINGS,2024-08-25 04:09:06,CLOSED
CUST003106,Jessica,Alvarado,tjackson@example.com,CA,CHECKING,2023-02-11 04:13:05,ACTIVE
CUST003107,Andrea,Lopez,nicole01@example.org,GB,CHECKING,2023-01-12 10:01:28,SUSPENDED
CUST003108,John,Hill,ashley29@example.org,US,SAVINGS,2021-10-06 05:46:32,SUSPENDED
CUST003109,Catherine,Rios,sjackson@example.com,US,SAVINGS,2021-12-26 23:47:39,ACTIVE
CUST003110,Dennis,Ross,samantha50@example.net,FR,CHECKING,2024-09-21 00:13:45,CLOSED
CUST003111,Russell,Lopez,phuff@example.org,JP,SAVINGS,2021-10-22 18:20:17,ACTIVE
CUST003112,Jennifer,Mendez,mclaughlinchristopher@example.org,US,SAVINGS,2023-09-27 13:17:47,ACTIVE
CUST003113,Nathan,Gonzalez,dennisevans@example.com,NL,BUSINESS,2022-06-12 10:01:36,SUSPENDED
CUST003114,Christopher,Vargas,sphelps@example.org,US,CHECKING,2025-03-21 23:11:26,CLOSED
CUST003115,Tammy,Huynh,stevenhopkins@example.com,JP,SAVINGS,2025-01-19 03:30:20,CLOSED
CUST003116,Juan,Rodriguez,dguerra@example.com,JP,BUSINESS,2025-05-10 20:17:41,CLOSED
CUST003117,Monica,Myers,jeannereeves@example.com,US,SAVINGS,2021-09-26 13:01:47,CLOSED
CUST003118,Alexis,Nguyen,rthompson@example.com,IN,CHECKING,2022-06-01 11:58:17,CLOSED
CUST003119,Sean,Coleman,meredithnunez@example.org,FR,SAVINGS,2023-05-03 08:10:07,ACTIVE
CUST003120,Kristin,Wilson,justin16@example.com,US,BUSINESS,2022-10-25 18:53:47,SUSPENDED
CUST003121,Sheila,Baldwin,sbailey@example.org,AU,BUSINESS,2023-04-28 08:51:53,ACTIVE
CUST003122,Steve,Marshall,emills@example.com,AE,SAVINGS,2021-12-01 18:57:57,ACTIVE
CUST003123,Robert,Schwartz,cassandra29@example.org,FR,CHECKING,2024-01-04 10:55:42,CLOSED
CUST003124,Nichole,Lamb,vmurphy@example.org,FR,CHECKING,2025-12-31 22:42:18,ACTIVE
CUST003125,Andrea,Smith,hufftroy@example.net,BE,BUSINESS,2026-06-14 17:16:20,CLOSED
CUST003126,Jacob,Evans,blakejackson@example.net,FR,BUSINESS,2023-07-07 11:27:15,ACTIVE
CUST003127,Sean,Adams,christian72@example.org,GB,CHECKING,2023-12-08 04:37:09,SUSPENDED
CUST003128,Michael,Norman,walterprice@example.com,BE,SAVINGS,2025-06-19 07:56:00,SUSPENDED
CUST003129,Ashley,Bright,michaelcarter@example.net,BE,CHECKING,2024-10-17 03:49:04,ACTIVE
CUST003130,Julie,Gray,robertbradley@example.com,IT,CHECKING,2025-08-17 06:49:41,ACTIVE
CUST003131,Gerald,Black,bryan00@example.net,AU,CHECKING,2024-07-13 09:44:38,ACTIVE
CUST003132,Jeremy,Baxter,timothy42@example.org,IN,SAVINGS,2024-12-21 16:31:46,ACTIVE
CUST003133,Jessica,Young,conleyantonio@example.org,BE,CHECKING,2025-09-15 07:39:00,ACTIVE
CUST003134,Amanda,Green,fwilliams@example.net,CA,SAVINGS,2025-02-21 01:13:26,ACTIVE
CUST003135,Jillian,Carter,hwagner@example.com,US,BUSINESS,2023-12-30 08:57:06,SUSPENDED
CUST003136,Jason,Williams,wmiller@example.com,AU,BUSINESS,2024-08-21 05:44:53,SUSPENDED
CUST003137,Natalie,Scott,isweeney@example.net,NL,CHECKING,2024-12-12 00:13:45,SUSPENDED
CUST003138,Kari,Powell,richardsonkenneth@example.net,AU,CHECKING,2022-05-23 03:59:31,ACTIVE
CUST003139,April,Velasquez,maysedward@example.com,GB,BUSINESS,2023-01-26 03:00:02,SUSPENDED
CUST003140,Barbara,Rodriguez,matthew78@example.com,BE,BUSINESS,2021-10-27 22:55:23,ACTIVE
CUST003141,Kelly,Young,bmullins@example.org,AE,SAVINGS,2024-07-08 22:10:26,ACTIVE
CUST003142,Rachel,Perez,seanmelendez@example.net,SG,BUSINESS,2025-12-24 11:40:23,ACTIVE
CUST003143,John,Johnson,qnewman@example.org,BE,SAVINGS,2021-11-02 14:34:47,CLOSED
CUST003144,Lisa,Ruiz,kelleyderek@example.net,AE,BUSINESS,2023-03-18 07:18:21,ACTIVE
CUST003145,Robert,Barron,ppruitt@example.com,ES,BUSINESS,2022-05-05 00:06:30,ACTIVE
CUST003146,Christina,Wise,gromero@example.com,BE,SAVINGS,2024-06-12 22:30:05,ACTIVE
CUST003147,Jeffery,Wolf,hugheskaren@example.net,US,BUSINESS,2025-03-05 22:17:08,ACTIVE
CUST003148,James,Frazier,heathersteele@example.net,IN,BUSINESS,2025-09-29 16:18:42,ACTIVE
CUST003149,Vanessa,Johnson,lauren50@example.net,NL,SAVINGS,2024-03-22 20:58:02,ACTIVE
CUST003150,Ashley,Taylor,bensonbrian@example.net,NL,BUSINESS,2026-06-03 13:01:22,SUSPENDED
CUST003151,Roberto,Graves,gardnerrichard@example.net,AE,CHECKING,2025-06-01 03:28:33,CLOSED
CUST003152,Anthony,Myers,maryfarmer@example.com,SG,CHECKING,2023-01-13 10:55:57,CLOSED
CUST003153,Becky,Hayden,wellssherry@example.net,DE,BUSINESS,2026-08-05 16:11:02,ACTIVE
CUST003154,Gregory,Hood,chambersashley@example.net,NL,CHECKING,2023-01-03 18:12:39,CLOSED
CUST003155,Tracy,Hoffman,xpark@example.org,AE,BUSINESS,2023-08-20 13:22:08,SUSPENDED
CUST003156,Steven,Ellis,fergusonlynn@example.com,GB,CHECKING,2023-11-18 18:18:32,ACTIVE
CUST003157,George,Matthews,anthonyrobbins@example.net,AE,CHECKING,2026-03-16 09:40:42,ACTIVE
CUST003158,Gloria,Ortega,craigjohn@example.com,CA,SAVINGS,2024-03-22 06:19:15,SUSPENDED
CUST003159,Gloria,Bowman,rodriguezmichael@example.net,JP,BUSINESS,2025-03-17 20:22:27,ACTIVE
CUST003160,Shannon,Mcknight,bryanmorgan@example.net,IT,SAVINGS,2025-05-20 23:35:04,SUSPENDED
CUST003161,James,Richardson,susannelson@example.net,NL,BUSINESS,2026-01-04 03:42:12,CLOSED
CUST003162,Julia,Ramirez,lisaterry@example.net,US,BUSINESS,2022-04-16 13:22:14,CLOSED
CUST003163,Steven,Ryan,aruiz@example.com,ES,CHECKING,2024-11-08 11:20:57,CLOSED
CUST003164,Stephanie,Nelson,ericacooper@example.net,IN,CHECKING,2026-02-19 23:43:16,CLOSED
CUST003165,Bethany,Campos,garciadebra@example.com,US,CHECKING,2026-08-04 07:42:20,SUSPENDED
CUST003166,Samantha,Barrett,murphyjames@example.com,NL,BUSINESS,2022-01-16 13:42:28,CLOSED
CUST003167,Danny,Brown,robertevans@example.com,AE,BUSINESS,2022-01-21 08:44:36,SUSPENDED
CUST003168,James,Palmer,holmesrachel@example.org,PK,BUSINESS,2025-07-06 19:27:48,ACTIVE
CUST003169,Erik,Hernandez,carolineperry@example.org,CA,CHECKING,2024-03-02 01:18:47,ACTIVE
CUST003170,Marissa,Kirby,karen00@example.com,US,CHECKING,2022-11-26 03:07:58,ACTIVE
CUST003171,Zachary,Keller,stephanie27@example.net,ES,BUSINESS,2023-12-29 18:14:27,ACTIVE
CUST003172,Christopher,Barnes,hendersonbrittany@example.org,IN,SAVINGS,2024-12-03 05:52:49,SUSPENDED
CUST003173,Michele,Jackson,isullivan@example.org,BE,CHECKING,2026-05-23 11:11:18,ACTIVE
CUST003174,Antonio,Anderson,allendavid@example.org,IN,SAVINGS,2023-02-20 21:22:43,ACTIVE
CUST003175,Virginia,Fisher,juan35@example.net,IN,SAVINGS,2024-11-22 16:51:40,ACTIVE
CUST003176,Crystal,White,matthew87@example.org,NL,BUSINESS,2022-05-04 19:41:19,CLOSED
CUST003177,Gregory,Fitzgerald,lisa24@example.org,IT,SAVINGS,2024-10-30 05:52:40,ACTIVE
CUST003178,Jason,Carlson,mcmillaneric@example.org,DE,CHECKING,2025-07-20 01:41:24,ACTIVE
CUST003179,Michael,Smith,ashley60@example.org,FR,CHECKING,2024-11-07 21:43:51,ACTIVE
CUST003180,Deborah,Cole,samanthacarter@example.com,US,SAVINGS,2024-05-10 05:20:12,CLOSED
CUST003181,Dean,Hubbard,bobby53@example.net,GB,SAVINGS,2025-04-06 15:10:05,ACTIVE
CUST003182,Jonathan,Molina,xclarke@example.com,IT,CHECKING,2021-10-15 00:19:06,ACTIVE
CUST003183,Tara,Russo,mary88@example.org,ES,CHECKING,2022-08-29 17:50:31,ACTIVE
CUST003184,Michael,Love,pbolton@example.net,AE,SAVINGS,2024-10-16 06:36:30,CLOSED
CUST003185,Joshua,Joseph,mhernandez@example.org,ES,BUSINESS,2023-08-12 14:31:51,ACTIVE
CUST003186,Ronnie,James,nmunoz@example.net,SG,SAVINGS,2025-02-12 07:30:11,ACTIVE
CUST003187,Justin,Jones,bonnie97@example.net,FR,CHECKING,2023-02-17 15:02:07,ACTIVE
CUST003188,Dennis,Williams,jacob86@example.org,AU,SAVINGS,2023-01-22 13:07:52,ACTIVE
CUST003189,Susan,Elliott,alexbutler@example.org,PK,SAVINGS,2025-07-05 01:57:09,ACTIVE
CUST003190,Stacy,Carroll,wthompson@example.com,JP,BUSINESS,2022-12-17 22:11:30,ACTIVE
CUST003191,Brianna,Mclaughlin,jasonwalton@example.net,GB,BUSINESS,2025-09-16 21:12:17,ACTIVE
CUST003192,Michelle,Ross,cmckinney@example.net,IT,CHECKING,2023-03-30 08:41:50,CLOSED
CUST003193,Nathan,Norman,turnerjohn@example.net,SG,BUSINESS,2023-02-12 22:13:01,ACTIVE
CUST003194,Brandon,Meza,paula31@example.com,CA,BUSINESS,2023-05-09 06:56:16,CLOSED
CUST003195,Carrie,Reese,mooredavid@example.org,AE,BUSINESS,2021-11-24 14:20:20,ACTIVE
CUST003196,Adam,Jones,brandon76@example.org,US,CHECKING,2022-03-22 16:24:23,ACTIVE
CUST003197,Sue,Torres,melissaharrell@example.net,AU,CHECKING,2026-06-12 19:52:00,ACTIVE
CUST003198,Chad,Turner,harrislisa@example.com,BE,BUSINESS,2024-05-20 00:22:23,SUSPENDED
CUST003199,Edwin,Reid,landerson@example.net,AE,BUSINESS,2026-03-30 15:28:58,ACTIVE
CUST003200,Ryan,Murphy,vphillips@example.net,PK,SAVINGS,2022-10-20 05:49:45,ACTIVE
CUST003201,Kenneth,Smith,brianwhite@example.com,ES,CHECKING,2023-08-16 15:56:42,ACTIVE
CUST003202,Anthony,Randolph,zpatterson@example.org,IT,SAVINGS,2023-11-14 10:14:03,SUSPENDED
CUST003203,Angelica,Oliver,rosecarroll@example.net,GB,SAVINGS,2021-12-08 23:08:56,CLOSED
CUST003204,Deborah,Mathews,aferguson@example.org,FR,SAVINGS,2025-09-05 16:40:55,CLOSED
CUST003205,Donna,Sanchez,westricky@example.org,BE,BUSINESS,2026-02-15 07:00:12,ACTIVE
CUST003206,Ryan,Cook,whernandez@example.net,BE,BUSINESS,2024-02-13 15:32:32,SUSPENDED
CUST003207,Melissa,Smith,lauraparker@example.com,US,BUSINESS,2022-09-03 21:35:09,ACTIVE
CUST003208,Jennifer,Stewart,douglastimothy@example.net,NL,CHECKING,2024-05-02 11:10:51,ACTIVE
CUST003209,Melissa,Davis,crawfordtyler@example.net,US,BUSINESS,2023-02-03 06:26:40,ACTIVE
CUST003210,Charles,Ewing,bryan61@example.net,IN,SAVINGS,2023-03-05 15:43:17,ACTIVE
CUST003211,Tammy,Thomas,martha99@example.net,JP,BUSINESS,2022-04-03 00:06:50,ACTIVE
CUST003212,Brittany,Black,jasonwilliams@example.com,IN,BUSINESS,2023-03-19 16:00:01,ACTIVE
CUST003213,Lisa,Christian,joshua74@example.net,SG,BUSINESS,2021-08-25 17:38:00,ACTIVE
CUST003214,Kimberly,Snyder,wallacesusan@example.com,NL,BUSINESS,2022-09-29 05:39:11,SUSPENDED
CUST003215,Kim,Edwards,leblancnicole@example.net,NL,BUSINESS,2025-08-26 01:30:59,ACTIVE
CUST003216,Robert,Jones,hartmancrystal@example.net,PK,BUSINESS,2026-05-23 03:16:14,ACTIVE
CUST003217,Melissa,Proctor,webbjohn@example.net,CA,CHECKING,2023-01-24 15:19:25,SUSPENDED
CUST003218,Michelle,Watkins,adamspatrick@example.com,GB,CHECKING,2021-12-18 13:07:17,SUSPENDED
CUST003219,Cassidy,Jones,william55@example.net,PK,SAVINGS,2022-04-28 01:56:10,ACTIVE
CUST003220,Jessica,Morton,paula74@example.com,DE,CHECKING,2024-12-26 14:46:25,ACTIVE
CUST003221,Elizabeth,Wright,weeksbrandon@example.com,IT,CHECKING,2025-09-02 09:24:19,SUSPENDED
CUST003222,Aaron,Mitchell,patriciaowen@example.net,JP,SAVINGS,2024-04-19 05:04:24,SUSPENDED
CUST003223,Luis,Collins,traci39@example.net,AE,CHECKING,2026-04-17 14:52:54,ACTIVE
CUST003224,Edward,Miller,beckerbrianna@example.com,IN,CHECKING,2023-01-05 13:29:15,SUSPENDED
CUST003225,Katie,Rodgers,allennathan@example.net,US,BUSINESS,2026-05-14 19:25:13,SUSPENDED
CUST003226,Reginald,Fry,kelleramanda@example.org,PK,SAVINGS,2022-12-09 07:46:55,SUSPENDED
CUST003227,Peter,Moore,christopher64@example.net,PK,CHECKING,2025-05-15 04:54:15,ACTIVE
CUST003228,Jenna,Clark,jennifercooper@example.com,SG,SAVINGS,2022-10-10 01:10:03,CLOSED
CUST003229,James,Cantu,bevans@example.net,DE,SAVINGS,2025-12-18 08:58:55,SUSPENDED
CUST003230,Rachel,Gill,gfreeman@example.net,AU,BUSINESS,2026-05-26 07:46:36,CLOSED
CUST003231,Timothy,Novak,blakeshelton@example.org,SG,SAVINGS,2022-06-09 08:13:37,SUSPENDED
CUST003232,Amber,Sharp,michelle11@example.org,SG,CHECKING,2022-11-19 18:35:31,ACTIVE
CUST003233,Lisa,Gray,rogersjoshua@example.com,JP,BUSINESS,2026-06-03 01:17:59,ACTIVE
CUST003234,Brandon,Martin,qallen@example.org,JP,SAVINGS,2022-08-06 16:42:42,ACTIVE
CUST003235,Brittney,Powell,virginia22@example.org,FR,SAVINGS,2024-04-25 14:27:34,ACTIVE
CUST003236,Jeremiah,Stein,alvarezstephanie@example.com,JP,SAVINGS,2024-01-07 18:54:55,ACTIVE
CUST003237,Kenneth,Barber,boyererika@example.net,AU,CHECKING,2022-10-26 22:28:00,ACTIVE
CUST003238,Samantha,Woodard,wallacebryan@example.com,ES,CHECKING,2022-04-10 14:30:25,CLOSED
CUST003239,Mackenzie,Armstrong,barbarafisher@example.com,SG,BUSINESS,2024-12-11 08:18:31,ACTIVE
CUST003240,Whitney,Anderson,uwhite@example.net,IN,BUSINESS,2026-07-20 17:11:35,SUSPENDED
CUST003241,Nicholas,Smith,theresataylor@example.com,AE,SAVINGS,2022-04-11 08:40:44,SUSPENDED
CUST003242,Jodi,Turner,nathanielhess@example.com,US,BUSINESS,2021-09-12 22:00:27,ACTIVE
CUST003243,Jason,Price,dwilliams@example.com,NL,CHECKING,2023-08-30 06:16:57,CLOSED
CUST003244,Bob,Foster,xcalderon@example.org,IN,SAVINGS,2022-10-01 02:00:46,ACTIVE
CUST003245,Jessica,Eaton,hollandroy@example.org,IT,CHECKING,2026-04-14 18:48:02,SUSPENDED
CUST003246,Briana,Smith,brendavargas@example.org,BE,CHECKING,2022-02-23 20:25:15,SUSPENDED
CUST003247,Linda,Young,thomasderek@example.net,PK,SAVINGS,2023-11-18 09:11:47,CLOSED
CUST003248,Matthew,Barker,ksherman@example.com,IT,CHECKING,2024-10-07 16:01:06,ACTIVE
CUST003249,Jesse,Rodriguez,tanyawilliams@example.net,PK,BUSINESS,2026-03-09 19:53:31,CLOSED
CUST003250,Russell,Anderson,fbailey@example.com,JP,CHECKING,2024-05-20 21:31:01,ACTIVE
CUST003251,Jonathan,Nelson,bradleymitchell@example.net,US,CHECKING,2024-01-17 02:36:34,ACTIVE
CUST003252,Heather,Frost,williemartinez@example.org,SG,CHECKING,2026-06-03 14:54:54,ACTIVE
CUST003253,David,Kelley,wbailey@example.net,GB,BUSINESS,2023-06-13 03:30:35,SUSPENDED
CUST003254,Justin,Combs,kathleen66@example.org,AU,SAVINGS,2023-01-29 00:51:18,ACTIVE
CUST003255,Carla,Jennings,davidjensen@example.org,DE,SAVINGS,2024-04-29 19:42:36,ACTIVE
CUST003256,Holly,James,taraortiz@example.com,AU,CHECKING,2022-11-02 00:06:10,ACTIVE
CUST003257,Kyle,Henderson,csmith@example.net,SG,BUSINESS,2022-12-17 17:58:25,SUSPENDED
CUST003258,Katherine,Winters,msmith@example.com,AE,SAVINGS,2022-03-08 20:31:11,SUSPENDED
CUST003259,Michael,Diaz,brooksjames@example.org,DE,CHECKING,2022-03-24 06:38:29,ACTIVE
CUST003260,Scott,Shelton,hendersonlisa@example.com,IT,SAVINGS,2025-04-01 10:49:42,ACTIVE
CUST003261,Brian,Rose,brooksharold@example.com,SG,SAVINGS,2022-04-15 15:38:40,SUSPENDED
CUST003262,Jason,Garza,scott40@example.net,ES,SAVINGS,2024-11-03 17:20:22,ACTIVE
CUST003263,Tanya,Dennis,jason57@example.net,AU,CHECKING,2022-02-10 12:40:59,ACTIVE
CUST003264,Luis,Stevens,blakesarah@example.net,SG,BUSINESS,2026-07-18 17:31:42,ACTIVE
CUST003265,Amanda,Graham,melanie69@example.org,GB,CHECKING,2025-04-21 10:54:49,SUSPENDED
CUST003266,Mark,Mcclure,jamesmorris@example.net,AE,CHECKING,2025-11-10 01:23:43,ACTIVE
CUST003267,Joseph,Lambert,afoster@example.com,NL,SAVINGS,2025-08-20 16:37:19,ACTIVE
CUST003268,Brandon,Lopez,victoriabenson@example.com,AU,SAVINGS,2022-05-28 01:22:39,ACTIVE
CUST003269,Amber,Sanchez,shaffercraig@example.org,BE,BUSINESS,2023-01-16 19:41:43,SUSPENDED
CUST003270,Anthony,Ward,mallen@example.org,DE,CHECKING,2025-09-21 20:24:57,SUSPENDED
CUST003271,Jason,Fleming,arianavalencia@example.com,ES,SAVINGS,2023-11-08 09:23:26,SUSPENDED
CUST003272,Bill,Oneill,marcohines@example.com,JP,CHECKING,2025-07-25 05:28:02,SUSPENDED
CUST003273,Nicholas,Villarreal,jonathangonzales@example.org,SG,SAVINGS,2023-01-02 20:59:23,CLOSED
CUST003274,Jeffrey,Nichols,denise02@example.org,NL,CHECKING,2023-03-15 01:04:38,ACTIVE
CUST003275,Andrew,Davis,brownchristina@example.org,CA,CHECKING,2023-02-20 18:10:00,ACTIVE
CUST003276,Zachary,Carter,suzannesimpson@example.org,BE,CHECKING,2026-02-12 10:19:33,SUSPENDED
CUST003277,Edward,Franklin,urivera@example.org,PK,SAVINGS,2024-06-10 07:46:51,CLOSED
CUST003278,Megan,Vaughn,peggybrown@example.com,JP,BUSINESS,2024-05-26 21:11:03,ACTIVE
CUST003279,Samuel,Norris,harrissusan@example.org,FR,SAVINGS,2021-11-24 23:32:49,CLOSED
CUST003280,Adam,Collier,traci32@example.org,AU,SAVINGS,2025-04-30 04:29:59,ACTIVE
CUST003281,Victoria,Hardy,robinvasquez@example.com,GB,BUSINESS,2025-08-14 23:01:38,ACTIVE
CUST003282,Jeffery,Crosby,gtanner@example.net,ES,BUSINESS,2021-12-08 09:19:50,ACTIVE
CUST003283,Stephanie,Morales,jessica07@example.org,AU,CHECKING,2023-05-31 15:18:34,ACTIVE
CUST003284,Angelica,Williams,vsalinas@example.net,ES,BUSINESS,2024-04-24 12:32:50,SUSPENDED
CUST003285,Gavin,Gordon,derek41@example.net,PK,SAVINGS,2021-12-20 06:26:34,SUSPENDED
CUST003286,Danielle,Moody,jessica27@example.com,ES,CHECKING,2021-10-21 22:55:10,ACTIVE
CUST003287,Emma,Oneill,xharrington@example.net,SG,BUSINESS,2023-01-26 08:01:11,SUSPENDED
CUST003288,Ronnie,Fisher,ashley06@example.org,ES,SAVINGS,2021-10-07 07:46:26,ACTIVE
CUST003289,Megan,Sanchez,glee@example.net,BE,CHECKING,2024-09-07 02:26:59,ACTIVE
CUST003290,Cynthia,Leon,yware@example.com,US,SAVINGS,2025-02-24 08:06:07,ACTIVE
CUST003291,Jessica,Campbell,madams@example.com,PK,SAVINGS,2026-08-20 17:20:59,ACTIVE
CUST003292,Jason,Mills,tinahale@example.net,PK,SAVINGS,2025-10-08 11:08:13,CLOSED
CUST003293,Kaitlyn,Roberson,megan91@example.com,IN,SAVINGS,2025-12-14 19:46:42,CLOSED
CUST003294,Ronald,Lawrence,lisa04@example.net,BE,SAVINGS,2023-06-01 06:21:18,ACTIVE
CUST003295,Douglas,Butler,iphillips@example.org,BE,BUSINESS,2023-07-17 12:58:32,SUSPENDED
CUST003296,Theresa,Scott,ggarcia@example.org,AE,CHECKING,2026-04-24 05:01:51,CLOSED
CUST003297,Brenda,Michael,guerrerorenee@example.com,IN,BUSINESS,2024-02-07 05:42:37,SUSPENDED
CUST003298,Anna,Morgan,allen12@example.net,FR,CHECKING,2025-06-24 21:45:37,ACTIVE
CUST003299,Samuel,Hale,derricklee@example.net,FR,CHECKING,2026-03-02 09:33:36,ACTIVE
CUST003300,Jacqueline,Torres,oevans@example.org,FR,SAVINGS,2024-07-19 22:39:33,ACTIVE
CUST003301,Raymond,Murray,gbrown@example.net,ES,BUSINESS,2026-02-15 19:10:27,SUSPENDED
CUST003302,Donald,Sanford,shannonday@example.net,GB,CHECKING,2025-10-04 08:14:06,SUSPENDED
CUST003303,Brian,Sandoval,carlos80@example.com,FR,SAVINGS,2022-04-21 19:24:26,ACTIVE
CUST003304,Vanessa,Gonzalez,barbara56@example.com,SG,BUSINESS,2025-08-17 01:28:13,SUSPENDED
CUST003305,Julie,Andrews,peter58@example.com,US,SAVINGS,2025-06-04 09:05:20,ACTIVE
CUST003306,Cindy,Bradley,rlee@example.net,IN,BUSINESS,2023-09-14 14:28:28,ACTIVE
CUST003307,Tasha,Chase,zmoore@example.org,DE,SAVINGS,2022-01-29 23:22:42,ACTIVE
CUST003308,Mary,Brown,robertcruz@example.org,IT,SAVINGS,2021-09-17 11:43:11,ACTIVE
CUST003309,Corey,Morris,jessica86@example.com,IN,CHECKING,2024-06-17 10:24:31,CLOSED
CUST003310,Victor,Mcintosh,wmorris@example.com,IN,SAVINGS,2025-11-05 19:42:40,CLOSED
CUST003311,Michael,Esparza,jonathanjordan@example.org,PK,BUSINESS,2021-09-15 17:55:53,CLOSED
CUST003312,Brian,Mills,abigail68@example.org,IT,BUSINESS,2024-02-16 02:28:58,ACTIVE
CUST003313,Felicia,Howard,qreyes@example.com,CA,BUSINESS,2022-07-22 09:19:39,ACTIVE
CUST003314,Eric,Snow,jordan89@example.net,GB,CHECKING,2025-08-31 21:12:26,ACTIVE
CUST003315,Sarah,Smith,jamesrussell@example.net,AE,SAVINGS,2025-04-09 09:15:30,ACTIVE
CUST003316,Andre,Rowe,lori01@example.com,PK,SAVINGS,2021-10-26 05:36:46,ACTIVE
CUST003317,Susan,Russell,maciaskenneth@example.com,NL,BUSINESS,2022-12-16 13:36:17,ACTIVE
CUST003318,Sabrina,Hunt,cbrown@example.net,GB,SAVINGS,2024-06-24 09:28:39,CLOSED
CUST003319,Jessica,Fernandez,anthonyfranklin@example.com,PK,CHECKING,2022-03-28 08:26:25,ACTIVE
CUST003320,Jason,Contreras,silvaryan@example.org,ES,CHECKING,2025-09-11 04:50:10,ACTIVE
CUST003321,Candace,Parrish,rtaylor@example.com,US,BUSINESS,2022-12-13 09:04:32,SUSPENDED
CUST003322,Angela,Rodriguez,paul48@example.org,US,BUSINESS,2024-03-10 21:12:15,ACTIVE
CUST003323,Louis,Williams,michaelcarrillo@example.net,AU,BUSINESS,2025-11-01 12:06:14,ACTIVE
CUST003324,Kevin,Hicks,berrytyrone@example.net,BE,CHECKING,2023-07-18 14:20:56,CLOSED
CUST003325,Ashley,Rhodes,breanna80@example.org,US,SAVINGS,2025-04-29 06:09:46,CLOSED
CUST003326,Aaron,Love,joseph03@example.org,ES,CHECKING,2024-08-28 14:34:56,ACTIVE
CUST003327,Rhonda,Burke,martinramirez@example.org,AE,BUSINESS,2025-08-20 11:52:50,ACTIVE
CUST003328,James,Collins,perezanna@example.com,BE,CHECKING,2025-07-24 03:08:43,ACTIVE
CUST003329,Thomas,Patel,xcox@example.org,CA,BUSINESS,2024-04-10 18:16:09,SUSPENDED
CUST003330,Carl,Lam,victoria82@example.org,DE,SAVINGS,2021-09-05 22:40:28,ACTIVE
CUST003331,Vincent,Fischer,maryflores@example.net,ES,CHECKING,2026-01-27 01:15:10,SUSPENDED
CUST003332,Morgan,Horton,daniel62@example.org,DE,CHECKING,2023-07-09 07:28:45,ACTIVE
CUST003333,Gary,Snow,doylemichael@example.net,ES,SAVINGS,2024-11-07 23:19:22,SUSPENDED
CUST003334,Jennifer,Sherman,stephenroberson@example.com,NL,BUSINESS,2026-01-15 17:23:20,ACTIVE
CUST003335,Jason,Sweeney,alee@example.com,DE,SAVINGS,2025-01-28 02:19:08,SUSPENDED
CUST003336,Hunter,Garza,watsontina@example.net,AE,SAVINGS,2022-06-02 02:36:52,ACTIVE
CUST003337,Taylor,Mason,kimberly65@example.com,PK,BUSINESS,2026-06-10 01:00:48,CLOSED
CUST003338,Larry,Dean,mahoneysarah@example.org,ES,SAVINGS,2022-10-14 07:03:15,ACTIVE
CUST003339,Steve,Thomas,nwilson@example.net,IN,SAVINGS,2026-07-30 04:52:44,CLOSED
CUST003340,Anthony,Hernandez,jeremyshelton@example.net,IT,SAVINGS,2022-02-17 08:42:40,SUSPENDED
CUST003341,Barry,Hess,rstewart@example.net,PK,SAVINGS,2026-04-05 21:06:32,SUSPENDED
CUST003342,Courtney,West,lisa79@example.com,NL,BUSINESS,2023-11-09 16:14:50,CLOSED
CUST003343,Chad,Moody,ucrawford@example.org,GB,CHECKING,2026-02-11 01:31:24,SUSPENDED
CUST003344,Chris,Cardenas,cameronkaitlyn@example.com,AE,SAVINGS,2026-01-08 23:55:29,CLOSED
CUST003345,Carl,Aguilar,troy08@example.net,ES,SAVINGS,2024-03-22 07:17:39,SUSPENDED
CUST003346,Mike,Huerta,jjackson@example.org,DE,CHECKING,2025-12-13 02:09:35,CLOSED
CUST003347,Joseph,Hunt,bharris@example.org,BE,SAVINGS,2021-10-16 22:59:05,ACTIVE
CUST003348,Gina,Ross,johnross@example.org,JP,BUSINESS,2023-03-08 23:21:46,ACTIVE
CUST003349,Danny,Welch,chenmatthew@example.org,PK,SAVINGS,2026-04-21 12:06:47,CLOSED
CUST003350,Natalie,Payne,sarahholland@example.net,JP,BUSINESS,2026-02-05 08:34:42,CLOSED
CUST003351,Dawn,Boone,dixondennis@example.org,DE,SAVINGS,2025-10-21 01:03:29,SUSPENDED
CUST003352,Adrian,Morales,marksbrandon@example.net,GB,CHECKING,2022-10-09 10:33:15,SUSPENDED
CUST003353,Jeffrey,Maxwell,paullawson@example.org,NL,CHECKING,2023-07-22 02:44:01,ACTIVE
CUST003354,Joshua,Mccarthy,mstanley@example.com,JP,SAVINGS,2022-01-16 01:41:22,ACTIVE
CUST003355,John,Stewart,dhenry@example.net,CA,SAVINGS,2025-03-02 23:52:13,ACTIVE
CUST003356,Michelle,Logan,wendylee@example.com,AU,CHECKING,2025-06-11 10:13:25,CLOSED
CUST003357,Alexander,Tucker,jodicannon@example.net,DE,CHECKING,2023-07-03 20:02:40,CLOSED
CUST003358,Craig,Murphy,maldonadokatrina@example.com,DE,BUSINESS,2021-12-05 04:07:44,SUSPENDED
CUST003359,Michael,Schneider,rwilliamson@example.net,GB,CHECKING,2023-07-18 04:46:48,SUSPENDED
CUST003360,Zachary,Page,jose45@example.net,JP,BUSINESS,2026-03-22 02:19:58,CLOSED
CUST003361,Jason,Bonilla,caleb70@example.net,IN,SAVINGS,2022-07-09 14:57:51,ACTIVE
CUST003362,Karen,Mayer,melissa36@example.net,NL,BUSINESS,2025-06-04 20:02:08,ACTIVE
CUST003363,Daniel,Burton,xfuentes@example.net,AE,BUSINESS,2022-04-14 09:24:20,ACTIVE
CUST003364,Julia,Aguilar,cjohns@example.net,DE,BUSINESS,2025-06-12 09:54:28,SUSPENDED
CUST003365,Amanda,Russo,jessebeltran@example.net,ES,CHECKING,2023-12-03 00:56:33,SUSPENDED
CUST003366,Michael,Hunt,robert79@example.com,FR,CHECKING,2021-11-10 07:59:27,SUSPENDED
CUST003367,Robyn,Fritz,bswanson@example.com,PK,BUSINESS,2021-10-31 17:31:34,ACTIVE
CUST003368,Carl,Robinson,christiecastillo@example.com,BE,BUSINESS,2025-12-14 15:44:18,SUSPENDED
CUST003369,Dorothy,Melton,brandi75@example.com,AE,BUSINESS,2023-01-05 02:10:39,SUSPENDED
CUST003370,Carolyn,Warner,elainehall@example.net,AU,SAVINGS,2024-12-30 00:57:34,ACTIVE
CUST003371,Suzanne,Schroeder,jennifertaylor@example.org,PK,CHECKING,2024-06-20 04:13:54,ACTIVE
CUST003372,Angie,Dorsey,dawn33@example.org,ES,CHECKING,2024-03-14 19:17:25,CLOSED
CUST003373,Christopher,Bond,casey54@example.net,NL,BUSINESS,2023-10-03 05:38:47,ACTIVE
CUST003374,Brandy,Robles,arroyorenee@example.com,GB,BUSINESS,2024-02-17 13:17:28,ACTIVE
CUST003375,Laura,Bradford,paul15@example.net,FR,SAVINGS,2026-07-08 13:11:09,ACTIVE
CUST003376,Michael,Campbell,dorseytony@example.net,FR,CHECKING,2022-08-17 11:10:10,SUSPENDED
CUST003377,Roger,Ramos,alexander22@example.org,US,BUSINESS,2026-01-07 05:34:03,SUSPENDED
CUST003378,Elizabeth,Sullivan,brewersherri@example.org,IN,BUSINESS,2023-08-03 14:42:03,CLOSED
CUST003379,Kristin,Evans,elizabeth60@example.net,SG,SAVINGS,2023-10-27 04:17:37,ACTIVE
CUST003380,Lisa,Harris,scochran@example.org,AU,BUSINESS,2022-09-28 14:02:46,ACTIVE
CUST003381,Brittany,Ball,amandaroberts@example.net,SG,BUSINESS,2023-09-14 08:40:12,SUSPENDED
CUST003382,Tasha,Townsend,cainroger@example.net,AE,SAVINGS,2024-08-10 07:08:29,ACTIVE
CUST003383,Tanya,Curry,lmann@example.org,ES,CHECKING,2026-05-24 14:06:05,ACTIVE
CUST003384,Pamela,Perry,mstevens@example.net,IT,CHECKING,2024-11-10 11:43:28,ACTIVE
CUST003385,Veronica,Gutierrez,smithwendy@example.net,SG,CHECKING,2025-01-01 01:41:19,ACTIVE
CUST003386,Rose,Ramirez,taylormelinda@example.org,IT,SAVINGS,2022-10-14 16:08:52,ACTIVE
CUST003387,Erin,Irwin,christina80@example.org,JP,CHECKING,2023-06-05 01:17:47,SUSPENDED
CUST003388,Jessica,Stanton,patriciafreeman@example.net,IN,BUSINESS,2021-10-14 15:09:07,CLOSED
CUST003389,Clayton,Lin,murphycynthia@example.com,IT,CHECKING,2025-01-30 10:15:48,ACTIVE
CUST003390,David,Carter,jasonfrank@example.com,AE,SAVINGS,2022-03-08 04:03:43,ACTIVE
CUST003391,Stephen,York,ryan42@example.com,US,SAVINGS,2022-02-04 17:25:00,ACTIVE
CUST003392,Daniel,Reyes,ywalton@example.org,DE,CHECKING,2022-03-20 00:41:52,ACTIVE
CUST003393,Ashley,Casey,jill69@example.net,SG,BUSINESS,2024-06-30 19:52:08,SUSPENDED
CUST003394,Michael,Chang,toddgonzales@example.com,US,SAVINGS,2022-06-09 10:06:04,ACTIVE
CUST003395,Kenneth,Williams,saranovak@example.net,IN,SAVINGS,2024-05-26 03:57:14,CLOSED
CUST003396,Aaron,White,matthew34@example.com,IT,CHECKING,2023-10-29 06:26:05,ACTIVE
CUST003397,Nancy,Ross,henrylozano@example.org,AU,SAVINGS,2026-07-09 16:06:20,ACTIVE
CUST003398,Aaron,Harrison,suejones@example.com,BE,CHECKING,2023-12-30 22:49:04,ACTIVE
CUST003399,Nicholas,Stevenson,brookstimothy@example.net,JP,BUSINESS,2023-05-02 13:12:16,SUSPENDED
CUST003400,Eduardo,Davis,heather97@example.net,GB,SAVINGS,2026-01-17 21:56:55,CLOSED
CUST003401,Steven,Holloway,bryangolden@example.org,AU,BUSINESS,2024-02-10 22:56:05,CLOSED
CUST003402,Alexis,Morris,scottcurtis@example.com,NL,CHECKING,2022-06-15 20:58:31,SUSPENDED
CUST003403,Willie,Williams,wayne01@example.net,GB,SAVINGS,2026-03-17 11:52:27,CLOSED
CUST003404,Timothy,Sanchez,jamie15@example.org,AU,BUSINESS,2022-03-15 04:16:01,CLOSED
CUST003405,John,Hamilton,gjackson@example.org,PK,BUSINESS,2025-10-13 01:29:34,SUSPENDED
CUST003406,Lauren,Jones,ndavis@example.net,IT,BUSINESS,2025-02-04 23:16:10,ACTIVE
CUST003407,Crystal,Flores,david70@example.com,CA,CHECKING,2026-04-23 18:50:09,SUSPENDED
CUST003408,Denise,Smith,qshort@example.org,AU,SAVINGS,2023-09-23 18:23:09,CLOSED
CUST003409,Sandra,Griffith,sheri23@example.org,DE,SAVINGS,2025-02-01 09:54:34,SUSPENDED
CUST003410,Arthur,Lopez,lopezwayne@example.com,PK,SAVINGS,2024-07-01 16:54:18,ACTIVE
CUST003411,Renee,Smith,ruth22@example.com,US,BUSINESS,2022-06-18 09:57:33,ACTIVE
CUST003412,Cody,Kramer,powelltimothy@example.org,US,BUSINESS,2024-04-30 06:07:55,SUSPENDED
CUST003413,Charles,Flores,andrewbird@example.com,FR,CHECKING,2025-04-05 01:55:52,ACTIVE
CUST003414,Patricia,Harris,davidfarrell@example.com,SG,CHECKING,2021-12-19 12:53:50,SUSPENDED
CUST003415,Anthony,Flores,jackthompson@example.com,BE,SAVINGS,2024-11-11 04:38:09,ACTIVE
CUST003416,Donald,Johnson,jeffersondaniel@example.org,CA,CHECKING,2023-10-29 21:56:39,CLOSED
CUST003417,Amanda,Clark,leedarlene@example.com,PK,BUSINESS,2023-03-12 11:31:44,ACTIVE
CUST003418,Zachary,Moses,hoganeric@example.net,PK,BUSINESS,2023-10-24 03:01:44,SUSPENDED
CUST003419,Matthew,Heath,mathew34@example.org,ES,SAVINGS,2025-11-27 18:30:13,SUSPENDED
CUST003420,Ricardo,Barton,chelsea60@example.org,GB,BUSINESS,2023-11-22 18:49:21,ACTIVE
CUST003421,Brandy,Jordan,josephmcgee@example.net,AE,SAVINGS,2026-08-11 20:29:19,ACTIVE
CUST003422,Stephanie,Wright,efields@example.net,AU,CHECKING,2023-09-17 21:35:44,ACTIVE
CUST003423,Joshua,Berry,gregory73@example.com,SG,BUSINESS,2025-02-03 00:47:35,ACTIVE
CUST003424,Mary,Davis,wendyholden@example.com,JP,SAVINGS,2024-10-20 21:32:02,ACTIVE
CUST003425,Lisa,Hart,adamskathryn@example.com,ES,CHECKING,2022-12-28 10:40:45,ACTIVE
CUST003426,Mitchell,Sanchez,harveyrobert@example.com,AU,SAVINGS,2022-07-18 09:30:42,ACTIVE
CUST003427,Joseph,Patton,jeffrey69@example.net,AE,SAVINGS,2024-10-20 17:20:30,SUSPENDED
CUST003428,Erik,Humphrey,sandra66@example.net,NL,CHECKING,2024-05-08 18:42:46,ACTIVE
CUST003429,Elizabeth,Morgan,omartinez@example.net,CA,CHECKING,2026-05-04 17:55:44,ACTIVE
CUST003430,Pamela,Adkins,keithrich@example.net,BE,SAVINGS,2024-12-13 17:49:25,ACTIVE
CUST003431,Troy,Vargas,dakota71@example.org,JP,CHECKING,2025-07-17 09:21:24,ACTIVE
CUST003432,Michelle,Wolfe,vtapia@example.net,IN,BUSINESS,2026-04-21 02:26:17,ACTIVE
CUST003433,Sarah,Nguyen,shelbymitchell@example.net,AE,CHECKING,2024-06-11 03:45:35,ACTIVE
CUST003434,Vincent,Patterson,gutierrezcraig@example.net,GB,CHECKING,2026-03-25 05:16:13,CLOSED
CUST003435,Dylan,Cunningham,christinagoodwin@example.net,IT,CHECKING,2022-04-22 05:01:31,CLOSED
CUST003436,Robert,Gomez,emilyporter@example.org,IT,SAVINGS,2024-12-30 12:02:27,ACTIVE
CUST003437,Penny,Robertson,heatherdavis@example.org,BE,SAVINGS,2021-11-05 07:19:19,ACTIVE
CUST003438,Tyler,Clark,noahruiz@example.org,AE,BUSINESS,2021-09-07 02:30:55,ACTIVE
CUST003439,Sherry,Hill,jolsen@example.net,PK,CHECKING,2021-10-23 19:23:14,CLOSED
CUST003440,Angela,Taylor,audrey12@example.org,AU,BUSINESS,2024-01-29 09:49:13,ACTIVE
CUST003441,Raymond,Gonzalez,krista76@example.org,SG,CHECKING,2024-05-25 23:21:25,SUSPENDED
CUST003442,Dawn,Massey,paulpark@example.com,AE,SAVINGS,2025-02-05 04:30:52,ACTIVE
CUST003443,Jamie,Cabrera,stevenskaitlin@example.net,DE,BUSINESS,2024-03-16 07:46:32,CLOSED
CUST003444,Alexander,Foster,william11@example.org,AE,CHECKING,2025-03-02 12:22:05,CLOSED
CUST003445,Jacqueline,Reyes,ashley19@example.com,FR,BUSINESS,2025-06-28 05:22:54,ACTIVE
CUST003446,Veronica,Johnson,jefferywalker@example.org,ES,BUSINESS,2021-12-05 13:35:36,ACTIVE
CUST003447,Daniel,Price,michaelayala@example.org,IN,CHECKING,2022-08-13 09:02:29,ACTIVE
CUST003448,Richard,Higgins,jessica01@example.org,ES,BUSINESS,2023-07-29 22:28:04,ACTIVE
CUST003449,Jesse,Stanton,thomaswade@example.com,SG,SAVINGS,2023-05-24 18:00:25,CLOSED
CUST003450,Susan,Hill,campbellmargaret@example.net,US,BUSINESS,2023-11-27 17:37:45,ACTIVE
CUST003451,Christopher,Brown,hancocktristan@example.org,ES,BUSINESS,2021-12-20 14:10:23,ACTIVE
CUST003452,Charles,King,garciaalex@example.com,BE,CHECKING,2026-07-27 07:33:41,ACTIVE
CUST003453,Destiny,Garza,ingrambrandon@example.com,IN,CHECKING,2023-01-09 09:16:28,SUSPENDED
CUST003454,Patricia,Johnson,hcastaneda@example.com,GB,CHECKING,2026-04-12 12:33:36,ACTIVE
CUST003455,Yvette,Adkins,waltercarrie@example.org,IN,SAVINGS,2024-02-18 14:43:35,ACTIVE
CUST003456,Drew,Blevins,jonathanwoodard@example.com,NL,BUSINESS,2024-03-21 21:06:50,ACTIVE
CUST003457,Angela,Beasley,clarkjames@example.com,DE,SAVINGS,2022-03-04 04:20:32,ACTIVE
CUST003458,Heather,Cunningham,tuckersheila@example.net,SG,SAVINGS,2022-07-01 04:38:21,ACTIVE
CUST003459,Jamie,Stephens,millerkristin@example.org,JP,BUSINESS,2022-05-20 22:29:24,ACTIVE
CUST003460,Krystal,Wilson,kirstendavis@example.net,ES,BUSINESS,2024-04-12 20:33:49,SUSPENDED
CUST003461,Sara,Montoya,kevinmarshall@example.org,AE,CHECKING,2023-01-09 10:56:34,ACTIVE
CUST003462,Tara,Meyer,robertsdavid@example.net,AE,SAVINGS,2025-07-22 16:51:46,SUSPENDED
CUST003463,Melissa,Evans,reginapeck@example.org,PK,SAVINGS,2023-06-18 15:08:48,SUSPENDED
CUST003464,Tara,Alvarez,travis46@example.org,IN,BUSINESS,2022-04-05 09:09:07,ACTIVE
CUST003465,John,Kramer,johnsondana@example.com,FR,SAVINGS,2022-08-05 22:50:36,ACTIVE
CUST003466,Diane,Gray,gary21@example.com,AE,CHECKING,2024-01-24 16:46:21,CLOSED
CUST003467,Natalie,Jones,christopherrogers@example.com,DE,CHECKING,2022-02-01 03:51:47,ACTIVE
CUST003468,Robert,Alvarado,paulrussell@example.com,BE,SAVINGS,2024-07-30 11:08:25,ACTIVE
CUST003469,Matthew,Murillo,katherinecrawford@example.com,GB,CHECKING,2022-04-15 15:31:49,SUSPENDED
CUST003470,Aaron,Schultz,tommy17@example.net,AE,CHECKING,2026-04-07 21:37:30,ACTIVE
CUST003471,Carla,Austin,ronald94@example.net,PK,BUSINESS,2026-07-02 01:25:58,ACTIVE
CUST003472,Tina,Harper,johnsondaniel@example.net,JP,BUSINESS,2024-07-19 02:09:59,CLOSED
CUST003473,Ryan,Bailey,xclark@example.net,NL,SAVINGS,2024-03-02 20:47:40,SUSPENDED
CUST003474,Olivia,Christian,shaneramsey@example.com,PK,BUSINESS,2022-12-23 08:06:45,CLOSED
CUST003475,Peter,Anderson,richard04@example.com,IN,SAVINGS,2021-09-19 07:24:40,ACTIVE
CUST003476,Thomas,Alvarado,carteryolanda@example.com,PK,SAVINGS,2022-08-06 01:17:33,ACTIVE
CUST003477,Mary,Smith,ahicks@example.org,IN,SAVINGS,2023-11-13 08:45:01,CLOSED
CUST003478,Billy,Graves,gstrickland@example.org,AU,CHECKING,2021-09-05 03:03:05,SUSPENDED
CUST003479,Tanya,Hooper,mortiz@example.org,US,BUSINESS,2023-12-18 08:49:42,ACTIVE
CUST003480,Vanessa,Brock,tuckeramanda@example.org,PK,BUSINESS,2025-08-30 00:41:18,CLOSED
CUST003481,Rickey,Lee,martinezmolly@example.net,AE,BUSINESS,2023-01-08 17:28:46,SUSPENDED
CUST003482,Donald,Thomas,henryhawkins@example.com,SG,SAVINGS,2021-10-05 09:21:41,SUSPENDED
CUST003483,Amanda,Ruiz,aliciahoward@example.net,AE,CHECKING,2024-03-05 17:08:16,ACTIVE
CUST003484,Anthony,Nelson,barberangela@example.com,DE,CHECKING,2022-08-20 07:34:48,CLOSED
CUST003485,Jeremy,Wu,bushsharon@example.com,BE,SAVINGS,2021-11-25 17:56:58,ACTIVE
CUST003486,Margaret,Bautista,james72@example.org,CA,BUSINESS,2026-03-01 00:36:26,ACTIVE
CUST003487,Brittany,Mclean,moodysamuel@example.org,IT,CHECKING,2024-09-15 00:53:31,CLOSED
CUST003488,Sue,Hawkins,georgesteven@example.org,CA,SAVINGS,2021-11-24 05:22:03,CLOSED
CUST003489,David,Fernandez,johnsonkevin@example.net,BE,BUSINESS,2024-02-05 07:36:49,ACTIVE
CUST003490,Renee,Joseph,,FR,CHECKING,2022-09-21 16:58:18,CLOSED
CUST003491,Kristin,Dixon,spearsjose@example.com,AU,SAVINGS,2026-05-17 21:02:06,ACTIVE
CUST003492,Robert,Gibson,andreathompson@example.net,IN,SAVINGS,2025-12-26 19:06:01,SUSPENDED
CUST003493,Emily,House,andrewwalker@example.com,CA,CHECKING,2025-11-18 20:05:48,ACTIVE
CUST003494,Tina,Hansen,nunezjeremy@example.net,IN,SAVINGS,2026-08-17 13:39:25,ACTIVE
CUST003495,Kendra,Contreras,walkerdonna@example.net,JP,BUSINESS,2025-06-06 21:29:12,ACTIVE
CUST003496,John,Hardin,lynnpowell@example.net,DE,CHECKING,2021-10-07 03:51:03,ACTIVE
CUST003497,Luis,Rivera,susan75@example.net,US,SAVINGS,2026-07-08 02:58:59,CLOSED
CUST003498,Kevin,Tate,jacob06@example.net,SG,CHECKING,2025-04-22 04:49:36,SUSPENDED
CUST003499,Ashley,Williams,michael28@example.net,BE,CHECKING,2026-04-09 04:49:21,CLOSED
CUST003500,Ruben,Bennett,pricerobert@example.org,AU,BUSINESS,2023-08-21 00:23:23,CLOSED
CUST003501,Shaun,Hill,fenglish@example.com,IN,BUSINESS,2024-05-10 12:57:58,ACTIVE
CUST003502,Douglas,Perry,robertcastro@example.com,BE,SAVINGS,2026-08-25 12:46:23,ACTIVE
CUST003503,Rachel,Brown,jeffrey08@example.com,JP,BUSINESS,2023-04-21 14:36:06,CLOSED
CUST003504,Timothy,Ross,daniellesweeney@example.com,JP,CHECKING,2023-12-10 07:41:51,SUSPENDED
CUST003505,Kevin,Ayala,lheath@example.com,CA,BUSINESS,2021-09-22 21:33:31,ACTIVE
CUST003506,Amanda,Leonard,juliesantana@example.org,DE,SAVINGS,2023-06-16 23:15:41,CLOSED
CUST003507,Kevin,Smith,hillshawn@example.org,AU,CHECKING,2024-04-07 19:33:18,ACTIVE
CUST003508,Daniel,Rivera,sherisanders@example.org,US,CHECKING,2024-06-08 08:59:24,ACTIVE
CUST003509,Amanda,Stewart,meghan90@example.com,SG,SAVINGS,2023-02-17 10:22:49,SUSPENDED
CUST003510,Mary,Hart,rsmith@example.org,DE,CHECKING,2024-10-14 16:07:39,ACTIVE
CUST003511,Shannon,Allen,jeffreythomas@example.com,GB,CHECKING,2024-02-15 22:29:41,SUSPENDED
CUST003512,Michael,Galvan,morrisamanda@example.org,IT,SAVINGS,2026-02-12 16:59:58,ACTIVE
CUST003513,Paul,Williams,buckdonald@example.com,BE,BUSINESS,2024-12-26 08:00:59,CLOSED
CUST003514,Ivan,Macias,ramoscory@example.com,GB,BUSINESS,2022-12-26 04:06:59,CLOSED
CUST003515,Caroline,Calderon,turnerrichard@example.net,CA,SAVINGS,2023-02-25 20:55:17,ACTIVE
CUST003516,Rebecca,Howard,brittanyyoder@example.com,AU,SAVINGS,2023-06-08 15:44:21,SUSPENDED
CUST003517,Thomas,Mooney,fostervalerie@example.com,US,BUSINESS,2021-12-06 01:11:13,SUSPENDED
CUST003518,Teresa,Martinez,brendaporter@example.com,SG,SAVINGS,2026-03-04 05:07:37,ACTIVE
CUST003519,Kimberly,Nicholson,lopezbrandon@example.org,ES,BUSINESS,2026-08-17 02:54:30,ACTIVE
CUST003520,Brandon,Ray,jasonmontgomery@example.com,US,BUSINESS,2025-10-17 04:32:26,SUSPENDED
CUST003521,Christopher,Brown,lucasivan@example.net,ES,BUSINESS,2024-07-21 18:10:51,CLOSED
CUST003522,Russell,Bennett,meaganbennett@example.net,IN,BUSINESS,2024-01-14 19:12:48,ACTIVE
CUST003523,Holly,Brown,michael94@example.org,SG,CHECKING,2025-06-22 00:11:36,SUSPENDED
CUST003524,Beth,Howell,jeremymitchell@example.com,US,CHECKING,2023-07-01 06:30:45,ACTIVE
CUST003525,Derrick,Young,dcurtis@example.com,CA,SAVINGS,2026-03-13 00:34:48,ACTIVE
CUST003526,Kayla,Mitchell,uroberts@example.com,AU,SAVINGS,2023-09-25 20:28:26,ACTIVE
CUST003527,Scott,Patton,mendezsierra@example.com,DE,SAVINGS,2023-04-25 20:02:35,CLOSED
CUST003528,Erica,Lyons,moraelizabeth@example.com,NL,CHECKING,2025-04-15 22:24:41,CLOSED
CUST003529,Tanya,Dawson,brian27@example.net,ES,CHECKING,2025-03-16 10:20:58,ACTIVE
CUST003530,Carl,Johnson,angelaunderwood@example.net,NL,SAVINGS,2024-05-19 06:06:20,ACTIVE
CUST003531,Thomas,Brown,roblescolleen@example.org,NL,SAVINGS,2022-10-09 17:17:05,ACTIVE
CUST003532,John,Leonard,jmendoza@example.net,AE,CHECKING,2025-05-29 02:11:16,ACTIVE
CUST003533,Andrew,Soto,nchen@example.com,AE,BUSINESS,2023-09-28 23:54:15,SUSPENDED
CUST003534,Derek,Gonzalez,wmartinez@example.net,FR,SAVINGS,2022-12-21 00:11:34,ACTIVE
CUST003535,Charles,Taylor,deborah56@example.org,IT,CHECKING,2025-11-19 15:21:28,SUSPENDED
CUST003536,Christopher,Mitchell,catherinelee@example.org,FR,CHECKING,2021-11-23 07:32:46,CLOSED
CUST003537,Sheila,Sanchez,kendra39@example.net,BE,CHECKING,2026-06-14 14:50:25,ACTIVE
CUST003538,Rebecca,Hernandez,jacquelinejones@example.org,GB,SAVINGS,2023-11-10 04:24:06,CLOSED
CUST003539,Samuel,Greene,njames@example.org,NL,BUSINESS,2025-09-20 21:17:04,SUSPENDED
CUST003540,Kari,Nichols,dakota83@example.net,PK,SAVINGS,2025-11-16 09:13:20,SUSPENDED
CUST003541,Robert,Hudson,paula82@example.org,US,BUSINESS,2022-06-14 06:52:22,CLOSED
CUST003542,Corey,Hill,olsenlinda@example.org,ES,CHECKING,2025-04-16 03:02:28,CLOSED
CUST003543,Philip,White,oglenn@example.com,JP,SAVINGS,2022-03-11 02:38:31,SUSPENDED
CUST003544,Linda,Freeman,leslie53@example.org,JP,SAVINGS,2025-10-22 18:24:48,ACTIVE
CUST003545,Stephanie,Diaz,wedwards@example.com,IN,BUSINESS,2025-08-22 09:56:58,ACTIVE
CUST003546,Tiffany,Green,ldixon@example.com,DE,BUSINESS,2023-01-03 18:32:43,CLOSED
CUST003547,Fred,Olsen,jean10@example.com,GB,SAVINGS,2025-02-09 08:10:20,ACTIVE
CUST003548,Colleen,Edwards,klane@example.com,PK,SAVINGS,2024-06-06 09:28:59,ACTIVE
CUST003549,Patrick,Mcfarland,thomasemily@example.com,CA,CHECKING,2022-09-22 02:20:35,SUSPENDED
CUST003550,Karen,Liu,owhite@example.net,SG,SAVINGS,2024-05-14 08:37:43,ACTIVE
CUST003551,Jacqueline,Austin,jonathanwiley@example.org,IN,CHECKING,2022-04-09 02:45:09,ACTIVE
CUST003552,David,Rodriguez,qmelton@example.com,AU,BUSINESS,2021-09-08 01:08:31,ACTIVE
CUST003553,Jacob,Cobb,patricia78@example.net,CA,BUSINESS,2021-09-13 21:28:28,ACTIVE
CUST003554,Justin,Cooper,dsharp@example.org,JP,BUSINESS,2024-10-29 03:25:51,ACTIVE
CUST003555,Darren,Meyer,stevensjames@example.net,IT,BUSINESS,2026-02-26 04:32:32,CLOSED
CUST003556,Dennis,Carter,kimlee@example.net,AU,CHECKING,2022-12-23 07:56:29,CLOSED
CUST003557,Heather,House,levi67@example.com,CA,CHECKING,2025-06-08 20:46:49,SUSPENDED
CUST003558,Alexander,Gonzalez,emilyallison@example.net,CA,CHECKING,2025-04-11 01:22:02,ACTIVE
CUST003559,James,Rodriguez,nicolepetersen@example.org,JP,BUSINESS,2022-01-24 17:44:27,ACTIVE
CUST003560,Patricia,Cortez,wesley42@example.com,FR,SAVINGS,2023-10-20 21:48:04,ACTIVE
CUST003561,Kerri,Kane,jamesmullins@example.com,IT,BUSINESS,2025-06-27 19:01:10,CLOSED
CUST003562,Emma,James,sheenavazquez@example.net,US,CHECKING,2025-02-05 05:25:25,CLOSED
CUST003563,Victor,Singh,terrypatrick@example.com,AU,SAVINGS,2023-10-21 02:49:11,SUSPENDED
CUST003564,Catherine,Mitchell,mmcdowell@example.org,AU,CHECKING,2021-11-08 02:50:05,SUSPENDED
CUST003565,Anna,Wood,tramirez@example.org,IN,CHECKING,2022-08-13 19:11:12,ACTIVE
CUST003566,Michelle,Thomas,kathryn19@example.org,GB,CHECKING,2024-10-31 01:40:11,SUSPENDED
CUST003567,Brendan,Delgado,jonesrachel@example.com,FR,BUSINESS,2024-12-23 19:57:03,ACTIVE
CUST003568,Daniel,Cooper,fernandezbrandon@example.net,GB,SAVINGS,2025-12-25 15:38:14,ACTIVE
CUST003569,Barbara,Todd,mitchelldanielle@example.org,DE,CHECKING,2024-01-18 03:11:23,CLOSED
CUST003570,Bryan,Allen,richard85@example.org,ES,SAVINGS,2023-06-20 00:42:37,ACTIVE
CUST003571,Martha,Lee,hilldebbie@example.com,ES,SAVINGS,2024-04-15 12:29:01,ACTIVE
CUST003572,Stephen,Bell,gonzalezclaudia@example.org,ES,SAVINGS,2022-07-11 19:39:01,SUSPENDED
CUST003573,Sandra,Black,patrick71@example.com,JP,CHECKING,2025-06-26 01:34:10,ACTIVE
CUST003574,Ana,Johnson,mooresteven@example.net,AU,SAVINGS,2022-07-10 13:41:19,ACTIVE
CUST003575,Richard,Obrien,timothygarcia@example.org,FR,BUSINESS,2022-07-22 23:37:23,ACTIVE
CUST003576,Michael,Reilly,hpollard@example.com,NL,SAVINGS,2022-08-10 23:56:16,ACTIVE
CUST003577,Christopher,Duncan,lgonzales@example.net,BE,CHECKING,2026-01-31 03:25:19,SUSPENDED
CUST003578,James,Gonzalez,cjones@example.net,PK,SAVINGS,2024-05-18 07:23:35,ACTIVE
CUST003579,Michelle,Cook,nicholasscott@example.net,GB,CHECKING,2026-03-27 10:51:16,ACTIVE
CUST003580,Carl,Bailey,scott28@example.com,IT,CHECKING,2023-10-01 14:29:10,CLOSED
CUST003581,Michael,Allen,bethwatkins@example.net,AU,CHECKING,2023-01-14 04:28:08,SUSPENDED
CUST003582,Justin,Hughes,clintonwhitehead@example.net,CA,BUSINESS,2025-09-30 22:08:08,SUSPENDED
CUST003583,Matthew,Williams,amber46@example.com,DE,SAVINGS,2026-04-24 05:03:29,ACTIVE
CUST003584,Todd,Melton,briggskimberly@example.org,BE,SAVINGS,2022-12-09 13:14:10,CLOSED
CUST003585,Kristina,Peterson,rachelmurray@example.com,GB,CHECKING,2024-12-01 06:55:12,SUSPENDED
CUST003586,Russell,Castro,jonathanjones@example.com,FR,SAVINGS,2022-03-03 16:54:15,ACTIVE
CUST003587,Franklin,Martinez,sherry61@example.org,PK,CHECKING,2021-09-08 04:42:24,ACTIVE
CUST003588,Linda,Mcdonald,shellysmith@example.net,CA,BUSINESS,2025-08-30 14:46:48,ACTIVE
CUST003589,David,Bowen,fowlerkathy@example.org,IT,BUSINESS,2026-05-17 13:33:24,ACTIVE
CUST003590,Michelle,Kirk,eleon@example.com,NL,BUSINESS,2022-08-20 17:23:35,SUSPENDED
CUST003591,David,Wolf,donald27@example.net,US,CHECKING,2025-12-08 04:49:15,CLOSED
CUST003592,Sandra,Gonzalez,smithrebecca@example.org,IT,CHECKING,2022-04-09 20:12:38,ACTIVE
CUST003593,Brandon,Thomas,donald44@example.com,CA,CHECKING,2023-06-29 10:36:09,ACTIVE
CUST003594,Pamela,Brandt,joanne77@example.com,CA,SAVINGS,2022-06-13 07:36:52,CLOSED
CUST003595,Katherine,Flowers,rmichael@example.net,US,CHECKING,2026-08-09 10:24:00,ACTIVE
CUST003596,Crystal,Rodriguez,jenna65@example.com,IN,SAVINGS,2025-01-27 09:58:14,CLOSED
CUST003597,Kayla,Russell,lawsonjennifer@example.com,NL,BUSINESS,2026-02-08 12:40:02,ACTIVE
CUST003598,Melissa,Lee,allen95@example.org,FR,CHECKING,2023-01-09 03:51:08,SUSPENDED
CUST003599,Sharon,Franco,valeriejames@example.net,NL,BUSINESS,2024-10-01 00:32:14,ACTIVE
CUST003600,James,Ellis,susanwhite@example.org,IN,BUSINESS,2026-07-30 18:35:28,SUSPENDED
CUST003601,Charles,Green,ellismichael@example.com,BE,BUSINESS,2025-09-19 07:28:44,ACTIVE
CUST003602,Emily,Fisher,cookkristina@example.net,AU,BUSINESS,2022-08-15 13:17:57,ACTIVE
CUST003603,Christopher,Duffy,mcgeecole@example.org,FR,CHECKING,2025-01-09 19:09:05,CLOSED
CUST003604,Jeanne,Blankenship,gsmith@example.org,AU,CHECKING,2022-10-17 12:03:45,ACTIVE
CUST003605,Richard,Castro,elizabethkirk@example.com,DE,SAVINGS,2025-07-11 07:47:06,ACTIVE
CUST003606,Michelle,Sellers,jeffreyroberts@example.net,IN,CHECKING,2023-05-30 15:29:42,CLOSED
CUST003607,Michael,Kline,danielduncan@example.com,NL,SAVINGS,2026-07-01 19:33:53,ACTIVE
CUST003608,Christopher,King,tarapage@example.com,AU,BUSINESS,2024-12-10 21:19:27,ACTIVE
CUST003609,Melissa,Shelton,lisajohnson@example.org,PK,BUSINESS,2022-06-06 02:53:22,ACTIVE
CUST003610,Sherri,Herring,lisarussell@example.com,JP,SAVINGS,2022-11-22 20:39:18,SUSPENDED
CUST003611,Kimberly,Thomas,qryan@example.net,NL,CHECKING,2023-01-24 14:23:32,ACTIVE
CUST003612,Vanessa,Jimenez,kellywilliams@example.org,BE,CHECKING,2022-11-07 07:38:44,SUSPENDED
CUST003613,Andrew,Myers,millerelizabeth@example.com,AU,SAVINGS,2021-10-18 17:46:26,ACTIVE
CUST003614,Luis,Lawrence,joshua27@example.org,PK,BUSINESS,2025-01-21 05:28:29,ACTIVE
CUST003615,Stephanie,Harris,kochheather@example.org,JP,CHECKING,2023-08-23 22:44:48,CLOSED
CUST003616,Luke,Fisher,patrickmarquez@example.org,US,CHECKING,2021-10-04 10:26:02,ACTIVE
CUST003617,Christopher,Brown,lawrencealicia@example.net,JP,CHECKING,2023-08-24 22:55:59,SUSPENDED
CUST003618,Cameron,Ramos,acostalisa@example.com,CA,BUSINESS,2026-03-04 09:16:44,SUSPENDED
CUST003619,Tammy,Thompson,matthewcrane@example.org,AE,SAVINGS,2024-07-01 14:20:53,CLOSED
CUST003620,Amy,Harding,colleenwilliams@example.net,DE,BUSINESS,2023-08-10 09:53:31,ACTIVE
CUST003621,Brandon,Baker,cynthiabutler@example.org,CA,CHECKING,2023-09-17 17:00:45,SUSPENDED
CUST003622,Kayla,Long,huntlisa@example.org,JP,CHECKING,2022-10-25 10:34:56,ACTIVE
CUST003623,Emily,Patterson,baileytracey@example.net,IN,SAVINGS,2024-03-24 04:01:31,CLOSED
CUST003624,Kimberly,Shannon,kayla05@example.net,BE,SAVINGS,2023-07-10 21:07:35,ACTIVE
CUST003625,Charles,Clayton,johnsonmichael@example.net,IN,BUSINESS,2023-06-15 09:54:39,ACTIVE
CUST003626,Emily,Harmon,atkinsryan@example.org,DE,SAVINGS,2025-06-16 22:28:06,ACTIVE
CUST003627,Christine,Roberts,codyrichards@example.org,PK,CHECKING,2024-04-09 17:04:45,SUSPENDED
CUST003628,Donald,Henderson,thomasrussell@example.com,FR,CHECKING,2021-11-22 21:22:38,ACTIVE
CUST003629,Katherine,Garcia,ssimmons@example.org,AE,SAVINGS,2025-12-24 03:33:01,ACTIVE
CUST003630,Tyler,Sanders,dominiquedaniels@example.org,IT,CHECKING,2025-02-16 16:58:11,CLOSED
CUST003631,Sara,Reynolds,angel62@example.com,JP,SAVINGS,2025-01-23 22:37:31,ACTIVE
CUST003632,George,Moore,creynolds@example.net,IT,SAVINGS,2026-01-11 03:24:12,ACTIVE
CUST003633,Alex,Lyons,sethsanders@example.com,FR,SAVINGS,2024-05-30 18:55:41,SUSPENDED
CUST003634,Gary,Pierce,fordbeverly@example.org,PK,BUSINESS,2024-05-09 10:23:57,CLOSED
CUST003635,Ariana,Rodriguez,matthew77@example.com,IT,CHECKING,2022-12-11 15:07:19,ACTIVE
CUST003636,Ryan,Villegas,bjames@example.net,IN,BUSINESS,2023-04-01 10:38:58,SUSPENDED
CUST003637,Rhonda,Wood,stewartsandra@example.net,DE,SAVINGS,2024-02-15 06:59:48,CLOSED
CUST003638,David,Alexander,jrivera@example.net,CA,SAVINGS,2023-04-03 00:40:48,ACTIVE
CUST003639,Ashley,Ashley,brittanyrush@example.com,CA,CHECKING,2025-01-08 07:04:57,CLOSED
CUST003640,Michael,Davis,hmiller@example.com,JP,BUSINESS,2026-02-13 09:30:27,CLOSED
CUST003641,Roy,Brown,kim09@example.org,AU,CHECKING,2023-11-17 03:13:01,ACTIVE
CUST003642,Joseph,Padilla,alexandrawest@example.com,AU,CHECKING,2024-08-15 13:53:42,ACTIVE
CUST003643,Danielle,Riddle,dawnschroeder@example.net,ES,SAVINGS,2023-04-26 23:16:38,CLOSED
CUST003644,Andrew,Garcia,matthewsmith@example.net,IN,CHECKING,2025-12-18 05:01:53,CLOSED
CUST003645,Peter,Garrett,khill@example.org,SG,SAVINGS,2025-01-23 21:17:10,ACTIVE
CUST003646,Dorothy,Burke,wendymartin@example.org,IN,BUSINESS,2025-02-13 07:29:22,ACTIVE
CUST003647,Cassandra,Nicholson,cruzolivia@example.org,SG,BUSINESS,2025-11-21 04:14:26,CLOSED
CUST003648,Danielle,Smith,lisafloyd@example.com,AU,SAVINGS,2025-04-02 03:48:51,CLOSED
CUST003649,Dominic,Miles,ecox@example.net,PK,SAVINGS,2024-02-07 03:00:21,ACTIVE
CUST003650,Virginia,Terry,troy14@example.com,GB,BUSINESS,2024-12-22 08:26:38,ACTIVE
CUST003651,Sophia,Woodward,rachel74@example.org,IN,SAVINGS,2024-11-19 10:08:12,SUSPENDED
CUST003652,Amy,Vasquez,michaeltorres@example.com,IN,SAVINGS,2023-07-06 11:22:46,ACTIVE
CUST003653,Jonathan,Ramsey,oscar68@example.net,DE,BUSINESS,2025-03-18 17:43:18,CLOSED
CUST003654,Michael,Sawyer,elizabethbrennan@example.net,US,SAVINGS,2023-05-03 13:31:11,ACTIVE
CUST003655,Kristin,Hoffman,donnamcintosh@example.net,CA,CHECKING,2026-04-21 00:58:18,ACTIVE
CUST003656,Shirley,Soto,ncollier@example.com,FR,SAVINGS,2024-12-24 05:50:14,SUSPENDED
CUST003657,Maria,Holmes,ericvalencia@example.com,CA,SAVINGS,2025-09-02 06:58:25,ACTIVE
CUST003658,Michael,Ruiz,john69@example.net,FR,SAVINGS,2023-07-05 03:33:33,ACTIVE
CUST003659,Diane,Banks,john69@example.net,BE,CHECKING,2024-07-08 03:56:49,CLOSED
CUST003660,Michelle,Johnson,hineskrystal@example.com,AE,CHECKING,2022-02-26 13:22:39,ACTIVE
CUST003661,Michael,Le,amandamorales@example.org,SG,SAVINGS,2021-09-19 21:59:44,ACTIVE
CUST003662,Brett,Gonzalez,samanthachang@example.org,PK,CHECKING,2026-06-22 12:37:38,ACTIVE
CUST003663,Brandon,Mcdonald,robinburns@example.org,ES,SAVINGS,2024-04-29 07:24:13,ACTIVE
CUST003664,Joseph,Kramer,elizabeth03@example.net,DE,BUSINESS,2021-11-22 06:08:44,ACTIVE
CUST003665,Bryan,Taylor,daniel02@example.net,FR,SAVINGS,2021-09-09 14:04:01,SUSPENDED
CUST003666,Kevin,Cooper,susandavis@example.org,AE,CHECKING,2024-07-27 10:20:32,CLOSED
CUST003667,Jeremy,Brown,xcarlson@example.net,AE,BUSINESS,2023-08-17 22:43:48,ACTIVE
CUST003668,Madison,Christensen,jacob11@example.org,IN,SAVINGS,2023-09-07 00:26:27,ACTIVE
CUST003669,Diane,Johnston,victoria26@example.com,DE,SAVINGS,2023-03-22 03:48:30,ACTIVE
CUST003670,Nicole,Montoya,andreapittman@example.com,BE,CHECKING,2023-03-17 14:03:13,ACTIVE
CUST003671,Linda,Cooper,millstyler@example.net,CA,CHECKING,2023-04-15 08:32:40,ACTIVE
CUST003672,Angela,Rhodes,kelly14@example.net,AE,BUSINESS,2025-04-26 17:57:00,CLOSED
CUST003673,Tiffany,Yates,richardsmario@example.org,US,CHECKING,2025-09-14 07:51:17,SUSPENDED
CUST003674,Elizabeth,Leblanc,maria53@example.net,AU,CHECKING,2025-07-05 05:43:26,ACTIVE
CUST003675,Holly,Bradshaw,ltaylor@example.net,FR,CHECKING,2022-07-25 22:29:40,SUSPENDED
CUST003676,Robert,Gonzalez,gwright@example.org,BE,BUSINESS,2022-05-22 08:40:56,ACTIVE
CUST003677,Elizabeth,Rivas,sylvia26@example.com,AE,CHECKING,2022-07-06 19:55:27,ACTIVE
CUST003678,Glenn,Coleman,alicia87@example.com,PK,SAVINGS,2023-01-03 21:36:17,ACTIVE
CUST003679,Alexis,Howell,colemanjim@example.net,NL,BUSINESS,2025-04-27 01:17:36,SUSPENDED
CUST003680,John,Tyler,sandraharper@example.org,DE,CHECKING,2025-05-10 12:51:01,ACTIVE
CUST003681,Julie,Everett,matthew59@example.net,CA,CHECKING,2026-03-29 17:36:46,ACTIVE
CUST003682,Douglas,Nicholson,ralexander@example.org,IN,SAVINGS,2023-02-14 17:13:37,SUSPENDED
CUST003683,Stephanie,Lewis,mariaschmidt@example.net,DE,BUSINESS,2026-02-28 23:07:08,SUSPENDED
CUST003684,Susan,Parker,melissa14@example.net,IT,BUSINESS,2022-12-11 12:07:04,CLOSED
CUST003685,Brian,Wood,richarddiaz@example.net,FR,SAVINGS,2022-11-18 04:48:36,SUSPENDED
CUST003686,Angela,Floyd,danielscott@example.com,US,SAVINGS,2024-09-22 13:54:48,CLOSED
CUST003687,Katie,Alexander,nlopez@example.org,AU,CHECKING,2022-08-02 20:18:18,ACTIVE
CUST003688,Jennifer,Carter,goodmancourtney@example.org,JP,BUSINESS,2022-05-16 19:21:16,ACTIVE
CUST003689,Adrienne,Mann,john95@example.org,US,BUSINESS,2022-05-15 04:14:52,ACTIVE
CUST003690,Olivia,Jennings,elizabethrichards@example.com,AU,CHECKING,2022-08-29 06:21:04,ACTIVE
CUST003691,Erika,Rodriguez,russellfelicia@example.org,DE,CHECKING,2025-08-17 13:27:51,CLOSED
CUST003692,Cassidy,Price,lisa73@example.org,SG,CHECKING,2025-12-24 14:28:33,CLOSED
CUST003693,Daniel,Simmons,manningjessica@example.com,AE,CHECKING,2023-08-05 16:01:17,CLOSED
CUST003694,Lori,Moore,wheelerjohn@example.net,ES,BUSINESS,2022-04-17 02:08:45,CLOSED
CUST003695,Kristin,Ramos,egraham@example.org,NL,SAVINGS,2021-11-17 01:26:50,SUSPENDED
CUST003696,Michael,Cunningham,cfreeman@example.net,US,BUSINESS,2024-02-18 17:40:05,CLOSED
CUST003697,Michael,Larson,brooksjames@example.com,US,CHECKING,2023-12-25 06:25:00,ACTIVE
CUST003698,Louis,Smith,adamparsons@example.com,ES,CHECKING,2026-01-29 08:40:50,ACTIVE
CUST003699,John,Snyder,eatonjulie@example.com,ES,SAVINGS,2024-08-05 03:18:22,CLOSED
CUST003700,Nicole,Jackson,wesley76@example.org,GB,BUSINESS,2023-09-03 02:25:17,ACTIVE
CUST003701,Deborah,Williams,jacobsjennifer@example.org,NL,BUSINESS,2023-12-22 02:14:43,CLOSED
CUST003702,Ricky,Norris,kenneth18@example.net,AE,CHECKING,2022-11-22 16:24:06,ACTIVE
CUST003703,John,Coleman,williamspamela@example.net,US,SAVINGS,2022-10-10 02:00:41,CLOSED
CUST003704,Sean,Jones,craig34@example.com,BE,SAVINGS,2022-02-28 05:07:28,ACTIVE
CUST003705,Craig,Collins,aaronyoung@example.net,FR,BUSINESS,2026-04-20 15:26:58,CLOSED
CUST003706,Gary,Flynn,anthonypierce@example.org,JP,BUSINESS,2022-04-21 01:41:24,ACTIVE
CUST003707,Nicole,Powers,cummingsdana@example.org,FR,CHECKING,2025-03-07 20:57:17,CLOSED
CUST003708,Maureen,Young,wongjacqueline@example.org,IN,BUSINESS,2024-11-19 06:07:31,ACTIVE
CUST003709,Caroline,Owens,deborah67@example.org,GB,SAVINGS,2022-01-15 22:10:14,ACTIVE
CUST003710,Brad,Gomez,scottjennifer@example.org,IT,BUSINESS,2025-09-05 19:00:07,ACTIVE
CUST003711,Robin,Bryant,jallen@example.com,AE,CHECKING,2021-11-19 04:07:00,ACTIVE
CUST003712,Laura,Lambert,dalton37@example.org,IT,BUSINESS,2026-02-24 06:47:58,SUSPENDED
CUST003713,Nathan,Hubbard,deanlauren@example.com,SG,BUSINESS,2024-09-22 13:33:18,SUSPENDED
CUST003714,Jordan,Cox,zthomas@example.com,AU,BUSINESS,2024-07-11 22:32:53,ACTIVE
CUST003715,Perry,Wilson,shawnjimenez@example.org,IN,BUSINESS,2025-05-20 23:42:13,CLOSED
CUST003716,Sean,Cohen,wattsemma@example.net,BE,BUSINESS,2025-03-07 16:18:51,ACTIVE
CUST003717,Karen,Mathis,brendamorales@example.org,GB,SAVINGS,2025-01-24 14:03:05,ACTIVE
CUST003718,Kathy,James,bstephens@example.com,DE,SAVINGS,2024-09-27 16:32:18,ACTIVE
CUST003719,Troy,Ellis,amychristian@example.com,US,CHECKING,2024-02-01 13:55:05,ACTIVE
CUST003720,Madeline,Williams,jeffrios@example.net,JP,CHECKING,2024-02-08 09:31:59,ACTIVE
CUST003721,Elizabeth,Ali,kenneth66@example.org,US,BUSINESS,2025-11-08 00:24:01,ACTIVE
CUST003722,Roger,Luna,phillipserin@example.org,IT,SAVINGS,2025-07-15 13:31:46,ACTIVE
CUST003723,Robert,Davis,grant15@example.org,AE,BUSINESS,2024-02-29 14:57:02,SUSPENDED
CUST003724,William,Rodriguez,vmooney@example.com,IT,SAVINGS,2023-05-31 05:52:56,ACTIVE
CUST003725,Paige,Perry,qjohnson@example.com,IN,CHECKING,2024-04-24 12:40:51,ACTIVE
CUST003726,Nicholas,Davila,ewatkins@example.org,FR,CHECKING,2023-06-28 22:59:29,ACTIVE
CUST003727,Nicholas,Hansen,aaronramirez@example.org,FR,BUSINESS,2025-10-14 17:28:06,ACTIVE
CUST003728,Felicia,Knapp,richardperez@example.org,ES,SAVINGS,2024-07-30 20:11:39,SUSPENDED
CUST003729,Barbara,White,kimberlymann@example.net,IT,BUSINESS,2022-08-13 10:59:50,CLOSED
CUST003730,Donna,Jackson,reyescarmen@example.com,PK,SAVINGS,2022-03-13 14:18:53,ACTIVE
CUST003731,Bradley,Baker,rnewton@example.org,FR,CHECKING,2026-07-29 09:20:09,ACTIVE
CUST003732,Clinton,Daniels,davidmoore@example.com,NL,CHECKING,2022-09-14 23:07:50,ACTIVE
CUST003733,April,Smith,griffinbrandy@example.com,PK,SAVINGS,2022-02-07 11:10:03,ACTIVE
CUST003734,Melanie,Castillo,ufox@example.net,BE,BUSINESS,2026-01-29 00:58:40,ACTIVE
CUST003735,Diana,Wall,lkline@example.net,ES,CHECKING,2025-06-19 19:53:46,ACTIVE
CUST003736,Claudia,Brown,sarahtaylor@example.com,ES,SAVINGS,2022-09-15 11:10:54,ACTIVE
CUST003737,Daniel,Payne,agibbs@example.com,FR,BUSINESS,2026-01-17 01:27:04,ACTIVE
CUST003738,Joan,Tran,cooleypatricia@example.org,GB,BUSINESS,2025-04-30 17:22:13,ACTIVE
CUST003739,Chase,Lewis,richard31@example.com,BE,CHECKING,2023-05-09 05:00:48,ACTIVE
CUST003740,Maria,Jackson,xzavala@example.com,US,CHECKING,2025-06-19 07:38:26,ACTIVE
CUST003741,Lisa,Garner,mgarcia@example.com,AE,SAVINGS,2025-02-20 21:54:28,ACTIVE
CUST003742,Jeffery,Sloan,davismary@example.org,CA,BUSINESS,2026-02-13 07:32:21,SUSPENDED
CUST003743,Melissa,Page,myerstiffany@example.org,PK,BUSINESS,2022-01-19 14:45:58,ACTIVE
CUST003744,Daniel,Clark,porterronald@example.com,DE,CHECKING,2024-08-10 20:25:31,ACTIVE
CUST003745,Jacob,Vega,dannywalker@example.net,AE,CHECKING,2023-04-21 15:59:41,ACTIVE
CUST003746,Robert,Martinez,chaseaustin@example.net,CA,SAVINGS,2024-06-13 22:49:03,ACTIVE
CUST003747,Joseph,Johnson,collinscarolyn@example.org,BE,BUSINESS,2023-09-18 10:14:43,SUSPENDED
CUST003748,Thomas,Martin,kara58@example.com,JP,CHECKING,2025-12-06 20:35:47,ACTIVE
CUST003749,Jeffrey,Neal,erinstark@example.net,AE,BUSINESS,2022-09-13 16:11:50,CLOSED
CUST003750,Eric,Jefferson,cassandramoore@example.com,IT,BUSINESS,2024-07-23 02:33:09,ACTIVE
CUST003751,Daniel,Stokes,bassjackie@example.org,AE,CHECKING,2024-05-23 23:22:37,ACTIVE
CUST003752,Angela,Humphrey,marilyn62@example.org,IT,CHECKING,2023-03-14 12:52:06,ACTIVE
CUST003753,Jasmine,Sullivan,martinezamber@example.org,IN,CHECKING,2026-07-05 21:32:20,CLOSED
CUST003754,Carmen,Howard,summersjennifer@example.net,AU,SAVINGS,2023-10-16 10:33:54,ACTIVE
CUST003755,Lucas,Davis,drobinson@example.net,SG,CHECKING,2023-09-17 11:02:32,SUSPENDED
CUST003756,Alan,Ingram,hharper@example.net,AE,BUSINESS,2024-07-09 14:07:47,CLOSED
CUST003757,Kimberly,Howell,tdominguez@example.com,DE,CHECKING,2026-07-30 06:37:07,CLOSED
CUST003758,Amanda,Taylor,robin08@example.net,GB,BUSINESS,2023-02-22 18:59:35,CLOSED
CUST003759,Jacqueline,Murray,markbautista@example.org,BE,SAVINGS,2025-03-17 19:38:53,CLOSED
CUST003760,Richard,Brown,jasonhowell@example.org,US,CHECKING,2025-04-18 16:20:15,ACTIVE
CUST003761,Shawn,Mendoza,davidsandoval@example.net,SG,SAVINGS,2024-02-24 01:40:38,CLOSED
CUST003762,Theresa,Mccarthy,kevinsantos@example.net,SG,SAVINGS,2023-02-06 22:15:46,SUSPENDED
CUST003763,Jessica,Landry,barkeralicia@example.net,US,SAVINGS,2023-08-08 14:34:06,CLOSED
CUST003764,Lisa,Brown,jackyoung@example.com,GB,BUSINESS,2024-04-10 01:45:32,CLOSED
CUST003765,Rachel,Davis,bankskyle@example.com,JP,CHECKING,2023-01-30 00:51:30,ACTIVE
CUST003766,Kenneth,Stanton,eric02@example.net,IT,CHECKING,2024-01-10 21:05:02,SUSPENDED
CUST003767,John,Copeland,adrian94@example.com,IN,CHECKING,2025-02-23 11:56:50,SUSPENDED
CUST003768,Michael,Kline,wilsonjill@example.com,IT,SAVINGS,2022-03-15 19:23:00,SUSPENDED
CUST003769,Tina,Butler,alan94@example.org,PK,SAVINGS,2024-04-11 06:42:08,CLOSED
CUST003770,Troy,Lee,merritttaylor@example.com,ES,SAVINGS,2024-04-17 20:32:23,ACTIVE
CUST003771,Mariah,Anderson,veronica90@example.net,CA,CHECKING,2023-03-04 20:41:29,ACTIVE
CUST003772,Paul,Jones,johnsonjames@example.com,AE,CHECKING,2024-05-14 04:46:23,ACTIVE
CUST003773,Christina,White,austinfrye@example.org,US,BUSINESS,2025-09-25 15:54:07,ACTIVE
CUST003774,Patrick,James,xgreene@example.org,IT,BUSINESS,2026-06-30 22:09:56,ACTIVE
CUST003775,Michael,Hall,qdavis@example.org,US,BUSINESS,2022-03-16 17:42:18,CLOSED
CUST003776,Colleen,Weaver,chelseasmith@example.net,BE,SAVINGS,2023-08-11 14:14:22,SUSPENDED
CUST003777,Krista,Torres,desiree24@example.org,US,SAVINGS,2024-11-13 13:45:07,SUSPENDED
CUST003778,Roger,Thompson,josephlee@example.com,BE,SAVINGS,2026-01-18 22:49:55,ACTIVE
CUST003779,Amber,Hall,,NL,SAVINGS,2026-02-17 05:04:31,ACTIVE
CUST003780,Patrick,Orr,jessica86@example.com,ES,SAVINGS,2024-02-06 03:52:18,ACTIVE
CUST003781,Gregory,Wright,patrickoliver@example.org,NL,BUSINESS,2026-05-14 04:40:03,ACTIVE
CUST003782,Mark,Smith,james09@example.com,BE,CHECKING,2023-01-14 04:04:37,ACTIVE
CUST003783,Terri,Phelps,chelsea70@example.org,IN,BUSINESS,2026-06-29 06:42:26,CLOSED
CUST003784,Ronald,Strong,ncampbell@example.com,CA,BUSINESS,2022-06-20 02:56:51,ACTIVE
CUST003785,Mary,Ruiz,bradley71@example.net,AE,SAVINGS,2026-02-05 11:28:55,ACTIVE
CUST003786,James,Johnson,joshua88@example.com,DE,CHECKING,2023-06-15 23:00:13,ACTIVE
CUST003787,Sarah,Odom,hestrada@example.com,BE,CHECKING,2025-04-21 11:58:46,CLOSED
CUST003788,Shannon,Ryan,stephen61@example.com,IT,SAVINGS,2021-11-02 14:16:17,ACTIVE
CUST003789,Monica,Delacruz,fsilva@example.com,JP,SAVINGS,2025-05-24 11:30:35,ACTIVE
CUST003790,Rebekah,Miller,laurengreen@example.net,NL,BUSINESS,2025-06-17 10:52:04,ACTIVE
CUST003791,Curtis,Myers,robert50@example.net,IT,BUSINESS,2024-07-12 19:03:05,CLOSED
CUST003792,Chase,Luna,racevedo@example.org,ES,BUSINESS,2024-12-01 15:10:53,CLOSED
CUST003793,Travis,Carter,jamesbenson@example.com,PK,SAVINGS,2025-05-07 18:32:30,ACTIVE
CUST003794,Barbara,Murphy,mario05@example.com,AE,SAVINGS,2025-02-14 17:21:20,ACTIVE
CUST003795,Melody,Ray,toddcollins@example.org,IN,SAVINGS,2023-11-24 14:24:56,SUSPENDED
CUST003796,Rachel,Pope,sjones@example.net,GB,BUSINESS,2023-01-28 20:43:41,ACTIVE
CUST003797,Rachel,Solis,turnerarthur@example.org,US,BUSINESS,2024-06-17 02:32:15,CLOSED
CUST003798,Brian,Atkins,ambersavage@example.com,AE,CHECKING,2025-04-15 16:46:21,SUSPENDED
CUST003799,Julie,Campos,willie16@example.org,IT,CHECKING,2026-01-18 16:04:55,ACTIVE
CUST003800,Deborah,Berry,dvillarreal@example.net,US,CHECKING,2024-12-04 17:58:59,CLOSED
CUST003801,James,Hunt,andrewlarsen@example.org,AU,BUSINESS,2022-04-29 08:42:23,SUSPENDED
CUST003802,Melissa,Thomas,fburke@example.net,SG,SAVINGS,2023-06-03 22:24:49,ACTIVE
CUST003803,Aaron,Carter,dylan77@example.com,AE,CHECKING,2026-02-09 01:01:18,ACTIVE
CUST003804,Nicholas,Wells,paulperry@example.org,IN,CHECKING,2023-04-21 03:32:51,SUSPENDED
CUST003805,Julie,Lewis,erin39@example.com,AE,BUSINESS,2025-01-28 10:36:42,SUSPENDED
CUST003806,William,Harper,jessemedina@example.net,IT,SAVINGS,2022-12-06 04:16:52,SUSPENDED
CUST003807,James,Wood,tdavis@example.net,IN,BUSINESS,2022-01-21 00:46:12,ACTIVE
CUST003808,Shane,Robinson,blackwellkevin@example.com,BE,CHECKING,2025-07-27 16:43:42,CLOSED
CUST003809,Steven,Patterson,yzamora@example.org,IN,CHECKING,2024-12-26 15:43:17,ACTIVE
CUST003810,Sean,Edwards,hicksrachel@example.net,SG,CHECKING,2025-10-20 19:53:04,SUSPENDED
CUST003811,Lisa,Baker,xburch@example.net,AE,BUSINESS,2023-12-20 10:54:41,ACTIVE
CUST003812,Gabrielle,Santos,mary52@example.net,BE,CHECKING,2024-08-29 17:58:30,SUSPENDED
CUST003813,Melinda,Griffin,bcobb@example.org,GB,BUSINESS,2025-09-12 23:10:31,SUSPENDED
CUST003814,Paul,Barnes,qcampbell@example.org,AE,BUSINESS,2021-11-03 11:01:38,CLOSED
CUST003815,Susan,Castillo,tgomez@example.net,NL,SAVINGS,2025-06-08 12:12:52,CLOSED
CUST003816,Michael,Evans,stewartthomas@example.org,FR,BUSINESS,2023-06-02 13:57:15,ACTIVE
CUST003817,Brian,Chapman,schneiderbrandon@example.com,PK,CHECKING,2021-12-07 12:59:29,ACTIVE
CUST003818,Laura,Watson,jessica23@example.net,BE,BUSINESS,2024-02-14 00:52:01,CLOSED
CUST003819,Jennifer,Cooper,diana65@example.org,PK,BUSINESS,2024-07-22 21:23:08,CLOSED
CUST003820,Stephanie,Mcintyre,shellyjordan@example.org,IN,SAVINGS,2021-10-06 08:18:46,SUSPENDED
CUST003821,Michelle,Johnson,kjohnson@example.net,IT,SAVINGS,2022-04-26 22:10:20,ACTIVE
CUST003822,Chad,Fitzgerald,brenda56@example.org,CA,SAVINGS,2022-04-26 20:54:28,ACTIVE
CUST003823,Carol,Cannon,fbass@example.org,US,CHECKING,2026-04-22 20:39:50,ACTIVE
CUST003824,Cristian,Tanner,kaitlynwest@example.com,AU,SAVINGS,2025-01-24 19:07:23,ACTIVE
CUST003825,Ronald,Collins,thomas61@example.net,DE,CHECKING,2025-02-14 04:59:31,ACTIVE
CUST003826,William,Caldwell,jennifer96@example.com,JP,BUSINESS,2024-11-28 15:37:58,ACTIVE
CUST003827,Amy,Thomas,yangjennifer@example.com,FR,BUSINESS,2025-02-01 00:20:30,CLOSED
CUST003828,Matthew,Burke,alvin91@example.com,US,CHECKING,2023-01-17 05:18:14,ACTIVE
CUST003829,Jacqueline,Holt,blairaudrey@example.org,IT,CHECKING,2025-11-14 16:00:32,SUSPENDED
CUST003830,Roberto,Mitchell,stewartmary@example.net,NL,CHECKING,2023-09-16 05:47:26,ACTIVE
CUST003831,Cindy,Henderson,carlosbrown@example.org,NL,BUSINESS,2023-06-28 10:22:41,CLOSED
CUST003832,Nancy,Patel,fjohnson@example.com,DE,SAVINGS,2025-06-26 21:16:26,ACTIVE
CUST003833,Mikayla,Lewis,kingjessica@example.net,BE,BUSINESS,2024-07-15 12:29:48,ACTIVE
CUST003834,Gary,Gibson,maria03@example.com,ES,SAVINGS,2023-11-18 21:22:24,SUSPENDED
CUST003835,Julian,Smith,sabrinaperez@example.net,GB,CHECKING,2025-09-27 10:06:03,ACTIVE
CUST003836,Deanna,Massey,medinajulie@example.net,ES,BUSINESS,2025-02-07 18:14:15,SUSPENDED
CUST003837,Robert,Frost,gmendoza@example.org,US,BUSINESS,2022-06-01 15:01:05,ACTIVE
CUST003838,Tara,Sellers,wagnerjacob@example.org,GB,CHECKING,2024-09-02 11:26:47,ACTIVE
CUST003839,Willie,Gonzalez,ibarton@example.org,IN,CHECKING,2024-08-14 14:06:37,ACTIVE
CUST003840,Jason,Howell,,GB,BUSINESS,2024-06-09 02:54:01,SUSPENDED
CUST003841,Matthew,Dean,lambalexandra@example.net,ES,BUSINESS,2022-04-18 12:27:42,CLOSED
CUST003842,Sabrina,Maddox,zrivera@example.net,NL,BUSINESS,2022-08-04 02:21:10,ACTIVE
CUST003843,Nicholas,Reed,jasonharris@example.org,CA,BUSINESS,2026-08-25 01:38:48,SUSPENDED
CUST003844,Jeffrey,Patel,kelleyjennifer@example.org,NL,CHECKING,2022-02-13 20:41:11,ACTIVE
CUST003845,Victoria,Horne,fuentesmichelle@example.org,ES,SAVINGS,2023-11-08 12:19:54,ACTIVE
CUST003846,David,Lawson,larrymoore@example.net,IN,SAVINGS,2024-10-17 22:37:53,CLOSED
CUST003847,Audrey,Garner,tiffanyboone@example.net,AE,CHECKING,2022-07-07 03:28:15,CLOSED
CUST003848,Glenn,Robertson,thomaslee@example.org,BE,BUSINESS,2022-05-23 06:05:18,SUSPENDED
CUST003849,Kenneth,Morales,johncook@example.net,US,SAVINGS,2024-09-05 15:16:36,CLOSED
CUST003850,Michael,Sweeney,floresbenjamin@example.org,FR,BUSINESS,2024-04-06 06:05:42,ACTIVE
CUST003851,Kenneth,Cole,powerscory@example.org,NL,BUSINESS,2025-02-10 19:17:58,SUSPENDED
CUST003852,Michael,Dunn,luis66@example.org,BE,BUSINESS,2024-03-31 09:32:07,ACTIVE
CUST003853,Mark,Mercado,loganjudy@example.org,GB,BUSINESS,2022-06-26 19:35:27,ACTIVE
CUST003854,Donald,Mcmillan,matthew06@example.com,GB,CHECKING,2022-05-07 08:10:06,ACTIVE
CUST003855,Sarah,Lowery,johnsonteresa@example.net,PK,BUSINESS,2024-11-25 16:26:59,SUSPENDED
CUST003856,Tina,James,smithpaula@example.net,US,SAVINGS,2026-02-16 01:11:56,ACTIVE
CUST003857,Dana,Moore,dennis16@example.net,SG,BUSINESS,2022-11-07 18:27:56,ACTIVE
CUST003858,Robert,Gordon,edwinmiller@example.com,GB,BUSINESS,2024-09-04 00:35:26,ACTIVE
CUST003859,Sarah,Morales,khouston@example.com,IT,CHECKING,2022-11-22 02:36:12,ACTIVE
CUST003860,Anthony,Lee,tyler10@example.org,PK,BUSINESS,2024-08-02 03:54:55,CLOSED
CUST003861,Ashley,Taylor,travis28@example.net,NL,BUSINESS,2025-07-11 19:01:37,ACTIVE
CUST003862,Brandon,Harris,anthonychoi@example.net,SG,BUSINESS,2025-08-03 21:36:29,ACTIVE
CUST003863,Roberta,Adams,christina24@example.org,PK,SAVINGS,2026-05-20 10:59:36,SUSPENDED
CUST003864,Steven,Martinez,christopher52@example.net,AE,BUSINESS,2022-01-11 08:01:57,ACTIVE
CUST003865,Mark,Forbes,mccarthydylan@example.net,BE,CHECKING,2026-01-14 15:38:30,ACTIVE
CUST003866,Reginald,Shaffer,robertsanthony@example.org,CA,SAVINGS,2023-11-17 22:23:29,SUSPENDED
CUST003867,Alexander,Logan,olivia47@example.com,US,CHECKING,2024-07-20 02:56:33,ACTIVE
CUST003868,Bobby,Riley,monica89@example.net,IT,BUSINESS,2024-06-17 05:47:21,ACTIVE
CUST003869,Ryan,Mccarty,james16@example.com,US,CHECKING,2024-08-30 14:40:13,ACTIVE
CUST003870,Ryan,Taylor,gschmidt@example.com,JP,BUSINESS,2024-11-20 22:29:28,SUSPENDED
CUST003871,Michael,Terry,charlesprice@example.org,GB,SAVINGS,2025-03-12 01:57:24,SUSPENDED
CUST003872,Deborah,Dyer,meganjohnson@example.org,IN,CHECKING,2022-06-24 23:19:41,SUSPENDED
CUST003873,Lauren,Parrish,rsmith@example.com,FR,CHECKING,2024-01-03 08:54:19,ACTIVE
CUST003874,Elizabeth,West,molinachristina@example.org,DE,BUSINESS,2025-12-23 16:33:40,ACTIVE
CUST003875,Allen,Murphy,melody89@example.com,BE,BUSINESS,2023-09-28 10:17:28,SUSPENDED
CUST003876,Ann,Sampson,kyle91@example.com,US,SAVINGS,2025-07-23 09:37:52,ACTIVE
CUST003877,Lisa,Simon,jesus72@example.net,DE,BUSINESS,2023-09-08 03:52:18,ACTIVE
CUST003878,Brianna,Andrade,owells@example.org,SG,SAVINGS,2026-06-13 23:56:09,ACTIVE
CUST003879,Mark,Walker,zsnyder@example.net,US,SAVINGS,2023-10-29 08:38:10,ACTIVE
CUST003880,Michelle,Malone,hbriggs@example.net,ES,CHECKING,2025-03-03 07:45:41,CLOSED
CUST003881,Mary,Rivera,brittanyjackson@example.net,DE,CHECKING,2026-03-14 00:33:14,ACTIVE
CUST003882,Elizabeth,Salas,aliciamartin@example.net,DE,BUSINESS,2021-08-30 11:20:40,SUSPENDED
CUST003883,Kathleen,Rodriguez,ericbrooks@example.org,ES,CHECKING,2025-05-13 12:39:22,ACTIVE
CUST003884,Rachel,Palmer,tnichols@example.net,JP,SAVINGS,2025-03-29 20:05:11,ACTIVE
CUST003885,Todd,Ortiz,nshaw@example.com,US,SAVINGS,2024-01-07 20:51:07,ACTIVE
CUST003886,Mario,Arnold,ubeltran@example.com,IT,BUSINESS,2026-07-15 11:29:00,ACTIVE
CUST003887,Mark,Andrews,dwayne35@example.net,PK,BUSINESS,2023-05-10 22:00:48,CLOSED
CUST003888,Christopher,Woods,gabriela59@example.net,IT,SAVINGS,2022-12-31 08:22:23,ACTIVE
CUST003889,Sandra,Graves,thill@example.com,IN,BUSINESS,2024-01-01 07:41:04,CLOSED
CUST003890,Christopher,Jennings,tara62@example.com,JP,BUSINESS,2025-06-04 04:36:58,ACTIVE
CUST003891,Marcus,Martinez,tylerchristine@example.com,GB,BUSINESS,2023-11-02 11:23:23,ACTIVE
CUST003892,Matthew,Adams,ukelly@example.org,US,CHECKING,2024-09-11 07:52:45,CLOSED
CUST003893,Kimberly,Graham,carrscott@example.net,FR,CHECKING,2025-04-12 09:23:13,SUSPENDED
CUST003894,John,Sharp,knightjamie@example.net,AE,CHECKING,2025-12-09 07:51:02,ACTIVE
CUST003895,Lisa,Brown,fosterjames@example.org,BE,CHECKING,2022-05-19 05:33:37,ACTIVE
CUST003896,Katherine,Murphy,jpearson@example.org,DE,CHECKING,2024-01-14 19:52:36,SUSPENDED
CUST003897,Duane,Warren,kevinbates@example.org,FR,CHECKING,2025-09-23 12:38:05,ACTIVE
CUST003898,Patrick,Tran,ryan01@example.net,IN,CHECKING,2025-12-15 00:36:05,ACTIVE
CUST003899,Tara,Hill,jamesevans@example.org,IT,CHECKING,2022-04-06 03:11:14,ACTIVE
CUST003900,Mary,Cook,samuelallen@example.net,SG,CHECKING,2025-01-16 12:41:48,ACTIVE
CUST003901,Ricardo,Burgess,mcfarlandmark@example.com,GB,BUSINESS,2025-03-12 12:16:37,ACTIVE
CUST003902,Nicole,Reed,patriciawilliams@example.com,IN,SAVINGS,2025-10-08 22:21:28,ACTIVE
CUST003903,Melissa,Velazquez,ischultz@example.com,CA,BUSINESS,2022-10-22 02:37:16,ACTIVE
CUST003904,Brandon,Cook,randallhorton@example.com,AU,CHECKING,2026-07-11 21:59:31,CLOSED
CUST003905,Bryan,Greene,jennifernicholson@example.com,GB,SAVINGS,2025-02-15 11:13:01,ACTIVE
CUST003906,Sean,Sims,leahdiaz@example.org,IT,CHECKING,2023-02-06 20:30:35,ACTIVE
CUST003907,Tina,Suarez,tara38@example.org,BE,SAVINGS,2021-10-25 09:30:18,ACTIVE
CUST003908,Emily,Gibson,ana12@example.com,FR,SAVINGS,2023-03-15 03:28:18,ACTIVE
CUST003909,Robert,Robinson,raymond84@example.com,FR,SAVINGS,2025-01-05 00:12:53,ACTIVE
CUST003910,Aaron,Hoffman,guerramaria@example.org,US,CHECKING,2026-06-08 08:00:40,ACTIVE
CUST003911,Heidi,Hurley,bryantnicholas@example.org,JP,SAVINGS,2022-12-14 08:56:56,CLOSED
CUST003912,Ashley,Watts,cody49@example.org,BE,CHECKING,2024-07-13 20:54:14,ACTIVE
CUST003913,Jamie,Garcia,christine28@example.net,PK,CHECKING,2023-09-24 05:16:41,SUSPENDED
CUST003914,Zachary,Schneider,cnelson@example.com,NL,BUSINESS,2024-08-18 10:48:28,SUSPENDED
CUST003915,Nicholas,Flores,olsonmichael@example.com,DE,BUSINESS,2023-11-21 14:07:22,CLOSED
CUST003916,Deborah,Erickson,jeffrey68@example.com,AE,BUSINESS,2025-11-03 00:21:33,ACTIVE
CUST003917,Curtis,Heath,stephanieswanson@example.net,NL,CHECKING,2023-11-28 18:10:58,CLOSED
CUST003918,Katrina,Garrison,tuckerstacey@example.net,BE,BUSINESS,2023-09-13 04:51:12,SUSPENDED
CUST003919,Kenneth,Rodriguez,michaelford@example.org,JP,BUSINESS,2022-01-30 18:36:36,ACTIVE
CUST003920,Elizabeth,Rodriguez,dawn77@example.org,BE,CHECKING,2024-02-05 10:26:43,ACTIVE
CUST003921,Christina,Baker,cardenasdonna@example.net,IN,BUSINESS,2026-03-19 12:02:56,SUSPENDED
CUST003922,Timothy,Thompson,taylor85@example.com,DE,SAVINGS,2023-10-25 08:48:37,ACTIVE
CUST003923,Dale,Cooper,zparker@example.net,AU,BUSINESS,2024-06-12 00:17:41,SUSPENDED
CUST003924,Nancy,Brooks,christineedwards@example.org,GB,BUSINESS,2022-11-17 14:59:10,ACTIVE
CUST003925,Amanda,Levy,angela95@example.com,CA,BUSINESS,2024-03-18 22:09:43,ACTIVE
CUST003926,Marissa,Cox,valdezrichard@example.org,IT,CHECKING,2026-03-01 22:15:50,CLOSED
CUST003927,Kiara,Baker,frankrobert@example.org,AE,CHECKING,2023-06-19 11:53:25,ACTIVE
CUST003928,Judith,Rios,scott40@example.com,IT,BUSINESS,2022-07-07 15:11:16,SUSPENDED
CUST003929,John,Roman,gschultz@example.com,AE,CHECKING,2025-11-03 05:38:30,CLOSED
CUST003930,Elizabeth,Burns,terrimartinez@example.com,DE,CHECKING,2024-05-13 15:06:33,ACTIVE
CUST003931,Ashley,Vang,victorcampbell@example.net,BE,SAVINGS,2025-01-26 18:01:13,ACTIVE
CUST003932,Benjamin,Murray,charlotteprice@example.org,IT,CHECKING,2022-04-24 06:55:08,SUSPENDED
CUST003933,Steve,Gilbert,hopkinsbenjamin@example.org,IT,BUSINESS,2025-05-18 07:28:32,ACTIVE
CUST003934,Kara,Bentley,parmstrong@example.com,IT,BUSINESS,2026-07-15 18:20:19,CLOSED
CUST003935,Arthur,Daniels,sherryedwards@example.net,US,BUSINESS,2022-06-25 12:44:26,ACTIVE
CUST003936,Raymond,Padilla,currymichael@example.org,ES,SAVINGS,2026-04-29 06:10:12,ACTIVE
CUST003937,Kelli,Mclean,rwallace@example.org,JP,CHECKING,2024-08-26 00:25:17,CLOSED
CUST003938,Whitney,Gibbs,xcooke@example.net,AE,SAVINGS,2024-09-04 15:57:57,ACTIVE
CUST003939,Jacqueline,Wheeler,burnsshawn@example.org,AE,CHECKING,2026-03-11 11:35:02,ACTIVE
CUST003940,Amanda,Nelson,rasmussenjerry@example.com,IN,BUSINESS,2022-07-22 06:16:40,ACTIVE
CUST003941,Karen,Salazar,nelsonbrandon@example.com,BE,CHECKING,2024-04-14 06:08:54,ACTIVE
CUST003942,Frederick,Reid,ryanrosales@example.org,CA,CHECKING,2024-04-25 22:34:16,ACTIVE
CUST003943,Timothy,Ingram,ealexander@example.net,AE,BUSINESS,2023-12-06 05:02:18,ACTIVE
CUST003944,Abigail,Johnson,beckrobin@example.net,AU,SAVINGS,2023-08-04 20:34:55,CLOSED
CUST003945,Linda,Schroeder,jbridges@example.org,BE,CHECKING,2024-12-18 15:14:14,SUSPENDED
CUST003946,Madison,Palmer,howard63@example.net,JP,CHECKING,2025-08-27 10:17:22,ACTIVE
CUST003947,Lisa,Bautista,thomaswilliam@example.net,IN,SAVINGS,2024-12-20 05:08:25,ACTIVE
CUST003948,Ruben,Aguilar,patrickemily@example.org,IT,CHECKING,2023-01-23 23:32:18,ACTIVE
CUST003949,Charles,Sims,marcomoore@example.com,IT,CHECKING,2022-05-09 02:59:24,ACTIVE
CUST003950,Sandra,Richards,meganpatrick@example.com,ES,BUSINESS,2025-01-01 13:28:44,CLOSED
CUST003951,Tiffany,Blake,ostuart@example.net,IN,CHECKING,2023-12-21 04:18:51,ACTIVE
CUST003952,Nicholas,Watson,henryparks@example.com,CA,CHECKING,2024-01-12 21:48:31,SUSPENDED
CUST003953,Justin,Jones,salinasgrace@example.net,SG,SAVINGS,2024-07-24 22:01:56,ACTIVE
CUST003954,Christopher,Reyes,blopez@example.net,ES,BUSINESS,2024-07-10 23:52:19,ACTIVE
CUST003955,Drew,Harris,vaughnjavier@example.net,IT,SAVINGS,2025-04-18 19:51:12,ACTIVE
CUST003956,William,Deleon,michelle14@example.com,AU,CHECKING,2022-10-17 14:12:30,ACTIVE
CUST003957,Gabriel,Shah,dorothy33@example.org,NL,BUSINESS,2024-05-26 23:50:56,SUSPENDED
CUST003958,Joseph,Brown,rodriguezscott@example.net,JP,CHECKING,2023-05-30 18:41:18,ACTIVE
CUST003959,Rhonda,Smith,romeronatalie@example.com,IN,SAVINGS,2024-02-15 19:45:08,ACTIVE
CUST003960,Taylor,Webb,esparzadoris@example.com,BE,SAVINGS,2025-05-09 11:47:47,SUSPENDED
CUST003961,Daniel,Stephens,vbennett@example.net,ES,SAVINGS,2024-10-27 21:19:24,SUSPENDED
CUST003962,Aaron,Fisher,ebarker@example.net,GB,BUSINESS,2025-03-10 01:09:18,CLOSED
CUST003963,Jacob,Davis,bobbygardner@example.net,SG,SAVINGS,2025-01-02 22:05:46,ACTIVE
CUST003964,Ann,Douglas,masonlisa@example.org,IN,SAVINGS,2022-01-11 09:32:18,ACTIVE
CUST003965,Jeremy,Wilcox,paulevans@example.com,AE,SAVINGS,2025-01-21 02:35:18,SUSPENDED
CUST003966,Jonathan,Jordan,daniel91@example.com,IN,CHECKING,2021-12-18 10:33:16,ACTIVE
CUST003967,Marcus,Escobar,chelseasmith@example.com,AU,BUSINESS,2026-06-28 16:30:49,ACTIVE
CUST003968,Antonio,Cunningham,obrewer@example.com,CA,BUSINESS,2022-10-05 12:05:47,ACTIVE
CUST003969,Matthew,Stanley,thorntoncaitlyn@example.net,NL,SAVINGS,2022-02-06 09:13:04,SUSPENDED
CUST003970,David,Jones,angelica13@example.com,NL,SAVINGS,2026-04-14 04:40:18,ACTIVE
CUST003971,Douglas,Myers,fordgregory@example.com,GB,BUSINESS,2023-09-30 15:18:21,CLOSED
CUST003972,Carl,Wright,xchandler@example.com,US,CHECKING,2023-02-10 10:59:29,ACTIVE
CUST003973,Richard,Smith,danielduncan@example.org,ES,BUSINESS,2026-05-01 12:16:54,SUSPENDED
CUST003974,Jean,Gibson,wyatt29@example.org,IT,CHECKING,2023-05-05 16:47:34,ACTIVE
CUST003975,Kendra,Richardson,katelyncarey@example.org,FR,CHECKING,2022-05-09 08:32:51,CLOSED
CUST003976,Adam,Cox,nicolenguyen@example.org,SG,BUSINESS,2025-09-24 19:59:55,ACTIVE
CUST003977,Larry,Hull,xberry@example.net,US,SAVINGS,2024-08-01 20:20:42,SUSPENDED
CUST003978,David,Liu,torresrebecca@example.org,GB,BUSINESS,2022-12-06 04:28:32,ACTIVE
CUST003979,Rhonda,Sanchez,duncanmichael@example.net,GB,SAVINGS,2026-08-10 11:56:13,ACTIVE
CUST003980,Jasmine,Knight,huynhmatthew@example.net,JP,BUSINESS,2025-07-05 08:43:50,ACTIVE
CUST003981,Craig,Hickman,vincentholly@example.org,GB,CHECKING,2021-12-04 22:26:45,ACTIVE
CUST003982,Michael,Mason,barrykevin@example.org,GB,BUSINESS,2023-10-22 12:43:08,ACTIVE
CUST003983,Renee,Hale,riverasylvia@example.com,IT,SAVINGS,2026-04-01 21:30:03,ACTIVE
CUST003984,Lisa,Hodges,jason76@example.net,AE,BUSINESS,2023-11-07 17:49:58,ACTIVE
CUST003985,Darius,Grant,qellis@example.com,CA,BUSINESS,2022-03-01 20:59:08,SUSPENDED
CUST003986,Albert,Ramirez,mark97@example.net,JP,BUSINESS,2023-08-19 22:15:46,ACTIVE
CUST003987,Megan,Fowler,cwolf@example.org,SG,CHECKING,2023-07-28 00:00:14,SUSPENDED
CUST003988,Gregory,Carpenter,ugoodman@example.net,PK,SAVINGS,2025-06-27 06:20:11,ACTIVE
CUST003989,Mathew,Fischer,qkemp@example.com,IT,SAVINGS,2022-08-21 19:59:43,ACTIVE
CUST003990,Kimberly,Turner,penny09@example.com,PK,SAVINGS,2025-05-19 17:45:08,ACTIVE
CUST003991,Jessica,Robinson,weavervicki@example.com,SG,BUSINESS,2021-10-25 03:48:12,ACTIVE
CUST003992,Melissa,Bruce,timothygibson@example.net,NL,BUSINESS,2024-09-16 13:45:34,SUSPENDED
CUST003993,Lisa,Robbins,leah61@example.org,JP,CHECKING,2022-07-25 11:14:13,ACTIVE
CUST003994,Brett,Ashley,cmyers@example.com,IT,BUSINESS,2024-02-12 06:00:42,CLOSED
CUST003995,Emily,Bell,steven89@example.com,JP,CHECKING,2022-12-09 18:53:12,ACTIVE
CUST003996,Garrett,Vega,kennethmorgan@example.net,DE,CHECKING,2021-11-10 07:12:01,SUSPENDED
CUST003997,Katherine,Carpenter,sue68@example.com,GB,BUSINESS,2025-03-12 14:46:27,CLOSED
CUST003998,Alexander,Hamilton,sandrafinley@example.net,PK,CHECKING,2025-02-12 05:20:25,CLOSED
CUST003999,Carlos,Stone,ecasey@example.org,PK,CHECKING,2025-06-01 09:14:48,SUSPENDED
CUST004000,Nicole,Zamora,dcarlson@example.org,ES,SAVINGS,2023-05-24 18:09:53,ACTIVE
CUST004001,Ashley,Orozco,othomas@example.com,SG,SAVINGS,2025-08-19 20:22:23,CLOSED
CUST004002,Bridget,Suarez,yjones@example.org,CA,BUSINESS,2022-02-12 21:20:41,SUSPENDED
CUST004003,Stacey,Malone,david89@example.com,AU,SAVINGS,2023-02-12 01:41:18,SUSPENDED
CUST004004,Jacob,Mcguire,pfernandez@example.org,AE,BUSINESS,2024-02-04 10:49:29,ACTIVE
CUST004005,James,Hall,brettthomas@example.net,DE,BUSINESS,2023-08-09 09:17:36,CLOSED
CUST004006,Johnny,Gray,bolsen@example.com,AE,SAVINGS,2026-06-18 23:11:30,ACTIVE
CUST004007,Traci,Green,erinsmith@example.net,NL,BUSINESS,2024-07-28 14:05:31,ACTIVE
CUST004008,Destiny,Lee,zmedina@example.com,PK,BUSINESS,2022-11-05 05:16:49,SUSPENDED
CUST004009,Carol,Davis,john00@example.com,SG,SAVINGS,2023-11-26 11:43:15,ACTIVE
CUST004010,Jon,Blackwell,justin75@example.org,ES,SAVINGS,2022-07-22 18:27:26,ACTIVE
CUST004011,Darren,Lane,scottmichael@example.com,DE,CHECKING,2022-11-13 06:59:07,SUSPENDED
CUST004012,Alyssa,Smith,terriortiz@example.com,CA,SAVINGS,2022-10-09 14:48:23,ACTIVE
CUST004013,Michael,Owen,bhawkins@example.net,SG,SAVINGS,2026-02-27 05:27:41,ACTIVE
CUST004014,Dana,Griffin,ljohnson@example.org,ES,SAVINGS,2023-08-05 23:14:41,ACTIVE
CUST004015,Jennifer,Tapia,davidbarron@example.com,SG,CHECKING,2021-12-09 16:06:27,ACTIVE
CUST004016,Rachel,Davis,ann63@example.net,US,CHECKING,2026-07-22 04:22:16,CLOSED
CUST004017,Dorothy,Fernandez,xknight@example.com,DE,SAVINGS,2023-01-02 22:55:18,CLOSED
CUST004018,Samantha,Stone,margaretlyons@example.com,IN,CHECKING,2022-12-27 19:43:12,ACTIVE
CUST004019,Linda,Bradley,hthompson@example.com,IT,CHECKING,2026-07-24 12:07:17,ACTIVE
CUST004020,Philip,Evans,,AE,CHECKING,2026-04-05 02:24:14,ACTIVE
CUST004021,Angela,Smith,smithchristian@example.org,PK,SAVINGS,2023-03-03 23:22:02,SUSPENDED
CUST004022,Alison,Collins,hernandezandrew@example.net,JP,BUSINESS,2023-01-02 02:53:18,ACTIVE
CUST004023,Jessica,Douglas,millerpaige@example.com,IN,BUSINESS,2024-03-06 22:45:18,ACTIVE
CUST004024,Michael,Nelson,fhill@example.net,DE,SAVINGS,2022-10-26 15:11:33,ACTIVE
CUST004025,Donna,Horton,oneilljoseph@example.com,GB,CHECKING,2022-10-08 08:40:13,ACTIVE
CUST004026,Nancy,Flores,chanmichael@example.com,DE,SAVINGS,2026-07-04 23:27:56,ACTIVE
CUST004027,Seth,Hill,halljennifer@example.org,AU,CHECKING,2025-09-28 18:12:37,SUSPENDED
CUST004028,Amanda,Wang,jessica33@example.org,US,BUSINESS,2026-07-10 07:09:58,ACTIVE
CUST004029,Tammy,Romero,pthomas@example.net,FR,CHECKING,2026-05-17 00:11:50,ACTIVE
CUST004030,Javier,Nichols,simmonslaura@example.com,AE,CHECKING,2024-07-03 01:23:56,CLOSED
CUST004031,Sean,Wheeler,denniswashington@example.com,AE,CHECKING,2026-03-03 20:38:22,ACTIVE
CUST004032,Matthew,Padilla,xsmith@example.org,IT,BUSINESS,2022-07-23 11:07:56,ACTIVE
CUST004033,Ariana,Crawford,bcaldwell@example.net,GB,BUSINESS,2022-09-30 15:38:21,CLOSED
CUST004034,Michael,Duncan,wilsonanna@example.net,AE,SAVINGS,2024-08-25 16:17:48,SUSPENDED
CUST004035,David,Perez,taracole@example.org,US,SAVINGS,2023-12-08 03:26:46,CLOSED
CUST004036,Barbara,Rosales,grichards@example.org,GB,SAVINGS,2022-07-11 21:59:10,ACTIVE
CUST004037,Matthew,Oconnell,robin11@example.com,JP,SAVINGS,2023-06-12 01:30:12,ACTIVE
CUST004038,Laurie,Brewer,campbellfrederick@example.org,IN,CHECKING,2025-08-14 06:52:35,ACTIVE
CUST004039,Matthew,Mayer,heather14@example.org,JP,SAVINGS,2024-03-11 12:18:45,SUSPENDED
CUST004040,Anna,Mcdonald,brandimoore@example.org,AU,CHECKING,2024-08-03 21:59:47,ACTIVE
CUST004041,Carolyn,Holmes,heatherthompson@example.net,IN,SAVINGS,2026-07-17 06:11:00,ACTIVE
CUST004042,Stephanie,Faulkner,pluna@example.net,FR,SAVINGS,2025-05-05 14:47:18,SUSPENDED
CUST004043,Jeanette,Murray,nicolescott@example.org,SG,CHECKING,2024-04-01 07:08:46,ACTIVE
CUST004044,James,Ware,cindy78@example.com,AU,CHECKING,2023-01-19 10:57:54,CLOSED
CUST004045,Cassandra,Camacho,thomas56@example.net,NL,BUSINESS,2024-04-06 11:33:52,ACTIVE
CUST004046,Jeffrey,Stone,conleychristina@example.net,BE,SAVINGS,2022-01-18 02:32:09,CLOSED
CUST004047,Kathryn,Perez,davidsondavid@example.com,JP,BUSINESS,2026-08-05 03:21:44,SUSPENDED
CUST004048,Michelle,Woodward,leashley@example.org,CA,SAVINGS,2022-03-17 22:49:29,ACTIVE
CUST004049,Robert,Gomez,timothyanderson@example.org,FR,BUSINESS,2025-02-05 08:50:40,ACTIVE
CUST004050,Patrick,Maxwell,davidgreen@example.org,FR,BUSINESS,2021-12-06 03:52:17,ACTIVE
CUST004051,Jeffrey,Casey,brianhodges@example.net,IN,CHECKING,2023-12-07 10:51:38,ACTIVE
CUST004052,Sandra,Soto,gaineserika@example.org,JP,SAVINGS,2025-08-14 15:29:07,ACTIVE
CUST004053,John,Raymond,goodwinjack@example.org,AU,SAVINGS,2025-01-06 19:18:34,SUSPENDED
CUST004054,Lance,Jones,vchoi@example.com,SG,BUSINESS,2026-07-06 07:11:58,ACTIVE
CUST004055,Tara,Smith,waltersaimee@example.org,BE,SAVINGS,2023-07-18 14:30:46,SUSPENDED
CUST004056,Jeff,Rivera,shane42@example.org,JP,BUSINESS,2026-07-17 13:55:22,ACTIVE
CUST004057,Amber,Allen,christina67@example.com,SG,SAVINGS,2022-05-08 12:56:32,ACTIVE
CUST004058,Tonya,Wright,clarkegabriel@example.org,AU,CHECKING,2024-03-18 05:58:51,ACTIVE
CUST004059,Steven,Chan,cnguyen@example.net,IN,BUSINESS,2023-05-17 12:33:32,CLOSED
CUST004060,Douglas,Hart,warnerdaisy@example.com,AE,BUSINESS,2024-03-16 10:40:04,CLOSED
CUST004061,Megan,Russell,kevin78@example.com,FR,CHECKING,2023-10-09 09:19:58,SUSPENDED
CUST004062,Megan,Thornton,jordan04@example.org,AE,CHECKING,2023-10-06 19:03:10,ACTIVE
CUST004063,David,Harvey,jenniferbrady@example.net,IN,BUSINESS,2025-05-01 08:14:13,CLOSED
CUST004064,Scott,Cox,sophia39@example.org,IN,SAVINGS,2024-04-01 11:39:03,ACTIVE
CUST004065,Stephanie,Sutton,rmatthews@example.com,PK,SAVINGS,2023-06-15 04:00:00,ACTIVE
CUST004066,Jodi,Powers,kyliebarker@example.org,US,BUSINESS,2026-01-06 11:57:40,CLOSED
CUST004067,Taylor,Benson,stephen38@example.org,IT,CHECKING,2023-07-14 01:42:40,ACTIVE
CUST004068,John,Villa,joshuawright@example.net,ES,BUSINESS,2023-06-03 07:08:29,ACTIVE
CUST004069,Brent,Odom,lcollins@example.org,DE,SAVINGS,2024-02-22 03:53:41,ACTIVE
CUST004070,Katherine,Mahoney,schultzamber@example.org,ES,SAVINGS,2025-07-20 09:39:47,SUSPENDED
CUST004071,Eric,Allen,bradley16@example.org,AE,SAVINGS,2022-09-19 10:13:42,ACTIVE
CUST004072,John,Anderson,fuentestony@example.org,SG,SAVINGS,2024-10-04 11:10:23,SUSPENDED
CUST004073,Stacey,Nguyen,lbrown@example.com,PK,BUSINESS,2022-02-04 01:03:59,ACTIVE
CUST004074,Joshua,Hernandez,stacey64@example.org,JP,CHECKING,2022-04-26 23:16:49,CLOSED
CUST004075,Brittney,Moore,melissa25@example.org,JP,BUSINESS,2025-12-29 03:12:04,SUSPENDED
CUST004076,Lauren,Johnson,etownsend@example.net,DE,BUSINESS,2022-06-04 14:38:26,ACTIVE
CUST004077,Megan,Short,rebecca53@example.net,IN,CHECKING,2024-04-14 19:02:29,CLOSED
CUST004078,Cheryl,King,jensennancy@example.org,AE,BUSINESS,2024-06-25 15:04:55,ACTIVE
CUST004079,Heather,Garrison,michael16@example.com,JP,SAVINGS,2023-08-11 23:05:52,SUSPENDED
CUST004080,Glenn,Robertson,tinaortiz@example.org,PK,BUSINESS,2025-04-24 05:52:48,SUSPENDED
CUST004081,David,Jenkins,powersmonique@example.net,JP,BUSINESS,2024-10-01 12:03:57,CLOSED
CUST004082,Patricia,Moran,lesliesmith@example.org,IN,SAVINGS,2025-07-19 01:14:21,ACTIVE
CUST004083,Ryan,Jones,robertsbrian@example.net,IT,SAVINGS,2026-06-07 17:08:00,ACTIVE
CUST004084,Donna,Mason,elizabeth69@example.com,NL,CHECKING,2025-07-26 10:32:01,ACTIVE
CUST004085,Natalie,Torres,heatherhenderson@example.net,DE,SAVINGS,2022-01-03 01:27:37,CLOSED
CUST004086,Julie,Watkins,williamssabrina@example.com,PK,CHECKING,2022-06-19 21:02:45,ACTIVE
CUST004087,Melissa,Oconnor,toddpalmer@example.net,AU,SAVINGS,2026-05-22 20:11:14,ACTIVE
CUST004088,Corey,Wheeler,campbellterri@example.com,IN,SAVINGS,2022-08-16 10:58:52,SUSPENDED
CUST004089,Paul,Sanchez,russellwilliam@example.net,AU,BUSINESS,2026-03-16 16:43:38,ACTIVE
CUST004090,Jessica,Davis,sarah90@example.com,NL,CHECKING,2021-12-12 18:48:55,CLOSED
CUST004091,Donna,Reyes,iblake@example.org,CA,CHECKING,2024-11-18 16:32:52,SUSPENDED
CUST004092,Timothy,Warren,mendozaeric@example.com,GB,SAVINGS,2022-12-24 23:41:00,ACTIVE
CUST004093,Madison,Ramsey,nunezsherry@example.com,AE,BUSINESS,2025-06-15 13:57:29,ACTIVE
CUST004094,Eric,Lee,michaelcampbell@example.com,CA,BUSINESS,2026-01-13 21:29:31,CLOSED
CUST004095,Jeffrey,Ramsey,chungjeffrey@example.com,AU,CHECKING,2025-06-03 04:53:23,ACTIVE
CUST004096,Stephanie,Meyer,dakota45@example.com,GB,CHECKING,2026-04-25 23:41:14,CLOSED
CUST004097,James,Murray,greentimothy@example.net,IN,SAVINGS,2021-12-13 04:48:34,ACTIVE
CUST004098,Sherry,Gray,ecole@example.net,ES,SAVINGS,2024-07-09 10:30:17,ACTIVE
CUST004099,Kathryn,Barry,colemanmichael@example.org,US,BUSINESS,2024-08-20 06:45:04,SUSPENDED
CUST004100,Elizabeth,Flynn,tclark@example.org,ES,BUSINESS,2022-05-30 05:46:15,ACTIVE
CUST004101,William,Moon,jclark@example.org,ES,BUSINESS,2021-12-04 01:07:34,ACTIVE
CUST004102,Dennis,Moreno,roy33@example.com,AU,SAVINGS,2025-09-14 21:21:48,ACTIVE
CUST004103,Timothy,Allen,corysimpson@example.net,CA,BUSINESS,2025-09-27 23:33:42,ACTIVE
CUST004104,Daniel,Patton,srodriguez@example.net,NL,BUSINESS,2025-09-26 06:56:07,CLOSED
CUST004105,Emily,Smith,thomaselizabeth@example.org,US,BUSINESS,2024-11-02 09:27:05,ACTIVE
CUST004106,Stephanie,Roberts,andrew05@example.com,US,SAVINGS,2021-11-30 20:56:30,SUSPENDED
CUST004107,William,Garner,wadebrenda@example.net,FR,SAVINGS,2023-06-05 03:05:33,ACTIVE
CUST004108,Ashley,Crawford,gyoung@example.com,IN,BUSINESS,2022-10-19 05:23:40,ACTIVE
CUST004109,Kyle,Davis,alexanderyates@example.com,IN,BUSINESS,2023-10-07 05:57:52,ACTIVE
CUST004110,Alicia,Barton,johnsonbetty@example.com,SG,BUSINESS,2023-07-20 13:17:49,ACTIVE
CUST004111,Lawrence,Gilbert,valerievasquez@example.net,PK,CHECKING,2024-01-06 02:55:57,SUSPENDED
CUST004112,Daniel,Frey,redwards@example.com,SG,SAVINGS,2024-12-11 08:18:34,ACTIVE
CUST004113,Elijah,Harvey,michaelboyd@example.com,IN,BUSINESS,2022-12-25 12:18:16,ACTIVE
CUST004114,Dustin,Moore,crystal00@example.org,FR,BUSINESS,2022-09-25 06:30:18,SUSPENDED
CUST004115,John,Anderson,benjamin67@example.com,BE,SAVINGS,2022-07-08 15:14:17,SUSPENDED
CUST004116,Jack,Miller,april04@example.org,BE,SAVINGS,2026-01-16 10:27:54,SUSPENDED
CUST004117,Melissa,Martin,rogersrobert@example.com,DE,BUSINESS,2022-01-07 10:43:19,ACTIVE
CUST004118,Jenna,Owen,jeffmartinez@example.net,NL,BUSINESS,2026-05-10 14:11:09,ACTIVE
CUST004119,Kelly,Hill,silvapatrick@example.org,SG,BUSINESS,2025-03-10 19:39:48,SUSPENDED
CUST004120,Christopher,Taylor,jcarr@example.com,DE,CHECKING,2024-03-23 01:39:02,ACTIVE
CUST004121,Kevin,Smith,laurengreen@example.net,AE,BUSINESS,2022-12-01 22:34:41,ACTIVE
CUST004122,John,Stephens,elee@example.org,IN,BUSINESS,2025-07-29 06:24:45,ACTIVE
CUST004123,Jimmy,Jones,bob11@example.net,US,BUSINESS,2021-12-01 13:00:29,ACTIVE
CUST004124,Heather,James,zwelch@example.org,AU,CHECKING,2023-11-22 08:29:09,SUSPENDED
CUST004125,Kristin,Munoz,elizabethortiz@example.com,SG,SAVINGS,2022-05-17 09:26:21,ACTIVE
CUST004126,Angel,Gibson,marksashley@example.net,PK,CHECKING,2022-09-15 03:50:36,ACTIVE
CUST004127,Mariah,Olsen,jessicaboone@example.com,IT,BUSINESS,2022-11-12 19:12:12,ACTIVE
CUST004128,Pamela,Barber,qcastro@example.org,SG,BUSINESS,2024-02-10 19:24:56,ACTIVE
CUST004129,Bryan,Williams,christian13@example.org,BE,BUSINESS,2026-01-13 14:18:26,CLOSED
CUST004130,Dale,Acevedo,collinsstacy@example.com,DE,BUSINESS,2022-05-19 10:12:39,ACTIVE
CUST004131,Heidi,Hall,daisy79@example.net,GB,SAVINGS,2021-09-01 09:16:49,ACTIVE
CUST004132,Kyle,Cole,robert94@example.org,PK,CHECKING,2024-12-07 22:44:07,ACTIVE
CUST004133,Shawn,Phillips,erose@example.org,BE,SAVINGS,2023-05-02 10:10:56,ACTIVE
CUST004134,Dan,Pacheco,kathryn64@example.com,FR,CHECKING,2025-09-05 12:26:46,CLOSED
CUST004135,David,Duran,emurphy@example.net,JP,SAVINGS,2023-12-08 13:56:15,CLOSED
CUST004136,Krystal,Gibson,anthony37@example.com,GB,CHECKING,2023-11-05 21:21:45,SUSPENDED
CUST004137,Christine,Carpenter,osmith@example.org,IT,CHECKING,2022-07-22 11:39:26,ACTIVE
CUST004138,Jean,Long,christopher64@example.org,IT,SAVINGS,2021-09-07 20:25:00,SUSPENDED
CUST004139,Martha,Smith,ronaldlamb@example.com,NL,BUSINESS,2023-08-21 16:23:24,CLOSED
CUST004140,Shelby,Warner,baileysara@example.com,ES,BUSINESS,2023-09-14 14:01:42,SUSPENDED
CUST004141,Christopher,Copeland,johnsonamanda@example.com,AE,BUSINESS,2024-06-22 20:23:57,ACTIVE
CUST004142,Kenneth,Buchanan,marcfoster@example.com,AE,SAVINGS,2024-02-08 04:21:45,SUSPENDED
CUST004143,Andrew,Campbell,stephanie67@example.net,NL,BUSINESS,2024-03-15 12:16:13,SUSPENDED
CUST004144,Nancy,Gray,william81@example.com,BE,CHECKING,2021-10-02 02:46:34,ACTIVE
CUST004145,Rachael,Wright,johnsonbrian@example.com,DE,CHECKING,2025-08-20 03:47:21,ACTIVE
CUST004146,Adam,Jones,wherring@example.org,US,BUSINESS,2025-09-26 05:48:55,CLOSED
CUST004147,Lawrence,Solomon,lisacabrera@example.org,IT,CHECKING,2025-06-05 09:34:43,CLOSED
CUST004148,Allison,Rodriguez,ramosaudrey@example.com,AU,BUSINESS,2022-02-03 05:56:45,SUSPENDED
CUST004149,Victoria,Ramirez,jacksonchristopher@example.com,NL,BUSINESS,2024-02-24 00:57:42,ACTIVE
CUST004150,Christopher,Bonilla,matthew96@example.com,AE,BUSINESS,2024-01-10 06:34:45,ACTIVE
CUST004151,Jeremy,Hall,elizabeth65@example.com,GB,SAVINGS,2023-01-10 00:51:31,SUSPENDED
CUST004152,Jeremy,Duke,bparsons@example.org,NL,BUSINESS,2023-08-22 21:52:50,ACTIVE
CUST004153,Michael,Meadows,collinsheather@example.net,DE,SAVINGS,2026-08-12 16:09:30,ACTIVE
CUST004154,Henry,Sims,jason61@example.net,SG,BUSINESS,2025-09-17 09:22:50,ACTIVE
CUST004155,Deborah,Bryant,vangjay@example.net,GB,BUSINESS,2024-03-25 05:17:03,ACTIVE
CUST004156,Kathryn,Benson,joshuasimpson@example.net,GB,BUSINESS,2022-12-11 10:50:22,CLOSED
CUST004157,Sarah,Gonzalez,megan65@example.net,AE,BUSINESS,2023-09-21 07:29:43,SUSPENDED
CUST004158,Mary,Hernandez,yhopkins@example.net,DE,BUSINESS,2025-07-03 14:55:00,CLOSED
CUST004159,Elizabeth,Green,rittersusan@example.com,CA,BUSINESS,2026-07-21 14:44:14,ACTIVE
CUST004160,James,Martinez,ylowery@example.com,AE,CHECKING,2021-12-07 04:07:09,ACTIVE
CUST004161,Russell,Diaz,woodsjeremy@example.com,ES,BUSINESS,2025-08-01 10:19:30,ACTIVE
CUST004162,Cathy,Wilson,pricematthew@example.com,FR,BUSINESS,2026-08-24 14:33:24,SUSPENDED
CUST004163,Angela,Lopez,,AE,SAVINGS,2023-06-04 15:32:22,ACTIVE
CUST004164,Lori,Nichols,ssmith@example.net,FR,CHECKING,2024-06-08 11:11:10,CLOSED
CUST004165,Michael,Smith,carolyoung@example.net,IT,BUSINESS,2022-10-10 13:46:42,ACTIVE
CUST004166,Thomas,Larsen,ramseyvalerie@example.com,DE,BUSINESS,2026-08-11 09:09:09,ACTIVE
CUST004167,Tammie,Cox,cassandraphelps@example.org,IN,CHECKING,2024-06-13 11:11:48,ACTIVE
CUST004168,Andrew,Bradshaw,amercer@example.org,DE,BUSINESS,2022-05-01 15:44:02,ACTIVE
CUST004169,Kristen,Hogan,contreraskara@example.org,BE,BUSINESS,2024-06-05 12:00:05,ACTIVE
CUST004170,Roger,Perry,qlee@example.com,GB,BUSINESS,2026-01-09 06:00:56,ACTIVE
CUST004171,Christopher,Meza,aaronchambers@example.net,IT,SAVINGS,2026-01-02 04:17:16,ACTIVE
CUST004172,Donald,Gallagher,elizabeth69@example.net,CA,SAVINGS,2022-01-31 15:32:46,CLOSED
CUST004173,Kathryn,Parks,mwoods@example.net,US,CHECKING,2023-07-03 22:20:46,CLOSED
CUST004174,Charles,Baker,allison77@example.net,US,BUSINESS,2023-09-25 16:41:06,ACTIVE
CUST004175,Courtney,Gutierrez,tara61@example.net,CA,SAVINGS,2022-10-29 18:47:12,CLOSED
CUST004176,David,Jones,natashasmith@example.org,CA,BUSINESS,2022-05-06 00:38:14,ACTIVE
CUST004177,Alicia,Riggs,david61@example.net,SG,CHECKING,2023-07-20 09:01:22,ACTIVE
CUST004178,Maria,Moore,hgreen@example.net,IT,CHECKING,2025-05-12 04:46:09,ACTIVE
CUST004179,Cathy,Henderson,logangarrett@example.net,ES,SAVINGS,2022-03-18 21:21:01,ACTIVE
CUST004180,Robert,Ford,alexis32@example.org,ES,BUSINESS,2026-07-24 09:42:50,CLOSED
CUST004181,Elizabeth,Marquez,donnamadden@example.org,IT,BUSINESS,2026-03-10 11:51:43,ACTIVE
CUST004182,Edward,Eaton,gtrujillo@example.org,NL,CHECKING,2024-11-19 17:57:29,CLOSED
CUST004183,Pamela,Allen,cassidy99@example.com,GB,CHECKING,2023-01-21 09:33:45,CLOSED
CUST004184,Sharon,Edwards,qgill@example.com,NL,SAVINGS,2026-01-27 18:52:58,SUSPENDED
CUST004185,Joshua,Ali,uwang@example.net,JP,CHECKING,2025-05-07 23:40:54,SUSPENDED
CUST004186,William,Wiggins,joneskrista@example.org,US,CHECKING,2023-07-12 10:17:41,ACTIVE
CUST004187,Brandon,Scott,floresvictor@example.org,JP,SAVINGS,2024-06-27 23:54:34,ACTIVE
CUST004188,Logan,Bailey,wiserenee@example.net,CA,CHECKING,2023-01-26 00:11:20,ACTIVE
CUST004189,Kimberly,Schmidt,jacksonmichael@example.org,JP,BUSINESS,2022-12-10 13:02:02,ACTIVE
CUST004190,Alfred,Blair,dmckay@example.org,JP,BUSINESS,2022-08-21 13:59:21,ACTIVE
CUST004191,Robert,Mercado,bfoster@example.org,SG,SAVINGS,2022-11-21 07:29:07,CLOSED
CUST004192,James,Hicks,nicholsadam@example.net,JP,BUSINESS,2024-05-14 01:02:28,CLOSED
CUST004193,Melvin,Harvey,omcdonald@example.net,AU,CHECKING,2025-07-10 06:19:47,SUSPENDED
CUST004194,Tara,Hogan,carolynhoward@example.com,IN,CHECKING,2026-07-28 22:52:01,ACTIVE
CUST004195,Leslie,Reed,jonathanhayes@example.net,AE,SAVINGS,2022-05-17 14:33:24,SUSPENDED
CUST004196,Charles,Mendoza,vanessarichmond@example.com,FR,BUSINESS,2021-10-01 06:49:24,ACTIVE
CUST004197,Jeffery,Rose,susanlong@example.net,DE,SAVINGS,2025-08-03 00:16:16,ACTIVE
CUST004198,Michelle,Garcia,michaelpeters@example.net,CA,CHECKING,2023-01-05 17:08:52,CLOSED
CUST004199,Jamie,Johnson,danielsmichael@example.org,GB,CHECKING,2021-12-03 02:49:41,ACTIVE
CUST004200,Julia,Romero,belindamartin@example.com,JP,CHECKING,2026-05-27 00:57:02,ACTIVE
CUST004201,Donald,Owens,laurenwilliams@example.com,PK,SAVINGS,2026-02-01 08:13:01,ACTIVE
CUST004202,Alicia,Miller,bperez@example.com,ES,CHECKING,2024-02-14 08:34:06,ACTIVE
CUST004203,Amy,Hernandez,kennedyadam@example.net,FR,CHECKING,2025-06-21 01:13:55,SUSPENDED
CUST004204,Megan,Pierce,amyking@example.net,IT,SAVINGS,2022-03-28 22:43:44,ACTIVE
CUST004205,Samuel,Moran,baustin@example.org,AE,CHECKING,2025-01-05 10:21:02,ACTIVE
CUST004206,Mark,Moore,michael10@example.org,CA,BUSINESS,2024-09-27 14:43:50,ACTIVE
CUST004207,Nicole,Johnson,montgomeryhaley@example.com,AU,SAVINGS,2022-09-29 22:35:30,ACTIVE
CUST004208,David,Wiley,hannahsmith@example.com,CA,SAVINGS,2021-09-27 19:44:57,CLOSED
CUST004209,Wendy,Taylor,marcohernandez@example.net,IN,SAVINGS,2026-02-23 20:25:08,CLOSED
CUST004210,Jerry,Thornton,elizabethvega@example.net,NL,BUSINESS,2023-12-26 19:15:03,ACTIVE
CUST004211,James,Bryant,autumnhooper@example.net,PK,CHECKING,2022-11-08 05:41:04,ACTIVE
CUST004212,Melissa,Castro,pittsjenna@example.org,BE,SAVINGS,2022-09-14 14:58:43,ACTIVE
CUST004213,Robert,Yoder,jsalazar@example.com,BE,BUSINESS,2024-03-31 18:37:46,CLOSED
CUST004214,Albert,Clark,kingjoshua@example.com,CA,BUSINESS,2022-03-13 04:08:59,SUSPENDED
CUST004215,Sherri,Price,lmyers@example.com,US,BUSINESS,2021-09-07 18:42:58,ACTIVE
CUST004216,Anthony,Payne,kristina58@example.org,NL,CHECKING,2022-07-01 16:47:49,CLOSED
CUST004217,Mark,Rios,jrussell@example.net,SG,CHECKING,2025-02-28 05:23:33,ACTIVE
CUST004218,Maria,Jackson,williskenneth@example.org,ES,SAVINGS,2024-09-12 19:14:57,CLOSED
CUST004219,Adam,Meyers,tgilbert@example.com,SG,SAVINGS,2022-06-28 04:01:26,ACTIVE
CUST004220,Jessica,Mejia,riverafrancisco@example.com,PK,BUSINESS,2024-10-25 17:13:35,ACTIVE
CUST004221,Ernest,Sanchez,deanmcguire@example.net,SG,CHECKING,2022-01-21 13:58:15,CLOSED
CUST004222,Mark,Monroe,traceywong@example.net,GB,BUSINESS,2024-03-27 11:07:37,SUSPENDED
CUST004223,Jimmy,Morse,blevinsmelissa@example.com,ES,SAVINGS,2025-11-16 10:05:39,ACTIVE
CUST004224,Wanda,Thompson,julie39@example.com,AE,SAVINGS,2022-01-17 15:10:20,CLOSED
CUST004225,Kelsey,Miller,kimberly55@example.net,NL,SAVINGS,2025-05-09 05:11:07,SUSPENDED
CUST004226,Mary,Ford,richardwalker@example.com,CA,BUSINESS,2024-01-01 02:11:12,ACTIVE
CUST004227,Amanda,Smith,andrewkerr@example.com,NL,BUSINESS,2026-03-10 10:51:01,ACTIVE
CUST004228,Patricia,Romero,iwilson@example.com,NL,SAVINGS,2022-03-22 21:29:28,ACTIVE
CUST004229,Lauren,Atkinson,margaret22@example.net,IN,CHECKING,2023-07-10 13:28:11,ACTIVE
CUST004230,Micheal,Park,donna59@example.org,DE,BUSINESS,2022-01-12 21:17:25,ACTIVE
CUST004231,Mark,Leon,cramos@example.com,DE,CHECKING,2022-05-26 16:39:13,CLOSED
CUST004232,Daniel,Lopez,zmayo@example.net,FR,CHECKING,2023-07-20 20:36:28,ACTIVE
CUST004233,Andrew,Torres,taylor27@example.com,CA,SAVINGS,2024-05-31 15:20:49,ACTIVE
CUST004234,Katie,Vega,osbornaaron@example.net,GB,BUSINESS,2024-09-06 12:38:40,CLOSED
CUST004235,Tammy,Hudson,yatesdaniel@example.com,PK,BUSINESS,2023-01-29 01:48:22,ACTIVE
CUST004236,Hunter,Frank,nicholasboyd@example.com,US,SAVINGS,2022-03-02 07:56:16,CLOSED
CUST004237,Alan,Palmer,stephen12@example.net,JP,BUSINESS,2025-12-19 11:42:59,CLOSED
CUST004238,Cynthia,Beasley,adrianmcneil@example.com,SG,CHECKING,2024-01-14 18:29:27,SUSPENDED
CUST004239,Peter,Rodriguez,adkinsjessica@example.net,FR,BUSINESS,2025-09-22 04:20:56,ACTIVE
CUST004240,Barbara,Dalton,stevenschultz@example.com,PK,BUSINESS,2024-12-31 10:06:07,ACTIVE
CUST004241,Savannah,Gaines,jasonrhodes@example.net,SG,SAVINGS,2026-04-02 07:23:00,CLOSED
CUST004242,Nicole,Rhodes,williamgross@example.net,SG,SAVINGS,2026-01-02 12:20:31,ACTIVE
CUST004243,Randy,Pearson,kimberly97@example.com,SG,BUSINESS,2023-09-18 13:14:13,CLOSED
CUST004244,Brett,Blankenship,newmanthomas@example.com,JP,BUSINESS,2026-08-24 09:54:08,ACTIVE
CUST004245,Justin,Aguilar,kimberly57@example.net,AU,SAVINGS,2023-10-19 10:17:43,ACTIVE
CUST004246,Molly,Collins,hornbradley@example.com,JP,BUSINESS,2026-08-06 05:18:46,ACTIVE
CUST004247,Rebecca,Jackson,otaylor@example.com,ES,CHECKING,2024-01-27 08:10:49,ACTIVE
CUST004248,Destiny,Evans,kgreer@example.org,IN,CHECKING,2024-12-22 06:16:39,CLOSED
CUST004249,Anthony,Mcbride,john98@example.org,BE,CHECKING,2026-01-13 18:29:03,SUSPENDED
CUST004250,Mark,Sims,murraycatherine@example.net,US,SAVINGS,2025-04-19 22:14:08,ACTIVE
CUST004251,Michael,Wyatt,oromero@example.net,BE,CHECKING,2025-11-16 05:16:01,ACTIVE
CUST004252,Mark,Wade,grayalicia@example.org,PK,BUSINESS,2024-04-03 23:45:06,ACTIVE
CUST004253,Erica,Burns,brianramos@example.net,IN,BUSINESS,2022-06-25 12:21:34,ACTIVE
CUST004254,Lindsay,Larsen,gbernard@example.net,NL,SAVINGS,2023-04-18 01:08:34,SUSPENDED
CUST004255,Leslie,Johnson,vasquezamanda@example.com,NL,SAVINGS,2026-08-13 11:38:00,ACTIVE
CUST004256,Eric,Lee,justin33@example.com,FR,BUSINESS,2026-08-06 13:41:55,CLOSED
CUST004257,Briana,Peterson,evelyn02@example.org,GB,CHECKING,2022-05-22 18:19:54,ACTIVE
CUST004258,Kathy,Hayden,kedwards@example.com,PK,BUSINESS,2023-09-03 13:50:34,CLOSED
CUST004259,Lawrence,Lambert,lisa49@example.com,IN,CHECKING,2022-12-22 18:09:32,SUSPENDED
CUST004260,Jose,Vaughn,donaldanderson@example.com,PK,BUSINESS,2025-10-01 05:06:48,SUSPENDED
CUST004261,Tony,Carter,olivia93@example.net,FR,SAVINGS,2024-09-07 10:15:32,ACTIVE
CUST004262,Lee,Cooper,chatfield@example.org,AU,SAVINGS,2021-12-17 15:22:56,ACTIVE
CUST004263,Blake,Wilson,charles64@example.com,NL,SAVINGS,2024-09-18 08:27:08,ACTIVE
CUST004264,Anne,Lloyd,krodriguez@example.org,FR,SAVINGS,2026-05-03 09:43:12,ACTIVE
CUST004265,Anne,Ho,fryedylan@example.net,GB,SAVINGS,2021-10-08 19:14:53,ACTIVE
CUST004266,Megan,Nguyen,gmoss@example.org,DE,SAVINGS,2023-02-01 02:22:25,SUSPENDED
CUST004267,Misty,Escobar,dianachen@example.com,IT,CHECKING,2024-12-07 08:40:07,CLOSED
CUST004268,Kenneth,Barnes,john04@example.com,CA,CHECKING,2024-10-17 03:20:55,SUSPENDED
CUST004269,Mario,Ayers,brent63@example.net,DE,SAVINGS,2024-06-24 12:53:21,ACTIVE
CUST004270,Roy,Porter,mtate@example.net,ES,BUSINESS,2024-04-19 14:50:45,ACTIVE
CUST004271,Sandra,Robinson,tonyhodge@example.org,IT,SAVINGS,2026-07-21 18:34:15,SUSPENDED
CUST004272,Jennifer,Brown,hjohnson@example.org,BE,SAVINGS,2023-09-23 03:52:21,ACTIVE
CUST004273,Richard,Bennett,stacycoleman@example.net,GB,CHECKING,2021-10-18 10:36:53,CLOSED
CUST004274,Isaiah,Jennings,bryanwallace@example.com,AE,SAVINGS,2021-11-06 01:23:36,ACTIVE
CUST004275,Richard,Ellis,reynoldssheena@example.com,US,BUSINESS,2021-11-07 06:42:46,SUSPENDED
CUST004276,Samantha,Jones,erika20@example.org,ES,CHECKING,2023-05-31 05:41:29,ACTIVE
CUST004277,Brandy,Clark,cheryl76@example.net,SG,SAVINGS,2025-09-11 04:18:27,ACTIVE
CUST004278,Patricia,Gaines,ewhite@example.net,BE,BUSINESS,2023-04-19 01:54:51,ACTIVE
CUST004279,Gina,Fischer,briannareid@example.org,DE,CHECKING,2022-12-27 23:08:24,ACTIVE
CUST004280,Becky,Gray,danielhorn@example.org,FR,CHECKING,2021-11-10 19:14:09,SUSPENDED
CUST004281,Timothy,Moore,dwilliams@example.net,GB,BUSINESS,2022-09-20 16:47:18,ACTIVE
CUST004282,Nicole,Dixon,rwallace@example.org,PK,CHECKING,2025-07-06 02:11:38,ACTIVE
CUST004283,Kimberly,Stewart,travis88@example.com,JP,CHECKING,2023-01-24 19:31:09,SUSPENDED
CUST004284,Pamela,Mahoney,rossedward@example.net,JP,SAVINGS,2026-01-22 13:23:10,ACTIVE
CUST004285,Maria,Burgess,choitina@example.org,GB,SAVINGS,2025-03-26 16:15:48,CLOSED
CUST004286,Theresa,Tran,jonathan65@example.net,US,BUSINESS,2026-07-31 04:36:58,ACTIVE
CUST004287,Mario,Yang,travis09@example.com,BE,SAVINGS,2021-10-24 21:44:46,CLOSED
CUST004288,Deborah,Mercado,scott45@example.org,SG,BUSINESS,2024-09-22 12:04:12,SUSPENDED
CUST004289,Steven,Chavez,eneal@example.com,ES,CHECKING,2026-04-22 08:27:55,ACTIVE
CUST004290,Rebecca,Green,ssmith@example.net,AE,CHECKING,2023-12-20 08:38:45,ACTIVE
CUST004291,Robert,Mendoza,drowe@example.com,ES,SAVINGS,2022-05-20 22:30:21,CLOSED
CUST004292,Douglas,Mendez,jashley@example.net,FR,BUSINESS,2024-04-03 03:45:33,ACTIVE
CUST004293,Eric,Boyd,williamzhang@example.com,FR,BUSINESS,2022-04-03 16:22:52,ACTIVE
CUST004294,Jasmine,Campos,david00@example.com,GB,BUSINESS,2023-04-26 00:46:21,ACTIVE
CUST004295,Michelle,Jones,yjohnson@example.net,GB,SAVINGS,2025-01-12 10:26:22,ACTIVE
CUST004296,Amy,Smith,charlesfranco@example.net,NL,SAVINGS,2025-01-23 15:15:22,ACTIVE
CUST004297,Nicholas,Key,cynthia27@example.net,AE,SAVINGS,2026-02-07 12:55:19,ACTIVE
CUST004298,James,Martinez,kathleenbarajas@example.org,AU,CHECKING,2026-05-20 21:40:41,CLOSED
CUST004299,Gail,Allen,emily41@example.com,ES,CHECKING,2021-10-20 09:52:12,ACTIVE
CUST004300,Christopher,Munoz,angela87@example.org,AE,CHECKING,2022-08-28 15:15:16,ACTIVE
CUST004301,Thomas,Holt,gtucker@example.com,SG,CHECKING,2023-02-06 08:23:47,SUSPENDED
CUST004302,Benjamin,Mcdonald,ramseybrian@example.com,IT,SAVINGS,2022-02-22 08:06:03,ACTIVE
CUST004303,Justin,Walker,jessica96@example.com,SG,BUSINESS,2022-12-09 16:19:07,CLOSED
CUST004304,Deborah,Carter,santiagomark@example.org,AU,CHECKING,2022-06-06 00:45:59,ACTIVE
CUST004305,Austin,Poole,williamstaylor@example.org,IN,BUSINESS,2025-11-14 14:42:32,ACTIVE
CUST004306,Angela,Cox,alexanderwilliams@example.com,IT,CHECKING,2024-02-09 13:07:50,ACTIVE
CUST004307,Annette,Martin,jacquelinewilliamson@example.org,GB,CHECKING,2022-05-06 22:47:46,ACTIVE
CUST004308,Alexander,Craig,ndiaz@example.net,IT,CHECKING,2025-09-04 04:21:55,SUSPENDED
CUST004309,Joseph,Murray,danielle96@example.com,FR,BUSINESS,2025-06-27 15:00:10,ACTIVE
CUST004310,Kaitlin,King,michaelreyes@example.net,DE,CHECKING,2023-11-04 18:48:33,SUSPENDED
CUST004311,Elizabeth,Martin,christopher41@example.com,GB,BUSINESS,2023-06-12 14:40:11,ACTIVE
CUST004312,Scott,Williams,christopher33@example.com,SG,BUSINESS,2023-08-09 08:06:59,ACTIVE
CUST004313,Miranda,Clarke,xfigueroa@example.net,IT,SAVINGS,2025-06-15 03:31:28,SUSPENDED
CUST004314,Nicolas,Wilson,awang@example.net,US,CHECKING,2024-05-16 09:23:26,CLOSED
CUST004315,Matthew,Wang,qturner@example.org,GB,BUSINESS,2024-09-26 19:11:18,ACTIVE
CUST004316,Abigail,Gilbert,fblack@example.com,NL,CHECKING,2023-12-21 05:56:14,ACTIVE
CUST004317,Brianna,Johnson,lewislori@example.com,BE,SAVINGS,2025-12-06 05:12:24,ACTIVE
CUST004318,Richard,Campbell,craigsean@example.com,SG,SAVINGS,2024-06-17 22:07:08,ACTIVE
CUST004319,Anthony,Williamson,qclark@example.com,BE,CHECKING,2023-09-20 22:56:04,ACTIVE
CUST004320,Logan,Dickson,davisdarryl@example.net,FR,CHECKING,2022-02-17 19:07:46,ACTIVE
CUST004321,Rhonda,Holmes,haydenjohn@example.net,JP,BUSINESS,2025-04-04 16:41:06,ACTIVE
CUST004322,Penny,Lynch,candace21@example.org,IT,SAVINGS,2024-09-07 12:34:00,SUSPENDED
CUST004323,Margaret,Jenkins,brianhopkins@example.net,NL,BUSINESS,2023-05-04 08:56:35,ACTIVE
CUST004324,Debra,Steele,richbill@example.org,GB,CHECKING,2022-11-27 15:47:06,ACTIVE
CUST004325,Diane,Barnes,michaelfaulkner@example.com,US,SAVINGS,2022-10-16 14:05:41,ACTIVE
CUST004326,Alan,York,amy29@example.net,NL,CHECKING,2025-10-08 01:01:41,ACTIVE
CUST004327,Sandra,Kelley,higginsdonald@example.org,JP,CHECKING,2024-01-18 08:25:36,CLOSED
CUST004328,Thomas,Vega,sean60@example.com,AE,CHECKING,2023-02-18 15:17:38,ACTIVE
CUST004329,Brandy,Walls,olsonamy@example.com,BE,BUSINESS,2025-09-07 12:03:07,ACTIVE
CUST004330,Valerie,Hobbs,bakerchristian@example.org,SG,BUSINESS,2025-11-22 22:07:18,CLOSED
CUST004331,Matthew,Williams,maurice29@example.org,AU,SAVINGS,2025-04-03 05:49:05,ACTIVE
CUST004332,Sean,Bender,gharvey@example.net,JP,SAVINGS,2025-07-09 02:13:34,ACTIVE
CUST004333,Brittany,Weaver,vshepard@example.com,AU,SAVINGS,2024-01-08 14:39:29,ACTIVE
CUST004334,Mark,Scott,eblake@example.org,PK,CHECKING,2024-01-05 01:13:27,ACTIVE
CUST004335,Adam,Hull,jenniferperkins@example.net,JP,BUSINESS,2023-06-18 07:50:29,CLOSED
CUST004336,Robert,Zamora,vazquezsydney@example.com,DE,CHECKING,2023-03-13 21:47:56,CLOSED
CUST004337,Heather,Cook,travisbonnie@example.com,PK,BUSINESS,2024-11-08 09:14:31,ACTIVE
CUST004338,Paula,Black,rodriguezmary@example.net,IT,BUSINESS,2024-02-01 02:31:38,SUSPENDED
CUST004339,Kristin,Mendoza,robertkramer@example.com,PK,CHECKING,2025-02-10 08:35:49,ACTIVE
CUST004340,David,Eaton,robert62@example.net,CA,BUSINESS,2022-10-10 13:13:45,ACTIVE
CUST004341,Jacqueline,Allen,churchlisa@example.org,NL,BUSINESS,2025-03-18 21:38:11,SUSPENDED
CUST004342,Matthew,King,delacruztammy@example.org,AE,CHECKING,2024-11-14 06:12:21,CLOSED
CUST004343,Austin,Mann,treid@example.org,SG,CHECKING,2023-10-05 05:08:07,ACTIVE
CUST004344,Brian,Hood,lindseymcintyre@example.net,ES,CHECKING,2025-11-01 05:45:56,SUSPENDED
CUST004345,Carlos,Gutierrez,justinbryant@example.com,CA,BUSINESS,2025-03-17 07:10:41,ACTIVE
CUST004346,Jacob,Brown,andersoncharles@example.net,PK,BUSINESS,2021-10-09 00:15:05,ACTIVE
CUST004347,Travis,Boone,zryan@example.org,PK,SAVINGS,2025-01-03 23:31:13,SUSPENDED
CUST004348,Robert,Flores,michael85@example.net,JP,BUSINESS,2025-01-23 09:20:03,ACTIVE
CUST004349,Nicholas,Gomez,jeanne41@example.net,PK,SAVINGS,2021-11-22 16:57:21,ACTIVE
CUST004350,Frederick,Bond,matthewjones@example.org,US,SAVINGS,2026-02-06 08:12:11,CLOSED
CUST004351,Janet,James,pruittleslie@example.net,PK,BUSINESS,2023-12-20 02:59:58,ACTIVE
CUST004352,Peter,Nielsen,gregory82@example.net,ES,BUSINESS,2026-03-07 05:57:57,ACTIVE
CUST004353,Veronica,Cole,murphybradley@example.org,SG,CHECKING,2023-07-10 16:00:15,ACTIVE
CUST004354,Mary,Jackson,udavis@example.org,FR,BUSINESS,2023-06-07 16:46:57,ACTIVE
CUST004355,Julie,Hardin,michelleduffy@example.net,AE,BUSINESS,2025-05-12 13:28:53,ACTIVE
CUST004356,Tina,Martinez,vnoble@example.com,SG,SAVINGS,2026-04-15 03:51:10,SUSPENDED
CUST004357,Paul,Simmons,jacob28@example.com,JP,BUSINESS,2024-11-14 02:36:08,CLOSED
CUST004358,Tina,Bowen,adammcknight@example.com,DE,CHECKING,2025-06-19 22:53:15,SUSPENDED
CUST004359,Ann,Guerra,vbooker@example.org,AE,BUSINESS,2025-02-09 01:00:22,SUSPENDED
CUST004360,Hunter,Herrera,josephschultz@example.net,CA,SAVINGS,2024-10-12 16:25:43,SUSPENDED
CUST004361,Timothy,Peterson,pthompson@example.org,AU,SAVINGS,2025-07-02 15:08:15,ACTIVE
CUST004362,Victor,Reeves,brownmark@example.com,ES,CHECKING,2026-03-01 10:08:49,ACTIVE
CUST004363,Michael,Silva,brucemartinez@example.com,AU,CHECKING,2023-07-11 22:21:27,CLOSED
CUST004364,Julie,Caldwell,georgecooper@example.com,SG,CHECKING,2021-11-03 19:48:43,CLOSED
CUST004365,Larry,Martin,bobby25@example.com,US,BUSINESS,2024-07-09 19:48:54,CLOSED
CUST004366,Kelly,Jenkins,tinaflynn@example.com,NL,SAVINGS,2021-12-23 15:16:07,ACTIVE
CUST004367,Kelly,Garcia,imaddox@example.org,NL,BUSINESS,2024-09-15 23:19:46,ACTIVE
CUST004368,Kristina,Fisher,ricardo73@example.net,CA,CHECKING,2024-12-22 04:24:38,ACTIVE
CUST004369,Maureen,Downs,norman04@example.com,IT,CHECKING,2026-01-11 04:56:09,CLOSED
CUST004370,Emily,Hurst,oporter@example.org,IT,SAVINGS,2023-03-30 17:44:21,ACTIVE
CUST004371,Jennifer,Hanson,hannafrank@example.net,JP,CHECKING,2024-06-16 15:48:21,ACTIVE
CUST004372,Michael,Marshall,qjohnson@example.com,PK,CHECKING,2023-01-09 19:03:52,ACTIVE
CUST004373,John,Mendez,brandi94@example.org,IN,CHECKING,2025-03-27 18:54:39,ACTIVE
CUST004374,Joshua,Freeman,fieldsbrooke@example.org,IN,CHECKING,2022-02-25 06:19:18,CLOSED
CUST004375,Christopher,Raymond,perezstephanie@example.net,DE,CHECKING,2026-01-01 02:49:07,ACTIVE
CUST004376,Anthony,Wilson,wdavis@example.com,JP,BUSINESS,2022-11-15 04:20:00,ACTIVE
CUST004377,Amy,Wright,ddunn@example.com,BE,CHECKING,2026-04-24 09:38:14,CLOSED
CUST004378,Kimberly,Jones,pottsmichael@example.org,NL,BUSINESS,2023-05-29 16:23:02,ACTIVE
CUST004379,Stephen,Monroe,markellis@example.org,GB,BUSINESS,2025-06-23 02:38:39,ACTIVE
CUST004380,Travis,Dixon,ujones@example.com,BE,CHECKING,2024-10-05 00:21:24,ACTIVE
CUST004381,Cathy,Keller,steven94@example.com,IN,SAVINGS,2025-11-09 06:06:10,ACTIVE
CUST004382,Matthew,Cooper,theresa05@example.com,SG,SAVINGS,2023-09-10 02:15:07,ACTIVE
CUST004383,Haley,Hughes,ramoskevin@example.com,NL,CHECKING,2024-01-31 17:44:42,CLOSED
CUST004384,Priscilla,Hansen,sheri52@example.net,JP,BUSINESS,2024-10-08 14:46:07,ACTIVE
CUST004385,Douglas,Fitzpatrick,xshannon@example.net,SG,BUSINESS,2025-11-27 20:28:12,SUSPENDED
CUST004386,Frank,Malone,gsantos@example.org,JP,SAVINGS,2023-03-23 03:55:40,CLOSED
CUST004387,Christopher,Collier,travis45@example.org,CA,CHECKING,2022-02-28 00:20:14,SUSPENDED
CUST004388,Linda,Williams,thomascruz@example.net,IT,SAVINGS,2023-11-17 17:08:46,ACTIVE
CUST004389,Steven,Johnson,kevinbrown@example.net,IT,BUSINESS,2024-09-24 07:58:58,SUSPENDED
CUST004390,Felicia,Allen,floydjoann@example.com,ES,SAVINGS,2024-01-30 04:54:10,ACTIVE
CUST004391,Alec,Park,yolandakim@example.com,SG,BUSINESS,2021-11-01 23:34:46,SUSPENDED
CUST004392,Barbara,Davis,carsonrachel@example.com,BE,CHECKING,2023-01-19 09:06:21,SUSPENDED
CUST004393,Michael,Armstrong,zimmermanjustin@example.com,DE,SAVINGS,2023-10-20 03:24:45,ACTIVE
CUST004394,Christopher,Mcbride,rebeccanguyen@example.com,US,CHECKING,2021-09-19 19:47:52,ACTIVE
CUST004395,Christopher,Yoder,blevinskimberly@example.org,IT,BUSINESS,2024-03-22 15:05:46,SUSPENDED
CUST004396,Joyce,Blair,joseshaw@example.com,SG,CHECKING,2025-09-03 00:04:06,ACTIVE
CUST004397,Casey,Lewis,dholt@example.com,FR,SAVINGS,2026-04-20 12:27:10,ACTIVE
CUST004398,Robert,Lopez,kellyanderson@example.org,PK,CHECKING,2022-12-06 19:03:08,SUSPENDED
CUST004399,Anthony,Martin,andradejasmine@example.net,JP,BUSINESS,2022-05-12 03:39:51,ACTIVE
CUST004400,Victoria,Williams,brittany48@example.org,DE,CHECKING,2023-01-13 03:36:54,ACTIVE
CUST004401,Christine,Sampson,hawkinsdeanna@example.net,GB,CHECKING,2022-03-31 16:24:59,SUSPENDED
CUST004402,Beth,Byrd,lisa23@example.org,PK,BUSINESS,2026-07-08 11:29:20,SUSPENDED
CUST004403,Daniel,Johnston,palmerchad@example.org,DE,BUSINESS,2023-04-14 14:13:59,CLOSED
CUST004404,Manuel,Brandt,clintonhaley@example.org,ES,BUSINESS,2025-04-25 15:47:46,ACTIVE
CUST004405,Nicole,Garrett,tbrown@example.net,AU,CHECKING,2022-03-28 11:32:26,SUSPENDED
CUST004406,Rhonda,Miller,hannahwinters@example.org,GB,CHECKING,2022-08-18 05:34:54,ACTIVE
CUST004407,Pamela,Mcguire,uroberts@example.org,IN,CHECKING,2022-08-08 11:40:16,ACTIVE
CUST004408,John,Harris,andrewclay@example.org,ES,CHECKING,2023-12-19 21:10:45,ACTIVE
CUST004409,Stephanie,Baker,russell71@example.com,NL,CHECKING,2026-01-24 16:30:08,CLOSED
CUST004410,Thomas,Myers,mckenzietyler@example.com,FR,CHECKING,2022-12-15 08:45:44,ACTIVE
CUST004411,Michael,Heath,ehernandez@example.com,CA,BUSINESS,2023-06-05 17:00:55,ACTIVE
CUST004412,David,Johnson,eileenmoyer@example.net,IN,BUSINESS,2022-04-21 04:04:25,ACTIVE
CUST004413,Christopher,Compton,stewartpamela@example.com,IT,CHECKING,2021-11-29 17:04:17,SUSPENDED
CUST004414,Stephanie,Malone,nheath@example.org,AE,BUSINESS,2025-04-05 10:10:58,SUSPENDED
CUST004415,Raymond,Murray,reedcathy@example.com,IN,CHECKING,2025-01-09 14:27:05,ACTIVE
CUST004416,Randy,Jacobs,valeriewright@example.net,BE,SAVINGS,2025-07-28 09:45:44,ACTIVE
CUST004417,Brian,Snyder,alexandra00@example.net,IT,CHECKING,2025-11-11 20:44:15,CLOSED
CUST004418,Michelle,Jones,hansenjames@example.org,SG,SAVINGS,2023-06-28 04:30:05,CLOSED
CUST004419,Kenneth,Richard,imorgan@example.com,DE,CHECKING,2024-02-22 06:18:19,ACTIVE
CUST004420,Justin,Dominguez,cindycurtis@example.org,DE,BUSINESS,2025-08-18 20:50:36,ACTIVE
CUST004421,Matthew,Oconnor,hlopez@example.com,DE,BUSINESS,2026-04-04 14:16:19,SUSPENDED
CUST004422,Mary,Thomas,andrea54@example.com,ES,CHECKING,2024-05-04 09:08:45,ACTIVE
CUST004423,Yolanda,Rodriguez,shannonstephanie@example.org,FR,CHECKING,2023-06-23 17:46:05,SUSPENDED
CUST004424,Samantha,Stone,kimberlyyoung@example.com,GB,CHECKING,2026-04-07 10:59:56,ACTIVE
CUST004425,Ann,Harris,kgonzalez@example.net,JP,SAVINGS,2023-04-15 13:44:25,ACTIVE
CUST004426,Dustin,Allen,johnsonheather@example.com,PK,BUSINESS,2023-10-27 18:30:28,SUSPENDED
CUST004427,Scott,Stone,zfisher@example.com,JP,BUSINESS,2026-01-18 13:00:50,ACTIVE
CUST004428,Ryan,Mendoza,corey37@example.org,US,CHECKING,2022-10-04 04:51:21,ACTIVE
CUST004429,Benjamin,Perez,kcook@example.net,IT,CHECKING,2025-05-30 12:55:49,ACTIVE
CUST004430,Timothy,Johnson,michael40@example.net,BE,CHECKING,2022-07-12 20:12:21,CLOSED
CUST004431,Daniel,Parsons,lauren57@example.org,BE,CHECKING,2026-04-11 18:34:55,ACTIVE
CUST004432,Daniel,Collins,jacquelinesnow@example.org,PK,CHECKING,2025-03-03 22:39:38,ACTIVE
CUST004433,Amber,Wilson,paul03@example.com,AU,CHECKING,2022-04-18 23:46:47,ACTIVE
CUST004434,Christopher,Lawson,bgoodman@example.com,GB,BUSINESS,2024-07-22 01:53:55,ACTIVE
CUST004435,Matthew,Mccoy,qmata@example.org,AU,CHECKING,2025-01-13 17:55:57,SUSPENDED
CUST004436,Vincent,Wright,sara37@example.com,ES,BUSINESS,2022-05-30 13:13:45,ACTIVE
CUST004437,Vanessa,Roman,kellylloyd@example.com,AU,SAVINGS,2024-04-29 09:32:15,ACTIVE
CUST004438,Juan,Morgan,emily60@example.org,PK,CHECKING,2023-08-12 17:58:55,ACTIVE
CUST004439,Victoria,York,burkerobert@example.org,PK,SAVINGS,2022-12-11 07:12:19,ACTIVE
CUST004440,Tyler,Hernandez,tanyabennett@example.net,PK,SAVINGS,2025-08-29 14:33:49,ACTIVE
CUST004441,Rebecca,Mcdaniel,pearsonjessica@example.com,AE,CHECKING,2023-06-01 15:28:09,ACTIVE
CUST004442,Peter,Moreno,dominique09@example.com,AE,BUSINESS,2025-06-26 14:52:44,ACTIVE
CUST004443,Andrew,Tyler,jonathannorman@example.net,BE,CHECKING,2026-07-12 12:59:26,SUSPENDED
CUST004444,Christopher,Vega,antonio11@example.org,US,BUSINESS,2025-02-25 02:00:51,SUSPENDED
CUST004445,Linda,Gibbs,allenlisa@example.net,IN,CHECKING,2023-10-17 00:37:02,ACTIVE
CUST004446,Anna,Lopez,chess@example.org,AU,SAVINGS,2025-03-22 06:40:40,ACTIVE
CUST004447,Gerald,Tucker,jennifer95@example.net,ES,CHECKING,2022-09-15 01:50:37,ACTIVE
CUST004448,Kevin,White,jonathan96@example.com,ES,CHECKING,2026-07-20 06:43:52,SUSPENDED
CUST004449,Mark,Taylor,pollardkaren@example.com,BE,SAVINGS,2024-08-28 11:09:48,SUSPENDED
CUST004450,Megan,Anderson,gary00@example.org,GB,SAVINGS,2025-03-06 12:53:57,SUSPENDED
CUST004451,Tammy,Newton,wongsean@example.com,AU,BUSINESS,2024-04-02 06:44:11,ACTIVE
CUST004452,Steven,Bates,heidi59@example.org,ES,BUSINESS,2023-08-23 05:05:01,ACTIVE
CUST004453,Lawrence,Wilson,jdawson@example.org,GB,SAVINGS,2023-01-11 17:41:26,CLOSED
CUST004454,Roberto,Blankenship,rhiggins@example.net,US,BUSINESS,2022-01-15 22:54:37,CLOSED
CUST004455,Brian,Wallace,ghawkins@example.org,US,BUSINESS,2024-01-24 10:08:01,CLOSED
CUST004456,Daisy,Morgan,vcrane@example.net,IN,CHECKING,2023-09-08 06:47:31,SUSPENDED
CUST004457,Blake,Nelson,anita14@example.org,DE,BUSINESS,2023-09-26 08:26:52,SUSPENDED
CUST004458,Lawrence,Bell,kristineaton@example.net,CA,BUSINESS,2023-05-15 00:58:07,ACTIVE
CUST004459,Danielle,Webb,zmarquez@example.net,SG,CHECKING,2025-10-31 21:10:13,ACTIVE
CUST004460,Audrey,Peters,brandontaylor@example.com,BE,CHECKING,2024-11-12 23:36:55,ACTIVE
CUST004461,Joshua,Bryant,fdavis@example.com,IN,CHECKING,2026-01-19 18:14:05,ACTIVE
CUST004462,Ann,Stephenson,houstonmichelle@example.com,CA,SAVINGS,2021-12-20 00:53:48,ACTIVE
CUST004463,Emily,Boyd,charles07@example.net,PK,CHECKING,2026-07-22 16:53:40,ACTIVE
CUST004464,David,Zhang,jonessarah@example.com,PK,SAVINGS,2023-10-25 10:01:13,ACTIVE
CUST004465,Patrick,Banks,kiddmelissa@example.org,IN,CHECKING,2022-02-28 23:20:00,ACTIVE
CUST004466,Katherine,Ellis,gerald47@example.org,US,CHECKING,2026-01-15 04:27:21,CLOSED
CUST004467,Samantha,Hodge,tara23@example.com,PK,SAVINGS,2025-10-03 15:22:15,ACTIVE
CUST004468,Tara,Hansen,dellis@example.com,IT,CHECKING,2026-06-01 07:33:49,ACTIVE
CUST004469,Ann,Martinez,matthewthompson@example.org,SG,CHECKING,2022-12-25 16:55:06,ACTIVE
CUST004470,Christopher,Santos,piercefrank@example.org,SG,BUSINESS,2025-02-07 10:09:36,ACTIVE
CUST004471,Timothy,Bonilla,mendezelizabeth@example.com,GB,BUSINESS,2021-10-25 03:25:45,ACTIVE
CUST004472,Eddie,Jordan,andrealewis@example.net,SG,SAVINGS,2024-09-20 01:54:17,ACTIVE
CUST004473,Stephen,Ortiz,qchang@example.net,FR,BUSINESS,2022-10-14 12:59:35,ACTIVE
CUST004474,Theresa,Mack,calderonjacob@example.net,JP,BUSINESS,2025-09-01 02:57:31,ACTIVE
CUST004475,Alec,Sherman,griffinlisa@example.com,US,BUSINESS,2026-01-27 15:13:37,ACTIVE
CUST004476,Kimberly,Rose,tellison@example.com,FR,CHECKING,2026-08-01 14:13:29,ACTIVE
CUST004477,Jeffrey,Johnson,duncanpamela@example.net,ES,CHECKING,2023-08-24 06:41:43,ACTIVE
CUST004478,Joshua,Nelson,emilyholt@example.com,DE,CHECKING,2024-03-28 10:04:32,CLOSED
CUST004479,Amber,Grimes,christinabailey@example.com,IN,SAVINGS,2024-02-01 06:34:35,ACTIVE
CUST004480,Emily,Adams,randall72@example.com,AE,CHECKING,2025-08-27 11:26:51,SUSPENDED
CUST004481,Randall,Rhodes,ayalawilliam@example.net,SG,CHECKING,2022-07-11 08:43:54,CLOSED
CUST004482,Sean,Willis,wwoods@example.org,SG,SAVINGS,2021-12-28 20:35:14,SUSPENDED
CUST004483,James,Cook,karibrown@example.com,GB,BUSINESS,2023-03-06 07:34:26,ACTIVE
CUST004484,Randy,Frey,brianmartinez@example.net,US,BUSINESS,2024-12-15 20:44:00,ACTIVE
CUST004485,Elizabeth,Mckee,george57@example.org,NL,CHECKING,2023-09-14 20:27:23,ACTIVE
CUST004486,Alejandro,Lozano,duartesteven@example.com,FR,BUSINESS,2021-12-25 07:53:50,ACTIVE
CUST004487,Jessica,Perez,reynoldsmatthew@example.net,AU,CHECKING,2022-11-29 19:08:50,CLOSED
CUST004488,Joseph,Ross,irichardson@example.com,ES,CHECKING,2026-05-25 01:16:04,SUSPENDED
CUST004489,James,Wolf,brownlauren@example.org,IN,SAVINGS,2025-01-17 11:42:06,SUSPENDED
CUST004490,Jennifer,Wang,jamesvasquez@example.org,CA,BUSINESS,2023-06-30 23:21:57,ACTIVE
CUST004491,Victoria,Anderson,heidi28@example.org,PK,BUSINESS,2025-08-10 06:30:12,CLOSED
CUST004492,Donald,Buchanan,tylerthompson@example.com,NL,BUSINESS,2026-07-31 15:04:16,ACTIVE
CUST004493,Jared,Johnson,jennifersummers@example.net,GB,CHECKING,2022-02-06 18:38:21,ACTIVE
CUST004494,Adam,Schwartz,douglas34@example.org,DE,BUSINESS,2023-05-22 13:28:25,SUSPENDED
CUST004495,Julia,Smith,jameseaton@example.org,ES,BUSINESS,2022-09-14 01:40:50,ACTIVE
CUST004496,Cynthia,Medina,amandarichardson@example.net,GB,BUSINESS,2022-05-08 18:07:41,ACTIVE
CUST004497,David,Brewer,adamsjeffery@example.org,IT,SAVINGS,2026-02-07 17:59:50,ACTIVE
CUST004498,Lauren,May,karen17@example.com,IN,BUSINESS,2026-07-05 15:27:46,CLOSED
CUST004499,Donna,Fernandez,tphillips@example.com,AU,CHECKING,2024-04-05 19:00:41,SUSPENDED
CUST004500,Kevin,Collier,codyburns@example.net,US,SAVINGS,2026-03-28 06:18:15,SUSPENDED
CUST004501,Latasha,Ford,ryanjohnson@example.org,IN,SAVINGS,2022-11-20 10:15:47,ACTIVE
CUST004502,Crystal,Cole,xboyd@example.net,FR,SAVINGS,2023-05-21 19:53:43,SUSPENDED
CUST004503,Jose,Nixon,cynthiaarmstrong@example.org,IT,SAVINGS,2025-07-14 17:47:58,ACTIVE
CUST004504,Christina,Lawson,ericamiller@example.com,DE,CHECKING,2021-11-04 11:37:28,ACTIVE
CUST004505,John,Davis,katherine65@example.com,AU,SAVINGS,2022-05-03 04:28:55,ACTIVE
CUST004506,Erin,Luna,martinfoster@example.com,IT,SAVINGS,2026-02-08 12:08:24,ACTIVE
CUST004507,Richard,Lambert,powellstephen@example.com,CA,CHECKING,2025-11-07 22:24:12,ACTIVE
CUST004508,Robert,Davis,maria98@example.com,IT,BUSINESS,2023-09-30 16:04:16,ACTIVE
CUST004509,Douglas,Silva,zamoraaaron@example.net,AE,SAVINGS,2024-07-01 02:52:40,ACTIVE
CUST004510,Jacob,Thomas,jjames@example.org,CA,CHECKING,2024-05-31 23:59:13,ACTIVE
CUST004511,Michael,Malone,rebeccaalexander@example.org,IT,SAVINGS,2026-07-09 23:25:02,ACTIVE
CUST004512,Erica,Perry,christina94@example.org,AU,BUSINESS,2023-05-12 03:34:42,ACTIVE
CUST004513,Angela,Bailey,robert65@example.org,AU,SAVINGS,2022-04-13 21:22:25,ACTIVE
CUST004514,Terry,Palmer,anthonyhernandez@example.org,FR,SAVINGS,2021-10-13 05:57:15,ACTIVE
CUST004515,Eileen,Doyle,ycase@example.net,NL,CHECKING,2024-11-05 19:04:16,ACTIVE
CUST004516,Jeffrey,Paul,michaelmyers@example.com,AE,SAVINGS,2023-05-24 00:48:08,SUSPENDED
CUST004517,Jennifer,Serrano,staceyharris@example.net,CA,CHECKING,2025-06-29 20:08:11,ACTIVE
CUST004518,Joseph,Lewis,simmonspeter@example.org,AE,SAVINGS,2026-08-02 06:36:30,ACTIVE
CUST004519,David,Morrison,ana66@example.net,ES,BUSINESS,2021-11-04 15:12:38,ACTIVE
CUST004520,Julie,Clark,roberttorres@example.com,BE,SAVINGS,2026-05-23 22:27:39,CLOSED
CUST004521,Olivia,Burton,elizabethpalmer@example.net,DE,BUSINESS,2024-09-26 11:31:24,ACTIVE
CUST004522,Crystal,Ramirez,yfrey@example.org,FR,BUSINESS,2021-11-05 13:50:38,SUSPENDED
CUST004523,Carol,Simpson,xcarter@example.net,US,BUSINESS,2024-10-04 19:20:07,ACTIVE
CUST004524,Danielle,Hansen,mitchellkaren@example.org,NL,CHECKING,2023-12-18 05:36:32,ACTIVE
CUST004525,Robert,Ali,jonathan73@example.net,JP,SAVINGS,2023-08-21 21:20:46,ACTIVE
CUST004526,Amber,Tate,manningkristin@example.net,PK,BUSINESS,2024-06-02 00:24:39,ACTIVE
CUST004527,David,Harding,hopkinspaul@example.com,SG,CHECKING,2022-05-25 11:45:10,ACTIVE
CUST004528,Angela,Ramos,jody71@example.net,AE,BUSINESS,2026-02-22 23:23:40,ACTIVE
CUST004529,Sandra,Fernandez,tiffanyhill@example.com,AE,BUSINESS,2024-08-31 16:06:02,ACTIVE
CUST004530,Bradley,Weiss,christine80@example.com,CA,BUSINESS,2022-12-28 13:24:26,CLOSED
CUST004531,Julie,Brown,brandonvalencia@example.net,JP,BUSINESS,2024-12-18 22:53:17,ACTIVE
CUST004532,Juan,Pham,josephwalker@example.org,US,CHECKING,2024-09-11 18:04:03,ACTIVE
CUST004533,John,Sullivan,gregory12@example.org,NL,SAVINGS,2024-09-03 11:53:12,CLOSED
CUST004534,Paul,Carson,hbrown@example.net,IN,SAVINGS,2022-01-12 07:13:09,ACTIVE
CUST004535,Jason,Parrish,yhowell@example.com,PK,BUSINESS,2021-08-27 14:50:45,SUSPENDED
CUST004536,Rebecca,Matthews,lewisrichard@example.com,IT,CHECKING,2023-12-31 14:34:35,CLOSED
CUST004537,Stephen,Navarro,sandovalnicole@example.com,AU,CHECKING,2022-05-04 07:49:05,ACTIVE
CUST004538,Jacob,Wilson,bradley39@example.net,AU,BUSINESS,2025-02-03 22:45:31,SUSPENDED
CUST004539,Holly,Werner,tmckinney@example.net,DE,CHECKING,2022-03-31 08:31:35,ACTIVE
CUST004540,Danielle,Leach,williamsmaria@example.org,AE,SAVINGS,2024-04-26 14:03:40,CLOSED
CUST004541,Adriana,Walker,nathanbruce@example.com,IN,CHECKING,2025-01-22 14:54:10,SUSPENDED
CUST004542,Aaron,Briggs,leslie00@example.org,DE,SAVINGS,2026-08-20 11:36:34,ACTIVE
CUST004543,Matthew,Bond,kristinesmith@example.org,ES,SAVINGS,2022-03-26 12:57:10,ACTIVE
CUST004544,Jack,Phillips,melissa18@example.org,DE,SAVINGS,2024-11-01 21:04:11,CLOSED
CUST004545,Angelica,Cruz,harpercathy@example.net,BE,SAVINGS,2022-08-20 16:03:42,ACTIVE
CUST004546,Jake,Morales,barry55@example.org,DE,CHECKING,2026-07-18 18:07:35,SUSPENDED
CUST004547,Cody,Hess,martharay@example.net,NL,SAVINGS,2025-05-17 08:33:56,ACTIVE
CUST004548,Christopher,Hamilton,ajones@example.net,AE,SAVINGS,2021-09-30 02:23:22,ACTIVE
CUST004549,Dawn,Bishop,carlaharris@example.org,DE,BUSINESS,2026-05-26 16:00:52,SUSPENDED
CUST004550,Rebecca,Best,andre19@example.com,FR,SAVINGS,2022-05-12 14:34:38,ACTIVE
CUST004551,Eric,Garza,lisajones@example.org,GB,SAVINGS,2024-01-10 16:27:25,CLOSED
CUST004552,Barbara,Martin,bobbysavage@example.com,PK,BUSINESS,2021-12-31 22:26:12,ACTIVE
CUST004553,Elizabeth,Acevedo,timothylowe@example.com,US,SAVINGS,2025-11-13 13:41:44,CLOSED
CUST004554,Michael,Peters,cmoore@example.com,IN,BUSINESS,2026-04-01 23:47:17,ACTIVE
CUST004555,Adam,Ross,vaughnpaula@example.org,BE,CHECKING,2025-03-05 07:39:49,SUSPENDED
CUST004556,Kristina,Yang,santossabrina@example.com,CA,SAVINGS,2024-10-19 21:04:35,ACTIVE
CUST004557,Sherry,Jordan,knunez@example.org,PK,BUSINESS,2022-08-26 17:00:30,ACTIVE
CUST004558,Angela,Williams,weaverrachel@example.net,AU,BUSINESS,2022-10-08 19:58:38,ACTIVE
CUST004559,Michelle,Page,nancymendez@example.net,SG,CHECKING,2023-07-15 02:50:07,CLOSED
CUST004560,James,White,brandy87@example.net,FR,CHECKING,2022-10-20 22:39:38,ACTIVE
CUST004561,Brian,French,dannymitchell@example.net,NL,SAVINGS,2024-07-19 10:24:26,ACTIVE
CUST004562,Carol,Peters,singletonnicole@example.net,AU,SAVINGS,2024-12-09 12:50:55,ACTIVE
CUST004563,Cynthia,Duncan,ddalton@example.com,IT,SAVINGS,2024-09-14 19:22:29,SUSPENDED
CUST004564,Anthony,Martin,thomasbrandon@example.org,JP,CHECKING,2025-03-29 04:13:15,ACTIVE
CUST004565,Adam,Martinez,kimberly80@example.com,US,SAVINGS,2023-10-27 01:33:10,CLOSED
CUST004566,Julie,Aguirre,walterjacqueline@example.net,PK,SAVINGS,2025-11-24 13:23:36,ACTIVE
CUST004567,Rebecca,Scott,joshuaelliott@example.com,DE,CHECKING,2024-01-13 22:04:22,ACTIVE
CUST004568,Ashlee,Gomez,rsmith@example.net,PK,SAVINGS,2024-06-23 06:05:18,SUSPENDED
CUST004569,Maria,Buck,gutierrezdavid@example.com,IT,SAVINGS,2023-11-18 07:57:31,ACTIVE
CUST004570,Matthew,Reynolds,gabriellelittle@example.com,DE,SAVINGS,2026-07-06 01:17:17,ACTIVE
CUST004571,Desiree,Freeman,charlenehill@example.com,AU,SAVINGS,2022-11-12 23:43:19,ACTIVE
CUST004572,Elizabeth,Barrett,christine77@example.com,SG,BUSINESS,2023-03-05 01:01:45,SUSPENDED
CUST004573,Leslie,Lee,shawn69@example.org,DE,SAVINGS,2024-08-02 13:53:34,SUSPENDED
CUST004574,James,Davis,tyler86@example.org,FR,BUSINESS,2025-08-22 21:15:01,ACTIVE
CUST004575,Veronica,Chambers,uwu@example.net,US,CHECKING,2021-10-08 23:21:04,ACTIVE
CUST004576,Dennis,Casey,zanderson@example.com,BE,BUSINESS,2024-12-13 04:56:24,ACTIVE
CUST004577,Christopher,Blake,utaylor@example.net,AU,SAVINGS,2025-01-16 04:09:52,ACTIVE
CUST004578,Ryan,Tate,candice24@example.com,PK,SAVINGS,2026-04-25 06:18:28,SUSPENDED
CUST004579,Brooke,Welch,cwebb@example.org,US,CHECKING,2025-01-06 06:47:19,ACTIVE
CUST004580,Mike,Moore,rreese@example.com,IT,CHECKING,2022-01-11 16:10:58,SUSPENDED
CUST004581,Eric,Prince,ncrane@example.org,NL,SAVINGS,2022-11-26 18:58:39,ACTIVE
CUST004582,Marco,Hill,matthewpeterson@example.net,DE,CHECKING,2024-12-20 00:31:29,ACTIVE
CUST004583,Mariah,Smith,julie89@example.com,NL,SAVINGS,2024-12-20 15:29:01,ACTIVE
CUST004584,Natalie,Chavez,coxmelinda@example.com,NL,BUSINESS,2022-12-05 02:53:44,SUSPENDED
CUST004585,Alan,Ward,marksaunders@example.org,IN,SAVINGS,2022-08-30 06:33:42,CLOSED
CUST004586,Zachary,Watson,nsmith@example.net,IT,BUSINESS,2023-08-09 20:30:00,ACTIVE
CUST004587,Keith,Hernandez,davidrobbins@example.org,ES,CHECKING,2021-09-15 01:32:20,ACTIVE
CUST004588,Cassandra,Ware,sabrina31@example.com,PK,SAVINGS,2022-04-15 19:29:11,ACTIVE
CUST004589,Juan,Johnson,qhunt@example.net,AE,SAVINGS,2023-04-29 00:18:22,ACTIVE
CUST004590,Erin,Reid,ivargas@example.org,IT,SAVINGS,2024-03-26 03:31:40,SUSPENDED
CUST004591,Brandon,Hernandez,simmonsalyssa@example.org,US,SAVINGS,2022-06-09 13:40:44,CLOSED
CUST004592,Jay,Dean,shawdenise@example.org,SG,CHECKING,2026-06-21 15:33:51,SUSPENDED
CUST004593,Patrick,Hensley,teresacooper@example.com,BE,BUSINESS,2026-01-24 22:26:31,CLOSED
CUST004594,Kelsey,Fischer,rcochran@example.com,GB,CHECKING,2024-09-21 23:44:46,CLOSED
CUST004595,William,Hayes,kimberly52@example.com,AE,BUSINESS,2023-06-18 21:07:30,ACTIVE
CUST004596,Katrina,Turner,jamestodd@example.com,DE,BUSINESS,2022-12-01 16:30:03,CLOSED
CUST004597,Leonard,Phillips,davidmorris@example.com,AU,CHECKING,2022-08-23 05:09:20,ACTIVE
CUST004598,Carlos,Owens,angelarivera@example.org,JP,BUSINESS,2023-10-16 16:14:52,ACTIVE
CUST004599,Matthew,Hall,williamruiz@example.org,FR,CHECKING,2023-11-17 11:05:08,SUSPENDED
CUST004600,Scott,Kennedy,therman@example.org,PK,CHECKING,2026-03-06 04:42:25,SUSPENDED
CUST004601,David,Payne,tevans@example.net,IN,SAVINGS,2025-11-27 15:16:18,ACTIVE
CUST004602,Sean,Sharp,briankennedy@example.org,AE,BUSINESS,2022-04-06 23:00:09,SUSPENDED
CUST004603,Gabriella,Underwood,mpeters@example.org,NL,BUSINESS,2022-07-10 14:50:32,ACTIVE
CUST004604,Nathan,Brady,randydavis@example.net,US,CHECKING,2021-12-10 13:16:50,SUSPENDED
CUST004605,Timothy,Phillips,scottstephanie@example.org,JP,BUSINESS,2021-09-06 06:03:51,ACTIVE
CUST004606,Cynthia,Martinez,smiller@example.com,FR,CHECKING,2022-11-10 16:39:04,ACTIVE
CUST004607,Brittany,Camacho,wvelazquez@example.net,GB,BUSINESS,2025-07-28 20:49:10,CLOSED
CUST004608,Larry,Huynh,cesarflynn@example.com,AE,CHECKING,2022-06-21 20:35:47,CLOSED
CUST004609,Lisa,Sutton,jeremy34@example.net,GB,CHECKING,2025-06-26 10:33:54,ACTIVE
CUST004610,Franklin,Reynolds,bjohnson@example.org,IT,CHECKING,2023-05-27 13:21:53,CLOSED
CUST004611,Latoya,Turner,kevin97@example.com,FR,SAVINGS,2026-04-07 16:43:42,ACTIVE
CUST004612,Jacqueline,Cervantes,usims@example.net,FR,SAVINGS,2026-02-06 21:43:33,ACTIVE
CUST004613,William,Massey,dhunt@example.net,CA,CHECKING,2022-10-05 22:56:20,SUSPENDED
CUST004614,Darrell,Armstrong,victorscott@example.com,JP,SAVINGS,2025-05-14 12:10:13,SUSPENDED
CUST004615,Tiffany,Robinson,travisroberts@example.org,GB,SAVINGS,2023-06-10 22:55:17,ACTIVE
CUST004616,Jason,Martin,jermaineguzman@example.com,IN,BUSINESS,2026-05-21 05:23:25,SUSPENDED
CUST004617,Blake,Hobbs,robertsjamie@example.org,CA,SAVINGS,2024-04-21 10:20:33,ACTIVE
CUST004618,Jessica,Johns,laurenpeters@example.com,PK,CHECKING,2025-07-24 02:48:00,SUSPENDED
CUST004619,Thomas,Garrison,adam03@example.com,GB,SAVINGS,2024-12-03 14:38:28,ACTIVE
CUST004620,Robert,Bolton,richard07@example.com,CA,BUSINESS,2022-11-01 02:28:53,ACTIVE
CUST004621,Fernando,Riddle,davidrasmussen@example.net,CA,SAVINGS,2026-03-26 08:34:27,SUSPENDED
CUST004622,David,Carpenter,michelegordon@example.net,NL,BUSINESS,2023-01-20 05:01:09,SUSPENDED
CUST004623,Timothy,Tyler,qanderson@example.net,JP,SAVINGS,2023-06-25 23:38:26,CLOSED
CUST004624,Carol,Gonzalez,escobarjennifer@example.com,PK,CHECKING,2026-08-20 19:42:14,ACTIVE
CUST004625,Yesenia,Jordan,eileenjohnson@example.com,AE,CHECKING,2025-01-21 23:32:28,ACTIVE
CUST004626,Donna,Sanders,amy31@example.org,JP,CHECKING,2023-05-16 06:09:05,CLOSED
CUST004627,Johnny,Sloan,yolandameyer@example.net,PK,SAVINGS,2024-01-03 10:37:31,ACTIVE
CUST004628,Beth,Key,rodriguezabigail@example.com,US,BUSINESS,2025-05-01 17:51:38,CLOSED
CUST004629,Michael,Moore,howard06@example.net,PK,BUSINESS,2023-08-25 17:02:20,ACTIVE
CUST004630,Taylor,Fleming,bsherman@example.com,JP,SAVINGS,2026-05-28 13:36:52,CLOSED
CUST004631,Jennifer,Hurley,hking@example.org,AU,CHECKING,2022-05-10 20:22:48,ACTIVE
CUST004632,Hannah,Barber,sara85@example.net,IN,SAVINGS,2023-11-05 01:48:27,ACTIVE
CUST004633,Garrett,Dean,mberry@example.org,IT,SAVINGS,2023-06-04 11:39:08,CLOSED
CUST004634,Kathryn,Ortiz,frogers@example.org,GB,CHECKING,2025-10-22 07:23:35,ACTIVE
CUST004635,Ricardo,Patterson,xalvarez@example.net,IN,SAVINGS,2023-06-07 16:09:04,ACTIVE
CUST004636,Michael,Hansen,clarkkimberly@example.org,BE,SAVINGS,2025-10-11 22:43:37,SUSPENDED
CUST004637,Jonathan,Larson,jeffrey80@example.net,PK,BUSINESS,2026-04-12 22:10:03,SUSPENDED
CUST004638,Lauren,White,mwyatt@example.org,FR,SAVINGS,2021-10-04 19:34:29,ACTIVE
CUST004639,Erin,Burns,bwilson@example.org,CA,SAVINGS,2022-06-13 10:41:13,ACTIVE
CUST004640,Charles,Walker,cookalicia@example.org,PK,BUSINESS,2024-04-07 19:48:50,ACTIVE
CUST004641,Justin,Curry,fbonilla@example.net,NL,SAVINGS,2022-12-24 00:37:59,ACTIVE
CUST004642,Katherine,Green,millermichelle@example.net,FR,SAVINGS,2024-12-30 21:37:52,ACTIVE
CUST004643,Colton,Peck,margaret90@example.com,FR,CHECKING,2026-07-03 12:45:20,ACTIVE
CUST004644,Stephanie,Cooper,qwalker@example.org,AE,SAVINGS,2024-11-22 12:01:30,CLOSED
CUST004645,Shawn,Mays,omurray@example.com,IN,BUSINESS,2025-06-30 01:34:56,CLOSED
CUST004646,Hunter,Johnson,zwilson@example.org,BE,SAVINGS,2023-04-19 04:27:43,ACTIVE
CUST004647,Stephen,Reynolds,emilybrown@example.net,AU,SAVINGS,2024-12-09 16:38:20,ACTIVE
CUST004648,Ashley,Gonzales,paulapruitt@example.net,CA,SAVINGS,2025-08-21 12:23:05,ACTIVE
CUST004649,Dale,Richard,michael79@example.org,AU,BUSINESS,2022-12-26 02:44:10,SUSPENDED
CUST004650,Kayla,Burns,wilsonerin@example.com,IN,CHECKING,2022-06-19 08:12:59,CLOSED
CUST004651,Martha,Owens,zharris@example.org,GB,CHECKING,2025-03-02 19:37:39,SUSPENDED
CUST004652,Adam,Burch,aromero@example.net,SG,CHECKING,2026-05-05 22:17:38,SUSPENDED
CUST004653,Hailey,Dillon,cwebster@example.net,PK,SAVINGS,2024-07-26 04:52:02,CLOSED
CUST004654,Emily,Wells,vincent79@example.com,ES,SAVINGS,2023-06-16 19:15:21,ACTIVE
CUST004655,Stacy,Moon,fhill@example.org,DE,BUSINESS,2023-01-30 02:22:29,ACTIVE
CUST004656,Patrick,Hernandez,qfranco@example.com,CA,CHECKING,2024-08-18 21:38:08,CLOSED
CUST004657,Brooke,Stokes,jill87@example.net,AE,SAVINGS,2024-12-10 14:25:05,ACTIVE
CUST004658,Paul,Green,teresa15@example.com,IN,BUSINESS,2023-09-05 19:34:09,ACTIVE
CUST004659,Joshua,Ramos,michelle02@example.com,BE,CHECKING,2021-11-06 12:53:06,ACTIVE
CUST004660,Kim,Allen,pjackson@example.org,DE,CHECKING,2026-05-28 17:07:15,SUSPENDED
CUST004661,Jessica,Shelton,oedwards@example.net,FR,BUSINESS,2023-11-07 05:12:14,CLOSED
CUST004662,Marvin,Johnson,wballard@example.com,ES,CHECKING,2026-05-12 13:56:08,CLOSED
CUST004663,Michelle,Johnson,xwarren@example.org,SG,BUSINESS,2026-03-05 15:11:54,ACTIVE
CUST004664,Jason,Daniel,sara93@example.org,AU,SAVINGS,2022-09-04 23:39:30,ACTIVE
CUST004665,John,Burke,theresa80@example.net,SG,BUSINESS,2024-01-02 03:13:58,ACTIVE
CUST004666,Lisa,Johnson,stephenbrown@example.com,US,BUSINESS,2022-05-23 21:22:53,ACTIVE
CUST004667,Michael,Griffith,zrobinson@example.net,ES,CHECKING,2023-11-03 16:54:47,ACTIVE
CUST004668,Mary,Edwards,phamnatasha@example.com,NL,CHECKING,2024-09-19 22:42:07,CLOSED
CUST004669,Zachary,Booth,bwelch@example.org,IN,CHECKING,2023-05-15 08:15:34,SUSPENDED
CUST004670,Patricia,Middleton,bcampbell@example.com,AE,SAVINGS,2024-12-31 21:10:02,ACTIVE
CUST004671,Michelle,Reese,jefferyvincent@example.org,NL,CHECKING,2025-10-12 11:06:57,ACTIVE
CUST004672,James,Bowers,vbaker@example.net,JP,CHECKING,2022-11-24 01:16:53,CLOSED
CUST004673,Kimberly,Erickson,lisa10@example.org,IN,CHECKING,2021-10-30 04:11:44,ACTIVE
CUST004674,Harold,Burns,webbamanda@example.net,US,BUSINESS,2024-06-09 05:06:18,ACTIVE
CUST004675,Danny,Evans,brittany77@example.net,DE,CHECKING,2025-08-22 15:14:37,ACTIVE
CUST004676,James,Gonzalez,michellejohnson@example.org,NL,CHECKING,2023-11-22 09:38:31,ACTIVE
CUST004677,John,Preston,xatkins@example.com,DE,SAVINGS,2025-09-03 05:03:24,ACTIVE
CUST004678,Allison,Clark,andrew52@example.com,PK,CHECKING,2021-12-01 23:18:35,SUSPENDED
CUST004679,Jacob,Mcdonald,evalencia@example.com,DE,SAVINGS,2025-04-30 20:41:42,ACTIVE
CUST004680,Katelyn,Brown,fieldsrobin@example.net,GB,CHECKING,2022-09-01 12:28:49,SUSPENDED
CUST004681,Shelly,Greene,nicoleross@example.org,JP,CHECKING,2023-07-05 01:56:36,ACTIVE
CUST004682,Ashley,Anderson,xmurray@example.net,JP,SAVINGS,2026-01-29 21:40:19,SUSPENDED
CUST004683,Tammy,Choi,gravestammy@example.org,PK,SAVINGS,2025-11-20 09:56:24,SUSPENDED
CUST004684,Robert,Mason,cookheather@example.org,AE,CHECKING,2025-10-23 14:32:12,ACTIVE
CUST004685,Beth,Blake,xkirk@example.org,NL,CHECKING,2021-11-26 13:25:39,ACTIVE
CUST004686,Lori,Adams,djohnson@example.net,JP,BUSINESS,2023-05-24 08:02:54,CLOSED
CUST004687,Kathleen,Becker,scott48@example.org,IN,CHECKING,2021-09-27 11:53:50,ACTIVE
CUST004688,Jeremy,Holmes,steven65@example.net,BE,SAVINGS,2024-01-27 03:38:01,SUSPENDED
CUST004689,Hannah,Smith,natalie92@example.com,AU,BUSINESS,2023-03-22 07:42:04,CLOSED
CUST004690,Willie,Mendez,davidhayes@example.net,FR,CHECKING,2023-09-25 05:12:33,CLOSED
CUST004691,Latoya,Hartman,john16@example.com,SG,SAVINGS,2026-01-24 17:54:10,ACTIVE
CUST004692,Mark,Weber,stacy40@example.net,IT,BUSINESS,2026-06-06 10:39:09,ACTIVE
CUST004693,Donna,Santana,andrewforbes@example.net,CA,CHECKING,2021-12-08 02:12:11,CLOSED
CUST004694,Steven,Clay,tsmith@example.com,CA,CHECKING,2022-12-18 12:44:37,ACTIVE
CUST004695,Rodney,Weber,martinezmichael@example.org,IN,SAVINGS,2021-12-20 19:09:47,ACTIVE
CUST004696,Rachel,Lawson,ojames@example.org,PK,CHECKING,2023-01-20 12:25:59,ACTIVE
CUST004697,Renee,Howard,agomez@example.org,BE,CHECKING,2021-11-24 15:52:43,ACTIVE
CUST004698,Scott,Day,prattjoshua@example.org,DE,BUSINESS,2023-03-07 17:04:42,ACTIVE
CUST004699,Felicia,Clark,anthonythomas@example.net,NL,SAVINGS,2024-09-08 12:11:08,SUSPENDED
CUST004700,Jason,Hansen,adam42@example.org,IT,CHECKING,2022-04-26 00:09:12,ACTIVE
CUST004701,Elizabeth,Schmidt,changheather@example.com,SG,BUSINESS,2026-01-18 06:54:53,ACTIVE
CUST004702,David,Kerr,allison10@example.net,US,BUSINESS,2023-09-02 09:34:45,SUSPENDED
CUST004703,Renee,Brown,kenneth47@example.org,GB,BUSINESS,2026-01-15 06:19:15,SUSPENDED
CUST004704,Michael,Avila,ngreene@example.net,PK,CHECKING,2026-02-12 22:33:12,ACTIVE
CUST004705,Shelley,Hernandez,danielle53@example.net,ES,CHECKING,2022-07-17 14:59:19,ACTIVE
CUST004706,Nicholas,Miller,toddheath@example.org,GB,CHECKING,2026-01-12 04:50:27,CLOSED
CUST004707,Monica,Kim,melissa95@example.org,AE,BUSINESS,2025-12-09 17:16:51,ACTIVE
CUST004708,Matthew,Pitts,deborah68@example.net,ES,CHECKING,2022-04-28 17:45:01,SUSPENDED
CUST004709,Matthew,Morgan,sanchezsharon@example.org,GB,SAVINGS,2026-07-17 12:21:12,SUSPENDED
CUST004710,Rodney,Acosta,megan48@example.com,AU,BUSINESS,2024-12-11 22:49:32,ACTIVE
CUST004711,Dale,Lloyd,summerskathryn@example.net,IN,SAVINGS,2026-05-13 22:48:36,CLOSED
CUST004712,Juan,Stevenson,jillian89@example.org,DE,BUSINESS,2023-10-27 16:22:59,SUSPENDED
CUST004713,Keith,Joseph,youngmartin@example.com,GB,CHECKING,2025-02-28 12:47:07,CLOSED
CUST004714,Caitlin,Ward,carolyn35@example.com,BE,SAVINGS,2025-12-21 17:07:12,ACTIVE
CUST004715,William,Trevino,elizabethgriffin@example.com,US,CHECKING,2024-03-14 14:45:19,ACTIVE
CUST004716,Sergio,Huff,rpeck@example.com,CA,SAVINGS,2026-07-15 03:24:55,CLOSED
CUST004717,Morgan,Wood,martinezwillie@example.org,GB,SAVINGS,2024-02-07 16:15:20,CLOSED
CUST004718,Jill,Burnett,timothyharrison@example.org,IN,BUSINESS,2021-10-17 08:52:45,CLOSED
CUST004719,Trevor,Page,patricia94@example.net,BE,SAVINGS,2024-04-16 06:46:24,ACTIVE
CUST004720,Ashley,Mclaughlin,umosley@example.org,DE,CHECKING,2025-05-12 05:52:59,ACTIVE
CUST004721,Ronald,Gonzalez,kristin71@example.org,GB,CHECKING,2024-06-15 09:48:10,ACTIVE
CUST004722,Michael,Walker,conradkimberly@example.com,IT,CHECKING,2025-06-13 11:28:10,ACTIVE
CUST004723,Joseph,Navarro,bennettdavid@example.org,JP,SAVINGS,2022-12-13 23:00:50,ACTIVE
CUST004724,Travis,Frazier,zward@example.org,ES,SAVINGS,2024-01-21 19:16:15,ACTIVE
CUST004725,Lisa,Fry,joshuacrawford@example.net,FR,SAVINGS,2022-01-26 00:40:56,ACTIVE
CUST004726,Brian,Campbell,matthew34@example.com,SG,SAVINGS,2024-09-03 10:10:54,ACTIVE
CUST004727,Cindy,Rogers,sandra21@example.com,US,BUSINESS,2026-05-25 20:55:21,ACTIVE
CUST004728,Stephanie,Alvarado,nathancordova@example.net,PK,CHECKING,2025-10-06 03:08:47,CLOSED
CUST004729,Holly,Valencia,dperry@example.net,DE,SAVINGS,2024-09-04 21:35:52,ACTIVE
CUST004730,Katherine,Turner,johnsonrobert@example.net,AU,CHECKING,2022-01-30 08:18:47,CLOSED
CUST004731,Kelly,Miller,woodmark@example.com,IT,CHECKING,2026-05-28 16:54:50,CLOSED
CUST004732,Manuel,Moore,oaguilar@example.com,NL,BUSINESS,2026-05-18 20:44:04,CLOSED
CUST004733,Patrick,Williams,monicabarnett@example.com,PK,BUSINESS,2021-12-15 11:06:33,ACTIVE
CUST004734,Alexandra,Sosa,debbie01@example.org,AU,BUSINESS,2024-10-13 12:37:46,SUSPENDED
CUST004735,Nathan,Farmer,carladavis@example.com,JP,SAVINGS,2023-05-23 04:02:05,ACTIVE
CUST004736,Glen,Martin,brandon93@example.net,IN,SAVINGS,2023-09-01 22:26:17,ACTIVE
CUST004737,Jasmine,Shepard,lsanchez@example.org,IT,CHECKING,2023-03-23 01:27:43,SUSPENDED
CUST004738,Renee,Wade,amyfields@example.net,US,CHECKING,2023-02-03 06:33:09,ACTIVE
CUST004739,Sherry,Gamble,hansenchristina@example.net,GB,CHECKING,2024-03-05 16:41:13,ACTIVE
CUST004740,Justin,Crosby,mullinsrobert@example.com,US,CHECKING,2025-04-29 12:10:01,CLOSED
CUST004741,Richard,Adkins,nicole20@example.net,BE,BUSINESS,2023-08-18 02:06:16,SUSPENDED
CUST004742,Kerry,Lyons,kellynewton@example.com,IT,BUSINESS,2025-05-07 20:35:26,ACTIVE
CUST004743,Kelly,Ramirez,bparker@example.com,NL,CHECKING,2025-08-03 06:30:17,CLOSED
CUST004744,Deborah,Lee,kathleengreene@example.com,FR,SAVINGS,2025-02-08 07:29:48,ACTIVE
CUST004745,John,Wheeler,april87@example.com,ES,SAVINGS,2024-03-21 20:18:59,ACTIVE
CUST004746,Joseph,Knight,paul71@example.com,PK,BUSINESS,2023-11-02 16:45:23,CLOSED
CUST004747,Patrick,Bishop,john55@example.com,FR,SAVINGS,2025-01-29 17:06:39,ACTIVE
CUST004748,Larry,Thomas,alejandro26@example.net,DE,SAVINGS,2021-09-28 23:37:30,ACTIVE
CUST004749,Melanie,Mcmillan,ladams@example.com,IN,SAVINGS,2024-12-20 15:01:51,ACTIVE
CUST004750,Robert,Ferrell,benjamindavid@example.net,NL,SAVINGS,2023-03-14 02:46:07,ACTIVE
CUST004751,Mary,Ray,johnbarton@example.net,GB,CHECKING,2022-10-23 06:09:49,CLOSED
CUST004752,Joseph,Castro,jacobwilliams@example.com,AE,SAVINGS,2023-06-02 01:06:57,SUSPENDED
CUST004753,Jerry,Mann,brian61@example.org,AU,CHECKING,2026-01-10 12:40:16,SUSPENDED
CUST004754,Robert,Gillespie,tyler30@example.com,NL,BUSINESS,2024-06-14 19:39:19,SUSPENDED
CUST004755,Mark,Cruz,emma76@example.net,US,BUSINESS,2024-10-23 17:39:45,ACTIVE
CUST004756,Margaret,Stevens,ahoffman@example.org,IN,SAVINGS,2024-08-24 20:10:18,CLOSED
CUST004757,Matthew,Atkinson,sabrinawalsh@example.com,DE,CHECKING,2025-04-04 21:01:29,ACTIVE
CUST004758,Jose,Scott,jason63@example.org,FR,CHECKING,2025-08-15 01:15:57,ACTIVE
CUST004759,Benjamin,Jenkins,suzanne53@example.com,DE,SAVINGS,2023-10-21 02:50:15,SUSPENDED
CUST004760,Gregory,Brown,christophercohen@example.com,IT,CHECKING,2025-06-02 01:27:57,ACTIVE
CUST004761,John,Baldwin,derrick35@example.org,IT,BUSINESS,2026-07-15 04:31:50,ACTIVE
CUST004762,Christopher,Maddox,emily05@example.com,IN,BUSINESS,2024-10-30 15:39:36,ACTIVE
CUST004763,Courtney,Young,natasha85@example.org,PK,BUSINESS,2026-04-09 19:49:25,ACTIVE
CUST004764,Christopher,Baker,ritawhitaker@example.net,NL,CHECKING,2026-06-08 13:50:00,ACTIVE
CUST004765,Vincent,Hickman,njenkins@example.org,FR,SAVINGS,2025-10-25 17:57:48,ACTIVE
CUST004766,Emily,Holt,chandavid@example.org,NL,SAVINGS,2026-04-23 22:40:01,CLOSED
CUST004767,Cody,Morales,doyletravis@example.org,AE,SAVINGS,2024-09-28 05:30:39,ACTIVE
CUST004768,Edward,Morrison,michael49@example.com,SG,CHECKING,2024-09-22 16:43:04,ACTIVE
CUST004769,Christine,Smith,thomaswarner@example.com,AU,SAVINGS,2025-04-19 23:48:57,ACTIVE
CUST004770,Cody,Wilson,jason83@example.org,ES,SAVINGS,2024-04-21 03:57:54,ACTIVE
CUST004771,Sheri,Smith,vmendoza@example.net,AE,BUSINESS,2024-10-06 11:06:34,SUSPENDED
CUST004772,David,Williams,smithkaren@example.org,JP,SAVINGS,2022-07-29 07:07:48,ACTIVE
CUST004773,Richard,Matthews,matthew37@example.org,CA,BUSINESS,2024-01-20 05:12:02,ACTIVE
CUST004774,Yesenia,Allen,bradleysanchez@example.net,AU,SAVINGS,2022-09-21 17:48:50,SUSPENDED
CUST004775,Scott,Wright,whiteronald@example.com,NL,SAVINGS,2025-01-13 10:59:27,SUSPENDED
CUST004776,Melissa,Thompson,richardstrong@example.com,IT,CHECKING,2024-07-16 01:03:09,ACTIVE
CUST004777,William,Barnes,johnnguyen@example.com,AE,SAVINGS,2022-12-03 20:30:05,ACTIVE
CUST004778,Robert,Bentley,craigrichard@example.com,BE,BUSINESS,2022-02-19 22:31:46,ACTIVE
CUST004779,Douglas,Ramsey,smithpamela@example.com,JP,BUSINESS,2025-05-13 00:15:41,ACTIVE
CUST004780,Andrea,Williams,floressummer@example.org,SG,CHECKING,2023-02-28 23:16:58,ACTIVE
CUST004781,Christopher,Mills,schavez@example.net,US,CHECKING,2023-05-16 22:55:05,ACTIVE
CUST004782,Lisa,Bonilla,lauren39@example.org,FR,BUSINESS,2023-08-14 05:42:18,ACTIVE
CUST004783,Alvin,Grimes,alyssa95@example.org,US,SAVINGS,2025-03-18 00:35:51,ACTIVE
CUST004784,Mark,Roth,mperkins@example.org,US,CHECKING,2022-07-27 20:41:00,ACTIVE
CUST004785,Jasmin,Perez,josephfoster@example.com,IT,BUSINESS,2025-02-26 07:57:32,CLOSED
CUST004786,Kara,Mueller,jocelyn90@example.org,CA,SAVINGS,2021-12-10 17:21:24,ACTIVE
CUST004787,Kevin,Chase,morriskevin@example.net,SG,SAVINGS,2021-12-05 07:18:19,ACTIVE
CUST004788,Kimberly,Garcia,jamesmyers@example.com,IN,BUSINESS,2023-10-04 09:32:26,ACTIVE
CUST004789,Jeffrey,Butler,adamolson@example.com,PK,CHECKING,2024-03-22 18:51:35,ACTIVE
CUST004790,James,Haynes,smithlori@example.com,PK,SAVINGS,2022-08-31 19:10:15,SUSPENDED
CUST004791,Richard,Ewing,shannoncole@example.net,US,BUSINESS,2022-11-24 07:40:49,CLOSED
CUST004792,Cody,Ford,scott12@example.com,IT,SAVINGS,2023-02-03 10:49:22,ACTIVE
CUST004793,Andrea,Frazier,michelleknapp@example.net,DE,SAVINGS,2026-06-17 02:21:26,SUSPENDED
CUST004794,Julie,Davis,oscar17@example.com,ES,BUSINESS,2025-06-06 07:50:42,ACTIVE
CUST004795,Nicholas,Gomez,snyderjodi@example.net,IN,BUSINESS,2026-06-09 01:00:15,ACTIVE
CUST004796,John,Gallagher,pollardgina@example.net,ES,SAVINGS,2024-09-26 12:44:39,ACTIVE
CUST004797,Patricia,Lawrence,jobrien@example.org,SG,CHECKING,2023-10-02 22:55:17,ACTIVE
CUST004798,Jennifer,Jones,wandabennett@example.net,FR,SAVINGS,2025-11-24 13:43:40,ACTIVE
CUST004799,Anthony,Guzman,jennifer06@example.com,NL,CHECKING,2024-03-02 03:45:46,SUSPENDED
CUST004800,Sarah,Berg,tiffanycook@example.org,JP,BUSINESS,2024-10-13 16:41:34,SUSPENDED
CUST004801,Stuart,Beck,ahancock@example.net,BE,SAVINGS,2023-11-14 05:49:54,ACTIVE
CUST004802,Philip,Booth,pmedina@example.com,PK,BUSINESS,2025-04-08 01:47:36,ACTIVE
CUST004803,Dylan,David,shannoncarpenter@example.org,BE,SAVINGS,2025-02-21 09:01:56,ACTIVE
CUST004804,Anthony,Anderson,efrench@example.org,ES,SAVINGS,2026-06-03 18:52:55,CLOSED
CUST004805,Ryan,Valencia,stevensonanthony@example.net,GB,BUSINESS,2023-07-10 20:31:30,ACTIVE
CUST004806,Ryan,Smith,lawrencemegan@example.org,FR,SAVINGS,2026-05-18 02:46:30,ACTIVE
CUST004807,Carlos,Mcdonald,brennanvirginia@example.com,BE,CHECKING,2025-02-07 12:56:56,ACTIVE
CUST004808,Elizabeth,Rose,sarah87@example.com,JP,SAVINGS,2025-10-28 18:57:45,SUSPENDED
CUST004809,Melissa,Glover,ramirezbrianna@example.org,IT,SAVINGS,2024-12-05 18:55:46,ACTIVE
CUST004810,William,Ibarra,garciamatthew@example.net,GB,CHECKING,2025-01-23 01:18:23,CLOSED
CUST004811,Kevin,Johnson,ocole@example.com,NL,BUSINESS,2024-09-23 05:12:23,CLOSED
CUST004812,Peter,Yates,mooneylisa@example.org,US,BUSINESS,2021-12-18 04:07:54,SUSPENDED
CUST004813,Michael,Cabrera,maddoxmicheal@example.org,DE,BUSINESS,2026-06-28 02:02:02,ACTIVE
CUST004814,Sarah,Bates,jessica92@example.com,JP,CHECKING,2022-01-11 22:02:29,ACTIVE
CUST004815,Brandon,Kelly,rowens@example.net,IT,CHECKING,2026-02-11 09:43:05,ACTIVE
CUST004816,Robert,Kennedy,amber82@example.net,PK,CHECKING,2022-08-11 13:34:32,CLOSED
CUST004817,Tracy,Crawford,sacevedo@example.com,NL,CHECKING,2025-06-27 01:43:07,ACTIVE
CUST004818,Catherine,Brooks,diamond43@example.net,CA,CHECKING,2023-08-26 04:47:29,ACTIVE
CUST004819,Nathan,Munoz,lwalton@example.com,IT,BUSINESS,2022-11-17 17:04:21,SUSPENDED
CUST004820,Kendra,Kirby,bryanjames@example.com,GB,SAVINGS,2025-04-09 08:09:03,ACTIVE
CUST004821,Danielle,Martinez,hpacheco@example.net,IT,BUSINESS,2022-05-29 03:04:02,ACTIVE
CUST004822,Ashley,Hayden,jasonallen@example.org,US,CHECKING,2023-06-17 21:18:28,ACTIVE
CUST004823,Courtney,Sanchez,chawkins@example.com,AE,CHECKING,2024-12-29 10:56:44,ACTIVE
CUST004824,Alyssa,Robertson,pbrooks@example.com,JP,SAVINGS,2024-06-20 08:24:53,CLOSED
CUST004825,Gregory,Norris,tayloremma@example.net,NL,BUSINESS,2025-10-28 19:52:18,ACTIVE
CUST004826,Jon,Gordon,lopezeric@example.net,DE,CHECKING,2023-04-29 10:15:09,CLOSED
CUST004827,Kelly,Richardson,khall@example.org,PK,BUSINESS,2022-10-26 11:53:52,CLOSED
CUST004828,Beth,Miller,vdixon@example.org,US,BUSINESS,2023-09-23 11:13:30,ACTIVE
CUST004829,Ashley,Hill,wbrooks@example.net,IN,BUSINESS,2022-02-13 20:13:18,ACTIVE
CUST004830,Leslie,Sanford,xhardy@example.net,ES,SAVINGS,2022-04-27 12:48:14,ACTIVE
CUST004831,Stephen,Harris,elizabethlewis@example.net,ES,CHECKING,2024-05-13 09:22:29,ACTIVE
CUST004832,Jamie,Wright,jonesmark@example.com,PK,SAVINGS,2021-12-01 19:49:30,ACTIVE
CUST004833,Mercedes,Taylor,nmoore@example.com,FR,BUSINESS,2026-01-13 06:53:32,SUSPENDED
CUST004834,Austin,Cobb,xvargas@example.com,GB,SAVINGS,2024-08-24 03:32:09,ACTIVE
CUST004835,Victoria,Lopez,james91@example.com,ES,SAVINGS,2026-03-17 06:27:20,ACTIVE
CUST004836,Nicholas,Serrano,zbray@example.net,ES,BUSINESS,2026-03-21 04:52:24,ACTIVE
CUST004837,Leslie,Smith,jeremy94@example.com,AU,SAVINGS,2022-07-21 06:45:50,SUSPENDED
CUST004838,Bruce,Love,evansmichele@example.net,AU,CHECKING,2025-09-05 23:02:09,SUSPENDED
CUST004839,Jorge,Lee,mckenzie21@example.org,IN,CHECKING,2022-07-23 07:09:48,SUSPENDED
CUST004840,Melissa,Marsh,ncarr@example.net,DE,CHECKING,2022-08-13 11:42:28,ACTIVE
CUST004841,Jason,Moore,mikemaddox@example.com,AU,BUSINESS,2023-06-09 08:13:46,ACTIVE
CUST004842,Allison,Hogan,garciamark@example.com,IN,CHECKING,2021-12-20 05:42:33,CLOSED
CUST004843,Melissa,Evans,randall16@example.com,CA,CHECKING,2023-01-08 19:59:54,ACTIVE
CUST004844,Patrick,Turner,regina46@example.org,AE,CHECKING,2021-09-04 13:20:23,ACTIVE
CUST004845,Rhonda,Ali,matthewking@example.com,NL,BUSINESS,2023-02-03 10:50:11,ACTIVE
CUST004846,Douglas,Wright,adam17@example.org,US,SAVINGS,2024-02-28 07:48:03,ACTIVE
CUST004847,Jeremy,Cruz,hulllaurie@example.com,CA,SAVINGS,2023-11-08 17:43:31,SUSPENDED
CUST004848,Thomas,Williams,butlerlaura@example.org,NL,SAVINGS,2026-07-03 12:16:54,SUSPENDED
CUST004849,Alicia,Galloway,alexanderwanda@example.com,FR,SAVINGS,2022-07-28 02:51:20,ACTIVE
CUST004850,Peter,Rogers,greenkathryn@example.org,SG,SAVINGS,2023-02-27 09:17:20,CLOSED
CUST004851,Aaron,Jackson,cynthia75@example.com,AE,BUSINESS,2022-03-22 19:06:32,CLOSED
CUST004852,Patrick,Williams,ryan18@example.net,US,CHECKING,2024-07-03 16:32:32,ACTIVE
CUST004853,Joseph,Lee,ryanward@example.org,JP,BUSINESS,2022-11-04 22:05:40,ACTIVE
CUST004854,April,Hooper,murphyryan@example.com,ES,SAVINGS,2026-05-06 05:47:37,ACTIVE
CUST004855,Darryl,Lucas,estradajessica@example.net,JP,CHECKING,2023-02-05 23:50:56,ACTIVE
CUST004856,Ariel,Padilla,joantorres@example.org,US,CHECKING,2023-02-05 05:05:58,ACTIVE
CUST004857,Christopher,Richards,daycurtis@example.com,AU,BUSINESS,2023-01-04 16:08:36,SUSPENDED
CUST004858,Ashley,Lozano,william41@example.com,BE,CHECKING,2021-09-15 17:16:46,ACTIVE
CUST004859,Karen,Robinson,heather69@example.net,IT,SAVINGS,2023-04-06 09:57:00,ACTIVE
CUST004860,Beverly,Mitchell,robertmoore@example.org,NL,BUSINESS,2023-01-11 16:28:44,CLOSED
CUST004861,Lori,Johnson,cturner@example.org,PK,SAVINGS,2022-02-01 21:54:18,CLOSED
CUST004862,Christine,Hunter,jacqueline69@example.net,ES,SAVINGS,2026-01-06 19:50:09,ACTIVE
CUST004863,Susan,Myers,claudia81@example.net,PK,SAVINGS,2026-04-06 20:12:17,SUSPENDED
CUST004864,Dylan,Lopez,wrightpaul@example.net,AU,SAVINGS,2024-06-06 06:19:48,ACTIVE
CUST004865,Stacy,Lynn,rcollins@example.net,NL,CHECKING,2026-07-22 06:11:09,ACTIVE
CUST004866,David,Stout,james21@example.net,AU,BUSINESS,2021-11-12 11:56:24,ACTIVE
CUST004867,Patricia,Garcia,holmesnicole@example.org,IN,BUSINESS,2022-07-09 10:21:46,ACTIVE
CUST004868,Michael,Poole,paigeyoung@example.org,GB,SAVINGS,2026-04-08 23:02:24,CLOSED
CUST004869,John,Espinoza,acostadylan@example.net,AE,SAVINGS,2023-10-16 18:40:58,ACTIVE
CUST004870,Ralph,Bender,obass@example.org,DE,CHECKING,2022-12-29 15:56:05,SUSPENDED
CUST004871,Alejandro,Taylor,sharonponce@example.com,PK,BUSINESS,2023-01-01 05:38:41,ACTIVE
CUST004872,John,Coleman,lithomas@example.org,US,BUSINESS,2024-04-17 12:23:25,ACTIVE
CUST004873,Kendra,Montgomery,denisewalters@example.net,CA,SAVINGS,2026-03-15 11:21:54,CLOSED
CUST004874,Trevor,Mccarthy,eerickson@example.com,CA,BUSINESS,2022-02-02 10:25:18,ACTIVE
CUST004875,Teresa,Haynes,itucker@example.org,NL,SAVINGS,2021-12-26 20:47:38,ACTIVE
CUST004876,Shane,Morgan,megan00@example.org,DE,SAVINGS,2023-07-05 19:57:12,ACTIVE
CUST004877,Holly,Khan,melissa09@example.net,US,CHECKING,2025-11-04 07:28:32,ACTIVE
CUST004878,Tammy,Thomas,ibrock@example.com,NL,BUSINESS,2024-01-01 13:17:33,ACTIVE
CUST004879,Ian,Reed,kimlisa@example.net,FR,SAVINGS,2023-05-31 17:43:09,ACTIVE
CUST004880,Brittney,Washington,wgoodwin@example.net,FR,SAVINGS,2023-08-22 06:36:48,ACTIVE
CUST004881,Beverly,Flores,jeffreysandoval@example.net,JP,CHECKING,2023-02-02 08:09:57,ACTIVE
CUST004882,Laura,Dixon,rebeccawong@example.net,NL,CHECKING,2023-01-24 11:50:43,ACTIVE
CUST004883,Kimberly,Stevens,eblack@example.net,PK,SAVINGS,2021-12-26 21:51:58,CLOSED
CUST004884,Joshua,Curtis,michaelsloan@example.net,JP,BUSINESS,2023-08-13 02:45:05,ACTIVE
CUST004885,Christian,Mendez,beth11@example.net,DE,BUSINESS,2025-04-11 04:34:31,ACTIVE
CUST004886,Erin,Watkins,curtislucas@example.com,ES,BUSINESS,2025-08-17 04:30:02,ACTIVE
CUST004887,Jennifer,Reed,plucero@example.org,GB,BUSINESS,2025-11-12 07:14:15,ACTIVE
CUST004888,Timothy,Smith,ashley99@example.net,NL,CHECKING,2025-01-17 16:03:01,ACTIVE
CUST004889,James,Reed,twagner@example.com,US,SAVINGS,2022-09-18 14:15:52,ACTIVE
CUST004890,Kayla,Young,cainrhonda@example.com,AE,BUSINESS,2022-04-09 03:30:17,SUSPENDED
CUST004891,Cheryl,Morrow,jodi42@example.org,GB,SAVINGS,2024-10-20 11:10:08,ACTIVE
CUST004892,Brandi,Rogers,lisasummers@example.net,PK,SAVINGS,2021-12-10 20:54:53,ACTIVE
CUST004893,Julia,Salazar,kelly96@example.org,AU,SAVINGS,2024-08-30 12:17:37,ACTIVE
CUST004894,Daniel,Adkins,johnsonrobert@example.com,AU,SAVINGS,2024-07-24 23:13:38,ACTIVE
CUST004895,Daniel,Hall,wperez@example.com,AE,BUSINESS,2021-09-24 23:13:44,ACTIVE
CUST004896,Sherri,Rogers,kingtravis@example.com,JP,CHECKING,2022-11-10 18:35:00,ACTIVE
CUST004897,Donald,Green,fcline@example.net,ES,SAVINGS,2025-08-12 15:49:42,CLOSED
CUST004898,Miranda,Rosario,nicolemckenzie@example.org,IT,SAVINGS,2023-06-29 01:07:54,ACTIVE
CUST004899,Cynthia,Gardner,zacharyalexander@example.net,DE,SAVINGS,2026-07-02 00:39:43,CLOSED
CUST004900,Karen,Gomez,emily52@example.org,PK,BUSINESS,2022-04-01 20:02:04,SUSPENDED
CUST004901,Rebecca,Alexander,stacy63@example.com,CA,CHECKING,2023-07-02 02:04:10,SUSPENDED
CUST004902,Chad,Torres,johntravis@example.org,AE,SAVINGS,2026-03-14 18:39:56,ACTIVE
CUST004903,William,Martin,brianreynolds@example.com,ES,BUSINESS,2026-08-06 00:27:38,SUSPENDED
CUST004904,Pamela,Nunez,johnsonlisa@example.net,SG,SAVINGS,2022-06-18 06:06:28,CLOSED
CUST004905,William,Smith,xevans@example.net,PK,BUSINESS,2022-06-09 09:57:03,ACTIVE
CUST004906,Erica,Hardin,carloshernandez@example.org,US,SAVINGS,2023-10-19 23:25:06,SUSPENDED
CUST004907,Andrew,Miller,taylorjose@example.com,US,SAVINGS,2022-03-08 05:06:35,SUSPENDED
CUST004908,Roger,Pierce,omay@example.org,US,CHECKING,2023-03-19 06:10:43,CLOSED
CUST004909,Katherine,Campbell,aatkins@example.org,FR,SAVINGS,2022-09-28 06:25:06,ACTIVE
CUST004910,Sydney,Ramirez,elizabeth43@example.net,AE,CHECKING,2023-05-24 04:00:39,CLOSED
CUST004911,Kristopher,Anderson,jenkinscarl@example.org,PK,SAVINGS,2021-10-29 03:01:16,ACTIVE
CUST004912,Kelly,Foster,smithkelly@example.org,AU,BUSINESS,2022-09-08 09:09:53,ACTIVE
CUST004913,Jimmy,Richardson,iduncan@example.org,ES,BUSINESS,2025-09-01 00:51:10,CLOSED
CUST004914,Kathleen,Murillo,erikacarlson@example.com,PK,BUSINESS,2025-04-01 12:03:26,ACTIVE
CUST004915,Kari,Cowan,fanderson@example.com,FR,SAVINGS,2024-11-11 04:02:59,ACTIVE
CUST004916,Laura,Jones,despinoza@example.com,GB,BUSINESS,2025-04-02 07:09:13,ACTIVE
CUST004917,Thomas,Kim,michelle38@example.com,US,BUSINESS,2025-08-08 07:14:43,SUSPENDED
CUST004918,Diana,Anderson,catherinemiller@example.net,IN,CHECKING,2023-07-19 22:44:24,ACTIVE
CUST004919,Christina,Day,bobbyhunter@example.org,FR,SAVINGS,2021-12-24 03:00:03,ACTIVE
CUST004920,Joshua,Wilson,luis86@example.net,BE,BUSINESS,2022-05-14 23:37:05,ACTIVE
CUST004921,Deanna,Tyler,juanryan@example.net,IN,SAVINGS,2021-11-28 14:32:10,CLOSED
CUST004922,Victor,Villegas,umaxwell@example.net,US,BUSINESS,2021-12-27 21:36:57,ACTIVE
CUST004923,John,Schultz,baileytodd@example.com,IN,CHECKING,2025-12-26 23:31:43,ACTIVE
CUST004924,Mark,Lee,saundersamber@example.com,SG,BUSINESS,2023-09-05 05:35:35,CLOSED
CUST004925,Dorothy,Cortez,wardjoshua@example.com,SG,BUSINESS,2023-04-11 13:10:26,ACTIVE
CUST004926,Katie,Silva,kmiller@example.com,SG,CHECKING,2023-10-16 08:34:54,CLOSED
CUST004927,Anthony,Jenkins,melanie70@example.org,ES,BUSINESS,2022-02-10 22:15:48,SUSPENDED
CUST004928,Joanne,Stuart,saundersjames@example.net,ES,CHECKING,2024-01-09 14:50:24,ACTIVE
CUST004929,Jacob,Mcdaniel,michael55@example.org,NL,BUSINESS,2024-05-14 11:09:07,ACTIVE
CUST004930,Joseph,Giles,colesheila@example.net,SG,CHECKING,2025-03-01 04:10:37,SUSPENDED
CUST004931,Stephen,Hale,dawnmerritt@example.org,AU,BUSINESS,2022-07-20 08:14:38,ACTIVE
CUST004932,Kathryn,Johnson,gibsondonald@example.net,DE,CHECKING,2021-09-22 21:27:05,ACTIVE
CUST004933,Sara,Smith,troy11@example.org,ES,BUSINESS,2024-02-28 03:25:32,ACTIVE
CUST004934,Richard,Watts,elizabeth80@example.com,CA,CHECKING,2022-06-15 22:27:01,ACTIVE
CUST004935,Sherri,Johnson,andrea67@example.org,IT,CHECKING,2026-02-01 16:44:02,SUSPENDED
CUST004936,Robert,Tapia,susanmartinez@example.com,FR,BUSINESS,2024-03-16 11:02:30,SUSPENDED
CUST004937,Madison,Woodward,dominguezanna@example.com,GB,CHECKING,2025-08-24 18:25:04,ACTIVE
CUST004938,Christopher,Trujillo,shawsteven@example.org,NL,SAVINGS,2023-08-12 22:41:19,SUSPENDED
CUST004939,John,Nguyen,schwartzdonna@example.org,ES,CHECKING,2021-11-24 00:42:50,CLOSED
CUST004940,Steven,Taylor,xhopkins@example.net,NL,BUSINESS,2026-06-19 21:15:20,SUSPENDED
CUST004941,Victoria,Golden,caroline03@example.net,IN,BUSINESS,2022-02-18 16:59:57,CLOSED
CUST004942,Jose,Horne,langscott@example.net,DE,SAVINGS,2025-11-26 13:42:37,ACTIVE
CUST004943,Sarah,Berry,richard92@example.com,JP,CHECKING,2025-08-15 17:57:37,ACTIVE
CUST004944,Andrew,Wyatt,garciasarah@example.org,ES,BUSINESS,2022-02-25 08:37:49,ACTIVE
CUST004945,Christopher,Simmons,john31@example.com,ES,BUSINESS,2024-09-08 11:28:38,CLOSED
CUST004946,Hannah,Ochoa,hicksdavid@example.com,IT,SAVINGS,2024-10-09 07:57:33,SUSPENDED
CUST004947,Brooke,Merritt,pbrown@example.com,NL,SAVINGS,2023-09-16 10:32:53,ACTIVE
CUST004948,Rebecca,Stevens,jessicamoore@example.com,AU,SAVINGS,2025-08-21 14:09:04,ACTIVE
CUST004949,Kenneth,Compton,jason25@example.org,JP,SAVINGS,2022-12-19 12:39:33,SUSPENDED
CUST004950,Jamie,Jones,jonathan11@example.net,GB,BUSINESS,2021-11-17 09:56:46,ACTIVE
CUST004951,Danielle,Johnson,burnsjohn@example.com,US,SAVINGS,2026-08-10 23:11:19,SUSPENDED
CUST004952,James,Bowers,monica21@example.net,ES,CHECKING,2024-04-12 09:44:43,ACTIVE
CUST004953,Joseph,Lucas,cmueller@example.net,US,CHECKING,2023-09-23 14:52:26,CLOSED
CUST004954,Kaitlin,Diaz,annsantiago@example.com,GB,CHECKING,2025-04-05 02:19:14,CLOSED
CUST004955,David,Wall,richmondlarry@example.net,NL,CHECKING,2026-07-04 02:49:12,CLOSED
CUST004956,Jennifer,Collins,robertmiles@example.net,US,CHECKING,2023-12-28 12:34:09,ACTIVE
CUST004957,Melissa,Rivera,samuelschroeder@example.com,ES,SAVINGS,2026-03-15 15:15:09,SUSPENDED
CUST004958,Teresa,Morales,jenniferweber@example.org,NL,CHECKING,2026-03-11 02:34:07,ACTIVE
CUST004959,Daniel,York,tammy23@example.org,BE,BUSINESS,2023-04-22 20:36:11,CLOSED
CUST004960,Michael,Wood,margaretdixon@example.net,IT,SAVINGS,2023-05-28 06:41:26,CLOSED
CUST004961,Stacy,Doyle,nancy28@example.net,GB,BUSINESS,2021-11-27 11:36:01,ACTIVE
CUST004962,Matthew,Howe,fstewart@example.net,ES,BUSINESS,2025-12-22 06:18:02,ACTIVE
CUST004963,Christopher,Parks,xstokes@example.com,BE,BUSINESS,2024-02-27 00:58:11,CLOSED
CUST004964,Rhonda,Howard,jane77@example.com,BE,SAVINGS,2025-10-02 07:22:47,ACTIVE
CUST004965,Johnny,Osborne,ariana49@example.org,NL,BUSINESS,2021-12-08 20:48:40,ACTIVE
CUST004966,Kevin,Campbell,williamsalan@example.net,PK,SAVINGS,2026-03-05 13:29:03,ACTIVE
CUST004967,Morgan,Bradshaw,bevans@example.org,PK,BUSINESS,2025-07-16 19:01:56,SUSPENDED
CUST004968,Michael,Diaz,tylerwheeler@example.net,GB,SAVINGS,2024-08-21 23:09:43,CLOSED
CUST004969,Rebecca,Grimes,gsmith@example.org,JP,CHECKING,2022-09-06 06:48:39,CLOSED
CUST004970,Andrew,Mathis,mcdonaldmichele@example.com,SG,BUSINESS,2024-08-30 00:24:03,CLOSED
CUST004971,Jessica,Morrison,davisryan@example.net,NL,CHECKING,2023-07-17 22:00:00,ACTIVE
CUST004972,Donald,Chen,taylor79@example.org,AU,BUSINESS,2025-01-10 08:05:08,ACTIVE
CUST004973,Stephanie,Ward,mannkenneth@example.org,AU,BUSINESS,2025-01-01 08:04:02,SUSPENDED
CUST004974,Kim,Robinson,brian39@example.com,DE,CHECKING,2023-09-30 09:31:17,ACTIVE
CUST004975,Emily,Harper,stacie27@example.net,IN,BUSINESS,2026-07-11 08:41:42,ACTIVE
CUST004976,Michael,Jennings,ronaldhartman@example.com,IT,CHECKING,2023-11-25 12:55:17,ACTIVE
CUST004977,Ashley,Swanson,sara49@example.net,US,BUSINESS,2024-08-30 09:04:59,SUSPENDED
CUST004978,Jennifer,Gomez,hquinn@example.org,BE,CHECKING,2025-06-19 07:11:42,ACTIVE
CUST004979,Jessica,Swanson,smckinney@example.net,DE,CHECKING,2022-11-15 00:21:30,SUSPENDED
CUST004980,Scott,Rodriguez,davidthomas@example.net,AE,SAVINGS,2024-01-11 23:06:31,ACTIVE
CUST004981,Rachel,Martin,phillipwade@example.org,FR,BUSINESS,2025-09-11 17:15:39,ACTIVE
CUST004982,Paul,Murray,jennifer40@example.com,DE,CHECKING,2024-12-17 09:55:02,ACTIVE
CUST004983,Matthew,Richardson,martinnicholas@example.net,US,SAVINGS,2022-04-29 07:51:54,CLOSED
CUST004984,Susan,Hanna,adam22@example.net,JP,CHECKING,2023-01-10 14:01:55,ACTIVE
CUST004985,Benjamin,Hampton,erin59@example.com,BE,CHECKING,2023-02-03 17:37:10,SUSPENDED
CUST004986,Laura,Frederick,scottvelazquez@example.com,GB,CHECKING,2025-10-26 23:45:46,CLOSED
CUST004987,Timothy,Nelson,colleenflores@example.com,CA,CHECKING,2023-06-30 17:40:06,ACTIVE
CUST004988,Renee,Perez,ylee@example.org,NL,SAVINGS,2025-05-24 22:47:00,SUSPENDED
CUST004989,Abigail,Robinson,lcarrillo@example.org,JP,SAVINGS,2022-04-30 10:27:30,ACTIVE
CUST004990,Mallory,Cooper,smithnicolas@example.com,IT,BUSINESS,2025-05-26 16:17:35,ACTIVE
CUST004991,Katherine,Jones,patriciasims@example.net,GB,BUSINESS,2026-02-02 00:48:56,ACTIVE
CUST004992,Paul,Wiley,vmata@example.org,DE,BUSINESS,2025-11-15 17:16:07,ACTIVE
CUST004993,Carlos,Orr,,JP,BUSINESS,2023-03-12 10:00:55,ACTIVE
CUST004994,Adam,Bradley,cameronchavez@example.org,IT,CHECKING,2026-06-26 06:06:11,ACTIVE
CUST004995,Vanessa,Williams,maureenmcdonald@example.org,PK,CHECKING,2022-07-19 02:12:38,ACTIVE
CUST004996,Toni,Salazar,pamelahill@example.org,AE,SAVINGS,2024-04-18 18:31:23,CLOSED
CUST004997,Zachary,Williams,gabriellechavez@example.com,CA,CHECKING,2021-11-16 17:38:35,ACTIVE
CUST004998,Alicia,Jenkins,smithbrian@example.org,ES,BUSINESS,2023-02-13 09:46:14,CLOSED
CUST004999,Anthony,Rios,kmiller@example.org,US,CHECKING,2026-02-03 15:42:42,ACTIVE
CUST005000,Breanna,Goodwin,michael39@example.net,AU,SAVINGS,2024-05-26 01:54:46,CLOSED
CUST005001,Ashley,Barton,jimmyjones@example.com,BE,SAVINGS,2026-01-14 22:02:58,CLOSED
CUST005002,Jennifer,Shah,stevenssean@example.net,PK,BUSINESS,2021-11-25 07:07:36,ACTIVE
CUST005003,James,Gonzalez,bauermichelle@example.net,AE,CHECKING,2024-01-21 17:58:29,SUSPENDED
CUST005004,Sheila,Marshall,jacksonlaura@example.com,GB,BUSINESS,2022-09-07 18:38:52,SUSPENDED
CUST005005,Stacey,Cantu,wallacecolleen@example.com,IN,CHECKING,2025-11-06 02:36:17,CLOSED
CUST005006,Debra,Black,rnguyen@example.net,DE,CHECKING,2024-07-10 20:39:49,CLOSED
CUST005007,Stefanie,Smith,bailey14@example.com,NL,CHECKING,2022-01-06 08:35:42,ACTIVE
CUST005008,Kenneth,Poole,pthompson@example.com,US,CHECKING,2025-02-26 10:41:26,ACTIVE
CUST005009,Christy,Byrd,seanshaw@example.com,AU,BUSINESS,2022-07-15 18:41:55,ACTIVE
CUST005010,Amber,Martinez,benjaminmcguire@example.org,FR,CHECKING,2026-05-10 22:55:03,ACTIVE
CUST005011,Joseph,Bates,fleminghaley@example.com,PK,SAVINGS,2022-11-22 19:27:11,SUSPENDED
CUST005012,Daniel,Mcdowell,eileen49@example.org,SG,SAVINGS,2026-07-13 19:22:52,ACTIVE
CUST005013,Rebecca,Rodriguez,ccole@example.com,IN,CHECKING,2026-05-18 15:07:26,ACTIVE
CUST005014,Patricia,Castro,velliott@example.net,DE,BUSINESS,2024-09-16 15:30:40,CLOSED
CUST005015,Amanda,Griffin,rosariochristopher@example.com,IT,BUSINESS,2025-05-13 10:01:38,CLOSED
CUST005016,Stephen,Hernandez,froberts@example.net,CA,SAVINGS,2025-06-16 02:41:00,SUSPENDED
CUST005017,Colleen,Delgado,umedina@example.org,AU,CHECKING,2025-07-07 14:17:20,CLOSED
CUST005018,Thomas,Jones,joshualewis@example.org,SG,CHECKING,2025-04-26 00:53:28,CLOSED
CUST005019,Joy,Kelly,saragreen@example.org,US,SAVINGS,2025-05-18 23:09:36,ACTIVE
CUST005020,Amy,Nelson,cartertimothy@example.net,FR,SAVINGS,2023-05-11 15:54:17,SUSPENDED
CUST005021,Paul,Jones,ybrooks@example.net,NL,CHECKING,2023-03-02 20:17:05,ACTIVE
CUST005022,Valerie,Yoder,katherinebass@example.org,PK,CHECKING,2023-01-01 13:48:21,ACTIVE
CUST005023,Terrence,Clark,kimberly12@example.com,IT,BUSINESS,2024-12-17 06:26:55,ACTIVE
CUST005024,Patricia,Branch,moorejohn@example.org,PK,BUSINESS,2026-05-08 05:37:01,ACTIVE
CUST005025,Kimberly,Ellis,kristin15@example.org,IT,SAVINGS,2022-11-09 05:13:27,ACTIVE
CUST005026,Janice,White,ajames@example.net,AE,BUSINESS,2026-03-29 02:38:31,CLOSED
CUST005027,Kristen,Dickerson,sabrina83@example.com,SG,CHECKING,2022-01-15 22:31:31,ACTIVE
CUST005028,Heidi,Harris,racheladams@example.org,DE,SAVINGS,2025-02-05 19:38:19,CLOSED
CUST005029,Matthew,Lopez,ryan84@example.net,SG,BUSINESS,2025-06-04 08:01:09,ACTIVE
CUST005030,Michelle,Lang,doylelaurie@example.com,PK,BUSINESS,2022-01-09 02:23:51,SUSPENDED
CUST005031,Angel,Nelson,rgarcia@example.org,ES,SAVINGS,2023-10-03 11:44:03,ACTIVE
CUST005032,Monica,Johnson,bowersjessica@example.org,DE,CHECKING,2025-10-20 06:09:30,SUSPENDED
CUST005033,Victoria,Snow,james87@example.org,CA,CHECKING,2024-11-22 23:40:36,ACTIVE
CUST005034,John,Lozano,fkim@example.com,GB,SAVINGS,2025-09-18 14:13:32,ACTIVE
CUST005035,Jean,Marsh,stevensonjonathan@example.com,AE,CHECKING,2025-11-30 20:45:30,ACTIVE
CUST005036,Samuel,Martinez,kellyryan@example.com,PK,CHECKING,2024-04-07 04:02:34,ACTIVE
CUST005037,Carlos,Jackson,nicole14@example.org,AE,CHECKING,2025-12-05 14:06:10,CLOSED
CUST005038,Vincent,Thompson,jeanneparks@example.org,AU,SAVINGS,2022-05-07 17:23:23,ACTIVE
CUST005039,Cynthia,Taylor,barbararichards@example.net,CA,SAVINGS,2023-01-02 03:11:58,ACTIVE
CUST005040,David,Hart,smithholly@example.org,GB,SAVINGS,2023-06-13 22:55:42,ACTIVE
CUST005041,Michelle,Taylor,robertsjoshua@example.net,GB,BUSINESS,2023-11-06 19:27:11,SUSPENDED
CUST005042,Sandra,Bell,emclean@example.org,CA,CHECKING,2024-09-27 10:43:59,ACTIVE
CUST005043,Maria,Estrada,grosssteven@example.net,US,CHECKING,2024-11-17 16:27:45,CLOSED
CUST005044,Peter,Phillips,okelley@example.net,PK,SAVINGS,2022-05-15 01:27:17,ACTIVE
CUST005045,Patricia,Morales,mitchell67@example.net,IT,SAVINGS,2025-06-23 22:36:33,SUSPENDED
CUST005046,Karen,Ross,lisa66@example.com,PK,CHECKING,2023-10-16 11:57:56,ACTIVE
CUST005047,Timothy,Long,david85@example.net,IT,CHECKING,2022-11-02 10:26:02,CLOSED
CUST005048,Brenda,Collins,sara17@example.com,FR,CHECKING,2022-03-06 04:02:17,SUSPENDED
CUST005049,Karl,Hanson,lmoreno@example.net,SG,BUSINESS,2025-11-29 21:21:13,CLOSED
CUST005050,Tony,Thomas,kerry42@example.org,FR,CHECKING,2021-09-09 20:07:51,ACTIVE
CUST005051,Ryan,Mcdaniel,heather69@example.org,IN,CHECKING,2026-03-18 09:57:41,ACTIVE
CUST005052,Tanner,Shelton,rglover@example.org,FR,CHECKING,2022-03-05 04:12:28,SUSPENDED
CUST005053,Noah,Mendoza,robert63@example.net,ES,SAVINGS,2021-12-19 17:43:33,ACTIVE
CUST005054,John,Mcbride,scottbrian@example.org,BE,SAVINGS,2026-04-11 13:47:06,CLOSED
CUST005055,Heather,Cooke,johnsmith@example.org,JP,CHECKING,2022-07-28 13:10:45,ACTIVE
CUST005056,Sandra,Owen,elizabeth65@example.com,ES,BUSINESS,2025-12-01 09:45:31,SUSPENDED
CUST005057,Amanda,Cooper,iflores@example.net,US,BUSINESS,2024-02-11 01:39:07,ACTIVE
CUST005058,Michael,Hudson,cooperjoshua@example.com,JP,CHECKING,2025-07-16 17:53:04,ACTIVE
CUST005059,Sharon,Reed,loganpineda@example.net,NL,BUSINESS,2026-04-18 11:25:02,ACTIVE
CUST005060,James,Shaw,douglasmark@example.com,US,BUSINESS,2025-04-04 10:56:56,ACTIVE
CUST005061,Robin,Reynolds,dianeharris@example.net,PK,CHECKING,2026-07-17 10:52:50,SUSPENDED
CUST005062,Michael,Mcclure,ebeck@example.com,SG,SAVINGS,2026-03-11 04:35:17,ACTIVE
CUST005063,Sandra,Murphy,smckee@example.org,AE,BUSINESS,2026-08-11 06:23:35,ACTIVE
CUST005064,Victoria,Hampton,banderson@example.net,IN,BUSINESS,2024-04-03 18:57:56,ACTIVE
CUST005065,Cynthia,Fisher,brittanylong@example.net,CA,SAVINGS,2026-03-19 21:02:37,ACTIVE
CUST005066,Justin,Reynolds,mary79@example.com,SG,BUSINESS,2023-04-11 15:06:01,CLOSED
CUST005067,Ryan,Cunningham,davisnatalie@example.org,DE,CHECKING,2025-11-08 16:21:59,ACTIVE
CUST005068,Lisa,Lawson,frazierwendy@example.com,PK,SAVINGS,2022-09-24 16:29:31,CLOSED
CUST005069,Mary,Lopez,imoore@example.org,US,SAVINGS,2024-10-03 12:16:49,ACTIVE
CUST005070,Dana,Armstrong,rachel62@example.com,IT,CHECKING,2023-12-14 09:16:51,CLOSED
CUST005071,Robert,White,davismatthew@example.com,IT,SAVINGS,2023-06-30 20:53:47,CLOSED
CUST005072,Crystal,Young,triciagomez@example.net,IT,CHECKING,2022-12-22 02:01:51,ACTIVE
CUST005073,Keith,Dennis,panderson@example.net,SG,CHECKING,2026-03-25 09:45:04,ACTIVE
CUST005074,Christopher,Hill,briansimpson@example.com,IT,BUSINESS,2026-02-17 23:10:23,SUSPENDED
CUST005075,Mary,Jones,patricia02@example.com,JP,SAVINGS,2026-02-24 16:44:11,ACTIVE
CUST005076,Kenneth,Mullins,brandon45@example.org,FR,SAVINGS,2023-06-16 05:50:27,ACTIVE
CUST005077,Joan,Wright,zacharywyatt@example.net,NL,SAVINGS,2026-06-15 21:08:10,CLOSED
CUST005078,Cathy,Owens,josephsmith@example.org,GB,SAVINGS,2022-05-19 18:47:47,ACTIVE
CUST005079,Andrew,Harvey,qwashington@example.net,FR,SAVINGS,2023-02-16 17:27:38,CLOSED
CUST005080,Joe,Murphy,sheilaanderson@example.com,GB,SAVINGS,2025-09-08 08:35:18,ACTIVE
CUST005081,Crystal,Walker,qgomez@example.com,IN,SAVINGS,2025-01-12 12:08:09,SUSPENDED
CUST005082,Calvin,Martinez,thomas35@example.com,US,CHECKING,2024-04-14 13:23:38,ACTIVE
CUST005083,Angela,Rodriguez,lpace@example.com,IT,SAVINGS,2025-02-07 18:11:22,ACTIVE
CUST005084,Ronnie,Morgan,,JP,SAVINGS,2022-09-25 17:06:07,CLOSED
CUST005085,Catherine,White,colliersuzanne@example.com,FR,BUSINESS,2022-02-24 08:51:50,ACTIVE
CUST005086,Sarah,Garcia,maria33@example.net,FR,BUSINESS,2022-01-29 11:44:19,ACTIVE
CUST005087,Samuel,Kennedy,william47@example.com,PK,CHECKING,2023-04-04 11:56:11,CLOSED
CUST005088,Jason,Wilkerson,guerracarrie@example.net,AE,SAVINGS,2022-01-07 07:29:22,ACTIVE
CUST005089,Jeffrey,Ellison,hernandezscott@example.net,AE,BUSINESS,2023-09-17 15:26:20,ACTIVE
CUST005090,Ashley,Cobb,steven14@example.org,AE,CHECKING,2022-05-14 07:19:19,ACTIVE
CUST005091,Kristine,Davis,tonyajohnson@example.net,SG,BUSINESS,2024-12-24 02:47:58,SUSPENDED
CUST005092,Melissa,Griffith,carly00@example.net,IN,SAVINGS,2023-12-31 07:13:45,ACTIVE
CUST005093,Mary,Lopez,nancy64@example.com,AE,CHECKING,2023-10-14 05:41:40,CLOSED
CUST005094,Jason,Martin,qchapman@example.org,GB,BUSINESS,2022-12-24 02:35:29,ACTIVE
CUST005095,Hannah,Hooper,welchsteven@example.org,IN,BUSINESS,2023-01-20 13:44:24,SUSPENDED
CUST005096,Samantha,Rosario,probbins@example.com,GB,BUSINESS,2022-12-26 21:43:59,CLOSED
CUST005097,Steven,Williams,udorsey@example.net,AE,BUSINESS,2025-10-02 05:53:46,ACTIVE
CUST005098,Daniel,Guzman,jacobchristensen@example.org,ES,SAVINGS,2021-12-26 04:01:20,SUSPENDED
CUST005099,Alexis,Chapman,wadejason@example.org,SG,CHECKING,2024-07-23 08:34:21,ACTIVE
CUST005100,Wyatt,Dalton,vfrederick@example.com,PK,CHECKING,2025-01-26 22:53:12,ACTIVE
CUST005101,Mike,Gutierrez,qmartin@example.com,AE,BUSINESS,2025-08-01 11:20:20,ACTIVE
CUST005102,Destiny,Allen,linda33@example.org,DE,CHECKING,2024-02-03 06:40:14,CLOSED
CUST005103,Lori,Gomez,hfoley@example.com,NL,SAVINGS,2022-03-15 14:20:10,CLOSED
CUST005104,Matthew,Goodman,masonowens@example.com,GB,CHECKING,2023-05-21 07:34:30,CLOSED
CUST005105,Lee,Travis,rothxavier@example.org,NL,SAVINGS,2025-11-24 23:24:44,ACTIVE
CUST005106,Randy,Craig,jane95@example.net,JP,SAVINGS,2025-02-14 06:53:16,CLOSED
CUST005107,Mark,Jenkins,floyddanielle@example.org,FR,CHECKING,2023-07-06 15:42:42,ACTIVE
CUST005108,Seth,Edwards,ashleyfoster@example.com,AU,BUSINESS,2026-01-14 02:51:53,ACTIVE
CUST005109,Jonathan,Taylor,elliottjack@example.org,IN,SAVINGS,2024-06-03 12:38:00,ACTIVE
CUST005110,Christopher,Baker,timothy95@example.net,US,SAVINGS,2023-05-02 12:14:23,ACTIVE
CUST005111,Shawn,Anderson,csanders@example.com,US,CHECKING,2022-03-31 05:18:24,SUSPENDED
CUST005112,Justin,Walls,jason29@example.com,FR,SAVINGS,2022-01-16 03:03:14,SUSPENDED
CUST005113,Amy,Walker,lmoore@example.net,JP,BUSINESS,2022-11-11 22:59:34,ACTIVE
CUST005114,David,Harvey,michaeltodd@example.com,GB,CHECKING,2023-04-08 09:02:09,CLOSED
CUST005115,Catherine,Martin,antonio49@example.com,DE,SAVINGS,2022-10-12 22:55:13,CLOSED
CUST005116,Angela,Johnson,qrhodes@example.net,CA,SAVINGS,2024-06-10 20:08:37,ACTIVE
CUST005117,James,Brown,nryan@example.net,US,CHECKING,2024-02-25 01:48:58,ACTIVE
CUST005118,Karen,Powell,williamstiffany@example.net,AE,SAVINGS,2022-12-22 14:43:12,ACTIVE
CUST005119,Lance,Ross,tbennett@example.net,IN,SAVINGS,2026-06-06 13:38:02,ACTIVE
CUST005120,Jeffrey,Noble,frazierannette@example.com,IT,BUSINESS,2023-06-10 00:57:44,ACTIVE
CUST005121,April,Wagner,rebecca08@example.com,ES,BUSINESS,2024-07-02 11:46:28,ACTIVE
CUST005122,Beth,Cook,emartin@example.org,IT,CHECKING,2024-11-08 18:41:22,ACTIVE
CUST005123,Omar,Potter,jasongentry@example.org,ES,BUSINESS,2024-06-07 15:33:41,CLOSED
CUST005124,Seth,Briggs,tsanchez@example.net,IN,SAVINGS,2025-02-28 05:02:42,CLOSED
CUST005125,Sandra,Wilkins,thomasbrown@example.net,BE,CHECKING,2023-12-13 19:51:28,CLOSED
CUST005126,Taylor,Lee,jonking@example.com,SG,CHECKING,2025-03-10 12:27:33,ACTIVE
CUST005127,Raymond,Williams,pinedakenneth@example.net,SG,SAVINGS,2024-12-07 18:30:05,ACTIVE
CUST005128,Christopher,Williams,zberg@example.org,FR,BUSINESS,2025-12-02 14:32:32,ACTIVE
CUST005129,Lisa,Hughes,nbender@example.org,CA,BUSINESS,2023-12-18 01:03:32,ACTIVE
CUST005130,Teresa,Munoz,pamela39@example.com,AU,CHECKING,2022-05-11 12:52:53,ACTIVE
CUST005131,Abigail,Simmons,robert13@example.net,DE,CHECKING,2024-03-13 14:11:36,CLOSED
CUST005132,Joshua,Horn,heatheryoung@example.org,US,CHECKING,2026-04-13 01:23:32,CLOSED
CUST005133,John,Johnson,mriley@example.com,DE,CHECKING,2025-08-21 08:10:24,ACTIVE
CUST005134,Robert,Jones,deannatyler@example.org,BE,BUSINESS,2025-11-07 03:33:36,ACTIVE
CUST005135,Tammy,Morrison,crystalbishop@example.org,IN,BUSINESS,2022-06-04 09:06:38,SUSPENDED
CUST005136,Kimberly,Mcdowell,sarahjohnson@example.com,DE,BUSINESS,2023-06-24 15:23:44,SUSPENDED
CUST005137,Cody,Duran,anthonyburton@example.org,PK,SAVINGS,2026-08-01 06:44:23,ACTIVE
CUST005138,Cory,Hernandez,hebertjohn@example.com,FR,SAVINGS,2023-06-30 04:50:20,CLOSED
CUST005139,Erika,Carter,wheelergregory@example.org,AE,SAVINGS,2025-10-10 10:01:45,ACTIVE
CUST005140,Brandon,Sanchez,cwebb@example.org,GB,BUSINESS,2023-03-16 19:41:49,ACTIVE
CUST005141,Cindy,Munoz,connormejia@example.com,US,SAVINGS,2024-05-16 07:06:54,CLOSED
CUST005142,Raymond,Johnston,smithadam@example.org,FR,CHECKING,2026-08-07 03:57:39,ACTIVE
CUST005143,Danielle,Walton,beannicholas@example.com,FR,SAVINGS,2023-06-16 21:17:08,ACTIVE
CUST005144,Lori,Thompson,melissa83@example.com,PK,BUSINESS,2023-07-06 00:05:52,ACTIVE
CUST005145,Kristen,Dixon,ewilson@example.com,DE,BUSINESS,2024-01-26 22:24:33,ACTIVE
CUST005146,Jennifer,Torres,wilsontiffany@example.org,AE,SAVINGS,2026-05-07 20:53:21,CLOSED
CUST005147,Shannon,Anderson,amandalopez@example.org,SG,BUSINESS,2023-10-25 05:19:15,CLOSED
CUST005148,Brian,Hanson,callahanamy@example.net,AE,BUSINESS,2023-05-15 09:20:24,ACTIVE
CUST005149,Justin,Reeves,whitejamie@example.org,IT,SAVINGS,2024-11-19 10:53:31,CLOSED
CUST005150,Elizabeth,Smith,michelle32@example.com,FR,BUSINESS,2022-04-18 20:11:17,ACTIVE
CUST005151,Amy,Taylor,jacob76@example.org,GB,BUSINESS,2024-09-19 21:20:42,ACTIVE
CUST005152,Dylan,Melton,christopherrodriguez@example.com,DE,CHECKING,2025-08-16 09:21:04,CLOSED
CUST005153,Anne,Swanson,allisonwhitehead@example.org,CA,BUSINESS,2023-01-27 18:22:53,CLOSED
CUST005154,Pamela,Snyder,garciakatherine@example.com,SG,SAVINGS,2025-06-10 22:31:19,CLOSED
CUST005155,William,Rodriguez,dbenitez@example.net,SG,CHECKING,2026-03-20 22:11:55,CLOSED
CUST005156,Robert,Taylor,whitecody@example.org,AE,CHECKING,2025-12-18 06:54:45,CLOSED
CUST005157,Randy,Scott,ryanhall@example.org,US,BUSINESS,2023-02-06 14:30:52,CLOSED
CUST005158,George,Mendez,christopher53@example.net,CA,SAVINGS,2021-11-05 09:53:49,ACTIVE
CUST005159,Justin,Nunez,latoya19@example.net,NL,CHECKING,2024-01-15 13:01:44,CLOSED
CUST005160,Kimberly,Brown,anthony55@example.org,NL,CHECKING,2026-02-19 17:17:40,ACTIVE
CUST005161,Jordan,Flores,robert77@example.org,IT,SAVINGS,2023-08-18 09:30:20,ACTIVE
CUST005162,Kimberly,Gordon,fhayes@example.org,US,SAVINGS,2021-09-16 00:32:59,ACTIVE
CUST005163,Angie,Barber,santosphilip@example.net,SG,CHECKING,2024-02-25 06:05:46,SUSPENDED
CUST005164,Mariah,Morgan,marcrobbins@example.org,SG,SAVINGS,2022-05-14 02:28:18,ACTIVE
CUST005165,Tyler,Martin,shawnlarson@example.com,DE,SAVINGS,2023-09-17 12:01:34,CLOSED
CUST005166,Sarah,Taylor,annettewilson@example.net,CA,CHECKING,2026-04-21 09:14:23,ACTIVE
CUST005167,Rebecca,Anderson,daniel21@example.org,JP,SAVINGS,2023-10-28 15:35:33,CLOSED
CUST005168,Anthony,Woodard,eferguson@example.net,IT,SAVINGS,2021-12-26 07:35:57,SUSPENDED
CUST005169,Michael,White,moralescaleb@example.net,IT,BUSINESS,2025-08-21 19:11:26,ACTIVE
CUST005170,Danielle,Decker,upham@example.org,PK,BUSINESS,2025-07-27 09:35:07,ACTIVE
CUST005171,Brandon,Long,sheila79@example.com,AE,SAVINGS,2025-12-27 15:39:38,CLOSED
CUST005172,Angela,Crane,martinstephanie@example.com,JP,CHECKING,2022-02-15 11:42:28,CLOSED
CUST005173,Seth,Keller,parkerkenneth@example.net,NL,SAVINGS,2022-05-01 19:08:05,ACTIVE
CUST005174,Shelby,Daniels,rayrobin@example.org,BE,CHECKING,2023-12-25 22:07:34,ACTIVE
CUST005175,Lori,Rogers,sporter@example.com,GB,SAVINGS,2025-08-08 07:27:19,CLOSED
CUST005176,Scott,Barrera,david96@example.net,ES,BUSINESS,2021-11-23 12:43:25,SUSPENDED
CUST005177,Cole,Williams,kristycole@example.com,JP,CHECKING,2024-06-19 04:19:46,ACTIVE
CUST005178,Charles,Lam,cchang@example.org,PK,SAVINGS,2022-12-12 11:44:16,ACTIVE
CUST005179,Elizabeth,Peters,jane53@example.com,ES,CHECKING,2025-06-30 03:29:18,SUSPENDED
CUST005180,William,Martin,usandoval@example.org,NL,BUSINESS,2022-11-30 16:14:33,SUSPENDED
CUST005181,Brian,Lowery,amandawarren@example.net,SG,CHECKING,2025-09-07 01:44:06,ACTIVE
CUST005182,Kristen,Ward,dthompson@example.org,IN,CHECKING,2023-04-08 07:41:39,SUSPENDED
CUST005183,Jason,Hardy,osnow@example.org,FR,BUSINESS,2023-01-15 03:55:38,ACTIVE
CUST005184,Holly,Scott,barbaramorales@example.com,DE,CHECKING,2023-04-24 16:56:15,CLOSED
CUST005185,Jennifer,Marsh,katie48@example.com,IN,BUSINESS,2023-12-01 15:57:00,SUSPENDED
CUST005186,Derek,Gibson,luisblake@example.net,PK,SAVINGS,2024-08-06 22:47:52,ACTIVE
CUST005187,David,Allen,tranangela@example.net,ES,SAVINGS,2025-07-05 22:00:17,CLOSED
CUST005188,Richard,Mccormick,thomascook@example.org,IT,BUSINESS,2023-08-24 13:50:54,ACTIVE
CUST005189,Melody,Jacobson,dmccoy@example.org,DE,SAVINGS,2025-02-22 10:29:44,ACTIVE
CUST005190,Roger,Sanchez,wilsonhayley@example.org,AU,BUSINESS,2022-06-06 21:18:14,CLOSED
CUST005191,Nicholas,Norris,nicole52@example.com,DE,BUSINESS,2023-06-14 10:45:38,ACTIVE
CUST005192,Richard,Marsh,nwhite@example.org,DE,BUSINESS,2024-09-30 17:39:51,ACTIVE
CUST005193,Stephen,Campbell,michael14@example.org,US,SAVINGS,2023-12-15 02:40:06,SUSPENDED
CUST005194,Monica,Villa,jonestanner@example.com,SG,SAVINGS,2026-07-19 14:45:57,ACTIVE
CUST005195,Joseph,Frey,timothy42@example.org,AE,SAVINGS,2026-05-13 08:25:11,ACTIVE
CUST005196,Amanda,Evans,nicholas81@example.com,SG,CHECKING,2022-04-14 05:25:18,CLOSED
CUST005197,Evan,Rodriguez,fnelson@example.net,PK,BUSINESS,2023-02-15 22:36:48,ACTIVE
CUST005198,Rachel,Guerrero,gregory98@example.com,ES,CHECKING,2023-02-15 14:33:25,CLOSED
CUST005199,Jon,Chandler,jason99@example.net,AU,SAVINGS,2025-11-12 23:57:17,SUSPENDED
CUST005200,Nicholas,Brewer,wardmelissa@example.org,GB,SAVINGS,2025-08-08 07:07:43,SUSPENDED
CUST005201,Leslie,Wilson,tina18@example.org,ES,BUSINESS,2024-01-06 01:23:53,CLOSED
CUST005202,Timothy,Carroll,brandonrosario@example.net,NL,CHECKING,2023-02-09 08:26:45,ACTIVE
CUST005203,Jordan,Singh,johnsonwesley@example.org,NL,SAVINGS,2023-10-14 06:44:14,ACTIVE
CUST005204,Richard,Evans,julianichols@example.net,FR,BUSINESS,2024-11-30 06:59:16,CLOSED
CUST005205,Shelby,Parker,huertacynthia@example.com,PK,BUSINESS,2025-03-09 04:46:41,CLOSED
CUST005206,Alexander,Fisher,bwilson@example.com,CA,SAVINGS,2025-03-01 07:12:22,ACTIVE
CUST005207,John,Griffin,catherine21@example.net,BE,SAVINGS,2025-10-29 05:10:43,ACTIVE
CUST005208,Carla,Graves,cruzalbert@example.org,AE,CHECKING,2023-11-30 17:03:26,ACTIVE
CUST005209,Samuel,Bell,garciarachel@example.com,FR,BUSINESS,2021-09-01 09:12:22,ACTIVE
CUST005210,Dominic,Ritter,perryaaron@example.com,GB,BUSINESS,2022-02-05 05:06:02,ACTIVE
CUST005211,Jacob,Mcgrath,angelashepherd@example.net,AU,BUSINESS,2025-03-08 18:25:52,ACTIVE
CUST005212,Kristina,Rivers,daniellerodriguez@example.org,DE,SAVINGS,2022-02-28 02:59:53,ACTIVE
CUST005213,Angela,Oneal,julie98@example.com,ES,CHECKING,2022-11-06 13:43:33,ACTIVE
CUST005214,Nathan,Jefferson,nhines@example.net,NL,SAVINGS,2025-07-01 19:56:13,SUSPENDED
CUST005215,William,Green,huynhdeborah@example.com,IT,CHECKING,2022-05-15 20:43:06,ACTIVE
CUST005216,Joshua,Nelson,philip73@example.com,PK,SAVINGS,2023-02-03 08:03:28,CLOSED
CUST005217,John,Anthony,wjones@example.net,AE,CHECKING,2024-10-12 11:17:40,ACTIVE
CUST005218,Gene,Bush,jodi94@example.com,JP,SAVINGS,2024-05-27 01:44:22,ACTIVE
CUST005219,Donna,Terry,paulahurst@example.net,DE,CHECKING,2025-12-07 20:31:21,CLOSED
CUST005220,George,Hall,leonard79@example.com,IN,BUSINESS,2026-03-13 13:04:20,ACTIVE
CUST005221,Melinda,Clark,ehamilton@example.com,FR,BUSINESS,2022-07-01 05:48:29,ACTIVE
CUST005222,Billy,Willis,jessica81@example.com,PK,BUSINESS,2021-09-08 06:28:33,CLOSED
CUST005223,Kelsey,Roth,ashleyhester@example.com,AE,CHECKING,2025-05-03 18:36:03,ACTIVE
CUST005224,Judy,Baxter,katrina69@example.net,US,CHECKING,2024-11-27 14:47:52,ACTIVE
CUST005225,Ronald,Smith,tlewis@example.net,IT,SAVINGS,2025-08-18 12:05:39,CLOSED
CUST005226,Rebecca,Long,fmurphy@example.org,GB,BUSINESS,2022-05-22 23:51:54,SUSPENDED
CUST005227,Brian,Mason,pedroalvarado@example.com,CA,CHECKING,2024-04-17 02:18:04,SUSPENDED
CUST005228,Mary,Mitchell,foxnancy@example.org,NL,CHECKING,2024-01-04 09:25:32,ACTIVE
CUST005229,Michael,Carter,toni93@example.com,US,SAVINGS,2025-02-04 15:06:24,SUSPENDED
CUST005230,Nathaniel,Rogers,danielle77@example.net,NL,CHECKING,2024-06-18 09:22:08,ACTIVE
CUST005231,Benjamin,West,xmorse@example.com,NL,BUSINESS,2025-07-20 17:56:56,ACTIVE
CUST005232,Paula,Tucker,ann52@example.com,BE,CHECKING,2022-04-18 17:51:13,ACTIVE
CUST005233,George,Hahn,robert90@example.org,SG,CHECKING,2025-10-31 08:34:53,ACTIVE
CUST005234,Linda,Mejia,melissachapman@example.net,ES,BUSINESS,2023-02-20 15:49:50,ACTIVE
CUST005235,Christine,Hart,kmurphy@example.org,NL,SAVINGS,2025-01-11 04:11:21,CLOSED
CUST005236,Tyler,Gregory,thomaslori@example.net,JP,CHECKING,2026-01-17 18:05:57,ACTIVE
CUST005237,Matthew,Johnson,brownjose@example.org,PK,CHECKING,2024-07-24 13:04:10,SUSPENDED
CUST005238,Ashley,Miller,justinperry@example.net,DE,BUSINESS,2024-05-15 07:09:28,CLOSED
CUST005239,Terry,Flores,chad39@example.com,BE,CHECKING,2024-11-02 21:56:41,CLOSED
CUST005240,Janice,Cook,robert42@example.net,JP,BUSINESS,2025-05-06 01:26:36,ACTIVE
CUST005241,Julie,Johnson,dixondonald@example.com,JP,BUSINESS,2023-09-28 23:24:44,ACTIVE
CUST005242,James,Mcclure,jonescarol@example.net,IT,CHECKING,2025-11-13 13:39:49,CLOSED
CUST005243,Jacob,Thomas,debrawinters@example.net,GB,CHECKING,2023-04-03 09:50:23,ACTIVE
CUST005244,Donna,Holt,mitchelljennifer@example.net,NL,SAVINGS,2022-03-18 09:21:10,ACTIVE
CUST005245,Timothy,Brock,pwilliams@example.org,US,CHECKING,2023-08-14 10:13:50,SUSPENDED
CUST005246,Bruce,Ochoa,juan84@example.org,NL,CHECKING,2025-03-21 05:49:50,ACTIVE
CUST005247,Denise,Hancock,ortegaerica@example.net,JP,CHECKING,2023-05-06 09:55:30,CLOSED
CUST005248,Christopher,Ruiz,simongabrielle@example.org,IN,BUSINESS,2021-12-01 01:44:37,ACTIVE
CUST005249,Betty,Spears,uhardy@example.com,FR,SAVINGS,2025-11-21 18:50:53,ACTIVE
CUST005250,Sheila,Logan,aallen@example.com,US,BUSINESS,2025-07-12 15:32:46,CLOSED
CUST005251,Nicholas,Kelly,mark03@example.com,IT,BUSINESS,2025-12-09 03:55:56,ACTIVE
CUST005252,Daniel,Rivera,james11@example.org,FR,SAVINGS,2022-11-02 12:48:04,ACTIVE
CUST005253,Patrick,Harris,nathan30@example.net,AU,SAVINGS,2022-10-19 19:31:33,CLOSED
CUST005254,James,Wright,harriserika@example.org,IT,BUSINESS,2024-04-18 17:24:59,ACTIVE
CUST005255,Terri,Meyer,julie07@example.org,US,BUSINESS,2022-11-13 13:13:05,ACTIVE
CUST005256,Nicholas,Smith,laurenhenderson@example.com,PK,SAVINGS,2025-05-23 13:15:48,ACTIVE
CUST005257,Juan,Rodriguez,franciskenneth@example.net,PK,SAVINGS,2025-09-17 01:08:15,SUSPENDED
CUST005258,Samuel,Rodriguez,jhaley@example.org,US,BUSINESS,2023-10-26 15:36:57,SUSPENDED
CUST005259,Donna,Chavez,lwright@example.net,AU,SAVINGS,2024-01-18 05:16:57,CLOSED
CUST005260,Brian,Knight,whull@example.org,US,SAVINGS,2021-12-07 18:57:48,ACTIVE
CUST005261,Eric,Yang,william37@example.com,IT,CHECKING,2022-08-07 08:59:02,ACTIVE
CUST005262,Eugene,Payne,alyssa89@example.org,GB,SAVINGS,2024-03-15 00:30:43,ACTIVE
CUST005263,Maria,Howard,cruzjessica@example.net,IT,BUSINESS,2026-08-08 20:28:08,SUSPENDED
CUST005264,Carlos,Mann,lee64@example.com,DE,CHECKING,2025-04-30 09:11:58,SUSPENDED
CUST005265,John,Morris,makaylasmith@example.com,BE,BUSINESS,2022-04-07 21:00:22,ACTIVE
CUST005266,Tanya,Jackson,tiffanykoch@example.net,BE,BUSINESS,2026-02-15 16:26:36,SUSPENDED
CUST005267,Nicholas,Medina,jonathan01@example.net,SG,CHECKING,2025-08-24 11:29:26,SUSPENDED
CUST005268,Kathleen,George,kathy14@example.com,IN,SAVINGS,2025-06-28 00:05:36,CLOSED
CUST005269,Sheila,Goodman,rodneythomas@example.net,GB,BUSINESS,2024-07-28 08:17:53,ACTIVE
CUST005270,Rebecca,Paul,brownhayley@example.net,FR,SAVINGS,2022-04-20 19:45:29,ACTIVE
CUST005271,Steven,Mccullough,pooletyler@example.com,CA,CHECKING,2025-04-01 19:05:59,SUSPENDED
CUST005272,Brad,Wright,qdavis@example.com,FR,BUSINESS,2021-10-03 13:03:42,ACTIVE
CUST005273,Julie,Matthews,lauriereese@example.com,NL,BUSINESS,2023-12-06 17:18:06,ACTIVE
CUST005274,Michael,Morris,tonyroberts@example.org,GB,SAVINGS,2025-12-04 17:34:39,SUSPENDED
CUST005275,Jennifer,Estrada,mistywolf@example.com,GB,SAVINGS,2025-10-25 11:48:11,ACTIVE
CUST005276,Grace,Shaw,chungerin@example.com,PK,CHECKING,2024-12-23 01:50:14,ACTIVE
CUST005277,Adriana,Romero,michael71@example.net,US,BUSINESS,2024-05-31 12:34:05,ACTIVE
CUST005278,Michael,Perry,amiller@example.com,BE,BUSINESS,2026-05-30 07:52:32,ACTIVE
CUST005279,Valerie,Snow,knightrobert@example.net,NL,SAVINGS,2023-09-06 23:09:03,SUSPENDED
CUST005280,Paul,Russell,petersonnicole@example.com,IT,BUSINESS,2022-08-31 11:45:22,ACTIVE
CUST005281,Heather,Wilson,robinsonbrenda@example.com,CA,CHECKING,2023-04-01 04:35:19,ACTIVE
CUST005282,Jacob,Green,sarah82@example.com,AU,BUSINESS,2025-01-03 11:07:09,ACTIVE
CUST005283,Catherine,Jones,christopherthomas@example.net,ES,BUSINESS,2025-04-21 08:47:00,CLOSED
CUST005284,Rebecca,Hayes,angela69@example.com,FR,BUSINESS,2026-05-10 23:11:21,ACTIVE
CUST005285,Kevin,Olson,fstevenson@example.net,AE,SAVINGS,2025-04-06 10:55:51,ACTIVE
CUST005286,Sarah,Brown,troywilliams@example.net,AE,BUSINESS,2023-05-23 23:09:27,ACTIVE
CUST005287,Paul,Golden,henrybailey@example.net,PK,SAVINGS,2022-04-26 14:41:55,CLOSED
CUST005288,Robert,Anderson,pughdennis@example.com,DE,BUSINESS,2025-02-04 21:34:54,ACTIVE
CUST005289,Brenda,Higgins,rodriguezpeter@example.org,CA,CHECKING,2022-06-02 13:42:10,ACTIVE
CUST005290,Ashley,Shaw,rsanchez@example.net,CA,CHECKING,2021-10-17 05:19:53,ACTIVE
CUST005291,Mary,Cox,jeremy60@example.com,IN,BUSINESS,2022-12-04 05:03:39,SUSPENDED
CUST005292,Glenn,Smith,michaelruiz@example.net,IN,BUSINESS,2024-08-25 12:51:34,ACTIVE
CUST005293,Tracy,Brooks,gabriel98@example.com,NL,CHECKING,2022-03-15 01:22:45,ACTIVE
CUST005294,Aaron,Evans,masseyjennifer@example.org,BE,SAVINGS,2023-01-02 13:03:24,ACTIVE
CUST005295,Taylor,Smith,kylemills@example.net,CA,BUSINESS,2025-06-06 10:47:00,ACTIVE
CUST005296,Kevin,Neal,yclark@example.com,FR,CHECKING,2022-09-25 01:17:04,ACTIVE
CUST005297,Frances,Perez,mary11@example.net,AE,BUSINESS,2026-01-11 01:24:46,ACTIVE
CUST005298,Hannah,Hernandez,maryfernandez@example.net,CA,SAVINGS,2025-04-20 03:46:01,SUSPENDED
CUST005299,Melody,Chambers,william62@example.net,FR,CHECKING,2022-03-21 23:09:02,ACTIVE
CUST005300,Anna,Gonzalez,mckinneyclifford@example.org,NL,CHECKING,2025-12-03 17:37:00,ACTIVE
CUST005301,Kathleen,Owens,pachecojason@example.com,JP,BUSINESS,2025-04-03 11:26:45,ACTIVE
CUST005302,Paul,Perez,timothy81@example.net,FR,SAVINGS,2023-09-29 13:59:10,ACTIVE
CUST005303,Eric,Lynn,bonnie45@example.org,IN,SAVINGS,2023-04-15 12:42:26,SUSPENDED
CUST005304,James,Sutton,loveelizabeth@example.net,ES,BUSINESS,2024-01-06 10:21:42,ACTIVE
CUST005305,Vanessa,Johnson,tracyrobinson@example.net,IN,CHECKING,2023-05-02 10:23:45,ACTIVE
CUST005306,Elizabeth,Rodriguez,ericking@example.com,DE,BUSINESS,2022-09-21 09:16:20,SUSPENDED
CUST005307,Megan,West,robert19@example.net,FR,CHECKING,2024-07-23 23:16:12,CLOSED
CUST005308,Brandon,Drake,brianpowell@example.com,AU,CHECKING,2026-05-17 04:32:12,ACTIVE
CUST005309,Bryan,Clarke,jacquelinemejia@example.com,SG,BUSINESS,2022-12-09 23:30:49,SUSPENDED
CUST005310,Justin,Dickerson,laura91@example.net,IT,BUSINESS,2024-09-03 02:14:55,ACTIVE
CUST005311,Ernest,Cummings,williamlam@example.org,AE,SAVINGS,2022-04-11 20:57:03,SUSPENDED
CUST005312,Mark,Hill,aalexander@example.com,CA,BUSINESS,2026-07-14 21:28:18,ACTIVE
CUST005313,Christopher,Ross,russellmichael@example.com,NL,SAVINGS,2024-08-05 15:08:54,SUSPENDED
CUST005314,Devin,Barrera,susanwarner@example.com,IT,CHECKING,2022-07-28 15:09:49,ACTIVE
CUST005315,Mary,Rios,jeanette90@example.org,JP,BUSINESS,2026-06-08 18:56:38,SUSPENDED
CUST005316,Kevin,Foley,jake45@example.com,GB,SAVINGS,2025-09-25 13:53:31,SUSPENDED
CUST005317,Martha,Hatfield,pjones@example.net,DE,CHECKING,2026-03-17 22:28:37,SUSPENDED
CUST005318,Megan,Cooper,allen09@example.org,CA,SAVINGS,2024-10-10 06:21:04,SUSPENDED
CUST005319,Brooke,Cortez,jrobertson@example.org,NL,BUSINESS,2026-06-13 18:04:28,CLOSED
CUST005320,Heidi,Dudley,susan93@example.com,CA,CHECKING,2021-10-11 21:30:19,SUSPENDED
CUST005321,Sandra,Riley,christopher70@example.com,FR,SAVINGS,2024-11-26 23:29:38,SUSPENDED
CUST005322,Daniel,Hampton,robertthornton@example.com,BE,BUSINESS,2026-03-14 08:53:42,ACTIVE
CUST005323,Bob,Boyle,aarontaylor@example.org,US,CHECKING,2023-06-23 09:46:49,CLOSED
CUST005324,Andrea,Dunn,moorekatherine@example.net,FR,SAVINGS,2025-04-12 20:58:50,ACTIVE
CUST005325,Randy,Woods,scottblackburn@example.org,US,SAVINGS,2025-06-04 07:15:41,SUSPENDED
CUST005326,Jeffrey,Schroeder,valeriebennett@example.com,AU,CHECKING,2025-10-04 03:19:56,ACTIVE
CUST005327,Aaron,Davidson,baileydonna@example.com,BE,CHECKING,2025-10-27 00:55:01,ACTIVE
CUST005328,Linda,Combs,briannaburns@example.org,DE,BUSINESS,2024-05-08 08:43:22,ACTIVE
CUST005329,Jorge,Cardenas,carolynjones@example.com,IT,SAVINGS,2021-09-11 23:37:59,CLOSED
CUST005330,Brittany,Newton,joseph68@example.net,IT,CHECKING,2026-03-07 10:45:47,ACTIVE
CUST005331,Tyler,Rasmussen,fischerzachary@example.net,GB,BUSINESS,2025-04-18 13:33:20,SUSPENDED
CUST005332,Amanda,Brown,markpollard@example.org,CA,BUSINESS,2023-02-23 14:02:14,CLOSED
CUST005333,Roberto,Khan,lesliejoyce@example.net,AE,CHECKING,2022-01-23 18:52:20,ACTIVE
CUST005334,Gina,Elliott,torresmelissa@example.com,AE,SAVINGS,2024-12-07 01:22:06,ACTIVE
CUST005335,David,Stewart,amack@example.org,GB,SAVINGS,2021-11-12 22:18:13,ACTIVE
CUST005336,Chad,Carpenter,burchsara@example.com,IN,CHECKING,2023-06-07 18:46:28,ACTIVE
CUST005337,April,Hurley,philip34@example.net,BE,BUSINESS,2025-11-13 22:39:14,CLOSED
CUST005338,Justin,Richard,lorifields@example.org,AU,SAVINGS,2026-05-14 03:42:36,ACTIVE
CUST005339,Cassandra,Garcia,andrewslouis@example.net,NL,BUSINESS,2024-11-11 18:14:01,ACTIVE
CUST005340,Tyler,Mills,danielhaley@example.com,AE,BUSINESS,2024-02-24 06:03:40,SUSPENDED
CUST005341,David,Keller,diana25@example.net,CA,SAVINGS,2022-03-24 00:06:45,ACTIVE
CUST005342,Dale,Levy,gonzalezmichael@example.com,JP,CHECKING,2021-10-09 05:02:32,ACTIVE
CUST005343,Becky,Martin,bryan25@example.net,US,BUSINESS,2025-06-18 20:24:39,SUSPENDED
CUST005344,Christy,Rodgers,chandlerjeremy@example.org,CA,BUSINESS,2023-10-01 13:39:05,ACTIVE
CUST005345,Angela,Mckinney,yarcher@example.com,PK,CHECKING,2021-12-16 04:01:49,SUSPENDED
CUST005346,Victoria,Hughes,mckenziemills@example.com,SG,CHECKING,2022-04-03 03:55:04,SUSPENDED
CUST005347,Patricia,Norman,alvin39@example.net,ES,CHECKING,2025-08-25 21:40:57,ACTIVE
CUST005348,Andrea,Ferguson,kelly30@example.net,CA,BUSINESS,2022-07-01 21:49:24,ACTIVE
CUST005349,William,Russell,hannahcarroll@example.org,ES,CHECKING,2025-06-16 11:23:16,SUSPENDED
CUST005350,Janice,White,kallen@example.org,IN,CHECKING,2025-08-30 16:26:56,ACTIVE
CUST005351,David,Mahoney,piercedavid@example.org,PK,SAVINGS,2022-07-19 01:24:05,SUSPENDED
CUST005352,Chris,Harrison,cbrown@example.com,ES,BUSINESS,2025-02-06 20:11:54,CLOSED
CUST005353,Megan,Snyder,vanessacasey@example.net,US,CHECKING,2026-05-27 05:40:19,CLOSED
CUST005354,Angela,Taylor,baxterbrian@example.org,GB,SAVINGS,2026-03-01 04:35:43,ACTIVE
CUST005355,Tara,Ritter,linda40@example.com,NL,CHECKING,2025-12-06 17:33:40,SUSPENDED
CUST005356,Claudia,Odonnell,erinsmith@example.com,NL,BUSINESS,2021-10-04 17:35:59,ACTIVE
CUST005357,Nicholas,Burns,prodriguez@example.org,CA,SAVINGS,2023-11-30 19:10:00,CLOSED
CUST005358,Katherine,Kennedy,nicholaspeterson@example.com,PK,SAVINGS,2022-03-12 18:12:49,CLOSED
CUST005359,Jaime,Sullivan,qwoods@example.net,JP,CHECKING,2024-09-27 18:55:11,ACTIVE
CUST005360,Cody,Mcgee,jeremy52@example.com,NL,BUSINESS,2025-06-03 01:44:42,ACTIVE
CUST005361,Jennifer,Kaufman,erica88@example.org,AE,BUSINESS,2024-05-25 10:14:50,ACTIVE
CUST005362,Donald,Barnes,mannlisa@example.com,CA,BUSINESS,2022-07-15 07:05:58,ACTIVE
CUST005363,Kathleen,Garcia,edwardsryan@example.org,US,SAVINGS,2023-08-16 23:05:59,ACTIVE
CUST005364,Amy,Cooper,steve46@example.com,PK,SAVINGS,2021-12-18 15:56:28,ACTIVE
CUST005365,Deborah,Brown,ipotter@example.org,ES,BUSINESS,2026-04-13 11:17:42,SUSPENDED
CUST005366,James,Moss,villarrealjeffrey@example.com,FR,SAVINGS,2024-05-26 21:26:37,SUSPENDED
CUST005367,Jacqueline,Thompson,bflores@example.org,ES,CHECKING,2023-10-06 22:01:12,SUSPENDED
CUST005368,Sandra,Evans,nicholas33@example.net,DE,CHECKING,2026-07-26 12:18:58,ACTIVE
CUST005369,Edward,Turner,devon57@example.org,SG,CHECKING,2024-07-13 17:04:08,ACTIVE
CUST005370,Chris,Boyer,jennifer82@example.com,SG,CHECKING,2023-04-15 04:02:31,CLOSED
CUST005371,Amanda,Smith,lindaali@example.net,US,SAVINGS,2022-11-20 00:53:14,ACTIVE
CUST005372,Steven,Gray,tmejia@example.net,FR,BUSINESS,2025-12-30 20:44:41,SUSPENDED
CUST005373,Regina,Gray,qbenjamin@example.com,AU,CHECKING,2025-03-16 01:06:57,ACTIVE
CUST005374,Jennifer,White,cynthiajohnson@example.net,BE,BUSINESS,2026-05-20 11:36:00,CLOSED
CUST005375,Melvin,Chaney,ccastro@example.net,PK,CHECKING,2023-03-24 13:14:36,ACTIVE
CUST005376,Robert,Davis,samanthahogan@example.org,JP,CHECKING,2023-03-04 03:31:02,ACTIVE
CUST005377,Jennifer,Bean,ingramjennifer@example.org,NL,SAVINGS,2023-07-19 01:24:01,SUSPENDED
CUST005378,Donald,Molina,camachokathryn@example.com,AU,BUSINESS,2023-03-24 13:54:43,ACTIVE
CUST005379,Michael,Jennings,mikayla18@example.com,BE,BUSINESS,2023-12-26 13:02:05,SUSPENDED
CUST005380,Matthew,Ramirez,lucasmerritt@example.org,PK,SAVINGS,2022-05-18 05:27:15,CLOSED
CUST005381,Jose,Smith,michaelwalker@example.org,CA,BUSINESS,2022-12-30 22:52:38,ACTIVE
CUST005382,William,Jordan,markturner@example.net,DE,BUSINESS,2021-09-22 15:41:22,ACTIVE
CUST005383,Kyle,Griffin,gward@example.com,DE,BUSINESS,2025-12-07 13:15:13,ACTIVE
CUST005384,Breanna,Kim,christopherhernandez@example.net,NL,CHECKING,2024-10-07 17:21:23,ACTIVE
CUST005385,Brian,Butler,usolomon@example.com,AU,CHECKING,2024-02-19 05:11:56,ACTIVE
CUST005386,Susan,Clark,rhughes@example.net,AE,BUSINESS,2026-02-08 00:27:57,CLOSED
CUST005387,Madison,Hahn,jasonray@example.com,JP,SAVINGS,2026-04-12 18:48:05,ACTIVE
CUST005388,Scott,Meyer,randall36@example.org,AU,BUSINESS,2022-04-24 21:54:32,CLOSED
CUST005389,Randy,Sanchez,paul17@example.org,NL,BUSINESS,2024-12-31 23:50:26,CLOSED
CUST005390,Tammy,Hernandez,youngjared@example.com,JP,SAVINGS,2024-04-19 13:34:39,ACTIVE
CUST005391,Charlotte,Robertson,krista74@example.net,ES,CHECKING,2022-05-03 07:23:05,ACTIVE
CUST005392,Crystal,Hamilton,jonathanpearson@example.org,IT,CHECKING,2021-12-10 20:56:50,CLOSED
CUST005393,Jeremy,Davis,pricejimmy@example.com,ES,CHECKING,2025-04-27 04:41:05,ACTIVE
CUST005394,Harold,Walton,alexandriacox@example.com,US,CHECKING,2024-04-02 06:17:42,ACTIVE
CUST005395,Charles,Christensen,shawn62@example.org,DE,CHECKING,2026-07-16 17:41:16,ACTIVE
CUST005396,Michael,Gallagher,schultzwilliam@example.net,CA,SAVINGS,2025-04-13 01:54:35,SUSPENDED
CUST005397,Christopher,Reyes,vburgess@example.net,JP,SAVINGS,2022-02-28 07:11:38,ACTIVE
CUST005398,Ian,Price,phillipsbrittany@example.net,NL,BUSINESS,2022-07-14 06:53:52,ACTIVE
CUST005399,Scott,Salazar,james91@example.net,IT,BUSINESS,2024-11-17 06:20:52,SUSPENDED
CUST005400,Patricia,Anderson,joshua06@example.com,GB,SAVINGS,2025-10-30 20:05:58,SUSPENDED
CUST005401,Amy,Roberts,orusso@example.org,BE,SAVINGS,2022-04-19 01:38:36,CLOSED
CUST005402,Russell,Brown,rhondahill@example.org,BE,BUSINESS,2026-02-11 01:33:43,ACTIVE
CUST005403,Ashley,Reed,melanie07@example.org,PK,BUSINESS,2022-03-23 17:12:45,ACTIVE
CUST005404,Dawn,Smith,navila@example.net,ES,BUSINESS,2024-11-02 03:02:11,ACTIVE
CUST005405,Andrew,Sanchez,mooneydanielle@example.net,SG,CHECKING,2021-11-28 00:23:18,SUSPENDED
CUST005406,Mary,Hamilton,kingmatthew@example.org,CA,SAVINGS,2023-05-06 08:43:42,SUSPENDED
CUST005407,Kimberly,Porter,scottbailey@example.com,SG,SAVINGS,2024-09-07 02:34:02,ACTIVE
CUST005408,Jonathan,Patrick,annamarsh@example.net,CA,SAVINGS,2023-01-22 16:46:23,ACTIVE
CUST005409,Kelly,Chang,erichoover@example.org,ES,CHECKING,2025-12-19 16:02:27,ACTIVE
CUST005410,Susan,Lester,kellydesiree@example.org,IN,SAVINGS,2025-12-23 21:52:47,ACTIVE
CUST005411,Brenda,Kidd,dillon76@example.net,SG,SAVINGS,2021-09-05 14:36:47,ACTIVE
CUST005412,David,Ochoa,klawson@example.com,AU,BUSINESS,2022-01-13 19:01:11,ACTIVE
CUST005413,Melissa,Malone,tdoyle@example.org,GB,SAVINGS,2024-01-07 22:00:52,ACTIVE
CUST005414,Kara,Greene,paigephillips@example.org,PK,BUSINESS,2023-10-02 01:45:17,ACTIVE
CUST005415,Loretta,Watts,michaelharmon@example.org,IT,SAVINGS,2025-10-14 11:41:44,ACTIVE
CUST005416,John,Sanders,kristinaallen@example.org,CA,CHECKING,2025-12-14 00:33:25,ACTIVE
CUST005417,Susan,Phillips,timothylong@example.com,AU,SAVINGS,2023-06-10 10:17:24,ACTIVE
CUST005418,Caitlin,Vargas,meganhart@example.com,DE,SAVINGS,2026-02-10 04:10:56,ACTIVE
CUST005419,Andrew,Walker,millsdanielle@example.org,CA,CHECKING,2024-02-04 15:29:31,CLOSED
CUST005420,Angela,Rios,brittanywilliams@example.com,NL,CHECKING,2021-10-27 16:57:03,ACTIVE
CUST005421,Marvin,Brown,sharon87@example.net,JP,SAVINGS,2022-07-20 04:51:11,SUSPENDED
CUST005422,Matthew,Johnson,david23@example.com,FR,BUSINESS,2025-10-20 08:04:44,ACTIVE
CUST005423,George,Brown,webbkeith@example.com,NL,BUSINESS,2026-07-08 19:35:47,ACTIVE
CUST005424,Hannah,Bradley,ruiztodd@example.com,AU,CHECKING,2021-09-25 04:23:58,SUSPENDED
CUST005425,Anthony,Mckinney,preston84@example.net,AU,BUSINESS,2025-01-07 04:42:30,SUSPENDED
CUST005426,Mark,Mahoney,timothynorman@example.net,US,CHECKING,2024-11-12 23:52:24,SUSPENDED
CUST005427,Richard,Dougherty,ztaylor@example.com,SG,BUSINESS,2022-02-21 19:51:28,CLOSED
CUST005428,Katrina,York,jbaker@example.org,AE,CHECKING,2026-05-26 03:17:02,ACTIVE
CUST005429,Daniel,Smith,nblack@example.net,BE,CHECKING,2022-12-16 11:11:11,CLOSED
CUST005430,Michael,Mathews,adam39@example.org,PK,BUSINESS,2024-10-02 12:48:08,ACTIVE
CUST005431,Daryl,Smith,tlawson@example.com,SG,BUSINESS,2025-10-04 13:37:38,ACTIVE
CUST005432,Terri,Brooks,sbarnes@example.net,IN,CHECKING,2022-01-31 21:56:27,ACTIVE
CUST005433,Jay,Yang,egonzalez@example.net,GB,CHECKING,2022-03-29 09:22:31,ACTIVE
CUST005434,Steve,Hernandez,wrightjohn@example.com,US,BUSINESS,2023-12-04 23:20:47,ACTIVE
CUST005435,Eric,Greer,katelynrobinson@example.org,BE,CHECKING,2024-09-10 09:56:18,CLOSED
CUST005436,John,Richardson,pwilliams@example.net,NL,CHECKING,2024-08-03 14:27:22,CLOSED
CUST005437,Jacob,Greene,shobbs@example.net,SG,CHECKING,2021-11-27 06:46:50,ACTIVE
CUST005438,Christopher,King,thouston@example.com,IN,BUSINESS,2024-06-12 18:29:54,ACTIVE
CUST005439,Joseph,Burns,cchase@example.com,PK,BUSINESS,2021-12-27 06:46:58,ACTIVE
CUST005440,Barbara,Butler,morrisonmichael@example.com,PK,BUSINESS,2024-07-05 14:28:11,ACTIVE
CUST005441,Bailey,Bautista,chelseadavis@example.org,CA,CHECKING,2023-05-10 14:53:36,SUSPENDED
CUST005442,Kerri,King,theodore68@example.net,GB,BUSINESS,2026-08-03 04:44:47,ACTIVE
CUST005443,Colin,Williams,carterdaniel@example.net,DE,CHECKING,2025-11-16 07:46:10,CLOSED
CUST005444,Tammy,Edwards,pamela07@example.net,ES,BUSINESS,2023-01-09 09:05:10,ACTIVE
CUST005445,Linda,Hurst,zstanley@example.org,DE,CHECKING,2025-04-04 20:35:46,SUSPENDED
CUST005446,Stephanie,Johnston,hugheswilliam@example.org,FR,SAVINGS,2023-08-15 00:33:15,CLOSED
CUST005447,Robert,Parker,wilsonjoseph@example.com,IT,BUSINESS,2025-05-22 10:13:13,CLOSED
CUST005448,Wendy,Stark,hcole@example.org,GB,CHECKING,2024-12-03 17:33:50,ACTIVE
CUST005449,Mark,Woods,andreajones@example.org,NL,SAVINGS,2026-08-22 17:42:49,CLOSED
CUST005450,Mary,Martin,nchang@example.net,BE,CHECKING,2026-03-11 15:16:40,ACTIVE
CUST005451,William,Buck,jonathanmoses@example.net,US,BUSINESS,2022-03-12 06:03:21,ACTIVE
CUST005452,Claudia,Sullivan,cory58@example.com,AU,SAVINGS,2024-10-11 12:36:42,ACTIVE
CUST005453,James,Reeves,mccarthyjoshua@example.com,DE,CHECKING,2025-03-10 22:52:17,ACTIVE
CUST005454,James,Moreno,ariana70@example.com,SG,CHECKING,2022-09-12 10:00:06,ACTIVE
CUST005455,Ryan,Dean,jonathan14@example.net,BE,BUSINESS,2024-03-31 09:27:31,ACTIVE
CUST005456,Aaron,Brown,barry75@example.com,AE,CHECKING,2022-01-12 16:49:38,ACTIVE
CUST005457,Edward,Schroeder,williamsroberto@example.org,IT,BUSINESS,2025-06-06 14:02:45,ACTIVE
CUST005458,Kayla,Lawson,breannawarren@example.org,US,CHECKING,2023-02-24 17:26:42,ACTIVE
CUST005459,Jessica,Gordon,kara42@example.com,NL,BUSINESS,2023-05-27 21:37:12,ACTIVE
CUST005460,Julia,Green,vjohnston@example.net,SG,BUSINESS,2022-12-02 00:33:50,ACTIVE
CUST005461,Paula,Brooks,znorris@example.com,NL,CHECKING,2025-02-12 15:54:59,SUSPENDED
CUST005462,Crystal,Wiley,sean58@example.com,SG,SAVINGS,2026-06-01 05:40:46,ACTIVE
CUST005463,Jacqueline,Case,stephaniewashington@example.org,NL,CHECKING,2022-02-27 09:07:28,CLOSED
CUST005464,Mary,Morris,michaelklein@example.org,BE,SAVINGS,2025-04-22 22:38:14,ACTIVE
CUST005465,Heather,Simpson,grantjames@example.com,IN,CHECKING,2021-08-31 18:04:15,ACTIVE
CUST005466,Katrina,Rodriguez,sarah04@example.org,PK,CHECKING,2022-12-28 18:05:05,ACTIVE
CUST005467,Michael,Finley,williamsdavid@example.org,NL,SAVINGS,2025-02-16 05:10:03,SUSPENDED
CUST005468,Evelyn,Bradford,ebell@example.org,NL,CHECKING,2025-05-16 17:22:48,SUSPENDED
CUST005469,Daniel,Moore,tjohnston@example.net,BE,BUSINESS,2025-08-20 17:02:56,ACTIVE
CUST005470,Curtis,Jordan,albert42@example.net,BE,BUSINESS,2025-07-20 00:55:54,CLOSED
CUST005471,Eric,Le,wattsjason@example.net,US,BUSINESS,2022-07-04 07:23:12,ACTIVE
CUST005472,Tony,Ball,ksanders@example.com,FR,BUSINESS,2021-12-11 02:37:33,SUSPENDED
CUST005473,Douglas,Bailey,stephaniefoster@example.org,ES,BUSINESS,2026-07-15 13:05:58,CLOSED
CUST005474,Carl,Dixon,enelson@example.org,IT,BUSINESS,2024-07-02 17:13:56,SUSPENDED
CUST005475,Robert,Mckenzie,groman@example.org,BE,BUSINESS,2022-01-11 16:01:56,ACTIVE
CUST005476,Evelyn,Graham,myersrebecca@example.com,IT,SAVINGS,2024-08-19 17:50:24,CLOSED
CUST005477,Antonio,Li,pkent@example.com,CA,BUSINESS,2021-11-25 03:48:59,ACTIVE
CUST005478,Jacqueline,Pitts,iperez@example.org,DE,BUSINESS,2022-02-13 15:53:27,ACTIVE
CUST005479,Lisa,Joseph,zgonzales@example.com,NL,CHECKING,2024-02-01 13:17:00,SUSPENDED
CUST005480,Diana,Nguyen,joshuaburton@example.net,NL,CHECKING,2022-08-14 09:42:14,ACTIVE
CUST005481,Heather,Jenkins,jeffrey32@example.net,CA,BUSINESS,2025-05-05 21:42:06,ACTIVE
CUST005482,Robin,Owens,diazpamela@example.org,US,CHECKING,2026-01-24 20:37:16,SUSPENDED
CUST005483,Antonio,Cook,jacobwalker@example.com,AU,SAVINGS,2026-05-24 20:57:26,ACTIVE
CUST005484,Katherine,Gaines,vphillips@example.com,AU,SAVINGS,2022-10-13 21:01:43,CLOSED
CUST005485,Riley,Stewart,alexandervictoria@example.com,PK,CHECKING,2024-10-03 17:12:13,ACTIVE
CUST005486,Tina,Smith,cindybrooks@example.net,SG,CHECKING,2025-01-14 11:54:46,ACTIVE
CUST005487,Amanda,Preston,keith23@example.com,IN,CHECKING,2026-08-22 05:13:20,ACTIVE
CUST005488,Brandi,Rosales,urios@example.net,GB,SAVINGS,2025-01-10 08:37:47,ACTIVE
CUST005489,Candice,Sawyer,leejohnson@example.com,BE,BUSINESS,2023-03-29 17:25:44,ACTIVE
CUST005490,Matthew,Reed,christopher97@example.net,ES,SAVINGS,2024-09-26 23:46:33,ACTIVE
CUST005491,Charles,Richards,qrich@example.net,ES,SAVINGS,2024-06-29 23:01:11,CLOSED
CUST005492,Jeffery,Conley,shawngonzalez@example.com,ES,CHECKING,2024-06-28 21:18:45,SUSPENDED
CUST005493,Alyssa,Smith,webertravis@example.net,AE,BUSINESS,2023-01-03 00:42:53,SUSPENDED
CUST005494,Daniel,Hurley,zhines@example.com,AU,BUSINESS,2024-11-07 20:34:28,SUSPENDED
CUST005495,Chase,Hernandez,pcarrillo@example.org,SG,SAVINGS,2022-11-06 23:13:46,SUSPENDED
CUST005496,David,Leonard,rebecca70@example.net,IN,CHECKING,2025-12-27 03:56:32,ACTIVE
CUST005497,Cody,Mayo,nelsonhannah@example.org,SG,SAVINGS,2026-08-10 08:22:11,CLOSED
CUST005498,Jennifer,Jones,bradley89@example.net,BE,SAVINGS,2023-10-14 12:25:19,SUSPENDED
CUST005499,John,Tate,angela12@example.com,NL,CHECKING,2026-01-12 12:47:15,ACTIVE
CUST005500,Daniel,Webster,alansmith@example.org,AE,BUSINESS,2024-05-26 22:54:16,ACTIVE
CUST005501,Zachary,Drake,riveradestiny@example.net,GB,SAVINGS,2022-01-02 08:08:07,ACTIVE
CUST005502,Amy,Adams,jayjoseph@example.org,AU,SAVINGS,2024-07-16 13:15:25,CLOSED
CUST005503,Virginia,Tran,nealpatricia@example.com,FR,CHECKING,2024-11-07 16:41:23,CLOSED
CUST005504,Tina,Mckinney,susan86@example.net,ES,SAVINGS,2021-12-21 15:28:11,CLOSED
CUST005505,Cynthia,Ali,yvonnedavis@example.net,SG,BUSINESS,2025-03-06 08:03:40,ACTIVE
CUST005506,Ashley,Barnes,susanjones@example.com,AU,CHECKING,2025-04-22 22:39:13,ACTIVE
CUST005507,Sydney,Gallegos,douglas12@example.net,JP,SAVINGS,2024-08-06 16:18:41,ACTIVE
CUST005508,Ashlee,Shields,dwaters@example.com,DE,SAVINGS,2023-12-04 11:43:52,ACTIVE
CUST005509,Christy,Colon,brenda59@example.org,AE,SAVINGS,2023-02-11 08:40:51,SUSPENDED
CUST005510,Paul,Atkins,aaronwalker@example.net,GB,CHECKING,2023-11-10 09:08:06,SUSPENDED
CUST005511,Julie,Wood,tyler16@example.com,FR,BUSINESS,2024-08-30 14:56:46,ACTIVE
CUST005512,Travis,Valencia,clarkjustin@example.net,IT,CHECKING,2024-08-02 11:26:23,ACTIVE
CUST005513,Melissa,Turner,groberts@example.com,NL,CHECKING,2023-12-14 09:53:02,ACTIVE
CUST005514,Michael,Rice,nancymccarthy@example.net,IT,CHECKING,2024-05-24 21:03:03,SUSPENDED
CUST005515,James,Barron,melaniejohnson@example.org,DE,BUSINESS,2023-12-16 02:35:02,ACTIVE
CUST005516,Patricia,Werner,gcruz@example.org,ES,BUSINESS,2025-03-01 07:14:45,CLOSED
CUST005517,Corey,Robinson,lisa57@example.com,IN,SAVINGS,2024-05-17 12:33:05,ACTIVE
CUST005518,Amy,Wilson,wattsmelissa@example.org,US,CHECKING,2026-07-21 22:19:36,ACTIVE
CUST005519,John,Wilkerson,holmesmiguel@example.net,DE,SAVINGS,2024-01-10 01:55:20,CLOSED
CUST005520,Mary,Leonard,wrobertson@example.net,JP,SAVINGS,2026-04-16 23:31:13,ACTIVE
CUST005521,Sarah,Martinez,alexissalazar@example.com,PK,SAVINGS,2024-11-20 20:31:00,SUSPENDED
CUST005522,Christie,Thompson,dpatrick@example.com,IN,SAVINGS,2023-01-14 14:46:02,ACTIVE
CUST005523,Dominic,Perry,christopherthompson@example.com,AE,CHECKING,2023-08-12 05:12:00,SUSPENDED
CUST005524,Rebecca,Martinez,chloelawson@example.com,ES,SAVINGS,2024-07-14 08:55:32,ACTIVE
CUST005525,Cynthia,Ruiz,martinsuzanne@example.org,GB,SAVINGS,2026-01-08 04:03:24,ACTIVE
CUST005526,Andrew,Valencia,bmiller@example.com,IN,BUSINESS,2022-10-03 04:36:07,SUSPENDED
CUST005527,Anne,Cox,andersonpaul@example.net,AU,SAVINGS,2024-01-31 20:36:55,CLOSED
CUST005528,Joseph,Walker,elizabeth41@example.net,DE,SAVINGS,2024-01-18 05:20:30,SUSPENDED
CUST005529,Heather,Howell,pauljacob@example.org,JP,BUSINESS,2022-09-13 18:43:34,CLOSED
CUST005530,Margaret,Reynolds,kburch@example.net,FR,CHECKING,2022-01-27 14:51:11,CLOSED
CUST005531,Pamela,Henderson,qmoyer@example.com,ES,CHECKING,2025-10-01 05:02:04,ACTIVE
CUST005532,Debbie,Taylor,marquezconnor@example.net,BE,SAVINGS,2022-03-04 14:17:57,CLOSED
CUST005533,Kenneth,Arnold,john78@example.org,IN,CHECKING,2025-01-01 10:57:32,CLOSED
CUST005534,Andrew,Miller,eharrison@example.net,AU,SAVINGS,2024-08-03 19:24:58,ACTIVE
CUST005535,Dawn,Lopez,douglas53@example.net,JP,CHECKING,2023-07-28 13:18:59,ACTIVE
CUST005536,Shelley,Anderson,david77@example.com,US,CHECKING,2023-03-12 05:45:31,ACTIVE
CUST005537,Stephen,King,dcraig@example.org,IT,SAVINGS,2022-07-22 19:43:07,SUSPENDED
CUST005538,Dominique,Boyd,jacob14@example.net,DE,SAVINGS,2024-04-11 12:51:28,SUSPENDED
CUST005539,Ryan,Johnson,olopez@example.net,JP,CHECKING,2025-01-07 12:45:58,SUSPENDED
CUST005540,Jennifer,Ferguson,gregory04@example.com,ES,SAVINGS,2024-06-19 13:14:11,ACTIVE
CUST005541,Rachel,Garrett,miguelshaw@example.net,GB,BUSINESS,2024-04-17 22:34:40,SUSPENDED
CUST005542,Sergio,Wells,ujohnston@example.org,FR,SAVINGS,2023-02-28 10:25:21,SUSPENDED
CUST005543,Alicia,Allen,hernandezteresa@example.com,ES,CHECKING,2024-04-16 02:49:14,SUSPENDED
CUST005544,Richard,Phelps,svargas@example.com,JP,BUSINESS,2025-06-08 08:44:19,ACTIVE
CUST005545,Deanna,Fox,meyerkathleen@example.net,US,CHECKING,2025-05-06 11:17:42,ACTIVE
CUST005546,Jason,Perry,marksmolly@example.com,JP,BUSINESS,2024-02-14 06:12:23,ACTIVE
CUST005547,Kimberly,Murphy,janetbrown@example.net,JP,SAVINGS,2026-06-01 04:24:28,ACTIVE
CUST005548,Matthew,Kim,stephaniecook@example.net,ES,SAVINGS,2022-02-01 23:14:35,ACTIVE
CUST005549,Christopher,Campbell,troyduncan@example.org,AU,BUSINESS,2025-01-22 10:06:25,SUSPENDED
CUST005550,Emily,Wagner,wware@example.com,JP,SAVINGS,2026-06-08 19:03:58,ACTIVE
CUST005551,Sherry,Humphrey,thudson@example.com,US,BUSINESS,2026-05-12 13:09:42,SUSPENDED
CUST005552,Courtney,Hernandez,andrewpierce@example.net,GB,CHECKING,2022-09-12 15:03:04,ACTIVE
CUST005553,Andrew,Johnson,gregory66@example.net,GB,SAVINGS,2022-02-20 18:20:17,ACTIVE
CUST005554,Randall,Flores,tracy95@example.org,AU,SAVINGS,2023-10-21 15:00:51,CLOSED
CUST005555,Michelle,Saunders,cunninghamraymond@example.org,BE,SAVINGS,2021-10-08 00:41:09,ACTIVE
CUST005556,Elizabeth,Smith,crystal58@example.net,IN,BUSINESS,2025-10-06 10:05:21,ACTIVE
CUST005557,Rachel,Nelson,timothynunez@example.net,DE,CHECKING,2024-02-21 18:47:31,SUSPENDED
CUST005558,Nancy,Le,thenderson@example.net,CA,SAVINGS,2022-09-28 17:33:47,ACTIVE
CUST005559,Christine,Cabrera,melissadodson@example.com,ES,CHECKING,2022-08-17 15:49:37,ACTIVE
CUST005560,Stephen,Willis,juliabrown@example.net,PK,BUSINESS,2023-07-01 02:38:40,CLOSED
CUST005561,Michelle,Scott,markblackburn@example.com,NL,CHECKING,2024-10-27 18:29:18,CLOSED
CUST005562,Emma,Frazier,qwallace@example.net,IN,BUSINESS,2022-10-03 14:47:55,SUSPENDED
CUST005563,Paul,Whitaker,amanda75@example.org,GB,CHECKING,2023-05-30 00:39:30,SUSPENDED
CUST005564,Elizabeth,Smith,qgreene@example.org,NL,CHECKING,2025-08-25 16:17:47,ACTIVE
CUST005565,Rita,Jones,michellejohnson@example.com,IN,SAVINGS,2022-05-17 14:36:19,SUSPENDED
CUST005566,Shelby,Esparza,olsonjoseph@example.com,BE,CHECKING,2024-12-28 14:11:27,CLOSED
CUST005567,Paige,Krause,rwall@example.com,JP,SAVINGS,2022-12-09 08:28:04,ACTIVE
CUST005568,Laura,Hurst,stevenskaren@example.org,GB,SAVINGS,2024-02-11 22:37:35,ACTIVE
CUST005569,Kayla,Richardson,zmason@example.org,AE,CHECKING,2022-01-29 02:41:35,CLOSED
CUST005570,Jeffery,Bailey,paulzhang@example.net,NL,CHECKING,2024-10-23 08:20:11,ACTIVE
CUST005571,Jennifer,Stephenson,amanda67@example.org,BE,SAVINGS,2024-05-16 05:18:40,ACTIVE
CUST005572,Jessica,Wells,reesedonna@example.org,US,SAVINGS,2026-02-04 02:32:27,ACTIVE
CUST005573,Haley,Delgado,lisa64@example.net,JP,CHECKING,2025-03-07 10:44:04,CLOSED
CUST005574,Kara,Sanford,whitenicholas@example.com,DE,SAVINGS,2023-05-23 04:03:33,ACTIVE
CUST005575,Diana,Santiago,danielberry@example.org,CA,BUSINESS,2025-05-27 20:14:12,SUSPENDED
CUST005576,Matthew,Wolfe,jeffrey09@example.com,IT,CHECKING,2022-03-11 04:05:14,ACTIVE
CUST005577,Crystal,Copeland,zoneal@example.org,CA,CHECKING,2021-10-15 18:19:46,ACTIVE
CUST005578,Bryan,Long,hthomas@example.org,SG,CHECKING,2024-09-12 22:05:53,SUSPENDED
CUST005579,Erika,Price,griffinsteven@example.net,GB,SAVINGS,2022-02-13 19:37:49,ACTIVE
CUST005580,Monica,Combs,davisjoyce@example.com,US,BUSINESS,2023-04-24 14:11:24,CLOSED
CUST005581,Morgan,Watts,qgoodman@example.net,IT,BUSINESS,2023-09-29 19:38:16,CLOSED
CUST005582,Cassandra,Diaz,timothyfuller@example.org,AU,SAVINGS,2024-05-06 01:15:13,ACTIVE
CUST005583,Beverly,Stephens,smurray@example.org,DE,SAVINGS,2024-06-30 03:45:52,ACTIVE
CUST005584,Michael,Black,wellsvalerie@example.net,FR,CHECKING,2024-12-01 01:50:53,CLOSED
CUST005585,Chelsea,Guzman,nguyenjane@example.org,SG,BUSINESS,2025-09-19 08:46:32,ACTIVE
CUST005586,Albert,Sandoval,jaydominguez@example.org,GB,BUSINESS,2023-06-15 13:55:33,ACTIVE
CUST005587,Tina,Myers,thomasgreen@example.org,BE,BUSINESS,2022-12-25 00:30:18,ACTIVE
CUST005588,Caleb,Hamilton,charles77@example.org,GB,SAVINGS,2022-10-20 03:59:11,ACTIVE
CUST005589,Judy,Ewing,gerald51@example.net,ES,BUSINESS,2024-08-26 19:16:50,ACTIVE
CUST005590,Laura,Mullins,xgraham@example.com,SG,BUSINESS,2026-05-25 00:53:44,ACTIVE
CUST005591,Carol,Moore,michael28@example.com,IN,SAVINGS,2026-05-20 01:22:22,ACTIVE
CUST005592,Tracy,Johnson,ylee@example.net,AE,CHECKING,2022-12-08 17:35:09,CLOSED
CUST005593,Katrina,Payne,charlenewalker@example.org,NL,SAVINGS,2024-09-07 01:16:51,CLOSED
CUST005594,Stephanie,Daniels,frose@example.org,CA,BUSINESS,2024-11-01 04:48:07,ACTIVE
CUST005595,Jessica,Lee,kevans@example.com,SG,CHECKING,2026-02-15 11:09:50,ACTIVE
CUST005596,Elizabeth,Jefferson,radams@example.net,AU,SAVINGS,2024-09-16 18:03:11,ACTIVE
CUST005597,Manuel,Gibson,pennysanchez@example.org,AE,SAVINGS,2022-09-11 07:38:01,ACTIVE
CUST005598,Yolanda,Avery,foxbrandon@example.net,SG,BUSINESS,2025-09-25 08:18:32,ACTIVE
CUST005599,Leslie,Singh,karen58@example.org,NL,BUSINESS,2021-10-01 16:23:02,ACTIVE
CUST005600,Luke,Smith,hoffmandarlene@example.net,AU,SAVINGS,2025-03-23 19:34:06,ACTIVE
CUST005601,Tom,Vasquez,jon61@example.net,JP,SAVINGS,2023-06-15 13:58:23,ACTIVE
CUST005602,Sean,Shepherd,ybennett@example.net,FR,SAVINGS,2024-03-01 02:33:15,ACTIVE
CUST005603,Paul,Rivera,jesusroth@example.com,FR,SAVINGS,2024-01-01 12:45:37,ACTIVE
CUST005604,Julia,Ortiz,jamesmendoza@example.org,NL,SAVINGS,2022-12-23 19:38:45,SUSPENDED
CUST005605,Laura,Velazquez,kgillespie@example.net,AU,BUSINESS,2022-08-16 00:46:39,ACTIVE
CUST005606,Christina,Jones,whitetodd@example.org,DE,CHECKING,2026-04-28 10:37:42,ACTIVE
CUST005607,Olivia,Jimenez,valerie05@example.org,FR,BUSINESS,2022-08-18 16:56:52,ACTIVE
CUST005608,Caroline,Smith,kingdavid@example.com,IT,CHECKING,2021-11-15 13:19:43,CLOSED
CUST005609,Claudia,Lin,emartin@example.com,NL,BUSINESS,2024-09-02 16:01:07,CLOSED
CUST005610,Stefanie,Tucker,tiffanyortiz@example.org,IN,SAVINGS,2026-07-08 01:08:41,CLOSED
CUST005611,Amanda,Figueroa,beverly98@example.org,GB,BUSINESS,2025-05-20 15:43:06,CLOSED
CUST005612,Karen,Washington,pauldiaz@example.net,BE,BUSINESS,2025-05-27 07:02:13,SUSPENDED
CUST005613,Debbie,Rose,gdrake@example.net,US,BUSINESS,2024-08-05 13:22:54,ACTIVE
CUST005614,Rebecca,Wiggins,hwilson@example.net,BE,SAVINGS,2026-03-15 08:09:43,ACTIVE
CUST005615,Jon,Baker,bbrown@example.org,BE,SAVINGS,2026-06-14 06:27:55,ACTIVE
CUST005616,Luke,Morgan,tim74@example.org,US,BUSINESS,2025-05-19 02:46:24,SUSPENDED
CUST005617,Danielle,Miller,williamrobertson@example.com,IT,BUSINESS,2024-10-15 12:06:43,ACTIVE
CUST005618,Patrick,Briggs,reillykatelyn@example.net,JP,SAVINGS,2025-08-21 20:01:35,ACTIVE
CUST005619,Martin,Vasquez,davidlopez@example.net,GB,CHECKING,2021-12-29 06:27:00,CLOSED
CUST005620,Danielle,Johnson,morrisalexander@example.com,DE,BUSINESS,2024-08-18 23:51:29,SUSPENDED
CUST005621,Jodi,Kim,xmorris@example.com,CA,SAVINGS,2021-12-04 04:27:10,ACTIVE
CUST005622,Marcus,Bradley,joshuafrost@example.com,IT,BUSINESS,2025-02-15 09:51:20,CLOSED
CUST005623,David,Sandoval,igarcia@example.org,BE,SAVINGS,2023-08-23 09:24:49,ACTIVE
CUST005624,John,Ware,hamptonkathryn@example.com,AE,SAVINGS,2023-08-31 00:17:09,SUSPENDED
CUST005625,James,Wiley,nancyrichardson@example.com,JP,SAVINGS,2024-04-26 07:32:16,ACTIVE
CUST005626,Sarah,Nicholson,hudsonwhitney@example.org,ES,BUSINESS,2025-12-07 15:00:48,CLOSED
CUST005627,Jacob,Padilla,hhendricks@example.com,ES,BUSINESS,2026-05-31 18:20:52,ACTIVE
CUST005628,Tracy,Soto,jgordon@example.org,AU,SAVINGS,2025-09-12 15:18:32,SUSPENDED
CUST005629,Tracey,Marshall,,AE,CHECKING,2025-07-11 03:28:17,ACTIVE
CUST005630,Jeffrey,Davidson,mikaylabruce@example.com,CA,BUSINESS,2021-11-18 01:19:42,SUSPENDED
CUST005631,Ashley,Sandoval,ugordon@example.com,IT,SAVINGS,2021-09-29 01:33:43,CLOSED
CUST005632,Krystal,Webster,joshua50@example.com,ES,SAVINGS,2022-11-04 23:25:18,CLOSED
CUST005633,Caroline,Moore,parksandre@example.com,IN,CHECKING,2023-08-14 03:56:37,ACTIVE
CUST005634,Jennifer,Norris,richardhernandez@example.net,GB,CHECKING,2022-12-30 09:50:50,ACTIVE
CUST005635,Michael,Cruz,cookkevin@example.org,DE,BUSINESS,2024-08-20 16:46:37,ACTIVE
CUST005636,Ronald,Martinez,nramos@example.net,ES,CHECKING,2026-05-03 19:39:29,SUSPENDED
CUST005637,Mary,Bernard,zmartin@example.net,CA,SAVINGS,2024-05-02 09:54:29,ACTIVE
CUST005638,Angela,Moran,glambert@example.net,AE,CHECKING,2025-11-28 10:40:57,SUSPENDED
CUST005639,Kevin,Simpson,kathy80@example.com,PK,BUSINESS,2023-04-25 18:55:02,ACTIVE
CUST005640,Judith,Morgan,hthomas@example.org,BE,SAVINGS,2024-10-20 23:53:31,ACTIVE
CUST005641,Arthur,Chavez,baileylauren@example.org,JP,BUSINESS,2025-02-15 09:34:26,ACTIVE
CUST005642,Catherine,West,chanamanda@example.com,CA,BUSINESS,2024-12-13 08:04:59,CLOSED
CUST005643,Amy,Tran,claytonisaac@example.net,GB,CHECKING,2024-06-26 22:12:56,SUSPENDED
CUST005644,Jeffrey,Carroll,danielgood@example.net,US,SAVINGS,2026-07-12 06:51:42,ACTIVE
CUST005645,George,Miller,pgarcia@example.org,IN,SAVINGS,2025-04-10 07:51:44,ACTIVE
CUST005646,Haley,Knight,alyssa06@example.net,PK,CHECKING,2023-11-13 18:14:11,SUSPENDED
CUST005647,Frances,Shaw,wosborne@example.net,NL,CHECKING,2022-09-13 13:13:12,CLOSED
CUST005648,Rodney,Martin,qcoleman@example.com,IN,SAVINGS,2022-01-15 03:53:45,SUSPENDED
CUST005649,Sarah,Wells,wendy59@example.com,JP,CHECKING,2025-06-20 03:51:04,ACTIVE
CUST005650,Kristen,Moss,kelly05@example.net,GB,BUSINESS,2025-05-29 11:05:55,SUSPENDED
CUST005651,Timothy,Hopkins,tiffany40@example.org,GB,SAVINGS,2024-06-10 04:20:22,ACTIVE
CUST005652,Haley,Pratt,johnsonamber@example.com,JP,CHECKING,2024-06-01 05:52:50,CLOSED
CUST005653,Allison,Hernandez,todd45@example.com,IT,CHECKING,2022-12-01 07:55:51,CLOSED
CUST005654,Brandon,Smith,shelly04@example.org,AU,BUSINESS,2024-10-17 13:10:18,ACTIVE
CUST005655,Brian,Owens,bethany16@example.com,AU,BUSINESS,2021-10-07 06:34:22,SUSPENDED
CUST005656,Alexandra,Wilson,millercynthia@example.net,FR,SAVINGS,2024-11-25 13:34:26,CLOSED
CUST005657,Tanya,Davis,allen47@example.net,IT,CHECKING,2024-09-05 10:27:47,CLOSED
CUST005658,Brandon,Williams,matthew40@example.net,JP,SAVINGS,2026-05-11 20:25:37,ACTIVE
CUST005659,Brenda,Anderson,kjohnson@example.net,BE,CHECKING,2021-12-18 20:27:19,CLOSED
CUST005660,Sara,Cruz,cindy56@example.net,PK,BUSINESS,2024-08-11 13:12:57,SUSPENDED
CUST005661,Jocelyn,Phelps,knappjeffrey@example.net,CA,BUSINESS,2024-12-30 18:45:22,ACTIVE
CUST005662,Jason,Robinson,tony24@example.com,IN,CHECKING,2024-05-31 20:29:19,SUSPENDED
CUST005663,Kellie,Hendricks,washingtonalexandria@example.org,BE,BUSINESS,2023-08-27 19:15:37,ACTIVE
CUST005664,Michael,Patton,monica24@example.com,ES,SAVINGS,2025-02-09 21:15:50,ACTIVE
CUST005665,Richard,Wright,townsendjessica@example.com,BE,CHECKING,2024-09-07 12:34:29,ACTIVE
CUST005666,Jason,Meadows,nelsonteresa@example.net,DE,CHECKING,2026-04-30 16:27:42,ACTIVE
CUST005667,Mindy,Stephens,ksimpson@example.com,AU,SAVINGS,2022-07-16 02:35:12,SUSPENDED
CUST005668,Kevin,Mcdaniel,crodriguez@example.org,IT,BUSINESS,2026-06-14 17:02:49,CLOSED
CUST005669,Bethany,Landry,charlessummers@example.net,US,CHECKING,2025-11-29 06:52:51,ACTIVE
CUST005670,Tanya,Clay,jchung@example.org,US,BUSINESS,2023-07-18 22:16:23,ACTIVE
CUST005671,Patricia,Hall,noah12@example.net,AE,BUSINESS,2022-06-19 12:20:01,ACTIVE
CUST005672,Michael,Garcia,mark66@example.org,IN,CHECKING,2024-10-17 01:31:47,ACTIVE
CUST005673,Scott,Rodriguez,jeffery12@example.com,US,BUSINESS,2025-01-26 18:58:20,ACTIVE
CUST005674,Brittney,Chavez,kaylamartin@example.net,FR,BUSINESS,2024-08-31 08:16:59,ACTIVE
CUST005675,Sarah,Conner,tracy50@example.net,JP,BUSINESS,2022-02-27 15:45:11,SUSPENDED
CUST005676,Crystal,Holland,owilson@example.net,IN,BUSINESS,2023-07-11 10:45:52,SUSPENDED
CUST005677,Christopher,Rogers,bdavis@example.org,IN,SAVINGS,2024-01-05 09:26:12,ACTIVE
CUST005678,Gerald,Pace,bakerrebekah@example.com,AE,SAVINGS,2025-06-16 17:27:04,ACTIVE
CUST005679,Christopher,Butler,charlesjose@example.org,PK,BUSINESS,2024-10-17 22:54:11,CLOSED
CUST005680,Jacob,Green,evelyn82@example.net,DE,BUSINESS,2025-03-03 23:51:38,CLOSED
CUST005681,Joanna,Mitchell,jonathan91@example.org,JP,BUSINESS,2025-08-02 16:07:48,ACTIVE
CUST005682,Angela,King,ipoole@example.org,US,SAVINGS,2023-04-05 18:16:34,ACTIVE
CUST005683,Lisa,Morton,zwright@example.com,NL,SAVINGS,2023-01-19 10:14:09,ACTIVE
CUST005684,Larry,Thompson,asantiago@example.net,BE,SAVINGS,2025-10-12 22:19:02,CLOSED
CUST005685,Juan,Lowe,samuel40@example.org,JP,BUSINESS,2025-05-08 23:51:42,SUSPENDED
CUST005686,Heather,Lee,justinnguyen@example.com,GB,CHECKING,2024-12-04 19:49:46,ACTIVE
CUST005687,Christopher,Gonzalez,fcortez@example.org,ES,SAVINGS,2026-03-09 13:39:03,CLOSED
CUST005688,Jonathan,Martinez,melvin09@example.net,AE,CHECKING,2024-08-21 18:23:32,ACTIVE
CUST005689,Joshua,Anderson,kendra75@example.org,BE,SAVINGS,2024-10-11 03:45:02,ACTIVE
CUST005690,Richard,Weaver,dixonjoshua@example.net,ES,CHECKING,2023-02-10 14:46:29,SUSPENDED
CUST005691,Heidi,Gonzales,zjones@example.org,IT,SAVINGS,2023-05-26 00:05:55,ACTIVE
CUST005692,Kurt,Schwartz,dianelewis@example.net,BE,BUSINESS,2022-07-18 16:30:35,ACTIVE
CUST005693,Jessica,Wright,charrison@example.org,US,BUSINESS,2023-09-22 01:29:54,SUSPENDED
CUST005694,Eric,Ortiz,uwest@example.com,AE,CHECKING,2025-05-20 06:57:39,ACTIVE
CUST005695,Kelly,Macias,rhonda81@example.net,BE,SAVINGS,2024-02-21 11:13:45,SUSPENDED
CUST005696,Kathryn,Medina,dbowman@example.com,BE,SAVINGS,2026-08-12 13:23:05,ACTIVE
CUST005697,Gina,Cantrell,joseph93@example.org,AU,SAVINGS,2023-05-12 17:50:47,CLOSED
CUST005698,Robert,Reed,umoore@example.com,FR,CHECKING,2025-02-15 18:47:02,ACTIVE
CUST005699,William,Fletcher,browningmark@example.com,CA,SAVINGS,2025-03-30 17:28:20,ACTIVE
CUST005700,Priscilla,Lucas,kathrynjohnson@example.org,IT,SAVINGS,2025-01-09 09:14:19,CLOSED
CUST005701,David,Reeves,nancywebb@example.net,BE,BUSINESS,2021-10-10 11:51:39,ACTIVE
CUST005702,Matthew,Turner,angelaferguson@example.org,NL,BUSINESS,2023-05-07 22:23:30,ACTIVE
CUST005703,Cristian,Flores,huntdaniel@example.com,AU,BUSINESS,2024-01-10 23:50:28,ACTIVE
CUST005704,Amber,Smith,rodneymedina@example.org,US,BUSINESS,2023-07-16 10:51:52,SUSPENDED
CUST005705,Vincent,Copeland,stephanie11@example.com,JP,SAVINGS,2023-12-31 01:39:27,ACTIVE
CUST005706,Kimberly,Barnett,annastephens@example.org,SG,BUSINESS,2024-09-15 07:59:46,ACTIVE
CUST005707,Todd,Green,daltonbethany@example.org,ES,BUSINESS,2021-10-31 05:34:55,ACTIVE
CUST005708,Emily,Hampton,portermeghan@example.org,IN,SAVINGS,2024-11-18 06:17:21,ACTIVE
CUST005709,Michael,Roberts,sampsonrobert@example.net,JP,CHECKING,2023-02-18 21:34:57,ACTIVE
CUST005710,Lisa,Collins,marnold@example.org,IN,CHECKING,2022-11-17 17:58:24,CLOSED
CUST005711,Sarah,Haley,littleandrea@example.net,NL,CHECKING,2022-11-23 08:53:39,CLOSED
CUST005712,Misty,English,benderkimberly@example.com,FR,SAVINGS,2022-01-06 09:55:58,ACTIVE
CUST005713,Stephanie,Martinez,morenoantonio@example.com,SG,BUSINESS,2025-09-24 23:41:30,CLOSED
CUST005714,Megan,Wu,bleblanc@example.com,GB,SAVINGS,2022-10-21 20:17:41,CLOSED
CUST005715,Jenna,Wilkerson,johnsonyolanda@example.com,PK,CHECKING,2024-08-28 17:50:52,ACTIVE
CUST005716,Ivan,Blanchard,xbarnes@example.org,JP,CHECKING,2026-03-09 16:22:11,CLOSED
CUST005717,Jason,Tran,zhawkins@example.net,IN,BUSINESS,2023-01-16 20:56:01,ACTIVE
CUST005718,Daniel,Williams,thomasgonzalez@example.net,CA,SAVINGS,2025-07-04 01:29:36,SUSPENDED
CUST005719,Christopher,Ramirez,bethlee@example.org,IN,SAVINGS,2022-12-20 04:54:52,ACTIVE
CUST005720,Anthony,Williams,ythompson@example.org,IN,BUSINESS,2025-10-02 03:48:45,SUSPENDED
CUST005721,Adrian,Thompson,travis85@example.net,ES,SAVINGS,2025-06-20 02:28:44,SUSPENDED
CUST005722,Cindy,Moran,bryanjackson@example.org,FR,BUSINESS,2026-03-08 06:51:16,ACTIVE
CUST005723,David,Rivera,elijahmueller@example.org,BE,CHECKING,2023-02-13 17:10:06,ACTIVE
CUST005724,Derek,Chavez,tamaramurphy@example.org,IT,CHECKING,2022-08-08 20:33:03,ACTIVE
CUST005725,Kenneth,Lambert,andreasampson@example.com,NL,BUSINESS,2025-10-23 16:19:53,ACTIVE
CUST005726,Kelli,Richardson,daniellewagner@example.com,JP,CHECKING,2024-04-18 14:26:12,ACTIVE
CUST005727,Michael,Adams,brownlisa@example.net,US,SAVINGS,2023-02-16 03:14:49,CLOSED
CUST005728,Jill,Adams,arobinson@example.net,PK,BUSINESS,2026-02-06 02:55:42,ACTIVE
CUST005729,John,Kirby,tiffany50@example.com,IN,BUSINESS,2024-07-04 22:47:59,CLOSED
CUST005730,Amy,Fernandez,benjamin77@example.org,PK,CHECKING,2026-08-04 18:01:43,ACTIVE
CUST005731,Brian,Lopez,gclarke@example.net,BE,BUSINESS,2022-04-24 04:40:49,ACTIVE
CUST005732,Laura,Cannon,campbelljason@example.org,GB,BUSINESS,2024-11-01 19:21:49,ACTIVE
CUST005733,Emily,Carpenter,andrew01@example.com,BE,BUSINESS,2025-02-05 22:51:23,ACTIVE
CUST005734,Anthony,Tanner,vanessasellers@example.com,NL,BUSINESS,2023-03-25 02:03:15,CLOSED
CUST005735,Adrian,Boyle,valeriepacheco@example.com,IN,BUSINESS,2022-02-10 23:26:39,CLOSED
CUST005736,Glenda,Clark,ipaul@example.com,IN,CHECKING,2025-01-14 21:37:04,ACTIVE
CUST005737,Mary,Perez,graykelly@example.net,US,BUSINESS,2022-12-23 15:39:41,CLOSED
CUST005738,James,Smith,cmiller@example.org,IT,CHECKING,2026-08-07 22:28:50,ACTIVE
CUST005739,Kenneth,Marshall,brandon19@example.net,AE,BUSINESS,2026-07-09 15:41:16,ACTIVE
CUST005740,Michael,Spencer,smithmaria@example.com,SG,BUSINESS,2025-02-28 19:56:56,ACTIVE
CUST005741,Kelsey,Yates,danamoore@example.com,IT,BUSINESS,2023-07-28 02:26:38,SUSPENDED
CUST005742,Michael,Wood,pmarsh@example.com,ES,CHECKING,2023-03-14 07:02:23,CLOSED
CUST005743,Joseph,Allen,hernandezjacob@example.net,NL,BUSINESS,2024-11-06 19:37:17,ACTIVE
CUST005744,Timothy,Davis,vperry@example.com,DE,BUSINESS,2021-10-31 21:29:25,ACTIVE
CUST005745,Gary,Perkins,michaelgriffin@example.com,SG,CHECKING,2024-02-04 20:26:10,ACTIVE
CUST005746,Christopher,Turner,richardsonchristopher@example.com,CA,SAVINGS,2023-04-12 21:12:00,ACTIVE
CUST005747,Edward,Reeves,rbenson@example.com,IT,CHECKING,2023-01-14 13:25:50,ACTIVE
CUST005748,Phillip,Martinez,hacevedo@example.net,AU,BUSINESS,2026-02-08 19:33:09,SUSPENDED
CUST005749,Brooke,Klein,jcabrera@example.org,US,CHECKING,2022-06-27 21:55:45,CLOSED
CUST005750,Thomas,Rodriguez,davisjonathan@example.net,PK,CHECKING,2023-11-20 21:00:09,ACTIVE
CUST005751,Darren,Carter,virginia46@example.com,AE,BUSINESS,2023-06-30 03:32:35,ACTIVE
CUST005752,Charles,Chambers,scottleblanc@example.com,IT,SAVINGS,2023-11-22 17:59:37,ACTIVE
CUST005753,Christopher,Vance,flemingrichard@example.com,US,CHECKING,2024-04-15 10:19:36,SUSPENDED
CUST005754,Rebecca,Stewart,danielsthomas@example.org,IT,CHECKING,2023-04-14 04:00:46,CLOSED
CUST005755,Jonathan,Orozco,fitzpatrickrichard@example.org,AU,CHECKING,2025-07-29 07:40:37,CLOSED
CUST005756,Anthony,Garcia,wilsonemily@example.com,US,SAVINGS,2023-06-18 21:53:21,CLOSED
CUST005757,Amanda,Vincent,gibsonanthony@example.org,FR,BUSINESS,2024-05-09 03:40:45,SUSPENDED
CUST005758,Theodore,James,bgreen@example.org,IN,CHECKING,2026-06-30 13:53:17,SUSPENDED
CUST005759,Caleb,Hampton,kelly26@example.net,AE,BUSINESS,2022-02-19 08:11:20,ACTIVE
CUST005760,Jenna,Marks,melissajones@example.com,AU,BUSINESS,2024-01-12 21:29:14,CLOSED
CUST005761,Jamie,Farmer,kevinguerrero@example.org,AE,SAVINGS,2022-09-08 20:02:45,ACTIVE
CUST005762,Jon,Lutz,natalie66@example.org,NL,SAVINGS,2023-12-27 02:08:57,CLOSED
CUST005763,Renee,Rice,jeremycameron@example.net,NL,SAVINGS,2025-04-08 05:32:03,ACTIVE
CUST005764,Patricia,Khan,juliahogan@example.com,BE,BUSINESS,2025-12-30 18:05:31,SUSPENDED
CUST005765,Jose,Brown,corey59@example.org,CA,SAVINGS,2023-09-04 02:44:55,ACTIVE
CUST005766,Joshua,Norris,eflores@example.com,NL,BUSINESS,2024-02-01 23:31:17,ACTIVE
CUST005767,Roger,Nguyen,coreyhamilton@example.com,BE,SAVINGS,2026-08-02 23:35:53,CLOSED
CUST005768,Laura,Smith,maxwelldebbie@example.com,CA,SAVINGS,2022-07-12 17:20:21,SUSPENDED
CUST005769,Cody,Keith,pbaird@example.org,DE,CHECKING,2023-07-21 16:25:52,SUSPENDED
CUST005770,Darlene,Roberts,ynewton@example.org,FR,SAVINGS,2022-07-18 06:30:56,CLOSED
CUST005771,Katherine,Smith,rdaniels@example.org,US,SAVINGS,2025-10-05 17:55:04,ACTIVE
CUST005772,Amanda,Ray,shawn60@example.org,ES,CHECKING,2026-05-23 08:07:05,SUSPENDED
CUST005773,Lauren,Rose,hillheather@example.com,JP,SAVINGS,2024-01-07 03:33:53,ACTIVE
CUST005774,Danielle,Freeman,rallen@example.net,PK,SAVINGS,2023-07-18 23:37:55,ACTIVE
CUST005775,Nathan,Pena,wwright@example.net,JP,BUSINESS,2025-09-17 23:46:19,CLOSED
CUST005776,Austin,Ortega,eric53@example.org,IN,CHECKING,2025-10-06 05:36:01,ACTIVE
CUST005777,Laura,Flores,tonya93@example.com,AE,CHECKING,2021-10-22 01:47:57,ACTIVE
CUST005778,Christopher,Adkins,christine89@example.net,IT,SAVINGS,2025-06-16 09:20:41,CLOSED
CUST005779,Joseph,Smith,gary05@example.net,NL,SAVINGS,2024-08-30 06:25:02,CLOSED
CUST005780,Antonio,Bell,wayneschmidt@example.com,US,CHECKING,2022-12-14 19:33:45,ACTIVE
CUST005781,Peter,Wagner,vshah@example.net,PK,BUSINESS,2023-02-10 13:53:35,ACTIVE
CUST005782,Keith,Simmons,davismichael@example.com,AU,BUSINESS,2021-12-12 22:28:48,ACTIVE
CUST005783,Lisa,Griffith,fthompson@example.net,BE,CHECKING,2021-11-14 00:43:41,ACTIVE
CUST005784,William,Patel,longlauren@example.org,AE,SAVINGS,2022-09-10 19:16:59,ACTIVE
CUST005785,Edward,Contreras,stevensbrandi@example.net,IN,CHECKING,2022-11-02 00:26:36,CLOSED
CUST005786,Natalie,Hernandez,jasonsosa@example.org,JP,CHECKING,2024-06-13 15:25:02,ACTIVE
CUST005787,Peter,Jimenez,aaron38@example.com,CA,SAVINGS,2025-04-19 01:46:00,CLOSED
CUST005788,David,Thompson,qlyons@example.org,AE,SAVINGS,2023-04-06 03:53:00,ACTIVE
CUST005789,Joshua,Thompson,mlopez@example.com,IT,SAVINGS,2025-10-31 17:49:14,SUSPENDED
CUST005790,Jesse,Henry,hector14@example.net,PK,SAVINGS,2022-12-07 19:12:11,ACTIVE
CUST005791,Alexander,King,gonzalesjohn@example.com,ES,SAVINGS,2023-11-14 01:40:35,ACTIVE
CUST005792,Daniel,Banks,tjones@example.net,SG,SAVINGS,2024-02-04 15:57:12,ACTIVE
CUST005793,Douglas,Williams,wendy25@example.org,US,SAVINGS,2021-09-01 06:14:58,SUSPENDED
CUST005794,Michelle,Andrews,hannah87@example.com,AU,SAVINGS,2023-07-21 14:20:08,SUSPENDED
CUST005795,Randall,Powers,tracystevens@example.com,FR,SAVINGS,2025-07-05 11:23:43,ACTIVE
CUST005796,Edward,Meyer,hendersonerin@example.org,GB,SAVINGS,2022-09-26 02:15:31,ACTIVE
CUST005797,Brandy,Miller,dale13@example.net,US,SAVINGS,2023-06-01 01:53:08,ACTIVE
CUST005798,Brent,Johnson,jacob02@example.com,IN,BUSINESS,2025-02-03 18:40:35,ACTIVE
CUST005799,Terri,Ramirez,jennifer12@example.org,IT,BUSINESS,2022-11-01 16:12:31,ACTIVE
CUST005800,Mackenzie,Martinez,melissaescobar@example.net,NL,SAVINGS,2025-10-07 12:04:01,ACTIVE
CUST005801,Kristen,Mills,olivia70@example.net,BE,SAVINGS,2026-07-18 13:13:24,SUSPENDED
CUST005802,Kevin,Richards,wrightalexander@example.net,BE,BUSINESS,2024-08-27 00:06:26,CLOSED
CUST005803,Anna,Gonzales,timothyjackson@example.org,SG,CHECKING,2022-08-07 05:14:18,ACTIVE
CUST005804,Roger,Shah,donaldbanks@example.net,AU,BUSINESS,2021-09-14 17:42:27,SUSPENDED
CUST005805,Christina,Pacheco,seanwatson@example.net,IN,SAVINGS,2023-08-15 21:52:18,ACTIVE
CUST005806,Charles,Cole,joseph98@example.net,DE,CHECKING,2023-09-29 20:37:46,ACTIVE
CUST005807,Amber,Gonzalez,tracey73@example.net,BE,BUSINESS,2022-09-12 13:16:04,SUSPENDED
CUST005808,Cody,Mcguire,qbrown@example.net,SG,BUSINESS,2023-12-01 17:06:25,SUSPENDED
CUST005809,Randall,Torres,lawrence07@example.com,FR,BUSINESS,2021-10-11 20:49:38,SUSPENDED
CUST005810,Alexis,Mcintyre,marc88@example.org,SG,BUSINESS,2023-05-22 17:13:07,SUSPENDED
CUST005811,Sally,Arnold,estradakimberly@example.org,IT,SAVINGS,2026-05-17 01:20:24,CLOSED
CUST005812,Lisa,Cunningham,zacharymorris@example.org,AU,SAVINGS,2026-03-14 11:27:12,ACTIVE
CUST005813,Juan,Olson,suzannerobertson@example.net,DE,CHECKING,2024-08-29 15:22:27,ACTIVE
CUST005814,Jeffrey,Jones,ronald41@example.com,NL,BUSINESS,2023-08-25 03:33:17,ACTIVE
CUST005815,Javier,Johnson,jamesrobert@example.com,US,SAVINGS,2022-03-02 12:51:46,ACTIVE
CUST005816,Deanna,Bates,olewis@example.org,US,CHECKING,2022-07-01 18:03:06,ACTIVE
CUST005817,Ashley,Benitez,gterry@example.net,BE,BUSINESS,2024-06-23 04:00:27,SUSPENDED
CUST005818,Matthew,Robinson,tracybarber@example.org,IN,CHECKING,2023-10-28 16:41:23,ACTIVE
CUST005819,Gina,Hall,ddean@example.org,AU,SAVINGS,2023-06-24 04:04:02,CLOSED
CUST005820,Todd,Welch,anthonydavis@example.net,IT,BUSINESS,2026-08-03 16:07:45,ACTIVE
CUST005821,Derrick,Williams,mitchellsamantha@example.net,US,CHECKING,2022-10-02 02:13:09,ACTIVE
CUST005822,Brandon,Thomas,myersmaria@example.com,AU,BUSINESS,2024-03-10 02:10:04,ACTIVE
CUST005823,David,Reynolds,sarah32@example.com,CA,BUSINESS,2024-05-19 14:45:07,ACTIVE
CUST005824,Bruce,Coleman,mary99@example.org,SG,CHECKING,2024-07-02 04:11:45,ACTIVE
CUST005825,Jennifer,Robinson,hweber@example.org,AE,CHECKING,2021-11-08 17:53:03,ACTIVE
CUST005826,Lisa,Hatfield,howellthomas@example.net,IN,SAVINGS,2021-11-03 23:27:12,SUSPENDED
CUST005827,Melanie,Edwards,alex81@example.net,SG,CHECKING,2025-03-05 00:02:18,ACTIVE
CUST005828,Amber,Owen,joshua65@example.net,BE,SAVINGS,2025-06-13 07:30:03,ACTIVE
CUST005829,Yolanda,Manning,hollowayseth@example.com,US,SAVINGS,2023-03-24 15:24:13,ACTIVE
CUST005830,Arthur,Edwards,housecynthia@example.org,IT,BUSINESS,2024-10-17 17:17:31,ACTIVE
CUST005831,Sandra,Wade,rwashington@example.org,NL,BUSINESS,2026-06-12 16:24:08,ACTIVE
CUST005832,Kristin,Williams,zbrewer@example.com,ES,CHECKING,2023-09-18 14:51:11,SUSPENDED
CUST005833,Austin,Pollard,walkerjonathan@example.net,GB,SAVINGS,2022-04-26 04:02:49,SUSPENDED
CUST005834,Kevin,Johnson,hughestimothy@example.net,AE,CHECKING,2022-04-06 15:58:15,CLOSED
CUST005835,Megan,Logan,stephanie54@example.net,FR,BUSINESS,2023-11-03 03:07:20,ACTIVE
CUST005836,Adam,Williams,prestonbenjamin@example.com,FR,BUSINESS,2025-02-26 13:50:55,SUSPENDED
CUST005837,Jonathan,Howard,ycruz@example.org,FR,BUSINESS,2024-03-01 03:34:17,ACTIVE
CUST005838,Jessica,Nichols,xbell@example.com,AE,BUSINESS,2021-10-23 06:32:21,SUSPENDED
CUST005839,Julian,Woodard,michelefoster@example.org,NL,BUSINESS,2024-05-04 01:00:33,ACTIVE
CUST005840,Scott,Brown,alyssahorton@example.net,JP,CHECKING,2024-06-20 02:21:39,ACTIVE
CUST005841,Joanna,Davis,jacksonpatricia@example.com,AU,CHECKING,2024-08-25 21:41:28,CLOSED
CUST005842,Gregory,Barrett,hawkinsdavid@example.net,AE,CHECKING,2024-06-15 10:28:25,CLOSED
CUST005843,Carolyn,Parker,morganandrew@example.org,ES,BUSINESS,2025-11-17 09:35:19,ACTIVE
CUST005844,Jonathan,Chen,timothy76@example.org,AU,SAVINGS,2022-07-06 21:21:37,CLOSED
CUST005845,Connie,Vazquez,kimberlymoore@example.org,JP,CHECKING,2022-09-07 09:22:43,ACTIVE
CUST005846,Brandy,Morales,martinkyle@example.com,AE,BUSINESS,2022-07-01 00:58:32,SUSPENDED
CUST005847,Robert,King,joshua96@example.com,IN,SAVINGS,2024-10-03 22:57:29,SUSPENDED
CUST005848,Kathleen,Schneider,,US,BUSINESS,2026-04-06 03:47:04,ACTIVE
CUST005849,Jeremy,Romero,delacruzmelissa@example.org,JP,SAVINGS,2025-06-04 17:17:05,ACTIVE
CUST005850,Cynthia,Nelson,katrina92@example.net,ES,BUSINESS,2025-07-17 01:17:50,CLOSED
CUST005851,Kaitlin,Nguyen,robbinsjoseph@example.com,BE,SAVINGS,2026-02-27 23:15:12,CLOSED
CUST005852,Regina,Johnston,andrew09@example.net,AE,BUSINESS,2024-04-13 03:56:55,SUSPENDED
CUST005853,Patrick,Rosales,penny39@example.org,PK,CHECKING,2024-02-09 23:17:41,SUSPENDED
CUST005854,Ann,Cameron,pcastro@example.com,AU,SAVINGS,2023-09-22 06:08:02,ACTIVE
CUST005855,Timothy,Wade,qbarnes@example.net,AU,SAVINGS,2025-08-24 18:35:20,ACTIVE
CUST005856,Sara,Chavez,morrisjoshua@example.org,FR,CHECKING,2024-08-18 18:42:54,ACTIVE
CUST005857,Daniel,Garcia,imartinez@example.net,GB,CHECKING,2026-07-06 12:33:48,ACTIVE
CUST005858,Sean,Alexander,sreynolds@example.com,IN,CHECKING,2022-02-19 17:12:49,CLOSED
CUST005859,Heather,Miller,guzmanpatricia@example.org,JP,SAVINGS,2024-11-19 18:58:18,CLOSED
CUST005860,Mary,Martinez,danielgraham@example.net,US,BUSINESS,2025-11-14 03:54:45,ACTIVE
CUST005861,Megan,Bradford,robert75@example.net,AE,BUSINESS,2022-08-23 06:42:38,ACTIVE
CUST005862,Anthony,Brooks,ngross@example.net,PK,BUSINESS,2025-03-08 21:50:41,CLOSED
CUST005863,Todd,Stanley,kristen77@example.org,ES,CHECKING,2023-12-17 14:04:07,ACTIVE
CUST005864,Austin,Ballard,dduffy@example.org,IT,SAVINGS,2024-10-03 01:46:49,ACTIVE
CUST005865,Wendy,Brady,wardsydney@example.com,DE,CHECKING,2024-01-19 03:42:13,CLOSED
CUST005866,Barry,Rivas,stephen52@example.com,AU,CHECKING,2024-12-17 10:12:56,ACTIVE
CUST005867,Victoria,Robinson,stephanie48@example.com,CA,SAVINGS,2024-09-07 10:23:15,ACTIVE
CUST005868,Matthew,Rogers,wmyers@example.net,BE,SAVINGS,2025-02-19 07:06:50,ACTIVE
CUST005869,Jason,Clayton,teresa05@example.org,JP,CHECKING,2026-06-16 18:32:26,ACTIVE
CUST005870,Rachel,Crane,jenningsethan@example.net,NL,CHECKING,2025-08-25 04:07:35,SUSPENDED
CUST005871,David,Weber,thomasarmstrong@example.net,NL,CHECKING,2025-12-19 05:56:21,ACTIVE
CUST005872,Nicole,Jimenez,mckenzie26@example.com,AE,SAVINGS,2021-11-04 11:08:26,ACTIVE
CUST005873,Jimmy,Buckley,frenchjacob@example.com,ES,SAVINGS,2025-05-08 12:33:04,ACTIVE
CUST005874,Erin,Torres,darlenetownsend@example.com,IN,SAVINGS,2023-04-28 02:47:41,ACTIVE
CUST005875,Heather,Williams,zmorrison@example.org,US,BUSINESS,2025-04-29 17:46:18,ACTIVE
CUST005876,Michael,Mendoza,qbecker@example.org,GB,CHECKING,2024-01-06 18:52:28,SUSPENDED
CUST005877,Travis,Fisher,anne19@example.org,US,SAVINGS,2024-12-17 21:17:16,ACTIVE
CUST005878,James,Becker,andrew72@example.com,IT,SAVINGS,2023-02-23 01:42:01,CLOSED
CUST005879,Max,Garcia,baileychloe@example.net,IN,CHECKING,2022-03-06 00:42:33,ACTIVE
CUST005880,Timothy,Hicks,briansantiago@example.org,ES,BUSINESS,2026-02-08 03:01:23,CLOSED
CUST005881,Bryan,Lewis,mallory90@example.org,SG,BUSINESS,2023-06-04 06:10:18,ACTIVE
CUST005882,Stacey,Castillo,gregoryarcher@example.net,ES,CHECKING,2023-02-22 00:13:47,ACTIVE
CUST005883,Katherine,Ramirez,connor01@example.net,US,BUSINESS,2024-11-16 00:30:52,CLOSED
CUST005884,Emily,Fowler,wilsonheather@example.net,BE,BUSINESS,2024-03-16 04:12:09,ACTIVE
CUST005885,Robert,Baker,carlosrodriguez@example.org,GB,CHECKING,2026-05-10 12:08:42,ACTIVE
CUST005886,Steven,Greene,bakerrobin@example.net,DE,BUSINESS,2024-08-13 09:31:33,ACTIVE
CUST005887,Cody,Miller,anthonylopez@example.org,US,SAVINGS,2026-06-09 06:49:13,CLOSED
CUST005888,Lisa,Curry,haneycarrie@example.com,DE,SAVINGS,2025-04-29 08:02:03,ACTIVE
CUST005889,Erin,Lucas,eric94@example.org,FR,SAVINGS,2026-05-23 22:45:13,SUSPENDED
CUST005890,Emma,Le,nicole42@example.net,GB,CHECKING,2025-11-28 17:44:55,ACTIVE
CUST005891,Kevin,Allen,oallen@example.net,BE,SAVINGS,2024-05-29 16:00:29,ACTIVE
CUST005892,Brian,Sanchez,morganwells@example.org,GB,BUSINESS,2022-04-28 21:52:35,ACTIVE
CUST005893,Wendy,Johnston,moralesmichael@example.com,IT,BUSINESS,2024-08-24 15:35:42,ACTIVE
CUST005894,James,Coleman,joshuawilkinson@example.net,JP,BUSINESS,2024-03-30 19:03:20,SUSPENDED
CUST005895,Emma,Warner,hannahthomas@example.net,PK,SAVINGS,2025-07-28 21:16:55,ACTIVE
CUST005896,Kathryn,Freeman,jessicahobbs@example.net,NL,BUSINESS,2026-06-29 12:28:27,ACTIVE
CUST005897,Marilyn,Valencia,solismelissa@example.com,FR,CHECKING,2025-05-31 02:13:50,ACTIVE
CUST005898,Gabriel,Freeman,tyler86@example.net,ES,BUSINESS,2022-05-11 18:52:08,ACTIVE
CUST005899,Brett,Smith,ybush@example.org,ES,BUSINESS,2024-11-09 05:56:34,ACTIVE
CUST005900,Michelle,Krueger,vedwards@example.com,ES,BUSINESS,2022-07-03 04:33:19,SUSPENDED
CUST005901,Julia,Tucker,wadebrent@example.org,AE,CHECKING,2024-01-29 23:41:36,ACTIVE
CUST005902,Andrew,Jones,stevenscurtis@example.org,AU,CHECKING,2022-10-17 19:34:52,ACTIVE
CUST005903,Brooke,Ballard,kristinwright@example.org,BE,BUSINESS,2023-03-07 19:27:13,SUSPENDED
CUST005904,Robert,Kim,carterrandall@example.com,IN,CHECKING,2024-05-08 23:53:23,SUSPENDED
CUST005905,Anthony,Aguilar,jason11@example.org,ES,CHECKING,2022-08-14 00:59:22,CLOSED
CUST005906,Jennifer,Dixon,randall31@example.org,ES,BUSINESS,2025-09-15 22:06:44,ACTIVE
CUST005907,Brian,Williams,benitezheather@example.com,BE,CHECKING,2026-06-22 18:47:38,ACTIVE
CUST005908,James,Stein,bward@example.com,FR,SAVINGS,2023-08-20 01:12:23,ACTIVE
CUST005909,Adam,Acevedo,nlewis@example.org,NL,SAVINGS,2025-09-28 02:45:07,ACTIVE
CUST005910,Lisa,Hopkins,skinnernancy@example.org,PK,SAVINGS,2024-02-10 16:19:27,CLOSED
CUST005911,Ariel,Gutierrez,wilcoxtiffany@example.net,BE,CHECKING,2022-12-29 13:18:46,ACTIVE
CUST005912,Samantha,Moore,alexis06@example.org,BE,CHECKING,2023-06-04 22:15:48,SUSPENDED
CUST005913,Alexandria,Cook,dhouse@example.org,FR,BUSINESS,2024-04-24 05:07:12,ACTIVE
CUST005914,Melissa,Daugherty,john80@example.com,PK,SAVINGS,2025-08-27 16:38:44,ACTIVE
CUST005915,Christopher,Greer,mcknightantonio@example.com,CA,SAVINGS,2024-07-13 14:05:16,CLOSED
CUST005916,Brian,Shannon,sandrazimmerman@example.net,SG,BUSINESS,2024-06-09 11:04:30,ACTIVE
CUST005917,Cheryl,Pruitt,jbrown@example.com,ES,CHECKING,2025-02-07 14:18:19,ACTIVE
CUST005918,Caroline,Lee,laura77@example.net,BE,CHECKING,2025-05-14 05:56:17,ACTIVE
CUST005919,Robert,Boone,roberta56@example.org,GB,CHECKING,2024-05-05 19:23:32,ACTIVE
CUST005920,Thomas,Smith,gary46@example.com,US,SAVINGS,2022-02-18 05:45:17,SUSPENDED
CUST005921,Paul,Mcdowell,xsherman@example.net,IN,BUSINESS,2025-11-01 03:25:13,SUSPENDED
CUST005922,Matthew,Scott,rodgerserik@example.com,ES,BUSINESS,2022-07-31 06:29:49,ACTIVE
CUST005923,Laura,Evans,reyesmiguel@example.net,NL,SAVINGS,2021-10-29 21:42:17,SUSPENDED
CUST005924,Stacey,Bradley,michael70@example.net,PK,SAVINGS,2023-02-05 21:29:59,ACTIVE
CUST005925,Richard,Rojas,ujefferson@example.org,BE,BUSINESS,2023-11-19 12:06:20,CLOSED
CUST005926,Joseph,Roberts,rebecca42@example.net,BE,BUSINESS,2023-11-13 01:17:08,ACTIVE
CUST005927,Katie,Goodman,bgibbs@example.net,US,SAVINGS,2026-03-26 12:28:14,CLOSED
CUST005928,Bruce,Reed,brownlori@example.org,IT,CHECKING,2025-05-18 01:55:14,ACTIVE
CUST005929,Elizabeth,Barrett,robertking@example.net,CA,CHECKING,2025-06-05 16:35:01,ACTIVE
CUST005930,Bradley,Thomas,jenkinsanna@example.net,IT,BUSINESS,2022-08-22 02:31:22,ACTIVE
CUST005931,Kenneth,Sawyer,griffinpatrick@example.net,SG,CHECKING,2022-04-26 15:49:05,SUSPENDED
CUST005932,Scott,Smith,qnichols@example.org,NL,BUSINESS,2025-04-09 19:20:10,ACTIVE
CUST005933,Michael,Kennedy,caitlinsantos@example.com,IT,CHECKING,2024-12-23 14:41:28,ACTIVE
CUST005934,Robert,Garcia,edwardsdavid@example.com,ES,BUSINESS,2022-05-12 00:29:30,ACTIVE
CUST005935,Marcus,Johnson,freynolds@example.net,BE,BUSINESS,2025-07-15 19:10:06,SUSPENDED
CUST005936,Michael,Nixon,smithshane@example.com,JP,BUSINESS,2026-05-11 10:26:50,CLOSED
CUST005937,John,Hunter,michael61@example.net,CA,BUSINESS,2025-04-15 21:22:10,ACTIVE
CUST005938,Samantha,Olson,hamiltontony@example.net,AE,CHECKING,2022-06-08 08:36:36,ACTIVE
CUST005939,Cassandra,Moore,angelahall@example.net,GB,SAVINGS,2022-08-24 23:17:51,ACTIVE
CUST005940,Jonathon,Smith,danielmoore@example.org,AU,BUSINESS,2024-09-27 23:02:54,ACTIVE
CUST005941,Cindy,Nichols,robertopoole@example.com,SG,SAVINGS,2022-02-10 10:30:15,ACTIVE
CUST005942,Paula,Byrd,jacksonkaylee@example.com,AE,CHECKING,2026-08-13 21:15:53,ACTIVE
CUST005943,Lindsey,Morton,xburton@example.com,FR,CHECKING,2026-03-09 16:47:25,ACTIVE
CUST005944,Vanessa,Ryan,thompsonkim@example.com,IN,CHECKING,2025-02-03 18:35:53,ACTIVE
CUST005945,Lauren,Brown,robertpaul@example.net,GB,SAVINGS,2026-03-29 07:29:02,ACTIVE
CUST005946,Benjamin,Howard,connermelissa@example.net,AU,SAVINGS,2023-01-30 16:15:59,SUSPENDED
CUST005947,Jennifer,Moss,dhiggins@example.org,IN,SAVINGS,2023-07-30 03:11:58,ACTIVE
CUST005948,Rachel,Ho,nicole91@example.com,JP,BUSINESS,2022-09-12 09:25:44,SUSPENDED
CUST005949,Peter,Nolan,grahamrobert@example.net,US,CHECKING,2025-02-06 11:04:53,SUSPENDED
CUST005950,Nancy,Donaldson,vbradshaw@example.org,AU,SAVINGS,2024-12-05 23:38:34,CLOSED
CUST005951,Melissa,Brown,john68@example.com,US,CHECKING,2023-04-01 14:07:17,ACTIVE
CUST005952,Sara,Pacheco,gregorymarks@example.com,JP,BUSINESS,2022-01-15 09:18:58,ACTIVE
CUST005953,Linda,Gamble,hughesjoseph@example.net,BE,CHECKING,2025-05-20 23:53:36,ACTIVE
CUST005954,Angie,Huynh,lynnbullock@example.net,BE,SAVINGS,2025-11-19 18:09:26,CLOSED
CUST005955,Rhonda,Montoya,cynthiaroberts@example.org,US,BUSINESS,2022-02-15 05:29:08,ACTIVE
CUST005956,Tina,Bowman,iprice@example.com,JP,SAVINGS,2026-01-12 08:53:27,CLOSED
CUST005957,Justin,Choi,melissafischer@example.net,NL,CHECKING,2023-08-14 12:33:57,ACTIVE
CUST005958,Stephanie,Avila,ryan35@example.net,GB,BUSINESS,2025-03-03 23:57:34,ACTIVE
CUST005959,Aaron,Ferguson,yclay@example.com,CA,CHECKING,2026-06-16 14:02:58,ACTIVE
CUST005960,Michelle,Vega,ywatson@example.org,IT,SAVINGS,2024-01-26 18:39:49,ACTIVE
CUST005961,Justin,Stephenson,reidstacey@example.net,DE,BUSINESS,2026-05-14 02:06:28,ACTIVE
CUST005962,Lori,Brown,fsmith@example.net,ES,SAVINGS,2026-02-26 09:36:36,ACTIVE
CUST005963,Barbara,Moore,xcoleman@example.org,US,SAVINGS,2023-04-01 18:59:14,CLOSED
CUST005964,Adam,Raymond,florescrystal@example.org,DE,BUSINESS,2022-08-27 21:59:44,ACTIVE
CUST005965,Patty,Gardner,ruth54@example.com,GB,BUSINESS,2023-06-08 03:25:40,ACTIVE
CUST005966,Rebecca,Romero,weaverhector@example.com,ES,BUSINESS,2021-11-09 03:48:21,ACTIVE
CUST005967,Patrick,Dixon,kristen72@example.com,AE,CHECKING,2024-04-29 07:30:55,ACTIVE
CUST005968,Jeffrey,Smith,suzanneward@example.com,SG,BUSINESS,2024-10-17 09:06:21,ACTIVE
CUST005969,Rachel,Wilson,eric71@example.org,CA,BUSINESS,2025-05-16 09:35:02,ACTIVE
CUST005970,Angela,Wells,alexander51@example.org,AU,BUSINESS,2022-09-03 10:14:46,CLOSED
CUST005971,Natalie,Reid,huntmichael@example.org,FR,BUSINESS,2024-02-10 21:26:56,ACTIVE
CUST005972,Curtis,Johnson,vasquezcrystal@example.org,CA,CHECKING,2023-12-27 09:26:53,CLOSED
CUST005973,Jessica,Brooks,ronald93@example.org,ES,SAVINGS,2022-12-17 00:11:09,ACTIVE
CUST005974,Thomas,Graves,kristenreyes@example.net,DE,BUSINESS,2026-08-13 15:10:19,ACTIVE
CUST005975,Joseph,Perez,mhood@example.org,JP,BUSINESS,2026-06-23 04:01:28,CLOSED
CUST005976,Shari,Craig,melissamorrison@example.com,IT,BUSINESS,2022-01-31 15:32:58,ACTIVE
CUST005977,Michael,Gonzalez,gonzaleseduardo@example.org,CA,BUSINESS,2023-05-19 23:42:33,SUSPENDED
CUST005978,Thomas,Lynch,christina25@example.net,IN,CHECKING,2022-03-29 10:56:26,ACTIVE
CUST005979,Ashley,English,mlane@example.com,FR,SAVINGS,2024-03-06 17:00:29,ACTIVE
CUST005980,Jared,Patterson,christophertorres@example.net,GB,BUSINESS,2024-04-30 12:06:44,SUSPENDED
CUST005981,Heather,Carlson,nathan68@example.org,PK,SAVINGS,2024-10-12 07:15:20,SUSPENDED
CUST005982,Anthony,Daniels,victoria46@example.net,BE,CHECKING,2023-08-18 11:25:13,ACTIVE
CUST005983,Kristine,Hickman,fergusonchristina@example.net,FR,CHECKING,2025-09-21 10:21:33,ACTIVE
CUST005984,Natalie,Norman,theresamalone@example.org,SG,BUSINESS,2023-05-04 02:40:15,ACTIVE
CUST005985,Alan,Moore,johnwalker@example.net,IT,BUSINESS,2026-02-12 01:33:48,CLOSED
CUST005986,Crystal,Allen,jsmith@example.com,AU,CHECKING,2021-11-17 15:35:25,ACTIVE
CUST005987,Cheryl,Reeves,tylergreen@example.org,AE,SAVINGS,2024-04-15 15:29:35,ACTIVE
CUST005988,John,Conley,bhickman@example.net,ES,SAVINGS,2024-03-24 12:25:28,ACTIVE
CUST005989,Tanner,Cain,paulrojas@example.com,AE,CHECKING,2024-04-28 12:27:18,SUSPENDED
CUST005990,Thomas,Hunter,mfarley@example.com,AE,CHECKING,2025-12-06 16:22:41,SUSPENDED
CUST005991,Anthony,Harris,dlee@example.net,GB,BUSINESS,2026-02-14 06:18:15,ACTIVE
CUST005992,Theresa,Thomas,nicolewilliams@example.com,IT,SAVINGS,2021-11-25 06:07:05,ACTIVE
CUST005993,Clarence,Robles,kennethporter@example.net,IT,SAVINGS,2025-08-14 11:52:25,ACTIVE
CUST005994,Michael,Mills,ataylor@example.net,PK,SAVINGS,2025-12-17 16:33:59,ACTIVE
CUST005995,Donna,Walter,zfranco@example.com,SG,BUSINESS,2026-02-19 01:11:07,CLOSED
CUST005996,Sarah,Jennings,suarezamy@example.net,JP,CHECKING,2024-12-10 11:31:34,ACTIVE
CUST005997,Alex,Gray,gcastaneda@example.net,US,CHECKING,2026-02-07 04:11:16,ACTIVE
CUST005998,Bryan,Meadows,tchapman@example.net,AE,SAVINGS,2023-01-15 05:31:35,ACTIVE
CUST005999,Mike,Stephens,nicholas80@example.com,JP,CHECKING,2026-04-17 14:52:17,CLOSED
CUST006000,Kimberly,Byrd,ericmitchell@example.net,NL,BUSINESS,2025-07-13 06:29:18,ACTIVE
CUST006001,Victoria,Ramos,davidgrant@example.net,AE,BUSINESS,2023-06-15 12:39:56,CLOSED
CUST006002,Joseph,Hardy,nicole44@example.net,US,CHECKING,2025-07-12 09:06:42,SUSPENDED
CUST006003,Andrea,Williams,phyllis83@example.org,NL,CHECKING,2023-10-26 15:47:02,CLOSED
CUST006004,Robert,Flynn,dhardin@example.net,SG,BUSINESS,2022-10-20 10:41:21,SUSPENDED
CUST006005,Paul,White,chadforbes@example.net,ES,CHECKING,2021-11-25 06:51:05,ACTIVE
CUST006006,Robert,Henderson,uevans@example.net,PK,SAVINGS,2026-07-26 03:11:09,ACTIVE
CUST006007,Thomas,Sutton,danielleschmidt@example.net,GB,SAVINGS,2026-05-18 05:23:48,ACTIVE
CUST006008,Alan,Park,pwarren@example.com,JP,SAVINGS,2023-09-13 21:14:15,SUSPENDED
CUST006009,Scott,Martinez,fjohnson@example.com,AU,CHECKING,2024-05-15 18:39:49,SUSPENDED
CUST006010,Tommy,Sampson,youngjessica@example.org,AE,SAVINGS,2022-04-24 06:26:15,ACTIVE
CUST006011,Justin,Jackson,pittmanelizabeth@example.com,CA,CHECKING,2022-10-26 17:54:01,ACTIVE
CUST006012,Joseph,Wheeler,tammy43@example.org,SG,BUSINESS,2022-08-05 23:46:20,CLOSED
CUST006013,Tyler,Stephens,zperez@example.org,IN,SAVINGS,2024-08-22 15:37:07,ACTIVE
CUST006014,Debra,Jensen,cgraham@example.net,IN,BUSINESS,2024-04-11 05:06:06,SUSPENDED
CUST006015,Mallory,Dorsey,tmeyer@example.com,IN,BUSINESS,2023-10-20 17:16:40,SUSPENDED
CUST006016,Penny,Gallagher,scott46@example.com,GB,CHECKING,2022-10-31 01:28:42,ACTIVE
CUST006017,Darryl,Mendez,udixon@example.com,IN,SAVINGS,2024-07-25 23:04:13,ACTIVE
CUST006018,Crystal,Stewart,elizabeth42@example.com,PK,SAVINGS,2024-06-28 11:35:30,CLOSED
CUST006019,Anna,Henderson,lthompson@example.net,BE,SAVINGS,2022-02-11 19:50:36,ACTIVE
CUST006020,Virginia,Martin,rkennedy@example.org,BE,CHECKING,2025-05-03 03:59:39,ACTIVE
CUST006021,Elizabeth,Garcia,damon82@example.com,DE,BUSINESS,2023-08-20 13:35:56,SUSPENDED
CUST006022,Angela,Lambert,veronicajensen@example.org,IT,BUSINESS,2026-03-18 23:29:21,SUSPENDED
CUST006023,Elizabeth,Obrien,wtaylor@example.net,IT,BUSINESS,2023-10-20 03:41:20,SUSPENDED
CUST006024,Rodney,Mason,alopez@example.com,JP,SAVINGS,2022-05-22 09:15:10,ACTIVE
CUST006025,Bruce,Ward,tyler80@example.net,AE,BUSINESS,2024-04-21 07:19:18,SUSPENDED
CUST006026,James,Pearson,mccarthymarissa@example.net,CA,BUSINESS,2023-01-07 11:11:32,CLOSED
CUST006027,Robert,Castillo,adam60@example.org,GB,BUSINESS,2022-04-22 03:55:20,CLOSED
CUST006028,Edgar,Patterson,melissa09@example.com,IN,BUSINESS,2022-04-16 22:38:34,SUSPENDED
CUST006029,Justin,Logan,smithcarla@example.com,FR,BUSINESS,2024-12-26 01:53:41,ACTIVE
CUST006030,Michael,Wade,kyle43@example.org,AU,BUSINESS,2022-02-11 08:24:29,ACTIVE
CUST006031,Cody,Dyer,melissa27@example.net,AU,CHECKING,2024-03-08 16:23:02,ACTIVE
CUST006032,Michelle,Curtis,lindasmith@example.net,AE,CHECKING,2024-04-29 11:48:21,ACTIVE
CUST006033,Henry,Klein,elizabeth89@example.net,AU,BUSINESS,2025-07-17 15:31:06,CLOSED
CUST006034,Glenda,Summers,portersusan@example.org,GB,SAVINGS,2022-07-30 03:25:21,ACTIVE
CUST006035,Robert,Sanders,ghudson@example.org,BE,BUSINESS,2025-06-15 14:23:45,SUSPENDED
CUST006036,Brian,Patel,epotter@example.org,IN,SAVINGS,2025-11-09 09:51:33,CLOSED
CUST006037,Christopher,Caldwell,aaron25@example.org,IN,BUSINESS,2021-11-03 05:01:54,ACTIVE
CUST006038,Richard,Thompson,ymcknight@example.com,GB,BUSINESS,2023-09-26 06:39:17,SUSPENDED
CUST006039,Kyle,Johnston,kathryn65@example.org,JP,CHECKING,2025-04-25 17:06:47,ACTIVE
CUST006040,Emily,Rocha,booneteresa@example.com,AU,CHECKING,2025-11-23 01:55:10,ACTIVE
CUST006041,Pamela,Powers,christopher60@example.org,JP,SAVINGS,2025-12-21 20:15:46,ACTIVE
CUST006042,Nathaniel,Berry,james88@example.net,NL,SAVINGS,2025-11-21 08:34:26,ACTIVE
CUST006043,Matthew,Greene,kleblanc@example.net,SG,SAVINGS,2023-03-30 08:58:55,ACTIVE
CUST006044,Brian,Cummings,nicole28@example.net,BE,BUSINESS,2023-01-19 03:22:52,ACTIVE
CUST006045,Kathryn,Williams,rossshelly@example.net,BE,CHECKING,2023-08-13 03:16:15,ACTIVE
CUST006046,Andrew,Hopkins,carriesimpson@example.net,US,CHECKING,2024-01-10 01:42:22,ACTIVE
CUST006047,Kenneth,Hampton,jeremyrobbins@example.org,US,BUSINESS,2024-04-11 18:07:41,ACTIVE
CUST006048,Michael,Bryant,ffry@example.net,AE,CHECKING,2024-01-19 18:15:01,ACTIVE
CUST006049,Natalie,Brown,ihahn@example.com,CA,BUSINESS,2024-12-29 13:08:57,ACTIVE
CUST006050,Jennifer,Mcintyre,yhernandez@example.net,SG,SAVINGS,2025-12-26 18:44:13,ACTIVE
CUST006051,Jason,Ayala,hartalejandro@example.com,AE,CHECKING,2022-04-13 20:39:18,SUSPENDED
CUST006052,Andrew,Carlson,shansen@example.org,IN,CHECKING,2025-12-20 08:12:02,ACTIVE
CUST006053,Frederick,Hudson,grayjordan@example.org,BE,BUSINESS,2022-09-29 06:05:40,CLOSED
CUST006054,Wesley,Henderson,susan70@example.org,SG,CHECKING,2024-01-25 09:41:27,ACTIVE
CUST006055,Zachary,Jones,dawn79@example.net,IN,SAVINGS,2026-06-24 19:09:31,ACTIVE
CUST006056,Christopher,Wang,jeremy56@example.com,PK,BUSINESS,2022-08-23 21:39:21,ACTIVE
CUST006057,Debra,Mcknight,justinellison@example.com,JP,SAVINGS,2022-02-15 01:31:13,ACTIVE
CUST006058,Jennifer,Mcdonald,palmerandrew@example.net,AU,SAVINGS,2023-06-28 23:20:40,ACTIVE
CUST006059,Charles,Gross,cheryl43@example.com,AE,SAVINGS,2025-06-22 22:46:51,ACTIVE
CUST006060,Amber,Logan,melody90@example.net,NL,BUSINESS,2025-09-01 17:40:50,SUSPENDED
CUST006061,Jason,Vazquez,moorefrank@example.net,BE,SAVINGS,2022-07-04 12:02:54,SUSPENDED
CUST006062,Laura,White,dana18@example.org,PK,SAVINGS,2024-05-13 14:40:46,ACTIVE
CUST006063,Jonathan,Tate,katrinareid@example.com,ES,SAVINGS,2022-02-02 13:25:52,ACTIVE
CUST006064,Tony,Wood,wallacechristy@example.net,DE,CHECKING,2021-10-26 11:36:40,CLOSED
CUST006065,Danielle,Cantu,lbarnett@example.com,NL,BUSINESS,2025-02-02 17:12:43,CLOSED
CUST006066,Harry,Scott,davidcook@example.org,NL,BUSINESS,2021-09-04 18:34:19,CLOSED
CUST006067,Susan,Crawford,scotttravis@example.com,ES,SAVINGS,2026-01-06 14:56:25,CLOSED
CUST006068,Christy,Moody,scottmiddleton@example.com,SG,CHECKING,2025-11-09 05:41:46,ACTIVE
CUST006069,Elizabeth,Martin,christinehowell@example.org,DE,CHECKING,2024-12-15 10:31:08,CLOSED
CUST006070,Ariel,Rodriguez,michael41@example.net,PK,BUSINESS,2026-08-20 19:37:52,SUSPENDED
CUST006071,Amy,Walker,shaun92@example.net,IN,SAVINGS,2023-01-21 21:41:25,ACTIVE
CUST006072,Ricardo,Thomas,garcialinda@example.com,SG,SAVINGS,2022-07-16 15:16:03,CLOSED
CUST006073,Leslie,Cummings,gabriel47@example.net,BE,SAVINGS,2025-11-07 16:20:50,ACTIVE
CUST006074,Susan,Ward,jessica33@example.org,PK,SAVINGS,2025-06-11 01:14:58,ACTIVE
CUST006075,Audrey,Schroeder,mcguirejason@example.com,IN,BUSINESS,2025-11-10 16:52:47,ACTIVE
CUST006076,Mark,Reyes,jensenrodney@example.org,AU,BUSINESS,2025-08-08 12:37:08,ACTIVE
CUST006077,Noah,Mccoy,danielsmith@example.org,BE,CHECKING,2022-01-07 02:40:41,SUSPENDED
CUST006078,George,Rice,elizabeth95@example.net,IN,CHECKING,2025-08-06 06:28:10,ACTIVE
CUST006079,Brian,Smith,fieldssheri@example.org,CA,CHECKING,2026-01-04 11:37:24,ACTIVE
CUST006080,Priscilla,Brown,nlee@example.net,FR,SAVINGS,2021-09-03 03:46:50,ACTIVE
CUST006081,Mark,Lewis,ydavenport@example.net,IN,BUSINESS,2023-06-03 07:19:33,ACTIVE
CUST006082,George,Hawkins,jennaschaefer@example.com,IT,CHECKING,2024-02-03 02:22:38,SUSPENDED
CUST006083,Emma,Leon,haroldbartlett@example.net,JP,CHECKING,2025-09-11 12:12:04,ACTIVE
CUST006084,Logan,Davis,frank43@example.net,FR,SAVINGS,2025-11-01 01:24:11,ACTIVE
CUST006085,Dennis,Douglas,mnguyen@example.org,FR,BUSINESS,2022-06-22 22:01:38,SUSPENDED
CUST006086,Lance,Curtis,destiny41@example.net,IN,SAVINGS,2026-06-14 06:20:28,SUSPENDED
CUST006087,Nicholas,Nelson,qthompson@example.net,CA,BUSINESS,2023-05-16 15:21:17,CLOSED
CUST006088,Angela,Smith,katiegriffin@example.net,IT,SAVINGS,2022-04-13 19:35:43,ACTIVE
CUST006089,Megan,Hayes,elizabethgutierrez@example.com,IN,BUSINESS,2021-09-11 16:18:01,CLOSED
CUST006090,Deborah,Brown,huangeric@example.org,GB,BUSINESS,2022-08-28 21:44:34,CLOSED
CUST006091,Kristy,Pace,delgadoryan@example.org,PK,SAVINGS,2021-10-23 07:37:48,ACTIVE
CUST006092,Thomas,Riley,joshua56@example.com,SG,SAVINGS,2022-04-22 05:37:52,ACTIVE
CUST006093,Christine,Shaffer,yparks@example.org,GB,SAVINGS,2022-06-08 01:31:12,ACTIVE
CUST006094,Jennifer,Brown,jimmy01@example.org,PK,CHECKING,2023-03-24 09:22:16,ACTIVE
CUST006095,Philip,Watson,tgray@example.com,CA,SAVINGS,2024-10-18 11:03:12,ACTIVE
CUST006096,Robert,Day,dcox@example.org,SG,CHECKING,2022-11-01 03:49:10,ACTIVE
CUST006097,Brianna,Woods,christopher05@example.org,IN,BUSINESS,2025-05-02 10:32:08,ACTIVE
CUST006098,April,Mendez,johnbrown@example.com,AE,BUSINESS,2025-04-10 16:54:52,CLOSED
CUST006099,Kathleen,Lopez,jacqueline06@example.org,ES,CHECKING,2024-11-03 04:44:57,CLOSED
CUST006100,Stephanie,Cook,yrobinson@example.org,SG,SAVINGS,2024-05-21 19:39:29,CLOSED
CUST006101,James,Golden,frederick90@example.com,BE,CHECKING,2026-02-21 11:36:34,CLOSED
CUST006102,Chad,Macdonald,mhernandez@example.org,IT,BUSINESS,2026-07-18 11:43:21,ACTIVE
CUST006103,Leah,Gray,mikayla71@example.org,SG,BUSINESS,2025-04-28 02:53:44,CLOSED
CUST006104,Raymond,Sanders,robinsonmelanie@example.com,IN,CHECKING,2022-02-20 16:09:29,SUSPENDED
CUST006105,Martin,Brown,wilsondiane@example.net,NL,BUSINESS,2025-08-22 11:24:53,ACTIVE
CUST006106,Scott,Jordan,daltonjohnston@example.com,US,BUSINESS,2025-02-26 18:40:27,SUSPENDED
CUST006107,Scott,Bradley,jnunez@example.com,US,BUSINESS,2023-12-15 21:18:24,SUSPENDED
CUST006108,Christina,Wilcox,edwardroy@example.net,DE,CHECKING,2023-07-06 20:11:14,ACTIVE
CUST006109,Andrew,Caldwell,tweaver@example.net,CA,SAVINGS,2025-08-21 21:14:26,CLOSED
CUST006110,Shaun,Hart,jonathanrobinson@example.com,JP,CHECKING,2025-01-29 09:05:47,ACTIVE
CUST006111,Valerie,Yang,cdavies@example.com,US,BUSINESS,2025-12-02 19:36:28,ACTIVE
CUST006112,Jacob,Horton,salassierra@example.net,DE,BUSINESS,2025-05-24 08:30:44,ACTIVE
CUST006113,Calvin,Nguyen,lolsen@example.com,DE,BUSINESS,2021-10-14 00:58:50,ACTIVE
CUST006114,Darrell,Gamble,patrickhodge@example.net,AU,SAVINGS,2022-05-25 09:44:30,ACTIVE
CUST006115,Cameron,Murphy,hhubbard@example.org,SG,BUSINESS,2024-01-03 03:37:29,SUSPENDED
CUST006116,Andrew,Moore,staceygoodwin@example.com,GB,BUSINESS,2024-04-10 05:03:37,ACTIVE
CUST006117,Sharon,Day,davidsonshannon@example.com,GB,CHECKING,2024-06-03 11:29:33,SUSPENDED
CUST006118,Brian,Ramirez,elizabethpatton@example.net,NL,BUSINESS,2022-07-20 06:43:49,ACTIVE
CUST006119,Nathaniel,Hudson,taylorryan@example.org,BE,CHECKING,2022-08-27 14:04:07,CLOSED
CUST006120,Nicole,Gallegos,diazwilliam@example.org,AE,BUSINESS,2023-09-14 04:33:32,SUSPENDED
CUST006121,Patrick,Carpenter,johnsonraven@example.net,ES,BUSINESS,2022-01-22 02:15:22,CLOSED
CUST006122,Kevin,Gross,carmen05@example.net,BE,CHECKING,2026-04-18 20:39:22,CLOSED
CUST006123,Calvin,Garcia,christinavelez@example.com,FR,BUSINESS,2026-05-30 11:21:35,ACTIVE
CUST006124,Anne,Davis,deangina@example.com,AU,CHECKING,2026-03-14 08:40:21,ACTIVE
CUST006125,Candace,Smith,dbernard@example.net,AU,CHECKING,2025-03-30 21:29:52,CLOSED
CUST006126,Margaret,Mills,kyle16@example.net,GB,BUSINESS,2025-04-11 23:55:02,ACTIVE
CUST006127,Monica,Price,woodssteven@example.org,SG,CHECKING,2024-01-07 03:15:52,ACTIVE
CUST006128,Frank,Smith,bwilliams@example.com,AU,CHECKING,2026-01-23 13:39:11,ACTIVE
CUST006129,Julie,Cooper,joshuagregory@example.com,FR,BUSINESS,2025-09-23 14:17:47,SUSPENDED
CUST006130,Todd,Sutton,jacqueline24@example.org,SG,CHECKING,2021-12-07 11:50:52,ACTIVE
CUST006131,Jerry,Gonzalez,caleb86@example.org,DE,CHECKING,2025-06-15 06:06:22,SUSPENDED
CUST006132,Michael,Hansen,jthompson@example.net,AU,BUSINESS,2024-04-14 23:09:39,SUSPENDED
CUST006133,Cheryl,Schultz,pbarnes@example.org,AE,SAVINGS,2023-12-13 19:46:09,SUSPENDED
CUST006134,Brittany,Cameron,howardcox@example.net,SG,SAVINGS,2026-07-09 10:34:50,ACTIVE
CUST006135,Benjamin,Smith,qhall@example.net,IN,SAVINGS,2022-10-15 11:03:06,ACTIVE
CUST006136,Tonya,Ramos,eterry@example.org,DE,SAVINGS,2026-03-03 19:03:33,ACTIVE
CUST006137,Mark,Torres,robertojackson@example.net,ES,BUSINESS,2024-09-18 05:24:04,SUSPENDED
CUST006138,Judith,Baker,jonathan21@example.org,PK,SAVINGS,2026-02-04 02:13:06,SUSPENDED
CUST006139,Cynthia,Wilson,deborah57@example.com,DE,CHECKING,2024-01-01 09:55:35,ACTIVE
CUST006140,Kimberly,Chambers,molly13@example.net,GB,CHECKING,2026-04-16 19:07:16,ACTIVE
CUST006141,Kathryn,Cox,linda32@example.org,BE,BUSINESS,2025-08-26 10:11:24,ACTIVE
CUST006142,Michael,Gordon,chelseaallen@example.com,BE,SAVINGS,2024-05-14 11:35:37,ACTIVE
CUST006143,Phyllis,Cabrera,erinlove@example.org,CA,SAVINGS,2024-01-08 13:07:08,ACTIVE
CUST006144,Jimmy,Hale,rodgersashley@example.net,PK,BUSINESS,2025-10-02 17:03:01,ACTIVE
CUST006145,Latasha,Blackwell,sherry28@example.org,CA,CHECKING,2025-10-28 10:19:16,ACTIVE
CUST006146,James,Walker,smithjenna@example.net,DE,CHECKING,2024-06-02 08:54:48,ACTIVE
CUST006147,Kelsey,Le,duartekevin@example.net,CA,CHECKING,2023-02-06 18:54:39,ACTIVE
CUST006148,Christie,Carter,ihodge@example.org,BE,SAVINGS,2026-01-25 03:55:23,ACTIVE
CUST006149,Nicholas,Diaz,adrienne29@example.org,FR,BUSINESS,2025-06-29 04:27:45,CLOSED
CUST006150,Andrew,Patterson,crystalward@example.net,BE,CHECKING,2025-08-03 01:31:17,ACTIVE
CUST006151,Jennifer,James,richardsonamanda@example.net,IT,BUSINESS,2022-10-21 15:25:47,CLOSED
CUST006152,Robert,Campos,stantonvictoria@example.com,US,CHECKING,2021-10-26 21:03:22,CLOSED
CUST006153,Bryan,Wood,cynthiacole@example.org,IT,SAVINGS,2023-06-24 12:52:06,ACTIVE
CUST006154,Mary,Wang,sharon77@example.com,IN,BUSINESS,2024-11-17 05:56:57,ACTIVE
CUST006155,Melissa,Gardner,flewis@example.org,AU,SAVINGS,2023-08-29 20:16:09,CLOSED
CUST006156,Vanessa,Huerta,bsmith@example.net,ES,SAVINGS,2024-06-24 08:29:10,ACTIVE
CUST006157,John,Lopez,yatesjanet@example.net,CA,CHECKING,2023-07-19 07:38:21,SUSPENDED
CUST006158,Tracey,Melton,vowen@example.com,FR,BUSINESS,2024-09-28 15:42:48,ACTIVE
CUST006159,Megan,Malone,yconner@example.com,PK,BUSINESS,2024-02-06 17:08:26,ACTIVE
CUST006160,Martin,Moore,sara22@example.org,AE,SAVINGS,2021-10-01 19:53:36,ACTIVE
CUST006161,Amber,Mcdowell,kristeningram@example.com,DE,SAVINGS,2023-12-08 16:30:04,ACTIVE
CUST006162,Lauren,Anderson,hmartinez@example.org,AU,BUSINESS,2025-06-16 00:21:17,ACTIVE
CUST006163,Charles,Byrd,uwilliams@example.com,PK,CHECKING,2026-07-02 08:00:09,SUSPENDED
CUST006164,Brittany,Pearson,matthew06@example.net,IT,BUSINESS,2026-02-24 21:17:55,ACTIVE
CUST006165,James,Le,chadthomas@example.net,AU,SAVINGS,2026-01-15 13:08:01,SUSPENDED
CUST006166,Zoe,Gray,,PK,BUSINESS,2025-11-11 12:21:01,CLOSED
CUST006167,Laura,Rodriguez,sanchezdebra@example.net,IN,SAVINGS,2021-10-03 04:51:36,SUSPENDED
CUST006168,Michael,George,udurham@example.net,DE,BUSINESS,2021-12-10 20:23:32,CLOSED
CUST006169,Glenda,Reyes,charles35@example.org,DE,SAVINGS,2026-04-21 07:13:06,ACTIVE
CUST006170,Allison,Mendez,byrdsherry@example.net,BE,CHECKING,2026-01-23 22:05:47,ACTIVE
CUST006171,Sharon,Farmer,davispaula@example.com,IN,SAVINGS,2022-06-30 11:42:21,ACTIVE
CUST006172,Justin,Garner,janejohnson@example.com,AE,SAVINGS,2025-12-31 03:26:40,ACTIVE
CUST006173,Anthony,Santos,jose43@example.com,BE,CHECKING,2022-10-16 19:41:30,SUSPENDED
CUST006174,Kimberly,Pittman,ryantyler@example.net,AE,BUSINESS,2025-11-08 08:44:35,CLOSED
CUST006175,Victoria,Nash,michelleharrington@example.org,DE,BUSINESS,2022-04-08 04:56:08,ACTIVE
CUST006176,Jennifer,Jones,owenjesse@example.com,JP,BUSINESS,2023-09-12 06:28:17,ACTIVE
CUST006177,Brandon,Garza,fhudson@example.com,PK,BUSINESS,2024-11-05 00:58:05,CLOSED
CUST006178,William,Cobb,davidmartinez@example.org,AU,BUSINESS,2022-03-17 14:42:39,CLOSED
CUST006179,Lisa,Charles,kramirez@example.net,CA,SAVINGS,2022-06-05 17:42:20,CLOSED
CUST006180,Jennifer,Schwartz,danielmoore@example.com,JP,CHECKING,2024-09-07 00:34:38,ACTIVE
CUST006181,Christine,Alexander,dsmith@example.org,BE,CHECKING,2023-06-16 17:15:56,SUSPENDED
CUST006182,Daniel,Jones,westkaren@example.com,AE,CHECKING,2023-02-28 16:03:15,ACTIVE
CUST006183,Jacqueline,Melton,hchase@example.net,JP,SAVINGS,2026-05-04 15:06:16,SUSPENDED
CUST006184,Christopher,Miller,cheryl20@example.com,GB,SAVINGS,2023-07-05 18:37:27,ACTIVE
CUST006185,Andrew,Green,dcooper@example.org,US,CHECKING,2025-01-07 13:17:13,SUSPENDED
CUST006186,Christopher,Beasley,smithmaurice@example.org,DE,SAVINGS,2022-01-04 13:56:57,CLOSED
CUST006187,Andrew,Nolan,stevensdonna@example.org,US,BUSINESS,2024-05-27 15:34:24,SUSPENDED
CUST006188,Caleb,Sanders,ericdaniels@example.org,NL,SAVINGS,2022-04-15 23:43:06,ACTIVE
CUST006189,Jason,Cole,thompsonmelissa@example.net,AE,BUSINESS,2026-05-31 09:46:32,ACTIVE
CUST006190,Pam,Davis,adam46@example.net,CA,CHECKING,2024-12-11 10:31:44,ACTIVE
CUST006191,Christopher,Bush,djohnson@example.com,DE,SAVINGS,2022-11-12 05:06:59,CLOSED
CUST006192,Patricia,Moore,michael98@example.org,SG,BUSINESS,2025-05-04 13:33:47,CLOSED
CUST006193,Jill,Kemp,jeremy35@example.org,ES,BUSINESS,2022-08-08 13:11:52,ACTIVE
CUST006194,Stephanie,Page,eanderson@example.org,SG,CHECKING,2024-04-21 18:43:29,CLOSED
CUST006195,Megan,Johnston,fmays@example.org,FR,CHECKING,2021-12-13 18:00:06,ACTIVE
CUST006196,Natalie,Cox,patrickstacey@example.org,GB,CHECKING,2023-05-30 09:50:40,ACTIVE
CUST006197,Jeffrey,Martinez,dramos@example.net,CA,CHECKING,2022-12-03 23:22:33,SUSPENDED
CUST006198,Kelly,Smith,clarence35@example.net,SG,BUSINESS,2025-03-21 03:26:53,CLOSED
CUST006199,Robert,Allen,walkerpatrick@example.net,IN,CHECKING,2026-01-19 05:13:26,CLOSED
CUST006200,Stephanie,Cox,james91@example.net,BE,BUSINESS,2024-05-15 22:29:57,ACTIVE
CUST006201,Morgan,Smith,johnsonangela@example.org,PK,CHECKING,2024-12-24 21:35:28,ACTIVE
CUST006202,Donald,Bennett,bradley46@example.net,US,CHECKING,2023-09-13 18:04:07,ACTIVE
CUST006203,Deborah,Adams,adam03@example.net,SG,SAVINGS,2023-10-28 19:43:32,ACTIVE
CUST006204,Kayla,Mckee,michelle58@example.net,SG,CHECKING,2024-02-13 21:03:48,SUSPENDED
CUST006205,Paul,Paul,brianshaw@example.net,IT,BUSINESS,2021-10-30 12:15:59,CLOSED
CUST006206,Donald,Jackson,brooksmichael@example.net,FR,CHECKING,2026-02-03 04:54:32,SUSPENDED
CUST006207,Amy,Munoz,mmanning@example.org,IT,BUSINESS,2025-10-15 07:04:59,ACTIVE
CUST006208,Kathy,Johnson,david92@example.com,PK,SAVINGS,2025-07-29 05:28:14,ACTIVE
CUST006209,Thomas,Gomez,ramirezclinton@example.com,PK,CHECKING,2023-01-02 23:41:40,ACTIVE
CUST006210,Dorothy,Nunez,victoria96@example.com,ES,SAVINGS,2025-04-06 19:46:05,ACTIVE
CUST006211,Amanda,Paul,kmueller@example.org,BE,SAVINGS,2022-11-10 05:11:02,ACTIVE
CUST006212,Pamela,Scott,bmiller@example.org,ES,CHECKING,2024-11-28 19:37:59,CLOSED
CUST006213,Krista,Morgan,tony41@example.com,IT,BUSINESS,2024-02-17 00:51:11,ACTIVE
CUST006214,Kristen,Sharp,lwilson@example.com,PK,SAVINGS,2024-02-29 08:26:11,CLOSED
CUST006215,Matthew,Brown,michael55@example.org,SG,BUSINESS,2026-05-31 02:52:40,ACTIVE
CUST006216,Susan,Williams,whitneyjennifer@example.com,IT,BUSINESS,2024-03-30 02:28:05,ACTIVE
CUST006217,Thomas,Dickson,qpruitt@example.org,GB,BUSINESS,2025-06-20 16:58:55,ACTIVE
CUST006218,Hailey,Watkins,robertdavis@example.net,GB,SAVINGS,2021-11-10 12:50:09,SUSPENDED
CUST006219,Ariana,Shepard,marcus81@example.com,NL,CHECKING,2025-04-24 07:35:32,SUSPENDED
CUST006220,Elizabeth,Ramos,marybarnes@example.com,NL,BUSINESS,2024-02-29 20:55:12,ACTIVE
CUST006221,Daniel,Brown,lsmith@example.com,JP,BUSINESS,2023-02-04 00:26:53,SUSPENDED
CUST006222,Matthew,Odonnell,donnamiller@example.com,FR,BUSINESS,2022-06-11 08:41:18,SUSPENDED
CUST006223,Shannon,Lopez,amysolomon@example.com,ES,BUSINESS,2024-03-11 22:53:41,ACTIVE
CUST006224,Sara,Vasquez,erika16@example.org,DE,BUSINESS,2025-06-20 20:54:10,ACTIVE
CUST006225,Christina,Bell,angela81@example.com,DE,CHECKING,2023-04-01 08:12:28,SUSPENDED
CUST006226,Christina,Lewis,gmontgomery@example.org,DE,CHECKING,2026-04-09 01:39:22,CLOSED
CUST006227,Frank,Richards,ryan12@example.org,BE,CHECKING,2024-11-26 16:29:04,ACTIVE
CUST006228,Justin,Ramirez,ecopeland@example.com,JP,BUSINESS,2023-11-10 08:54:19,SUSPENDED
CUST006229,Steven,Velasquez,djackson@example.net,NL,BUSINESS,2023-11-15 20:52:46,ACTIVE
CUST006230,Sandra,Brown,banksyolanda@example.com,NL,BUSINESS,2023-10-04 09:33:56,ACTIVE
CUST006231,Laura,Clayton,michaelandrade@example.net,DE,CHECKING,2026-07-29 05:00:54,SUSPENDED
CUST006232,Nicole,Robertson,smithabigail@example.net,IN,CHECKING,2024-07-01 02:42:29,ACTIVE
CUST006233,Kathy,Rodriguez,allisongarrison@example.com,CA,SAVINGS,2024-06-26 19:31:44,ACTIVE
CUST006234,Donald,Sanchez,krogers@example.org,ES,BUSINESS,2026-03-20 00:12:02,ACTIVE
CUST006235,Kathryn,Martinez,maxwelljacob@example.org,US,SAVINGS,2022-01-05 03:38:40,ACTIVE
CUST006236,Melissa,Morgan,arellanotracy@example.org,DE,CHECKING,2026-04-03 03:06:00,ACTIVE
CUST006237,Jeffrey,Brown,andrew67@example.com,IN,SAVINGS,2025-01-24 23:13:09,ACTIVE
CUST006238,Brittany,Horton,perkinsdeborah@example.net,DE,BUSINESS,2021-10-18 11:03:03,ACTIVE
CUST006239,Mark,Kirk,laneaustin@example.com,IT,SAVINGS,2025-10-10 10:10:07,CLOSED
CUST006240,Kelly,Pruitt,michael40@example.com,BE,SAVINGS,2022-08-21 23:28:01,ACTIVE
CUST006241,Pamela,Wright,elindsey@example.org,US,BUSINESS,2026-05-07 10:04:23,ACTIVE
CUST006242,Dawn,Sanchez,julie56@example.com,JP,BUSINESS,2025-04-05 16:31:37,ACTIVE
CUST006243,Charlene,Greene,kweber@example.com,AE,CHECKING,2023-03-07 21:14:38,ACTIVE
CUST006244,Jillian,Perez,qrobinson@example.org,FR,BUSINESS,2025-10-22 19:47:17,ACTIVE
CUST006245,Katelyn,Lee,duncanvanessa@example.com,ES,SAVINGS,2025-02-16 09:46:59,ACTIVE
CUST006246,Richard,Morris,bradshawjoseph@example.net,PK,CHECKING,2023-08-21 03:45:58,ACTIVE
CUST006247,Kyle,Smith,psanders@example.org,US,CHECKING,2022-12-05 11:25:22,ACTIVE
CUST006248,Stacy,Deleon,scruz@example.net,GB,SAVINGS,2022-05-19 04:40:23,ACTIVE
CUST006249,Danielle,Goodman,cantulisa@example.net,NL,BUSINESS,2022-05-21 23:42:23,ACTIVE
CUST006250,Brandy,Ruiz,moorejoseph@example.org,IT,CHECKING,2025-04-15 11:21:38,ACTIVE
CUST006251,Kara,Alexander,stevenferguson@example.org,BE,BUSINESS,2023-07-03 07:41:42,SUSPENDED
CUST006252,Tara,Fox,james13@example.com,FR,SAVINGS,2025-09-29 13:58:04,ACTIVE
CUST006253,Jennifer,Ballard,robertjones@example.net,IN,CHECKING,2024-02-02 23:49:17,CLOSED
CUST006254,Steven,Schaefer,anthonyharris@example.com,CA,SAVINGS,2026-03-26 01:59:01,CLOSED
CUST006255,Timothy,Moody,jessicacollins@example.com,ES,CHECKING,2024-05-26 22:20:25,CLOSED
CUST006256,Sarah,Leon,cpitts@example.org,BE,CHECKING,2022-03-12 23:11:13,ACTIVE
CUST006257,Denise,Osborne,brittany66@example.org,JP,CHECKING,2025-09-04 07:55:16,SUSPENDED
CUST006258,Dana,Smith,jeffrey30@example.org,CA,BUSINESS,2024-03-08 23:39:04,ACTIVE
CUST006259,Amy,Diaz,sullivanrachel@example.org,AU,BUSINESS,2026-01-24 04:50:45,ACTIVE
CUST006260,Alyssa,Williams,penny89@example.org,SG,SAVINGS,2022-10-02 22:16:31,ACTIVE
CUST006261,Juan,Gould,angelacasey@example.com,FR,CHECKING,2022-03-17 06:54:12,ACTIVE
CUST006262,Tanner,Baker,zjohnson@example.net,JP,CHECKING,2025-07-16 21:47:37,ACTIVE
CUST006263,Jeff,Stokes,christianelliott@example.net,GB,CHECKING,2022-06-12 13:12:11,CLOSED
CUST006264,Zachary,Lee,kathrynlawrence@example.org,FR,SAVINGS,2026-01-27 08:34:52,CLOSED
CUST006265,Julie,Smith,adam30@example.net,DE,CHECKING,2026-02-10 12:32:36,ACTIVE
CUST006266,Kristin,Hall,penarichard@example.com,AU,BUSINESS,2025-02-26 19:27:51,ACTIVE
CUST006267,Jonathan,Lopez,sgonzalez@example.com,FR,BUSINESS,2026-05-15 17:48:07,SUSPENDED
CUST006268,Lisa,Harris,saraalvarez@example.org,PK,BUSINESS,2023-01-08 19:31:10,SUSPENDED
CUST006269,Cynthia,Pacheco,grantmichael@example.org,NL,BUSINESS,2026-07-31 08:18:54,CLOSED
CUST006270,Jacob,Barker,austinthompson@example.org,GB,SAVINGS,2025-01-11 12:53:43,ACTIVE
CUST006271,Tommy,Russell,johncollins@example.net,JP,SAVINGS,2025-09-04 18:31:17,CLOSED
CUST006272,Katherine,Gibson,mooretrevor@example.net,NL,SAVINGS,2021-10-09 02:51:37,SUSPENDED
CUST006273,Thomas,Gutierrez,alyssa10@example.com,US,CHECKING,2021-11-27 13:15:31,SUSPENDED
CUST006274,John,Davis,lherrera@example.net,CA,SAVINGS,2025-12-29 05:57:04,ACTIVE
CUST006275,Elizabeth,Wallace,carolynfernandez@example.net,ES,SAVINGS,2026-06-23 02:03:01,ACTIVE
CUST006276,Jeffrey,Sherman,waterspatricia@example.org,GB,SAVINGS,2025-06-17 11:25:50,ACTIVE
CUST006277,Debbie,Black,ronald53@example.net,BE,BUSINESS,2024-05-05 10:15:31,ACTIVE
CUST006278,John,Schroeder,johnlevy@example.org,GB,SAVINGS,2022-01-05 06:00:19,ACTIVE
CUST006279,Samuel,Chen,rgarcia@example.org,FR,SAVINGS,2024-07-18 20:44:54,SUSPENDED
CUST006280,Ryan,Preston,jerrywilliams@example.net,SG,BUSINESS,2024-12-15 10:30:12,ACTIVE
CUST006281,Tyrone,Johnson,paul01@example.com,GB,CHECKING,2022-04-23 03:06:24,ACTIVE
CUST006282,Melinda,Hoffman,scottsamuel@example.org,IT,SAVINGS,2021-12-18 21:14:42,SUSPENDED
CUST006283,Vanessa,Harris,janderson@example.com,PK,SAVINGS,2024-04-07 01:23:27,SUSPENDED
CUST006284,William,Powell,lisastephens@example.net,SG,SAVINGS,2025-04-09 03:52:56,SUSPENDED
CUST006285,Jacqueline,Castillo,leahanderson@example.com,GB,SAVINGS,2025-07-22 03:05:49,ACTIVE
CUST006286,Tanya,Johnson,mmccann@example.net,BE,SAVINGS,2024-06-21 09:55:02,SUSPENDED
CUST006287,Danielle,Mccarthy,lgrant@example.org,ES,BUSINESS,2025-04-12 00:06:48,CLOSED
CUST006288,Michael,Wells,wolfebrittney@example.com,IT,CHECKING,2023-07-07 19:46:22,ACTIVE
CUST006289,Susan,Perry,emmaalvarez@example.com,SG,CHECKING,2025-03-11 10:41:38,CLOSED
CUST006290,Kimberly,Escobar,michael57@example.com,IT,BUSINESS,2025-09-29 22:25:40,CLOSED
CUST006291,Jennifer,Small,anna94@example.com,BE,SAVINGS,2025-12-11 18:21:35,CLOSED
CUST006292,Jesus,Jones,scottcollins@example.net,IN,SAVINGS,2023-01-23 19:46:59,ACTIVE
CUST006293,James,Harvey,ijohnson@example.com,JP,SAVINGS,2023-12-02 22:39:33,ACTIVE
CUST006294,Mark,White,dcrawford@example.org,GB,CHECKING,2022-09-03 23:32:57,SUSPENDED
CUST006295,Valerie,Burnett,christineclarke@example.net,DE,BUSINESS,2026-05-17 00:14:19,SUSPENDED
CUST006296,Amy,Jones,ublake@example.org,NL,BUSINESS,2023-08-22 22:33:34,SUSPENDED
CUST006297,Samuel,Jenkins,briannasmith@example.net,FR,CHECKING,2021-11-29 15:01:47,ACTIVE
CUST006298,Kevin,Henry,garrettsamuel@example.net,BE,BUSINESS,2021-09-24 07:37:25,ACTIVE
CUST006299,William,Bennett,michele08@example.com,JP,SAVINGS,2022-07-07 08:34:26,CLOSED
CUST006300,Christina,Watkins,delacruzmelanie@example.net,GB,CHECKING,2025-12-03 11:46:53,SUSPENDED
CUST006301,Jamie,Gibbs,youngcindy@example.org,FR,BUSINESS,2023-01-24 16:01:00,ACTIVE
CUST006302,Erica,Bauer,hunter01@example.com,GB,BUSINESS,2024-10-28 19:57:59,ACTIVE
CUST006303,Shane,Diaz,yturner@example.org,NL,BUSINESS,2022-11-29 17:21:01,CLOSED
CUST006304,Angela,Kaufman,wcaldwell@example.org,AE,CHECKING,2024-07-19 13:12:47,SUSPENDED
CUST006305,Phillip,Savage,vicki73@example.net,AU,CHECKING,2024-01-24 08:33:55,ACTIVE
CUST006306,Darrell,Armstrong,maxwelljulie@example.com,GB,SAVINGS,2022-08-22 05:23:00,SUSPENDED
CUST006307,Ricky,Beltran,kellerjames@example.org,IT,BUSINESS,2025-05-25 01:42:57,ACTIVE
CUST006308,Nicholas,Smith,kellysteele@example.com,AE,SAVINGS,2025-08-03 00:43:50,ACTIVE
CUST006309,Jacqueline,Davis,carterjerry@example.net,AU,BUSINESS,2024-12-10 01:00:59,CLOSED
CUST006310,Michelle,Hester,stephen54@example.com,SG,BUSINESS,2021-10-16 08:42:05,ACTIVE
CUST006311,Patrick,Lee,robertwatson@example.org,JP,CHECKING,2026-02-11 05:57:51,ACTIVE
CUST006312,Amy,Hess,cathy96@example.net,DE,CHECKING,2025-01-20 00:30:48,ACTIVE
CUST006313,Nicholas,Williams,palmerkatherine@example.net,PK,CHECKING,2026-05-18 19:42:35,ACTIVE
CUST006314,Barry,Rodriguez,leetina@example.com,IN,CHECKING,2026-02-16 01:40:56,ACTIVE
CUST006315,Sean,Cook,lauriemyers@example.net,PK,SAVINGS,2023-09-13 15:29:29,ACTIVE
CUST006316,Michelle,Salazar,ericnewton@example.net,SG,CHECKING,2023-06-03 14:20:17,ACTIVE
CUST006317,Natasha,Burke,kelly12@example.org,NL,CHECKING,2023-04-30 10:49:56,ACTIVE
CUST006318,Joshua,Horn,mark79@example.net,AU,SAVINGS,2021-11-28 09:36:18,CLOSED
CUST006319,Samantha,Alvarez,richard87@example.org,PK,SAVINGS,2023-10-09 18:24:50,SUSPENDED
CUST006320,Brian,Davidson,hbailey@example.org,BE,BUSINESS,2025-05-29 21:40:48,ACTIVE
CUST006321,Heidi,Holland,daniel04@example.org,NL,SAVINGS,2023-08-29 03:23:05,ACTIVE
CUST006322,Raymond,Gibson,mbarajas@example.com,AE,BUSINESS,2026-08-01 11:59:33,ACTIVE
CUST006323,Diana,Schneider,jenniferanderson@example.net,PK,CHECKING,2024-11-27 12:05:07,ACTIVE
CUST006324,Timothy,Mcdonald,vruiz@example.com,GB,CHECKING,2026-08-09 14:38:10,CLOSED
CUST006325,Tina,Lamb,monroekevin@example.com,PK,BUSINESS,2021-11-07 18:17:21,SUSPENDED
CUST006326,Sandra,Medina,,ES,BUSINESS,2026-02-21 21:48:19,CLOSED
CUST006327,Devon,Pittman,rpowell@example.org,JP,SAVINGS,2023-08-27 06:55:05,ACTIVE
CUST006328,Emily,Hughes,katie86@example.net,SG,CHECKING,2026-08-11 04:07:19,ACTIVE
CUST006329,Peter,Savage,oholmes@example.net,JP,CHECKING,2022-04-27 01:02:44,SUSPENDED
CUST006330,Valerie,Phillips,marcusjohnson@example.net,DE,CHECKING,2024-01-28 20:56:41,ACTIVE
CUST006331,Chelsea,Mcdaniel,jorge42@example.com,PK,SAVINGS,2022-02-07 01:18:49,SUSPENDED
CUST006332,Shawn,Cox,matthew27@example.net,GB,SAVINGS,2025-02-25 09:35:10,ACTIVE
CUST006333,Bryce,Guzman,steve28@example.com,AE,CHECKING,2024-01-03 21:41:43,CLOSED
CUST006334,Rebecca,Bryant,wigginsjohn@example.org,SG,SAVINGS,2023-10-19 02:48:19,SUSPENDED
CUST006335,Patrick,Smith,jpayne@example.org,AU,BUSINESS,2023-08-05 01:05:14,ACTIVE
CUST006336,Lee,Mills,loweandrew@example.net,US,CHECKING,2024-10-24 11:26:13,SUSPENDED
CUST006337,Amanda,Castillo,macdonaldterry@example.org,JP,BUSINESS,2022-07-21 18:27:30,ACTIVE
CUST006338,James,Valdez,maryburke@example.org,PK,SAVINGS,2024-05-22 20:22:04,ACTIVE
CUST006339,Phillip,Fry,tholt@example.net,PK,SAVINGS,2025-01-01 20:52:33,ACTIVE
CUST006340,Lisa,Davis,estrickland@example.net,ES,CHECKING,2025-01-29 08:09:13,CLOSED
CUST006341,Howard,Russell,hnavarro@example.com,NL,BUSINESS,2022-03-30 22:58:12,SUSPENDED
CUST006342,Richard,Hall,kathylong@example.net,PK,CHECKING,2022-08-31 08:53:14,ACTIVE
CUST006343,John,Mays,julieortiz@example.com,PK,BUSINESS,2026-01-13 17:37:21,ACTIVE
CUST006344,Robert,Johnson,richard54@example.net,JP,SAVINGS,2025-10-15 00:09:18,ACTIVE
CUST006345,Shaun,Strickland,phillipadams@example.org,SG,CHECKING,2023-11-01 00:45:23,ACTIVE
CUST006346,Tammy,Santos,dakota17@example.com,AU,SAVINGS,2023-02-05 20:14:48,ACTIVE
CUST006347,Brandon,Fernandez,abbottjackie@example.net,AU,BUSINESS,2023-10-09 17:46:21,SUSPENDED
CUST006348,Peggy,Hardin,amandastark@example.net,ES,SAVINGS,2023-01-13 13:56:16,ACTIVE
CUST006349,Mackenzie,Kelly,smorris@example.net,IT,BUSINESS,2024-09-01 02:08:40,ACTIVE
CUST006350,Reginald,Simmons,cgeorge@example.org,CA,CHECKING,2023-02-02 19:12:47,SUSPENDED
CUST006351,Nancy,Lopez,dean40@example.com,BE,CHECKING,2022-09-11 02:12:28,ACTIVE
CUST006352,Sarah,Walsh,willie42@example.com,JP,CHECKING,2025-04-01 03:58:41,ACTIVE
CUST006353,Zachary,Cherry,pearsongreg@example.com,NL,SAVINGS,2026-07-03 07:39:33,SUSPENDED
CUST006354,Julia,Gonzalez,jeremycalderon@example.com,BE,CHECKING,2024-04-16 19:42:00,ACTIVE
CUST006355,Rebecca,Smith,jonathan57@example.com,SG,BUSINESS,2024-11-12 12:19:51,SUSPENDED
CUST006356,Christopher,Melton,nicolerandall@example.net,JP,CHECKING,2024-09-29 09:00:58,ACTIVE
CUST006357,Brian,Perry,smithchristian@example.com,CA,CHECKING,2022-03-09 04:35:07,ACTIVE
CUST006358,Daisy,Pace,qbarron@example.org,IN,BUSINESS,2025-02-12 21:35:29,ACTIVE
CUST006359,Miguel,Taylor,cynthia65@example.net,SG,BUSINESS,2024-09-23 04:13:56,ACTIVE
CUST006360,Juan,Adkins,lorettamcbride@example.org,NL,SAVINGS,2026-04-04 07:05:53,ACTIVE
CUST006361,Juan,Irwin,bleonard@example.com,PK,SAVINGS,2024-03-22 23:19:14,SUSPENDED
CUST006362,Emily,Jones,janicedixon@example.net,GB,CHECKING,2022-08-16 06:46:01,ACTIVE
CUST006363,Patricia,Frazier,tina54@example.org,SG,SAVINGS,2024-07-25 16:07:38,ACTIVE
CUST006364,Crystal,Maynard,imartinez@example.net,BE,BUSINESS,2025-03-31 04:13:16,SUSPENDED
CUST006365,Linda,Lucas,gsteele@example.org,GB,BUSINESS,2023-10-05 03:55:50,ACTIVE
CUST006366,Kimberly,Duarte,tanya75@example.org,ES,SAVINGS,2023-09-25 05:37:37,ACTIVE
CUST006367,Joanne,Scott,fordjoshua@example.org,CA,CHECKING,2025-12-05 04:58:10,SUSPENDED
CUST006368,Molly,Stewart,holly82@example.net,NL,SAVINGS,2023-11-12 14:48:36,ACTIVE
CUST006369,Brett,Reed,kayla65@example.org,PK,SAVINGS,2022-10-06 21:45:57,ACTIVE
CUST006370,Brian,Jensen,nrodriguez@example.net,AE,BUSINESS,2024-08-13 02:03:04,ACTIVE
CUST006371,Kelsey,Gibson,pmoore@example.org,IN,BUSINESS,2023-08-16 09:01:33,ACTIVE
CUST006372,David,Nichols,wparker@example.net,FR,CHECKING,2023-10-12 00:02:56,ACTIVE
CUST006373,Joseph,Flowers,amywatts@example.com,IT,CHECKING,2021-10-16 20:48:30,ACTIVE
CUST006374,Bruce,Fritz,danielkelly@example.org,BE,CHECKING,2025-08-31 11:03:57,ACTIVE
CUST006375,Ann,Sanchez,gabrielle90@example.org,AU,CHECKING,2023-09-09 19:04:50,ACTIVE
CUST006376,Katherine,Walters,sonyareese@example.org,IN,CHECKING,2024-12-14 02:03:27,ACTIVE
CUST006377,Douglas,English,kayla55@example.net,SG,CHECKING,2024-11-26 02:02:59,ACTIVE
CUST006378,Lori,Beasley,catherine56@example.com,IN,BUSINESS,2025-05-31 11:49:41,ACTIVE
CUST006379,Amy,Robinson,brookeguzman@example.com,ES,BUSINESS,2023-06-01 05:08:22,SUSPENDED
CUST006380,Charles,Lane,christopher88@example.net,JP,SAVINGS,2024-08-27 17:22:24,ACTIVE
CUST006381,Kathleen,Payne,kristenmoreno@example.org,AU,CHECKING,2026-06-18 13:16:47,ACTIVE
CUST006382,Matthew,White,cassandrastone@example.org,SG,CHECKING,2022-04-03 15:15:32,ACTIVE
CUST006383,Ann,Hart,crystal98@example.com,PK,BUSINESS,2025-02-01 07:30:47,ACTIVE
CUST006384,Katelyn,Reid,wallkaren@example.com,ES,CHECKING,2025-03-20 23:32:58,ACTIVE
CUST006385,Eric,Flores,abowman@example.org,FR,SAVINGS,2022-12-24 19:56:44,ACTIVE
CUST006386,Seth,Crosby,ckelly@example.com,IT,CHECKING,2022-02-07 13:07:42,ACTIVE
CUST006387,Laura,Arnold,beckaustin@example.com,GB,SAVINGS,2022-09-23 15:38:46,CLOSED
CUST006388,Brandon,Morales,tannertina@example.org,IT,SAVINGS,2026-08-04 14:48:17,ACTIVE
CUST006389,Andrew,Ross,samantha47@example.com,SG,SAVINGS,2023-04-08 05:22:46,CLOSED
CUST006390,Christina,Williams,crystal44@example.org,SG,CHECKING,2025-09-17 12:32:58,SUSPENDED
CUST006391,Joe,Garcia,imiller@example.net,NL,BUSINESS,2021-08-26 18:18:17,CLOSED
CUST006392,David,White,katherinefreeman@example.org,IN,CHECKING,2022-04-06 05:02:59,SUSPENDED
CUST006393,Jessica,Montgomery,sarah61@example.net,ES,BUSINESS,2024-12-26 07:45:20,ACTIVE
CUST006394,Robert,Fisher,bjones@example.com,DE,CHECKING,2026-07-11 03:39:54,ACTIVE
CUST006395,Jeffrey,White,robert20@example.net,NL,CHECKING,2023-10-04 20:52:36,CLOSED
CUST006396,Daniel,Cohen,alexandersmith@example.net,AU,CHECKING,2024-12-07 12:37:07,ACTIVE
CUST006397,Christopher,Glenn,gregoryrivera@example.net,SG,CHECKING,2022-01-17 17:15:41,ACTIVE
CUST006398,Brian,Blevins,chad66@example.net,ES,SAVINGS,2023-12-05 11:17:29,ACTIVE
CUST006399,Jason,Johnson,sjohnson@example.org,ES,SAVINGS,2026-05-19 13:59:26,CLOSED
CUST006400,Meredith,Young,nhenry@example.org,NL,BUSINESS,2024-03-16 16:53:03,SUSPENDED
CUST006401,Patrick,Stevenson,thomas06@example.org,CA,BUSINESS,2024-12-29 21:24:48,ACTIVE
CUST006402,Bryan,Gibson,travischavez@example.net,IT,SAVINGS,2023-01-18 14:47:24,ACTIVE
CUST006403,Charles,Martinez,williamsstephen@example.net,IN,SAVINGS,2021-11-12 11:03:42,ACTIVE
CUST006404,William,Scott,barberdiana@example.com,CA,CHECKING,2022-03-02 20:16:14,ACTIVE
CUST006405,Jessica,Saunders,steven65@example.net,NL,CHECKING,2024-10-19 03:38:20,ACTIVE
CUST006406,Shawn,Diaz,tannerlinda@example.org,FR,CHECKING,2025-01-14 10:58:43,SUSPENDED
CUST006407,Courtney,Harrell,cynthia47@example.net,BE,BUSINESS,2022-05-10 16:56:48,ACTIVE
CUST006408,Martha,Smith,juliadavid@example.net,AU,SAVINGS,2024-01-19 17:08:43,ACTIVE
CUST006409,Amber,Castaneda,francis08@example.org,JP,BUSINESS,2024-02-09 09:35:36,SUSPENDED
CUST006410,Leslie,Lewis,natalie04@example.net,FR,BUSINESS,2026-04-13 09:19:03,ACTIVE
CUST006411,Grant,Cobb,smitheric@example.com,BE,BUSINESS,2024-08-15 08:54:32,ACTIVE
CUST006412,Matthew,Griffin,lisaparsons@example.com,SG,BUSINESS,2024-02-14 09:01:52,CLOSED
CUST006413,Kristy,Davis,iclark@example.com,JP,CHECKING,2022-05-03 02:20:08,CLOSED
CUST006414,Dalton,Nash,loriwalters@example.org,NL,BUSINESS,2023-04-15 10:03:12,ACTIVE
CUST006415,Megan,Bailey,christophersolis@example.org,US,SAVINGS,2024-12-13 20:14:48,SUSPENDED
CUST006416,Sue,Jennings,stephensrebecca@example.net,BE,SAVINGS,2023-11-05 18:39:28,ACTIVE
CUST006417,Angela,Mcpherson,nicholsheather@example.net,AE,SAVINGS,2025-04-20 01:35:40,ACTIVE
CUST006418,Nicole,Miller,kelseyshaw@example.com,CA,BUSINESS,2024-03-28 16:01:11,ACTIVE
CUST006419,Jacqueline,Hall,rjarvis@example.com,IT,BUSINESS,2025-10-06 07:08:48,ACTIVE
CUST006420,David,Garcia,zrodriguez@example.net,FR,BUSINESS,2022-07-19 21:02:53,ACTIVE
CUST006421,Aaron,Schmidt,oconnellmelissa@example.com,GB,SAVINGS,2025-03-08 14:17:06,SUSPENDED
CUST006422,Rachel,Mccann,david52@example.com,BE,SAVINGS,2025-10-07 04:29:11,SUSPENDED
CUST006423,James,Valdez,jonesshannon@example.org,IN,SAVINGS,2025-01-03 11:50:48,SUSPENDED
CUST006424,Amanda,Fox,vhill@example.com,ES,CHECKING,2022-07-04 19:10:30,SUSPENDED
CUST006425,Kelly,Mercado,nancy46@example.net,GB,CHECKING,2026-06-29 03:14:15,ACTIVE
CUST006426,Matthew,Fields,tiffany52@example.com,AE,SAVINGS,2025-07-22 16:04:08,SUSPENDED
CUST006427,Sean,James,zlove@example.org,IN,BUSINESS,2026-07-09 07:02:29,ACTIVE
CUST006428,Nathaniel,Hughes,ujohnson@example.org,GB,SAVINGS,2023-10-08 13:33:02,ACTIVE
CUST006429,Diane,Singh,garciaerica@example.org,GB,BUSINESS,2024-08-26 00:13:31,ACTIVE
CUST006430,Jennifer,Burch,zflynn@example.org,ES,BUSINESS,2024-08-20 10:40:45,ACTIVE
CUST006431,Dawn,Saunders,ochandler@example.net,IT,CHECKING,2023-07-17 18:04:33,ACTIVE
CUST006432,Donald,Brown,tony72@example.com,GB,SAVINGS,2025-03-17 21:38:59,ACTIVE
CUST006433,Charles,Davis,gloria33@example.net,NL,SAVINGS,2024-02-16 05:33:09,ACTIVE
CUST006434,Christopher,Martinez,hamiltonamy@example.net,FR,SAVINGS,2022-05-23 01:07:14,SUSPENDED
CUST006435,Manuel,Dominguez,qsanders@example.org,ES,SAVINGS,2021-11-16 11:03:51,CLOSED
CUST006436,Tara,Johnston,bellchristopher@example.net,NL,CHECKING,2023-06-25 21:32:06,ACTIVE
CUST006437,Jose,Gonzalez,rickmorris@example.net,US,BUSINESS,2022-03-03 17:24:22,SUSPENDED
CUST006438,Heather,Cantu,oramos@example.org,GB,SAVINGS,2024-01-25 23:45:52,ACTIVE
CUST006439,Tony,Phillips,clinton67@example.com,US,BUSINESS,2022-11-16 15:00:01,ACTIVE
CUST006440,Clinton,Herrera,john96@example.com,BE,CHECKING,2025-11-25 05:16:42,ACTIVE
CUST006441,Kevin,Morrison,donaldrice@example.net,BE,BUSINESS,2024-03-20 05:43:00,SUSPENDED
CUST006442,Alexandra,Johnson,brandyrogers@example.com,AU,SAVINGS,2023-01-31 21:13:24,ACTIVE
CUST006443,Ann,Lawrence,michael82@example.com,IT,BUSINESS,2022-11-02 23:39:49,SUSPENDED
CUST006444,Samuel,Bullock,curtismiddleton@example.com,AE,CHECKING,2026-01-30 19:29:40,SUSPENDED
CUST006445,Cole,Santiago,zlong@example.org,US,CHECKING,2023-11-29 18:07:25,ACTIVE
CUST006446,Adrian,Salinas,vvillegas@example.com,JP,CHECKING,2023-11-15 02:21:44,ACTIVE
CUST006447,Samantha,Mcdonald,jennifer24@example.com,JP,SAVINGS,2025-01-22 16:31:16,CLOSED
CUST006448,Zachary,Rivera,gutierrezgregory@example.com,GB,BUSINESS,2024-10-20 05:09:24,ACTIVE
CUST006449,Charles,Garcia,gwendolyn28@example.com,AU,CHECKING,2024-06-08 14:38:58,CLOSED
CUST006450,Jorge,Gibson,adrian05@example.com,NL,SAVINGS,2023-11-10 16:34:31,ACTIVE
CUST006451,Felicia,Fletcher,washingtonrobert@example.net,AE,BUSINESS,2025-07-23 11:38:56,ACTIVE
CUST006452,Zachary,Wilson,davidbryant@example.org,BE,BUSINESS,2025-11-11 15:05:52,SUSPENDED
CUST006453,Amanda,Young,catherine82@example.net,DE,CHECKING,2022-09-25 17:55:12,SUSPENDED
CUST006454,Samantha,Cox,margaret88@example.org,BE,SAVINGS,2024-12-09 12:44:28,ACTIVE
CUST006455,Monique,Alvarado,lindsay41@example.com,IT,SAVINGS,2025-04-03 12:51:12,ACTIVE
CUST006456,Isabel,Gomez,qrodriguez@example.org,PK,SAVINGS,2022-07-12 02:31:45,SUSPENDED
CUST006457,Deanna,Lane,johnsoncory@example.net,AE,SAVINGS,2025-08-01 07:58:39,CLOSED
CUST006458,Michelle,Carroll,sotomaria@example.net,BE,BUSINESS,2023-08-26 12:20:36,ACTIVE
CUST006459,Shelia,Edwards,juan01@example.org,SG,CHECKING,2025-07-20 13:20:26,ACTIVE
CUST006460,Thomas,Taylor,spetty@example.org,BE,BUSINESS,2024-05-20 22:13:01,CLOSED
CUST006461,Paul,Shaw,james90@example.net,PK,CHECKING,2022-06-20 01:51:04,CLOSED
CUST006462,Erin,Campbell,qhudson@example.org,AU,CHECKING,2026-02-15 04:39:43,ACTIVE
CUST006463,Aaron,Lee,garrettreid@example.com,US,BUSINESS,2023-11-15 16:30:23,SUSPENDED
CUST006464,Maria,Jacobs,vnguyen@example.com,PK,CHECKING,2021-12-05 19:11:25,ACTIVE
CUST006465,Eric,Cunningham,ufisher@example.org,CA,CHECKING,2025-03-09 19:58:01,SUSPENDED
CUST006466,Danielle,Peters,aliciamcfarland@example.org,AE,CHECKING,2026-04-30 16:24:19,CLOSED
CUST006467,Natalie,Flores,vickiwilliams@example.org,BE,CHECKING,2026-05-14 00:04:56,CLOSED
CUST006468,Alan,Riley,caldwelldavid@example.net,US,SAVINGS,2026-05-05 13:50:12,CLOSED
CUST006469,William,Smith,aaroncook@example.org,PK,BUSINESS,2025-07-12 09:54:25,ACTIVE
CUST006470,Amanda,Payne,vgrimes@example.com,DE,SAVINGS,2023-01-05 08:34:00,SUSPENDED
CUST006471,Kristi,Rios,brentcampos@example.org,AE,CHECKING,2021-09-25 18:57:07,ACTIVE
CUST006472,Shawn,Brown,lamroger@example.net,SG,CHECKING,2023-02-04 19:30:23,ACTIVE
CUST006473,Sheila,Harris,pgray@example.com,IN,CHECKING,2023-01-27 08:39:39,SUSPENDED
CUST006474,Daniel,Adams,melissa19@example.net,IT,CHECKING,2022-02-26 08:35:09,ACTIVE
CUST006475,Sean,Roberson,shawnanderson@example.net,BE,SAVINGS,2023-01-25 06:34:34,CLOSED
CUST006476,Marie,Neal,melinda28@example.com,US,BUSINESS,2023-06-29 14:36:25,ACTIVE
CUST006477,Martin,Mack,kirkjackson@example.com,AE,SAVINGS,2023-05-09 13:43:49,ACTIVE
CUST006478,Anita,Wise,rnewman@example.net,US,SAVINGS,2024-05-27 11:54:01,CLOSED
CUST006479,Michael,Davis,kelseyfrancis@example.org,PK,BUSINESS,2024-09-15 06:17:17,ACTIVE
CUST006480,Michael,Warren,stanley28@example.net,IN,BUSINESS,2023-07-13 07:06:13,ACTIVE
CUST006481,Jose,Pena,claychristopher@example.net,PK,BUSINESS,2021-11-16 13:28:23,CLOSED
CUST006482,Michael,Choi,bdiaz@example.net,DE,SAVINGS,2022-12-03 05:14:23,ACTIVE
CUST006483,Brenda,Miller,hoopernancy@example.net,SG,CHECKING,2024-03-07 06:06:42,CLOSED
CUST006484,Caleb,Mcdonald,courtney20@example.org,AE,BUSINESS,2025-08-06 16:38:19,ACTIVE
CUST006485,Caitlin,Hendricks,hillmelissa@example.net,IT,SAVINGS,2022-05-03 17:54:22,SUSPENDED
CUST006486,Lisa,Hart,kennedyevan@example.com,SG,CHECKING,2024-07-08 01:45:22,ACTIVE
CUST006487,Krista,Turner,qnelson@example.org,NL,CHECKING,2022-01-09 12:27:13,ACTIVE
CUST006488,Barbara,Thompson,angelachan@example.com,NL,CHECKING,2024-08-06 07:14:18,ACTIVE
CUST006489,Jessica,Pittman,bdouglas@example.org,JP,BUSINESS,2026-05-23 09:34:10,SUSPENDED
CUST006490,Dana,Johnson,fpham@example.net,DE,SAVINGS,2025-11-18 21:17:25,SUSPENDED
CUST006491,Justin,Clark,sean29@example.org,AE,CHECKING,2024-06-16 06:57:37,SUSPENDED
CUST006492,Maurice,Fuentes,morgan68@example.org,JP,SAVINGS,2026-04-21 16:28:07,CLOSED
CUST006493,Joseph,Meyers,smithmatthew@example.net,ES,BUSINESS,2026-06-06 22:24:46,SUSPENDED
CUST006494,Daniel,Deleon,rvincent@example.net,AE,SAVINGS,2023-03-30 04:20:57,ACTIVE
CUST006495,Kelly,Brewer,kristen00@example.org,PK,SAVINGS,2024-08-01 04:52:45,SUSPENDED
CUST006496,Darren,Schwartz,ckemp@example.org,NL,CHECKING,2024-04-09 05:11:07,CLOSED
CUST006497,Heather,Norman,howellmichael@example.com,US,SAVINGS,2025-10-09 00:59:11,ACTIVE
CUST006498,Priscilla,Monroe,dwashington@example.com,AU,CHECKING,2023-09-18 20:56:23,ACTIVE
CUST006499,Stephanie,Krueger,mathewanderson@example.net,FR,CHECKING,2021-11-25 11:32:30,ACTIVE
CUST006500,Shirley,Davis,johnsonhannah@example.com,IN,SAVINGS,2023-10-10 17:07:21,CLOSED
CUST006501,Joseph,Stevens,wagnerlori@example.org,US,SAVINGS,2022-01-14 00:28:14,ACTIVE
CUST006502,Erica,Moore,stewartmiranda@example.com,BE,BUSINESS,2024-07-29 23:58:50,SUSPENDED
CUST006503,Stephen,Lewis,xhaney@example.net,CA,CHECKING,2023-03-30 04:29:19,SUSPENDED
CUST006504,Sarah,Sweeney,ccooper@example.com,JP,SAVINGS,2024-09-08 08:15:29,SUSPENDED
CUST006505,Michael,Rivera,ygrant@example.net,ES,SAVINGS,2024-09-17 05:30:10,CLOSED
CUST006506,Angel,Huber,gadams@example.com,IN,CHECKING,2026-02-12 00:47:04,ACTIVE
CUST006507,Gary,Morales,crodriguez@example.org,BE,BUSINESS,2022-02-08 11:12:44,CLOSED
CUST006508,Gregory,Gomez,vdavidson@example.org,FR,BUSINESS,2023-09-05 23:41:49,ACTIVE
CUST006509,Justin,Howell,derek48@example.com,SG,BUSINESS,2024-02-05 17:15:47,ACTIVE
CUST006510,Spencer,Mitchell,norrislarry@example.org,US,CHECKING,2024-06-12 10:51:43,ACTIVE
CUST006511,Elizabeth,Cruz,timothysimmons@example.com,ES,CHECKING,2022-07-20 12:03:34,ACTIVE
CUST006512,Melissa,Mills,mwong@example.net,CA,CHECKING,2025-05-26 05:13:44,ACTIVE
CUST006513,Melissa,Cox,mark42@example.org,DE,SAVINGS,2026-07-16 12:24:49,ACTIVE
CUST006514,Alice,Garcia,johngalvan@example.org,BE,CHECKING,2024-02-08 18:34:12,SUSPENDED
CUST006515,Charles,Contreras,dboone@example.net,BE,CHECKING,2022-05-23 03:30:57,SUSPENDED
CUST006516,Christopher,Smith,reevesnicholas@example.net,GB,BUSINESS,2025-07-27 01:47:16,ACTIVE
CUST006517,Kelly,Meyers,qwilliams@example.net,CA,SAVINGS,2021-09-02 07:34:35,SUSPENDED
CUST006518,Michelle,Meyer,samuelcooley@example.org,SG,CHECKING,2025-03-08 18:34:41,CLOSED
CUST006519,Ashley,Nelson,yolanda34@example.com,IN,CHECKING,2024-12-20 12:15:27,ACTIVE
CUST006520,Heidi,Black,jenniferbutler@example.com,US,CHECKING,2022-06-03 04:57:31,ACTIVE
CUST006521,Jackie,Fox,ytrujillo@example.com,AE,SAVINGS,2024-05-04 11:00:45,ACTIVE
CUST006522,Alexandra,Brown,jaime96@example.net,IT,CHECKING,2024-05-09 16:04:22,CLOSED
CUST006523,Francisco,Jones,vhood@example.org,FR,CHECKING,2021-11-19 12:34:24,ACTIVE
CUST006524,Michele,Lee,andersonrobert@example.com,US,CHECKING,2024-05-11 04:27:39,ACTIVE
CUST006525,Heidi,Henry,taylorcourtney@example.net,IT,CHECKING,2024-03-20 17:29:47,ACTIVE
CUST006526,Sara,Howell,uhenderson@example.com,IN,CHECKING,2026-06-16 17:32:53,CLOSED
CUST006527,Monica,Davis,robertdavis@example.org,BE,SAVINGS,2025-11-13 11:32:07,SUSPENDED
CUST006528,April,Hayes,danielmeyer@example.net,AE,BUSINESS,2023-09-15 14:53:47,SUSPENDED
CUST006529,Michael,Sellers,jacksonjoel@example.net,FR,BUSINESS,2023-11-16 10:09:04,ACTIVE
CUST006530,Mark,Love,gregorywood@example.net,US,CHECKING,2022-02-14 19:36:11,SUSPENDED
CUST006531,Tami,White,luis71@example.org,CA,CHECKING,2024-11-28 01:27:08,ACTIVE
CUST006532,Victoria,Shepherd,nnelson@example.com,IT,BUSINESS,2022-07-10 11:56:38,ACTIVE
CUST006533,Renee,Campbell,williejenkins@example.org,IT,CHECKING,2025-11-12 21:56:19,CLOSED
CUST006534,Jaclyn,Moore,marshallcynthia@example.org,US,CHECKING,2022-10-02 11:14:16,ACTIVE
CUST006535,Alicia,Jones,osmith@example.com,SG,CHECKING,2024-12-12 12:57:31,CLOSED
CUST006536,Jesse,Phillips,jaredfrazier@example.org,PK,SAVINGS,2023-03-12 05:44:38,CLOSED
CUST006537,Debra,Levy,nwaller@example.org,PK,CHECKING,2024-10-07 13:56:41,SUSPENDED
CUST006538,Raymond,Jones,llittle@example.net,IT,CHECKING,2025-11-11 08:58:45,CLOSED
CUST006539,Benjamin,Jackson,codygriffith@example.org,FR,BUSINESS,2023-12-09 04:09:22,CLOSED
CUST006540,Erica,Frye,staceydickerson@example.org,NL,SAVINGS,2025-09-08 18:28:11,CLOSED
CUST006541,David,Gonzalez,xleblanc@example.org,BE,BUSINESS,2023-11-21 07:42:43,SUSPENDED
CUST006542,Jessica,Bauer,amanda26@example.org,ES,CHECKING,2022-11-08 18:02:54,CLOSED
CUST006543,Lynn,Frey,justin72@example.org,NL,SAVINGS,2023-10-31 07:02:50,ACTIVE
CUST006544,Austin,Flores,leah30@example.com,BE,SAVINGS,2022-04-21 06:17:17,SUSPENDED
CUST006545,Susan,Holder,smithmichael@example.net,DE,BUSINESS,2022-10-19 12:50:53,ACTIVE
CUST006546,Thomas,Singleton,jameswilliams@example.com,US,CHECKING,2021-12-14 13:46:45,SUSPENDED
CUST006547,Karen,Barnes,jefferydiaz@example.com,AU,BUSINESS,2025-01-24 23:00:26,CLOSED
CUST006548,John,Wood,foxeric@example.com,AE,SAVINGS,2023-06-08 14:12:57,ACTIVE
CUST006549,Cheyenne,Strickland,alyssa69@example.net,ES,CHECKING,2022-01-04 00:35:40,ACTIVE
CUST006550,Bradley,Reed,tracy33@example.net,GB,CHECKING,2021-09-04 17:10:23,ACTIVE
CUST006551,Steven,Beltran,richardprice@example.net,IT,BUSINESS,2024-02-09 04:13:25,ACTIVE
CUST006552,Alejandro,King,anthony75@example.org,IN,BUSINESS,2024-06-25 12:32:14,ACTIVE
CUST006553,Robert,Roberson,kimberly89@example.net,PK,BUSINESS,2021-12-24 08:46:08,ACTIVE
CUST006554,Debbie,Morris,fdillon@example.net,BE,SAVINGS,2022-10-12 21:38:49,ACTIVE
CUST006555,Frank,Jackson,bobbyallen@example.org,JP,BUSINESS,2025-01-17 00:57:40,ACTIVE
CUST006556,John,Brown,dillonmargaret@example.net,AU,SAVINGS,2025-08-22 15:12:36,ACTIVE
CUST006557,Mary,Garcia,patrickallen@example.net,CA,CHECKING,2022-04-26 11:11:05,ACTIVE
CUST006558,Kathleen,Robles,brucetina@example.org,FR,CHECKING,2022-01-25 23:40:51,ACTIVE
CUST006559,Theresa,Moore,jrodriguez@example.org,IN,SAVINGS,2022-12-28 11:21:38,ACTIVE
CUST006560,Angela,Shelton,adamsjennifer@example.org,US,BUSINESS,2024-02-04 21:38:47,SUSPENDED
CUST006561,Sarah,Evans,josewheeler@example.org,SG,SAVINGS,2024-02-03 21:42:34,SUSPENDED
CUST006562,John,Hernandez,kimbrown@example.org,GB,BUSINESS,2022-06-21 07:31:39,ACTIVE
CUST006563,James,West,amypowers@example.com,PK,SAVINGS,2023-08-28 01:24:55,SUSPENDED
CUST006564,Mason,Davidson,tbradley@example.org,CA,BUSINESS,2024-07-03 07:11:11,ACTIVE
CUST006565,Jerry,Martin,teresa17@example.com,AE,BUSINESS,2023-03-19 11:53:35,ACTIVE
CUST006566,Brianna,Shannon,ricky76@example.com,DE,BUSINESS,2022-02-15 11:16:03,ACTIVE
CUST006567,Rachel,Medina,xellis@example.org,PK,CHECKING,2024-11-05 13:10:06,ACTIVE
CUST006568,Cesar,Hill,aaronmarshall@example.net,AU,CHECKING,2022-02-08 11:26:13,ACTIVE
CUST006569,Philip,Kemp,nicholasanderson@example.org,NL,CHECKING,2022-09-08 10:49:21,ACTIVE
CUST006570,Jennifer,Cook,kfranco@example.com,US,SAVINGS,2022-03-27 09:50:37,CLOSED
CUST006571,Tracy,Randolph,rubenmatthews@example.com,ES,CHECKING,2024-05-19 13:29:10,ACTIVE
CUST006572,Lisa,Barnett,dzimmerman@example.org,BE,CHECKING,2026-04-11 06:44:39,ACTIVE
CUST006573,Jessica,White,james82@example.org,GB,BUSINESS,2024-01-10 10:05:49,ACTIVE
CUST006574,Ryan,Wheeler,jacobmartin@example.net,DE,SAVINGS,2023-07-19 13:52:03,SUSPENDED
CUST006575,James,Le,gonzalezsheila@example.com,JP,CHECKING,2023-02-25 03:38:44,ACTIVE
CUST006576,Jennifer,Robinson,cruztodd@example.org,AE,CHECKING,2026-08-04 06:30:27,ACTIVE
CUST006577,Michelle,Carter,richgrace@example.com,NL,CHECKING,2024-03-12 08:16:05,ACTIVE
CUST006578,Charles,Collins,jacobarcher@example.com,US,CHECKING,2024-10-17 00:40:40,ACTIVE
CUST006579,Paul,Leonard,barbaraperez@example.net,PK,BUSINESS,2024-08-12 01:46:57,ACTIVE
CUST006580,Austin,Perry,heatheraustin@example.org,PK,SAVINGS,2023-04-28 08:00:24,ACTIVE
CUST006581,Dawn,Stevens,gomezjames@example.com,FR,CHECKING,2026-05-09 00:16:03,ACTIVE
CUST006582,Lori,Luna,jaredboyd@example.net,SG,CHECKING,2026-08-09 06:23:58,SUSPENDED
CUST006583,Michael,Weber,petersonkathryn@example.net,IN,BUSINESS,2023-12-06 00:20:54,CLOSED
CUST006584,Matthew,Olson,brian25@example.com,NL,SAVINGS,2022-09-30 14:26:26,ACTIVE
CUST006585,Jeffrey,Figueroa,alexisolson@example.net,SG,BUSINESS,2025-03-26 14:56:40,SUSPENDED
CUST006586,Morgan,Jones,tmorrison@example.net,DE,BUSINESS,2024-03-08 06:02:29,ACTIVE
CUST006587,Phillip,Bryant,wball@example.com,IT,CHECKING,2023-01-30 00:14:32,SUSPENDED
CUST006588,Julia,Garcia,jodyfinley@example.com,JP,SAVINGS,2024-09-26 10:48:35,ACTIVE
CUST006589,Blake,Little,qduncan@example.org,FR,SAVINGS,2025-07-18 15:46:15,SUSPENDED
CUST006590,Megan,Lin,francismason@example.org,IN,SAVINGS,2024-10-14 20:36:34,SUSPENDED
CUST006591,Leah,Reid,patricia11@example.net,ES,CHECKING,2022-03-06 09:46:24,CLOSED
CUST006592,Patricia,Sawyer,joanne24@example.org,PK,CHECKING,2022-11-12 05:47:27,ACTIVE
CUST006593,Roberto,Russell,gkemp@example.org,AE,SAVINGS,2026-06-30 04:02:38,ACTIVE
CUST006594,Maria,Herring,ashley47@example.org,SG,SAVINGS,2023-10-06 01:58:05,ACTIVE
CUST006595,James,Underwood,maureenkirby@example.com,AE,SAVINGS,2023-05-04 12:19:13,ACTIVE
CUST006596,Tiffany,Moore,uflores@example.net,JP,SAVINGS,2023-07-25 06:35:44,ACTIVE
CUST006597,Donald,Russell,phillipsjeffrey@example.org,IT,BUSINESS,2023-06-01 22:28:04,SUSPENDED
CUST006598,Timothy,Reed,james10@example.net,AE,CHECKING,2022-03-15 06:55:32,ACTIVE
CUST006599,Matthew,Bridges,pferguson@example.org,IN,BUSINESS,2024-10-02 23:18:02,SUSPENDED
CUST006600,John,Donaldson,burgessjacob@example.com,CA,BUSINESS,2023-01-15 05:43:21,SUSPENDED
CUST006601,Joan,Wise,brenda47@example.net,AE,CHECKING,2025-08-04 15:29:12,ACTIVE
CUST006602,Bryan,Gonzales,kroberts@example.net,NL,SAVINGS,2025-03-02 09:49:16,ACTIVE
CUST006603,Courtney,Booth,owensdonna@example.org,AU,SAVINGS,2025-07-25 06:28:54,SUSPENDED
CUST006604,Alexandria,Navarro,quinndaniel@example.com,IN,SAVINGS,2024-02-12 10:45:03,CLOSED
CUST006605,Alexandra,Smith,tobrien@example.org,ES,SAVINGS,2022-07-17 00:36:19,ACTIVE
CUST006606,Daniel,Hicks,jennifer00@example.com,SG,BUSINESS,2023-10-30 09:12:27,CLOSED
CUST006607,Breanna,Serrano,gonzalesholly@example.net,ES,SAVINGS,2022-04-04 06:13:10,ACTIVE
CUST006608,Jessica,Shaffer,yvettecampbell@example.net,GB,CHECKING,2023-06-02 16:57:01,CLOSED
CUST006609,Allen,Rosario,brian41@example.org,GB,SAVINGS,2022-04-10 11:12:42,SUSPENDED
CUST006610,Brian,Williams,gina31@example.org,BE,SAVINGS,2024-08-10 17:12:42,ACTIVE
CUST006611,Mitchell,Smith,diazalexa@example.com,IN,BUSINESS,2026-04-29 02:57:52,SUSPENDED
CUST006612,Leslie,Hughes,townsendsean@example.com,JP,BUSINESS,2022-08-20 03:08:12,SUSPENDED
CUST006613,Joseph,Baker,michaeljones@example.com,BE,SAVINGS,2021-10-29 18:35:48,ACTIVE
CUST006614,Ashley,Martinez,sarahwells@example.net,AU,SAVINGS,2022-12-23 09:33:04,ACTIVE
CUST006615,Calvin,Osborne,vwilson@example.org,BE,SAVINGS,2022-08-25 11:20:31,SUSPENDED
CUST006616,Christian,Fletcher,michelleruiz@example.org,US,BUSINESS,2023-10-30 00:04:44,ACTIVE
CUST006617,Jared,Wood,josejohnson@example.org,PK,CHECKING,2025-03-28 03:32:31,ACTIVE
CUST006618,Tabitha,Smith,stephanie72@example.com,CA,BUSINESS,2024-08-09 22:21:06,ACTIVE
CUST006619,Jason,Atkinson,crawfordvictor@example.org,AU,SAVINGS,2023-03-29 02:59:13,CLOSED
CUST006620,Dustin,Gonzales,jessica84@example.com,JP,BUSINESS,2023-02-25 18:22:29,ACTIVE
CUST006621,Kevin,Smith,cball@example.net,IN,BUSINESS,2025-04-17 19:34:05,ACTIVE
CUST006622,Emily,Anderson,lisarussell@example.org,IN,CHECKING,2021-10-10 20:51:27,SUSPENDED
CUST006623,Sandra,Aguilar,kimberlywhitaker@example.net,DE,SAVINGS,2022-06-27 03:33:01,ACTIVE
CUST006624,Sherry,Thornton,kendra09@example.net,CA,BUSINESS,2025-12-11 15:55:46,ACTIVE
CUST006625,Danny,Davenport,hdavid@example.net,CA,CHECKING,2022-10-21 03:05:04,CLOSED
CUST006626,Dorothy,Bruce,zacharywest@example.com,FR,SAVINGS,2022-04-21 07:24:29,CLOSED
CUST006627,Matthew,Garza,cindy54@example.net,JP,CHECKING,2023-04-13 02:48:14,ACTIVE
CUST006628,Kenneth,Rivera,hernandezronald@example.net,JP,BUSINESS,2023-02-16 04:07:56,ACTIVE
CUST006629,Timothy,Patel,zgarrett@example.com,US,CHECKING,2024-01-07 14:49:11,ACTIVE
CUST006630,Ana,Koch,cookstephanie@example.org,SG,SAVINGS,2026-06-17 11:57:42,CLOSED
CUST006631,Danielle,Taylor,rhernandez@example.org,PK,SAVINGS,2021-10-24 05:09:49,CLOSED
CUST006632,Jill,Vasquez,owilliamson@example.net,JP,SAVINGS,2024-12-04 21:47:55,ACTIVE
CUST006633,Stanley,Romero,snyderwilliam@example.org,AU,SAVINGS,2023-10-15 16:17:26,SUSPENDED
CUST006634,Susan,Gordon,cynthiamiller@example.net,SG,CHECKING,2023-07-06 19:44:12,ACTIVE
CUST006635,James,Gill,shawn20@example.net,JP,BUSINESS,2023-03-08 14:42:56,SUSPENDED
CUST006636,Emily,Moody,tmiller@example.com,ES,BUSINESS,2023-01-16 22:10:20,ACTIVE
CUST006637,Allen,Griffin,brittanycoffey@example.net,SG,CHECKING,2022-08-24 09:29:18,CLOSED
CUST006638,Erin,James,rbrown@example.net,AE,CHECKING,2025-03-17 15:00:41,SUSPENDED
CUST006639,Stephanie,Henderson,maddenmelissa@example.org,ES,CHECKING,2026-05-14 18:57:55,ACTIVE
CUST006640,Joseph,Nunez,newtonhenry@example.net,IT,SAVINGS,2025-09-17 02:59:38,ACTIVE
CUST006641,Peter,Webb,hsmith@example.com,IN,CHECKING,2023-08-05 11:26:02,CLOSED
CUST006642,Pamela,Clark,bradley66@example.net,JP,CHECKING,2025-11-04 20:53:52,ACTIVE
CUST006643,Ronnie,Conner,michael80@example.net,FR,CHECKING,2021-12-18 04:04:07,ACTIVE
CUST006644,Matthew,Dorsey,kelleybradley@example.net,NL,CHECKING,2023-03-28 21:29:00,ACTIVE
CUST006645,Michael,Holt,belltheresa@example.com,ES,BUSINESS,2025-04-25 18:56:03,ACTIVE
CUST006646,Sarah,Collins,richardskaitlyn@example.org,DE,SAVINGS,2022-09-23 10:28:51,SUSPENDED
CUST006647,Jose,Butler,awilliams@example.net,DE,SAVINGS,2023-03-07 21:23:56,ACTIVE
CUST006648,Caitlyn,Walton,alexanderchristopher@example.org,JP,SAVINGS,2025-12-10 16:24:01,ACTIVE
CUST006649,Daniel,Villanueva,cheryl83@example.com,SG,BUSINESS,2025-11-05 03:33:09,ACTIVE
CUST006650,Alejandra,Bishop,dennisdougherty@example.com,BE,SAVINGS,2025-05-31 02:32:50,ACTIVE
CUST006651,Joshua,Bass,dicksonkatie@example.com,IT,SAVINGS,2025-05-20 00:59:35,SUSPENDED
CUST006652,Marvin,Johnson,ramirezmargaret@example.com,AU,BUSINESS,2023-05-05 23:26:35,SUSPENDED
CUST006653,Joan,Garcia,qgomez@example.org,JP,BUSINESS,2023-02-27 12:24:42,CLOSED
CUST006654,Christine,Williams,madelinelong@example.org,FR,BUSINESS,2026-08-11 12:33:39,SUSPENDED
CUST006655,Brian,Coleman,angela75@example.com,FR,SAVINGS,2025-08-30 20:45:52,ACTIVE
CUST006656,Stephanie,Castaneda,sherri53@example.com,BE,CHECKING,2025-11-06 15:50:00,ACTIVE
CUST006657,Justin,George,tylerholmes@example.org,SG,SAVINGS,2022-02-17 16:41:47,SUSPENDED
CUST006658,Stephen,Williams,clarkamber@example.org,AE,BUSINESS,2022-08-19 20:42:45,ACTIVE
CUST006659,Aaron,Walters,shawmelanie@example.com,GB,BUSINESS,2022-06-22 07:57:02,CLOSED
CUST006660,Lisa,Sullivan,raymichael@example.net,AU,SAVINGS,2026-01-27 20:19:01,SUSPENDED
CUST006661,Amanda,Robles,tannerraymond@example.net,FR,SAVINGS,2021-10-21 20:57:26,ACTIVE
CUST006662,Victor,Foster,joseph90@example.com,US,CHECKING,2023-07-20 12:03:37,SUSPENDED
CUST006663,Kristen,Roberts,brobbins@example.net,NL,BUSINESS,2022-11-07 12:06:57,ACTIVE
CUST006664,David,Jackson,cnorris@example.org,DE,CHECKING,2025-04-27 04:16:50,ACTIVE
CUST006665,Daniel,Peterson,jacksonpatrick@example.net,US,SAVINGS,2023-03-07 23:00:19,ACTIVE
CUST006666,Alexandra,Turner,vkelly@example.net,IT,BUSINESS,2022-11-10 00:06:22,SUSPENDED
CUST006667,Rebecca,Zimmerman,patrick86@example.com,FR,SAVINGS,2026-07-20 10:43:28,ACTIVE
CUST006668,Rachael,Horn,wkrause@example.org,CA,BUSINESS,2022-03-10 10:01:50,SUSPENDED
CUST006669,Amanda,Thompson,angela61@example.net,IT,BUSINESS,2024-03-26 02:54:09,SUSPENDED
CUST006670,Kevin,Walker,elizabethtate@example.org,DE,CHECKING,2024-11-11 01:47:43,ACTIVE
CUST006671,Kellie,Brewer,huntsamuel@example.org,AU,BUSINESS,2025-08-18 00:17:17,ACTIVE
CUST006672,Carrie,Ramos,danielespinoza@example.net,PK,BUSINESS,2023-10-26 12:01:28,SUSPENDED
CUST006673,Hector,Armstrong,mooresarah@example.org,DE,BUSINESS,2025-10-17 03:40:26,ACTIVE
CUST006674,Amanda,Hogan,melaniephillips@example.net,US,SAVINGS,2022-04-26 02:48:26,CLOSED
CUST006675,Logan,Clarke,danielolsen@example.com,GB,BUSINESS,2025-01-29 07:09:46,ACTIVE
CUST006676,Jill,Hoover,bwilliams@example.com,NL,BUSINESS,2025-04-13 17:26:28,ACTIVE
CUST006677,Morgan,Wagner,kshaw@example.net,SG,BUSINESS,2024-04-15 22:52:15,SUSPENDED
CUST006678,David,Wood,iward@example.net,ES,SAVINGS,2023-07-05 10:14:52,ACTIVE
CUST006679,Angela,Rivera,burtonkevin@example.com,IN,CHECKING,2024-07-06 17:02:39,ACTIVE
CUST006680,Andrew,Hall,mlee@example.net,NL,BUSINESS,2023-10-22 21:03:54,ACTIVE
CUST006681,Nicholas,Fry,bmorrison@example.net,GB,CHECKING,2022-09-01 16:27:44,ACTIVE
CUST006682,Yolanda,Phillips,idavies@example.net,IN,CHECKING,2025-02-01 23:30:39,ACTIVE
CUST006683,Laura,Mcneil,gracemckinney@example.org,US,SAVINGS,2022-04-20 20:32:58,ACTIVE
CUST006684,Melvin,Walls,mendozasteven@example.net,FR,SAVINGS,2022-07-15 20:14:16,ACTIVE
CUST006685,Christine,Flynn,bblack@example.org,AE,SAVINGS,2024-09-13 13:47:21,ACTIVE
CUST006686,Bryan,Page,rhondaallen@example.com,NL,CHECKING,2024-05-11 17:24:17,ACTIVE
CUST006687,Chad,Obrien,carriebrewer@example.com,BE,BUSINESS,2024-08-07 18:06:49,CLOSED
CUST006688,Joshua,Miller,jamescrawford@example.net,IN,SAVINGS,2022-07-27 04:05:47,ACTIVE
CUST006689,Kevin,Henry,duane50@example.com,SG,SAVINGS,2024-04-09 23:34:21,ACTIVE
CUST006690,Jeffrey,Richard,hooverbrooke@example.net,DE,CHECKING,2022-02-26 13:07:52,ACTIVE
CUST006691,Debra,Lang,cromero@example.com,ES,BUSINESS,2024-06-24 21:15:20,CLOSED
CUST006692,Matthew,Johnson,james57@example.net,AU,CHECKING,2024-11-29 20:37:24,SUSPENDED
CUST006693,Jennifer,Pearson,ngarrison@example.org,US,SAVINGS,2024-12-16 05:01:08,SUSPENDED
CUST006694,Carlos,White,thomas15@example.org,FR,BUSINESS,2025-05-06 13:29:17,CLOSED
CUST006695,Jessica,Hernandez,samuel14@example.net,PK,BUSINESS,2022-12-23 23:10:53,ACTIVE
CUST006696,Susan,Baker,robertgardner@example.org,JP,BUSINESS,2025-06-03 17:35:14,ACTIVE
CUST006697,Allison,Dominguez,julie73@example.org,GB,SAVINGS,2024-12-09 06:54:29,ACTIVE
CUST006698,Carlos,Harrell,fjohnson@example.net,NL,SAVINGS,2023-10-26 11:11:43,CLOSED
CUST006699,Katie,Larson,anthony00@example.net,SG,SAVINGS,2022-12-20 07:11:00,ACTIVE
CUST006700,Mark,Rhodes,rebeccarhodes@example.net,DE,CHECKING,2025-04-11 22:52:05,ACTIVE
CUST006701,Maria,Griffin,conniebrandt@example.com,PK,BUSINESS,2025-09-17 06:07:39,ACTIVE
CUST006702,Timothy,Murphy,andersonkenneth@example.com,US,SAVINGS,2022-09-06 16:05:05,CLOSED
CUST006703,Justin,Wilson,shannonhopkins@example.org,PK,CHECKING,2022-09-26 06:26:22,ACTIVE
CUST006704,Amanda,Casey,zcardenas@example.net,DE,CHECKING,2025-04-27 05:16:59,ACTIVE
CUST006705,Tamara,White,robinbennett@example.com,DE,BUSINESS,2024-12-14 11:25:21,ACTIVE
CUST006706,Guy,Wood,matthew40@example.org,JP,CHECKING,2024-03-29 22:04:09,SUSPENDED
CUST006707,Breanna,Schmitt,cassidyward@example.com,JP,BUSINESS,2024-06-13 08:48:55,ACTIVE
CUST006708,Joel,Douglas,howardwilliams@example.net,CA,SAVINGS,2023-11-17 11:40:32,SUSPENDED
CUST006709,Samuel,Rivera,troy65@example.net,DE,BUSINESS,2023-05-11 14:30:11,ACTIVE
CUST006710,Cheryl,Good,jonesanna@example.net,AU,SAVINGS,2025-08-20 01:23:31,ACTIVE
CUST006711,Paul,Vazquez,marybrown@example.org,CA,CHECKING,2025-12-31 11:10:56,ACTIVE
CUST006712,Amber,Conway,michellestone@example.org,IT,CHECKING,2024-08-26 18:37:48,ACTIVE
CUST006713,Kayla,Holmes,denise43@example.org,ES,BUSINESS,2022-10-07 21:10:04,SUSPENDED
CUST006714,Mackenzie,Harvey,proach@example.net,FR,SAVINGS,2024-05-09 05:05:47,ACTIVE
CUST006715,Lance,Salas,lindabrown@example.net,CA,CHECKING,2023-11-09 19:27:30,ACTIVE
CUST006716,Lori,Nichols,turnerroger@example.net,CA,BUSINESS,2024-12-04 08:31:02,ACTIVE
CUST006717,Jacqueline,Wu,ryanshannon@example.org,AU,BUSINESS,2023-10-26 13:04:53,ACTIVE
CUST006718,Sharon,Thompson,kyletrujillo@example.org,NL,CHECKING,2022-08-06 16:19:42,ACTIVE
CUST006719,Michael,Pierce,timothyhahn@example.org,PK,CHECKING,2024-07-21 02:12:01,SUSPENDED
CUST006720,Pamela,Martinez,vmoore@example.com,AE,CHECKING,2023-06-13 23:22:00,ACTIVE
CUST006721,Nicholas,Wells,youngallison@example.com,JP,SAVINGS,2023-05-01 01:04:03,SUSPENDED
CUST006722,Bryan,Smith,rebeccacarroll@example.org,US,CHECKING,2025-01-12 09:30:29,ACTIVE
CUST006723,Ronald,Camacho,colemanlance@example.net,ES,SAVINGS,2025-01-10 06:13:04,CLOSED
CUST006724,Christina,Gardner,zmendoza@example.org,JP,BUSINESS,2022-04-18 13:59:06,CLOSED
CUST006725,Wayne,White,ohudson@example.net,IN,CHECKING,2023-03-11 21:32:47,ACTIVE
CUST006726,David,Snyder,rgonzales@example.com,JP,CHECKING,2022-07-09 22:13:16,CLOSED
CUST006727,Philip,Ramos,april95@example.com,ES,CHECKING,2022-11-06 08:44:29,SUSPENDED
CUST006728,Matthew,Herrera,jamesstewart@example.org,CA,CHECKING,2025-12-04 11:25:12,CLOSED
CUST006729,Brian,Bright,kellyjones@example.com,ES,CHECKING,2023-09-07 13:35:10,SUSPENDED
CUST006730,John,Adams,timothy11@example.com,IN,BUSINESS,2024-04-29 04:10:02,ACTIVE
CUST006731,April,Lopez,stacygrant@example.net,IT,SAVINGS,2024-06-25 19:58:45,SUSPENDED
CUST006732,Christopher,Davis,hayesanthony@example.com,FR,SAVINGS,2025-08-31 09:35:28,ACTIVE
CUST006733,Denise,Hester,margaretwilson@example.org,IN,SAVINGS,2024-12-22 20:58:17,SUSPENDED
CUST006734,Rachel,Evans,angelalee@example.com,FR,CHECKING,2023-01-08 18:33:43,ACTIVE
CUST006735,Michael,Huerta,susansanchez@example.net,GB,SAVINGS,2023-02-19 15:50:13,CLOSED
CUST006736,Lisa,Davis,martinstacy@example.net,IN,CHECKING,2025-01-30 02:14:35,ACTIVE
CUST006737,Shannon,Hammond,carterbrianna@example.net,US,BUSINESS,2024-09-11 06:00:34,CLOSED
CUST006738,Melinda,Hines,oruiz@example.org,PK,SAVINGS,2025-09-25 01:16:54,ACTIVE
CUST006739,Aaron,Patterson,mikegonzalez@example.org,IT,BUSINESS,2022-03-21 13:11:21,CLOSED
CUST006740,Rachel,Solis,markwood@example.org,NL,SAVINGS,2025-01-06 22:57:42,ACTIVE
CUST006741,Nancy,Jensen,samuelhamilton@example.com,GB,BUSINESS,2024-03-15 11:15:02,ACTIVE
CUST006742,Tonya,Collins,rachael81@example.org,GB,CHECKING,2025-01-31 01:10:29,CLOSED
CUST006743,Sarah,Lee,kristenvillarreal@example.org,DE,BUSINESS,2026-06-14 10:12:23,ACTIVE
CUST006744,Donald,Johnson,hillmikayla@example.net,AE,BUSINESS,2024-02-26 12:48:12,ACTIVE
CUST006745,Dylan,Bishop,katelyndavis@example.org,BE,SAVINGS,2023-12-01 00:13:27,SUSPENDED
CUST006746,Sean,Krueger,brendan97@example.net,NL,SAVINGS,2023-02-03 00:55:09,ACTIVE
CUST006747,Brian,Riley,waynetaylor@example.org,NL,BUSINESS,2022-06-14 18:11:38,CLOSED
CUST006748,Devon,Smith,jennifergilbert@example.org,BE,SAVINGS,2026-08-24 20:10:11,SUSPENDED
CUST006749,Katherine,Stanton,garciapamela@example.net,CA,SAVINGS,2024-10-10 09:54:35,SUSPENDED
CUST006750,Christy,Bentley,fjoyce@example.com,AE,BUSINESS,2026-05-27 15:14:25,CLOSED
CUST006751,Vanessa,Brown,phunt@example.org,SG,BUSINESS,2024-04-15 17:15:44,CLOSED
CUST006752,Jessica,Bond,linmark@example.net,AU,BUSINESS,2023-12-12 14:40:38,CLOSED
CUST006753,Molly,Meyer,larakayla@example.org,ES,SAVINGS,2023-12-25 09:39:11,ACTIVE
CUST006754,Jason,Allen,sextontristan@example.org,DE,BUSINESS,2023-03-25 14:54:28,SUSPENDED
CUST006755,Curtis,Khan,kentmaurice@example.net,BE,BUSINESS,2024-06-23 02:48:34,CLOSED
CUST006756,Christine,Stevenson,beckyblake@example.com,AU,BUSINESS,2022-07-26 06:39:53,ACTIVE
CUST006757,Caitlyn,Kirby,guzmancarl@example.com,NL,BUSINESS,2024-02-21 03:23:23,ACTIVE
CUST006758,Cameron,Schneider,stephanie92@example.org,PK,SAVINGS,2024-10-13 17:23:45,ACTIVE
CUST006759,Tiffany,Turner,kristijohnson@example.net,AU,BUSINESS,2021-11-18 06:34:19,ACTIVE
CUST006760,Pamela,Benitez,asummers@example.org,BE,SAVINGS,2022-05-07 15:21:31,ACTIVE
CUST006761,Matthew,Hendrix,veronicabutler@example.net,AU,CHECKING,2024-12-03 15:02:30,ACTIVE
CUST006762,Kelly,Franklin,crystal34@example.net,NL,CHECKING,2025-11-03 20:38:57,ACTIVE
CUST006763,Jared,Brown,hjohnson@example.com,CA,BUSINESS,2023-04-27 19:26:34,SUSPENDED
CUST006764,Matthew,Brock,howardharold@example.com,NL,SAVINGS,2025-04-28 19:05:33,CLOSED
CUST006765,Julie,Ho,linkevin@example.net,GB,BUSINESS,2025-11-11 19:06:25,ACTIVE
CUST006766,Bradley,Jenkins,marcus16@example.net,AE,BUSINESS,2023-06-09 21:44:49,ACTIVE
CUST006767,Frank,Campbell,patricia74@example.org,AE,BUSINESS,2022-05-02 17:38:34,ACTIVE
CUST006768,Rhonda,Knight,james10@example.org,IT,BUSINESS,2026-01-05 14:15:00,ACTIVE
CUST006769,Dawn,Riley,zolsen@example.com,SG,BUSINESS,2025-05-25 09:24:52,CLOSED
CUST006770,Grace,Weber,eric85@example.net,BE,CHECKING,2025-12-09 05:46:05,SUSPENDED
CUST006771,Melissa,Gray,greenwendy@example.net,AU,BUSINESS,2023-11-12 14:15:12,ACTIVE
CUST006772,Drew,Smith,markbuck@example.net,DE,BUSINESS,2024-05-29 12:33:49,ACTIVE
CUST006773,Timothy,Gibbs,leeandrew@example.com,JP,CHECKING,2025-08-29 08:17:39,ACTIVE
CUST006774,Jamie,Miller,richardsonandrea@example.net,AU,BUSINESS,2025-02-17 18:50:32,ACTIVE
CUST006775,Ashley,Watts,jamie07@example.com,ES,BUSINESS,2026-01-28 14:41:49,SUSPENDED
CUST006776,Stephen,Arnold,jonathanjohnson@example.net,BE,CHECKING,2024-08-14 00:10:50,SUSPENDED
CUST006777,Heather,Wilson,alexis01@example.net,US,BUSINESS,2022-07-05 04:39:54,ACTIVE
CUST006778,John,Richard,cjones@example.org,PK,BUSINESS,2021-12-19 01:23:53,SUSPENDED
CUST006779,Tanya,Robertson,kevin12@example.net,CA,SAVINGS,2023-04-14 22:27:26,ACTIVE
CUST006780,Elizabeth,Hunter,smithjessica@example.com,NL,BUSINESS,2024-06-01 07:47:02,ACTIVE
CUST006781,Gabriel,Murphy,hollycruz@example.com,NL,CHECKING,2024-09-20 12:03:17,SUSPENDED
CUST006782,Ryan,Nelson,zunigaelizabeth@example.net,IN,BUSINESS,2026-06-12 16:51:00,SUSPENDED
CUST006783,Amber,Brown,salazardonna@example.org,FR,CHECKING,2024-06-26 01:55:03,ACTIVE
CUST006784,Dustin,Scott,hdrake@example.org,AE,SAVINGS,2022-06-20 11:16:23,SUSPENDED
CUST006785,Nicole,Parker,ericchristensen@example.org,US,BUSINESS,2025-02-07 13:27:04,CLOSED
CUST006786,Kara,Reilly,sarahjenkins@example.org,IN,SAVINGS,2022-10-08 16:37:27,CLOSED
CUST006787,David,Meyers,kdavies@example.com,AU,SAVINGS,2026-01-15 10:45:26,ACTIVE
CUST006788,Christopher,Park,smithcaleb@example.net,NL,CHECKING,2023-05-30 16:39:21,SUSPENDED
CUST006789,Jeffrey,Dominguez,barnesbethany@example.com,JP,SAVINGS,2024-07-08 07:10:06,CLOSED
CUST006790,Tina,Garrett,psantos@example.org,DE,SAVINGS,2023-07-14 07:51:46,SUSPENDED
CUST006791,Amy,Holland,paulparker@example.com,GB,SAVINGS,2023-09-12 17:57:41,ACTIVE
CUST006792,Kyle,Long,gregorywagner@example.net,ES,CHECKING,2025-10-15 11:43:47,ACTIVE
CUST006793,Joseph,Morrison,edwardsjames@example.net,BE,CHECKING,2026-07-05 18:01:23,ACTIVE
CUST006794,Kimberly,Smith,adrian42@example.net,IN,CHECKING,2022-03-26 20:58:44,ACTIVE
CUST006795,Ryan,Hall,markgriffin@example.org,DE,BUSINESS,2022-05-18 23:48:45,CLOSED
CUST006796,Anthony,Shaw,stevenashley@example.org,NL,CHECKING,2022-01-29 02:09:49,ACTIVE
CUST006797,Marissa,Watson,hendricksrobin@example.net,PK,BUSINESS,2025-07-26 09:48:39,SUSPENDED
CUST006798,Rebecca,Armstrong,brooksmatthew@example.net,IT,CHECKING,2024-04-20 18:37:10,CLOSED
CUST006799,Brittany,Robbins,gary64@example.org,FR,CHECKING,2024-05-07 16:45:26,ACTIVE
CUST006800,Donald,Davis,davidtorres@example.com,BE,BUSINESS,2026-02-10 00:18:32,ACTIVE
CUST006801,Timothy,Day,ashleybrown@example.org,NL,SAVINGS,2021-11-03 08:35:42,ACTIVE
CUST006802,Patricia,Williamson,yzhang@example.com,IT,CHECKING,2022-07-21 22:37:28,CLOSED
CUST006803,Desiree,Sanchez,dustin45@example.com,AU,BUSINESS,2026-01-13 16:11:58,ACTIVE
CUST006804,Karen,Huerta,danielcox@example.com,PK,BUSINESS,2022-10-25 16:35:51,ACTIVE
CUST006805,Jennifer,Perez,brucetaylor@example.org,IN,CHECKING,2023-07-08 18:14:19,ACTIVE
CUST006806,Alexis,Wilson,cameroncoleman@example.com,FR,BUSINESS,2023-03-22 23:25:41,CLOSED
CUST006807,Christopher,Wright,rshaw@example.org,BE,CHECKING,2024-10-22 02:04:53,ACTIVE
CUST006808,Matthew,Odonnell,joannesnow@example.com,AE,SAVINGS,2021-11-06 14:19:26,ACTIVE
CUST006809,Sherri,Martinez,yanganna@example.com,CA,BUSINESS,2025-09-03 03:07:28,ACTIVE
CUST006810,Cheyenne,Fitzgerald,wdominguez@example.com,ES,CHECKING,2025-05-11 04:24:35,CLOSED
CUST006811,Deborah,Torres,lewisalexis@example.com,SG,BUSINESS,2025-05-06 07:05:41,ACTIVE
CUST006812,Kristie,Montgomery,shayes@example.com,AE,SAVINGS,2025-01-28 04:02:41,ACTIVE
CUST006813,James,Cunningham,doughertyscott@example.org,DE,CHECKING,2024-01-20 17:18:17,SUSPENDED
CUST006814,Victor,Williams,cynthia20@example.org,IT,CHECKING,2022-03-18 16:17:23,SUSPENDED
CUST006815,Douglas,Bridges,aolsen@example.net,AU,CHECKING,2024-01-18 11:18:58,ACTIVE
CUST006816,Douglas,Huber,sarah33@example.net,PK,CHECKING,2022-10-29 04:00:36,ACTIVE
CUST006817,Jason,Arnold,jesse16@example.org,DE,CHECKING,2025-04-26 17:20:28,ACTIVE
CUST006818,Traci,Rodgers,tparker@example.com,JP,SAVINGS,2026-08-08 08:20:58,SUSPENDED
CUST006819,Tommy,Freeman,munozalison@example.net,AU,BUSINESS,2026-08-01 14:13:39,SUSPENDED
CUST006820,Mark,Jones,wilsontroy@example.com,US,CHECKING,2022-09-28 08:11:15,ACTIVE
CUST006821,John,Brown,troymorris@example.com,DE,CHECKING,2026-01-13 22:38:21,SUSPENDED
CUST006822,Richard,White,david62@example.net,SG,SAVINGS,2024-03-21 19:10:29,SUSPENDED
CUST006823,Matthew,Hicks,jennifer93@example.com,ES,BUSINESS,2022-03-28 10:22:49,SUSPENDED
CUST006824,Lisa,Murray,breed@example.net,IN,BUSINESS,2021-11-05 02:52:07,SUSPENDED
CUST006825,Michael,Benson,jonestheresa@example.com,FR,BUSINESS,2026-02-22 19:50:56,ACTIVE
CUST006826,Jonathan,Parker,brownjessica@example.com,IT,BUSINESS,2025-12-23 17:57:18,SUSPENDED
CUST006827,Carrie,Jackson,sharon79@example.org,GB,BUSINESS,2025-02-06 21:50:55,ACTIVE
CUST006828,Peter,Krueger,kyle67@example.org,BE,CHECKING,2022-08-31 19:59:05,SUSPENDED
CUST006829,Amanda,Jones,foxjodi@example.net,CA,BUSINESS,2025-05-25 03:36:20,SUSPENDED
CUST006830,Deanna,Phillips,lford@example.com,IN,SAVINGS,2025-05-17 18:25:39,CLOSED
CUST006831,Teresa,Yang,isabella73@example.net,IT,SAVINGS,2023-09-17 10:28:13,ACTIVE
CUST006832,Dawn,Bowman,stewarttyler@example.com,SG,CHECKING,2022-09-05 02:49:09,CLOSED
CUST006833,Lori,Moody,courtney55@example.net,IN,BUSINESS,2025-05-17 20:46:03,SUSPENDED
CUST006834,Carla,Walsh,ramseycarolyn@example.net,ES,SAVINGS,2022-03-03 01:51:06,ACTIVE
CUST006835,Thomas,Ramos,wallcrystal@example.com,IT,SAVINGS,2024-07-08 16:54:53,ACTIVE
CUST006836,Tanya,Johnson,jonesjames@example.com,GB,SAVINGS,2022-07-15 14:39:11,ACTIVE
CUST006837,Edward,Jackson,briana12@example.net,SG,SAVINGS,2026-05-13 09:01:37,ACTIVE
CUST006838,Michael,West,jonathanrichardson@example.com,GB,BUSINESS,2023-01-12 14:19:31,SUSPENDED
CUST006839,Mark,Massey,oharrison@example.net,FR,BUSINESS,2024-09-02 02:12:34,CLOSED
CUST006840,Ryan,Moore,jparker@example.net,IT,BUSINESS,2023-12-11 06:40:20,ACTIVE
CUST006841,Jason,Parker,kimberlyjohnson@example.org,US,BUSINESS,2022-01-31 19:35:03,ACTIVE
CUST006842,Joshua,Smith,rebecca60@example.com,GB,BUSINESS,2023-01-10 13:49:02,ACTIVE
CUST006843,Nicholas,Moore,finleynancy@example.org,BE,SAVINGS,2024-01-08 00:42:52,ACTIVE
CUST006844,William,Barnes,ohayes@example.com,US,SAVINGS,2023-02-05 09:19:35,SUSPENDED
CUST006845,Nathaniel,Brown,vickiemccann@example.net,PK,SAVINGS,2026-07-10 13:26:04,ACTIVE
CUST006846,Matthew,Le,kristinabrown@example.net,GB,SAVINGS,2021-08-28 19:01:59,ACTIVE
CUST006847,Roberto,Reed,yenglish@example.net,IT,SAVINGS,2022-08-13 03:30:42,ACTIVE
CUST006848,Emily,Tate,rose84@example.com,PK,SAVINGS,2024-08-20 17:26:04,SUSPENDED
CUST006849,David,Sanders,charles00@example.net,ES,CHECKING,2023-02-06 15:02:35,ACTIVE
CUST006850,Antonio,Hudson,cpowell@example.com,IN,BUSINESS,2022-02-23 03:34:00,CLOSED
CUST006851,Stacey,Jenkins,sonyadavis@example.com,AU,BUSINESS,2022-09-01 17:37:54,ACTIVE
CUST006852,Heather,Greer,david67@example.net,IN,CHECKING,2023-03-04 02:00:16,SUSPENDED
CUST006853,Pamela,Russell,alexandra53@example.org,BE,CHECKING,2023-12-14 05:29:55,ACTIVE
CUST006854,Erika,Lewis,harrysimpson@example.org,DE,BUSINESS,2024-02-02 12:43:42,ACTIVE
CUST006855,Jay,Tyler,huynhstephen@example.org,DE,BUSINESS,2022-11-14 00:31:26,CLOSED
CUST006856,Anna,King,rita93@example.net,FR,SAVINGS,2025-01-19 21:21:20,ACTIVE
CUST006857,Tommy,Carter,fjohnson@example.com,CA,SAVINGS,2025-08-28 08:20:25,SUSPENDED
CUST006858,Elizabeth,Moreno,rebeccahines@example.net,ES,SAVINGS,2022-02-19 15:52:24,ACTIVE
CUST006859,David,Brown,antoniobell@example.net,IN,SAVINGS,2026-08-03 03:04:45,ACTIVE
CUST006860,Edward,Clark,michaelhanna@example.org,IN,CHECKING,2023-06-10 01:53:09,ACTIVE
CUST006861,Steven,Rogers,justin80@example.com,GB,SAVINGS,2023-09-16 19:35:29,ACTIVE
CUST006862,Crystal,Baker,adunn@example.org,CA,CHECKING,2024-01-08 11:37:13,ACTIVE
CUST006863,Megan,Howe,robertfoster@example.net,IN,CHECKING,2024-10-06 22:15:37,CLOSED
CUST006864,Mark,Collins,mrichards@example.net,FR,BUSINESS,2026-07-03 21:35:32,ACTIVE
CUST006865,Taylor,Anderson,ellen16@example.net,NL,BUSINESS,2021-12-11 13:38:17,SUSPENDED
CUST006866,Larry,Caldwell,williamstammy@example.com,GB,CHECKING,2024-10-07 21:37:05,ACTIVE
CUST006867,Joseph,Miller,toddjoseph@example.com,FR,CHECKING,2025-08-08 22:06:14,CLOSED
CUST006868,Michelle,Jackson,cellis@example.com,SG,CHECKING,2021-09-27 10:25:59,ACTIVE
CUST006869,Jamie,Gutierrez,johnhayes@example.org,AE,CHECKING,2023-12-25 11:21:00,ACTIVE
CUST006870,Randy,Adams,tina60@example.com,IN,CHECKING,2026-03-21 18:41:58,CLOSED
CUST006871,Kathleen,Wu,millerbrittany@example.com,DE,SAVINGS,2024-05-16 09:02:16,CLOSED
CUST006872,Karen,Dennis,michellenunez@example.com,AE,SAVINGS,2022-04-03 22:29:01,ACTIVE
CUST006873,Kathleen,Jones,hromero@example.org,ES,BUSINESS,2024-08-09 13:13:59,ACTIVE
CUST006874,Carrie,Jackson,lwhite@example.org,IT,CHECKING,2025-02-05 01:39:44,ACTIVE
CUST006875,Candice,Raymond,davidcharles@example.org,IN,CHECKING,2024-08-11 03:17:22,ACTIVE
CUST006876,John,Scott,erivera@example.com,CA,CHECKING,2022-05-21 15:31:15,CLOSED
CUST006877,Tracy,Brooks,qmartin@example.com,CA,CHECKING,2024-09-29 12:04:25,SUSPENDED
CUST006878,Mary,Villanueva,ryansmith@example.net,ES,CHECKING,2026-05-30 04:00:23,ACTIVE
CUST006879,Javier,Osborn,brandon33@example.com,US,CHECKING,2025-12-30 20:25:42,ACTIVE
CUST006880,Jeffery,Jefferson,bellcynthia@example.org,IT,BUSINESS,2024-12-16 05:46:59,ACTIVE
CUST006881,Robert,Sullivan,weaverandrew@example.net,AU,SAVINGS,2024-10-15 14:18:52,SUSPENDED
CUST006882,Robert,Allen,williamslisa@example.com,IT,SAVINGS,2024-10-01 05:29:23,ACTIVE
CUST006883,Alexander,Harris,bhopkins@example.com,SG,CHECKING,2025-08-25 18:18:14,ACTIVE
CUST006884,Morgan,Montgomery,youngjeffrey@example.org,ES,BUSINESS,2023-11-26 08:59:35,CLOSED
CUST006885,Douglas,Rodriguez,lroberts@example.com,AE,CHECKING,2026-06-27 11:36:37,ACTIVE
CUST006886,Jeremy,Thompson,ginamayo@example.net,GB,CHECKING,2025-12-06 04:17:24,ACTIVE
CUST006887,Christy,Sawyer,jordan76@example.net,NL,SAVINGS,2022-09-20 19:39:07,CLOSED
CUST006888,Cheryl,Daniel,shelbysimon@example.net,AE,SAVINGS,2023-06-22 04:06:35,SUSPENDED
CUST006889,Donald,Parker,gthompson@example.org,CA,BUSINESS,2024-08-03 06:53:41,SUSPENDED
CUST006890,Cheryl,Garcia,qmora@example.net,PK,BUSINESS,2021-11-12 13:21:00,SUSPENDED
CUST006891,Bridget,Hunter,greeneanna@example.org,JP,BUSINESS,2023-11-19 21:04:20,ACTIVE
CUST006892,Andrew,Clark,ccummings@example.org,AE,BUSINESS,2023-12-08 06:06:26,CLOSED
CUST006893,Kimberly,Murphy,jacobhoward@example.com,SG,BUSINESS,2022-10-22 06:33:06,SUSPENDED
CUST006894,Peter,Hall,hannahpage@example.com,AE,SAVINGS,2023-03-05 23:57:31,CLOSED
CUST006895,Jacob,Hernandez,wendy32@example.com,PK,SAVINGS,2022-01-28 09:17:58,ACTIVE
CUST006896,Kimberly,Long,kimberlylopez@example.com,CA,SAVINGS,2023-10-22 09:13:46,ACTIVE
CUST006897,Michael,Miller,smorgan@example.org,AE,CHECKING,2025-03-28 20:03:03,ACTIVE
CUST006898,Adam,Ross,martha51@example.org,DE,BUSINESS,2023-05-06 15:44:58,ACTIVE
CUST006899,Bianca,Simmons,averystephanie@example.com,IN,SAVINGS,2024-05-27 04:37:27,ACTIVE
CUST006900,Megan,May,tfoster@example.com,AU,SAVINGS,2022-03-17 14:00:11,SUSPENDED
CUST006901,Theresa,Davis,lewispeggy@example.net,GB,SAVINGS,2021-09-06 08:00:49,ACTIVE
CUST006902,Shawn,Lee,aguilarchristopher@example.com,FR,SAVINGS,2025-01-18 00:43:10,SUSPENDED
CUST006903,Mark,Diaz,rowesharon@example.com,IT,CHECKING,2026-08-02 09:27:42,ACTIVE
CUST006904,Heather,Hodge,wendy16@example.com,GB,BUSINESS,2025-03-23 23:25:52,ACTIVE
CUST006905,Deborah,Ward,davidcandice@example.com,US,BUSINESS,2026-08-17 22:30:13,ACTIVE
CUST006906,Scott,Brown,devingray@example.com,JP,SAVINGS,2026-07-07 22:11:27,SUSPENDED
CUST006907,Jenna,Mcguire,gina43@example.com,IT,CHECKING,2021-09-08 13:04:33,ACTIVE
CUST006908,Joann,Gonzalez,terri49@example.org,PK,CHECKING,2025-03-16 10:24:24,SUSPENDED
CUST006909,Eric,Gonzalez,wmcdonald@example.com,NL,SAVINGS,2023-12-22 22:28:37,SUSPENDED
CUST006910,Dylan,Thomas,erinanderson@example.net,US,BUSINESS,2022-07-26 03:03:11,SUSPENDED
CUST006911,Lisa,Bauer,glee@example.org,BE,CHECKING,2026-07-21 02:15:44,SUSPENDED
CUST006912,Anthony,Hall,dharris@example.com,ES,SAVINGS,2022-07-05 01:35:47,ACTIVE
CUST006913,Anthony,Thompson,amber85@example.org,IT,CHECKING,2025-12-14 22:03:41,ACTIVE
CUST006914,Jill,Young,tgarcia@example.com,NL,SAVINGS,2023-05-31 10:28:34,ACTIVE
CUST006915,Jill,Morris,louissimmons@example.org,BE,SAVINGS,2024-02-27 05:55:52,SUSPENDED
CUST006916,Wendy,Jones,mmccarty@example.net,PK,BUSINESS,2022-03-13 21:17:26,SUSPENDED
CUST006917,Patricia,James,kathleengreen@example.net,DE,BUSINESS,2022-05-16 21:50:13,ACTIVE
CUST006918,Jacqueline,Savage,johnfowler@example.net,BE,BUSINESS,2023-01-24 09:03:26,CLOSED
CUST006919,Mario,Rodriguez,jstephens@example.net,US,CHECKING,2022-11-25 13:01:53,SUSPENDED
CUST006920,Antonio,Leblanc,ashleynewman@example.net,DE,SAVINGS,2023-10-25 19:36:42,ACTIVE
CUST006921,Matthew,Arnold,thompsonwilliam@example.com,IT,SAVINGS,2024-08-06 05:31:18,CLOSED
CUST006922,Steven,Craig,,ES,CHECKING,2026-06-13 08:15:02,ACTIVE
CUST006923,Elizabeth,Palmer,simmonsgregory@example.com,ES,BUSINESS,2023-04-24 18:52:03,CLOSED
CUST006924,Daniel,Turner,jessicamorgan@example.org,NL,CHECKING,2023-06-30 14:49:15,ACTIVE
CUST006925,Samantha,Burch,buchananrobert@example.net,CA,CHECKING,2024-02-14 21:54:53,CLOSED
CUST006926,Melinda,Miller,jordanalex@example.com,BE,CHECKING,2023-09-13 06:05:29,SUSPENDED
CUST006927,Jeremy,Fleming,ygoodwin@example.net,GB,SAVINGS,2023-08-31 13:44:18,CLOSED
CUST006928,Patrick,Miller,ehaynes@example.org,US,SAVINGS,2025-03-14 22:05:47,CLOSED
CUST006929,Catherine,Rocha,sylvia12@example.org,BE,SAVINGS,2025-07-04 05:25:51,ACTIVE
CUST006930,Kristine,Ochoa,melissa69@example.com,FR,BUSINESS,2022-11-04 18:14:31,CLOSED
CUST006931,Vanessa,Simmons,melissanelson@example.net,DE,SAVINGS,2025-04-22 12:50:15,SUSPENDED
CUST006932,Gene,Gonzalez,newmanpamela@example.net,GB,BUSINESS,2025-06-30 14:34:20,ACTIVE
CUST006933,Lawrence,Norris,fvaughn@example.com,JP,BUSINESS,2021-10-08 19:35:21,CLOSED
CUST006934,Pamela,Stephenson,daniellecooper@example.org,CA,CHECKING,2025-07-03 01:12:08,ACTIVE
CUST006935,Terri,Nguyen,greenmary@example.com,PK,SAVINGS,2022-08-09 01:05:36,ACTIVE
CUST006936,Kenneth,Young,brandon97@example.org,JP,BUSINESS,2024-11-13 20:27:37,SUSPENDED
CUST006937,Thomas,Campbell,lbarnes@example.net,SG,BUSINESS,2022-02-19 20:32:00,ACTIVE
CUST006938,Bonnie,Davis,michaelkeller@example.org,ES,CHECKING,2024-08-25 01:34:09,ACTIVE
CUST006939,Philip,Ortiz,robinsonmark@example.com,DE,BUSINESS,2023-01-06 00:18:27,SUSPENDED
CUST006940,William,Mills,darrellclark@example.net,NL,SAVINGS,2025-04-14 15:59:21,ACTIVE
CUST006941,Todd,Robinson,james58@example.net,FR,CHECKING,2024-10-01 18:03:43,ACTIVE
CUST006942,Christina,Rodriguez,dmacias@example.com,FR,CHECKING,2023-10-02 14:21:39,ACTIVE
CUST006943,William,Hunt,qpadilla@example.net,GB,BUSINESS,2022-11-28 09:09:42,ACTIVE
CUST006944,Donald,Marquez,jeremy63@example.com,GB,CHECKING,2025-02-04 12:36:01,SUSPENDED
CUST006945,Gregory,Crawford,murraydarrell@example.com,CA,BUSINESS,2024-10-20 20:38:41,ACTIVE
CUST006946,Michelle,Sanford,candice55@example.org,PK,CHECKING,2023-12-10 07:03:31,ACTIVE
CUST006947,Sara,Roman,hwade@example.net,DE,CHECKING,2024-07-07 03:16:04,ACTIVE
CUST006948,Wayne,Sandoval,amanda30@example.net,NL,BUSINESS,2026-07-13 00:07:08,SUSPENDED
CUST006949,Jessica,Padilla,mark41@example.com,AE,CHECKING,2026-08-02 16:04:38,ACTIVE
CUST006950,James,Wall,rita14@example.net,US,CHECKING,2022-08-29 07:09:15,SUSPENDED
CUST006951,Jose,Lozano,johnny09@example.com,DE,CHECKING,2025-08-01 18:05:48,SUSPENDED
CUST006952,Megan,Thomas,andreacrane@example.com,AE,SAVINGS,2023-11-16 13:08:44,CLOSED
CUST006953,Antonio,Johnson,erik77@example.org,SG,SAVINGS,2023-05-12 03:22:55,SUSPENDED
CUST006954,Micheal,Mccall,zjames@example.org,NL,BUSINESS,2022-01-27 18:56:50,CLOSED
CUST006955,Tami,Clarke,mhudson@example.com,CA,BUSINESS,2024-05-17 03:21:07,ACTIVE
CUST006956,Chase,Newman,fosterdiana@example.org,JP,BUSINESS,2024-01-21 13:12:32,ACTIVE
CUST006957,Andrew,Jackson,juanballard@example.org,CA,CHECKING,2024-09-24 21:06:08,CLOSED
CUST006958,Jessica,Nelson,porterwilliam@example.net,CA,BUSINESS,2022-12-09 07:17:49,ACTIVE
CUST006959,Donald,Matthews,christopher39@example.org,AE,BUSINESS,2021-09-08 01:19:04,ACTIVE
CUST006960,Harry,Watts,brownjill@example.com,IT,CHECKING,2025-05-27 05:54:41,SUSPENDED
CUST006961,Jonathan,Craig,kthompson@example.org,US,SAVINGS,2024-08-08 21:54:59,ACTIVE
CUST006962,Yvette,Morris,timothylopez@example.net,CA,SAVINGS,2021-11-20 04:42:56,SUSPENDED
CUST006963,Johnny,Choi,scooper@example.com,SG,SAVINGS,2024-04-24 21:12:52,ACTIVE
CUST006964,Nicholas,Stephens,derek63@example.org,AU,SAVINGS,2023-06-11 04:56:45,ACTIVE
CUST006965,Madeline,Sanchez,nicole65@example.org,DE,CHECKING,2026-07-03 16:07:29,CLOSED
CUST006966,Samantha,Clark,anna08@example.org,IT,CHECKING,2024-02-26 17:21:53,ACTIVE
CUST006967,Christopher,Williams,znorton@example.net,US,CHECKING,2023-10-25 17:25:05,ACTIVE
CUST006968,Doris,Stevenson,harrisdanielle@example.net,SG,BUSINESS,2023-09-19 17:05:08,CLOSED
CUST006969,Nancy,Roberts,sanfordfelicia@example.net,BE,SAVINGS,2023-04-21 14:40:33,SUSPENDED
CUST006970,James,Higgins,savannaherickson@example.org,GB,BUSINESS,2025-07-05 15:20:06,ACTIVE
CUST006971,Daniel,Cortez,marilyngarcia@example.net,NL,CHECKING,2023-01-03 08:05:29,ACTIVE
CUST006972,Christopher,Reyes,wilkersonelizabeth@example.net,ES,BUSINESS,2023-01-19 23:43:55,SUSPENDED
CUST006973,Suzanne,Jones,omurray@example.net,PK,BUSINESS,2026-01-30 05:51:41,ACTIVE
CUST006974,Daniel,Miller,stephensstacy@example.org,AE,SAVINGS,2022-12-17 17:05:08,ACTIVE
CUST006975,Sara,Young,paigeosborn@example.net,GB,SAVINGS,2025-09-23 17:08:20,SUSPENDED
CUST006976,Renee,Townsend,laurensantiago@example.com,ES,SAVINGS,2025-06-22 17:40:04,SUSPENDED
CUST006977,Cathy,Stewart,rodney41@example.org,FR,SAVINGS,2023-04-05 11:07:45,ACTIVE
CUST006978,Michael,Browning,hbenson@example.com,DE,SAVINGS,2023-10-08 03:02:55,ACTIVE
CUST006979,Brittany,Cunningham,zmartin@example.org,US,SAVINGS,2022-12-25 15:52:34,SUSPENDED
CUST006980,Jesse,Park,brianjones@example.net,AU,CHECKING,2024-08-01 08:37:40,SUSPENDED
CUST006981,Cindy,Green,lawsoncarolyn@example.org,GB,CHECKING,2023-04-11 15:40:48,ACTIVE
CUST006982,Christy,Diaz,ytaylor@example.net,IT,BUSINESS,2023-09-14 21:01:00,ACTIVE
CUST006983,Christina,Young,johnsonmelissa@example.com,BE,CHECKING,2023-07-30 02:51:21,CLOSED
CUST006984,Jeffrey,Gillespie,seancordova@example.com,BE,BUSINESS,2023-06-28 19:13:57,SUSPENDED
CUST006985,Stacy,Phillips,trevinoheather@example.net,IN,CHECKING,2024-12-16 16:23:07,ACTIVE
CUST006986,Peter,Gilbert,joegrant@example.net,DE,CHECKING,2024-08-01 15:00:13,ACTIVE
CUST006987,Jenny,Stevenson,joneserin@example.org,ES,BUSINESS,2024-09-29 19:46:14,SUSPENDED
CUST006988,Erika,Turner,andrea47@example.net,US,CHECKING,2022-11-07 04:13:15,ACTIVE
CUST006989,Adam,Nelson,daniel87@example.org,FR,CHECKING,2023-04-03 23:42:44,SUSPENDED
CUST006990,Erika,Jackson,nbryant@example.net,ES,CHECKING,2022-02-11 06:21:43,ACTIVE
CUST006991,Dennis,Waters,audreyjohnson@example.org,NL,SAVINGS,2023-02-23 02:46:33,ACTIVE
CUST006992,Adam,Hill,halltommy@example.net,JP,BUSINESS,2022-03-23 09:34:57,ACTIVE
CUST006993,Brian,Hernandez,vjackson@example.com,FR,CHECKING,2024-06-05 14:10:10,ACTIVE
CUST006994,Victoria,Wilkerson,moorejason@example.org,BE,CHECKING,2022-02-14 18:21:58,ACTIVE
CUST006995,Troy,Lawson,jaredjohnson@example.org,AU,CHECKING,2022-12-30 11:29:59,ACTIVE
CUST006996,Michael,Owens,ikim@example.net,AU,CHECKING,2023-02-17 22:46:24,ACTIVE
CUST006997,David,Martin,robert13@example.org,AE,CHECKING,2024-03-23 12:44:35,SUSPENDED
CUST006998,Michael,Zamora,anna95@example.com,IN,SAVINGS,2024-08-18 07:16:07,ACTIVE
CUST006999,Raymond,Brown,carlaswanson@example.net,NL,BUSINESS,2021-12-05 14:47:53,ACTIVE
CUST007000,Brandy,Gross,nancy14@example.com,AU,BUSINESS,2024-09-30 20:49:52,ACTIVE
CUST007001,Samantha,Juarez,wsingleton@example.com,IN,BUSINESS,2026-05-17 18:52:19,ACTIVE
CUST007002,Rebecca,Werner,michaelbutler@example.com,ES,CHECKING,2025-12-20 22:20:37,SUSPENDED
CUST007003,Michael,Patterson,wanda66@example.net,AU,SAVINGS,2024-09-11 01:17:03,ACTIVE
CUST007004,Rachel,Morris,atucker@example.com,JP,BUSINESS,2022-08-25 21:00:48,CLOSED
CUST007005,Ann,Hensley,fostercarol@example.net,DE,SAVINGS,2025-03-02 08:23:44,CLOSED
CUST007006,Sandra,Lin,garciabrenda@example.org,IT,BUSINESS,2024-04-23 23:22:38,ACTIVE
CUST007007,Christina,Russo,robert70@example.com,FR,SAVINGS,2023-01-22 06:07:38,ACTIVE
CUST007008,Roger,Gray,cwilliamson@example.net,JP,CHECKING,2026-04-16 03:37:35,SUSPENDED
CUST007009,Brandon,Frank,arussell@example.net,AE,SAVINGS,2024-12-18 08:24:51,ACTIVE
CUST007010,Jeffrey,Padilla,williamjohnson@example.com,CA,SAVINGS,2022-07-09 00:38:49,ACTIVE
CUST007011,Robert,Hines,aaron20@example.net,JP,BUSINESS,2022-12-29 01:16:10,SUSPENDED
CUST007012,Henry,Thompson,katieli@example.net,GB,CHECKING,2021-10-03 07:49:28,ACTIVE
CUST007013,Greg,Montoya,joseph62@example.com,JP,SAVINGS,2024-11-11 23:27:42,ACTIVE
CUST007014,John,Huber,eatonkelly@example.com,IT,SAVINGS,2023-11-22 07:23:03,ACTIVE
CUST007015,Brittany,Ruiz,edwardsconnor@example.net,SG,CHECKING,2024-06-12 00:49:36,ACTIVE
CUST007016,Joshua,Molina,jessicapayne@example.org,DE,CHECKING,2023-07-31 21:23:34,CLOSED
CUST007017,Martin,Shields,ashley99@example.org,PK,CHECKING,2025-05-02 13:15:39,ACTIVE
CUST007018,Brittany,Walker,sandra95@example.org,DE,SAVINGS,2022-10-14 03:32:20,ACTIVE
CUST007019,Andrea,Wells,christian09@example.net,ES,BUSINESS,2022-01-09 16:12:24,ACTIVE
CUST007020,Cameron,Davis,karen73@example.org,NL,SAVINGS,2022-09-10 01:33:05,ACTIVE
CUST007021,Christopher,English,ballen@example.org,AU,CHECKING,2026-06-14 09:45:09,SUSPENDED
CUST007022,Amy,Robbins,edwardsaaron@example.net,GB,SAVINGS,2024-05-22 14:15:03,ACTIVE
CUST007023,Cassie,Price,montgomeryshaun@example.net,PK,BUSINESS,2023-12-09 19:35:26,CLOSED
CUST007024,Bryan,Bradford,christina58@example.org,SG,BUSINESS,2023-11-16 14:54:03,ACTIVE
CUST007025,Rhonda,Gay,caroline42@example.org,PK,BUSINESS,2021-10-15 15:59:42,ACTIVE
CUST007026,Jennifer,Martin,lisa82@example.net,PK,SAVINGS,2025-02-10 04:17:50,ACTIVE
CUST007027,Luke,Hudson,lpayne@example.com,BE,CHECKING,2024-06-12 11:33:27,SUSPENDED
CUST007028,Austin,Brooks,cookolivia@example.net,IT,SAVINGS,2022-01-22 02:04:51,ACTIVE
CUST007029,Audrey,Ellis,amalone@example.com,FR,CHECKING,2026-07-30 04:05:14,ACTIVE
CUST007030,Wanda,Sandoval,benitezerin@example.org,GB,CHECKING,2025-04-03 01:29:44,SUSPENDED
CUST007031,Brenda,Rodriguez,lisa28@example.com,US,BUSINESS,2026-05-20 18:35:41,SUSPENDED
CUST007032,Jamie,Abbott,tiffany59@example.com,AE,BUSINESS,2026-03-24 06:34:14,ACTIVE
CUST007033,Tara,Washington,steelebrandy@example.org,US,CHECKING,2022-10-23 10:47:22,ACTIVE
CUST007034,Robert,Roberson,hooverpaul@example.net,SG,BUSINESS,2023-10-16 20:52:41,SUSPENDED
CUST007035,Carly,Graham,rosalesdeanna@example.com,JP,SAVINGS,2025-04-06 00:29:11,CLOSED
CUST007036,David,Smith,michaeljones@example.org,IN,BUSINESS,2021-11-17 17:52:26,ACTIVE
CUST007037,Sandra,Farmer,michael96@example.net,FR,CHECKING,2022-08-01 05:27:11,ACTIVE
CUST007038,Matthew,Norman,janeburke@example.org,GB,CHECKING,2026-06-08 00:00:21,SUSPENDED
CUST007039,Michael,Walters,egonzalez@example.com,PK,SAVINGS,2026-06-22 08:27:30,ACTIVE
CUST007040,Michelle,Neal,brittany13@example.net,FR,CHECKING,2026-04-01 02:13:10,ACTIVE
CUST007041,Jill,Zamora,hharrell@example.net,CA,BUSINESS,2026-01-14 04:58:37,SUSPENDED
CUST007042,Christopher,Logan,wilsonjerry@example.com,NL,CHECKING,2024-06-02 16:40:37,ACTIVE
CUST007043,Natalie,Mayer,jamesadams@example.org,GB,CHECKING,2023-12-29 08:56:06,ACTIVE
CUST007044,Christopher,Whitehead,caldwellnatalie@example.org,JP,SAVINGS,2022-11-17 13:48:10,ACTIVE
CUST007045,Tracy,Washington,vallen@example.net,AE,BUSINESS,2025-10-11 06:50:03,ACTIVE
CUST007046,Katherine,Jensen,skinnerjenny@example.org,BE,CHECKING,2023-02-11 09:17:04,ACTIVE
CUST007047,Gerald,Williams,herbertbrown@example.com,US,BUSINESS,2026-01-24 03:07:33,ACTIVE
CUST007048,Kelly,Olsen,michellerodriguez@example.com,IT,CHECKING,2026-01-11 05:31:46,ACTIVE
CUST007049,Kimberly,Osborne,perryjonathan@example.com,JP,BUSINESS,2025-09-11 18:17:56,CLOSED
CUST007050,Daniel,Blake,teresa59@example.net,NL,BUSINESS,2021-10-17 11:09:03,SUSPENDED
CUST007051,Alexis,Casey,williammartin@example.com,PK,BUSINESS,2022-06-24 09:11:07,CLOSED
CUST007052,Victor,Mccarthy,melissaglover@example.org,AU,BUSINESS,2025-11-08 14:12:52,ACTIVE
CUST007053,Travis,Hill,austin05@example.net,GB,BUSINESS,2025-09-03 00:10:50,ACTIVE
CUST007054,Audrey,Rivera,jimenezjeffrey@example.com,US,BUSINESS,2026-01-28 18:43:08,CLOSED
CUST007055,Darius,Ortiz,kathleenwilliams@example.net,CA,SAVINGS,2024-06-30 06:15:28,CLOSED
CUST007056,Melissa,Austin,jjensen@example.com,AE,SAVINGS,2024-02-05 11:39:25,ACTIVE
CUST007057,Richard,Miller,abenton@example.net,NL,SAVINGS,2022-02-07 19:41:21,ACTIVE
CUST007058,Robert,Williams,sierracolon@example.com,GB,BUSINESS,2021-09-25 02:18:22,ACTIVE
CUST007059,Stephen,Hampton,ureynolds@example.net,US,SAVINGS,2024-07-10 03:11:44,SUSPENDED
CUST007060,Elizabeth,Lewis,mariaanderson@example.net,PK,BUSINESS,2023-09-26 09:36:09,CLOSED
CUST007061,Pamela,Cook,garciajoseph@example.net,IT,SAVINGS,2024-11-08 16:39:10,CLOSED
CUST007062,Amber,Barker,anthony29@example.org,IT,SAVINGS,2026-02-16 16:28:36,ACTIVE
CUST007063,Justin,Shepard,michael94@example.net,NL,BUSINESS,2025-05-20 22:44:27,ACTIVE
CUST007064,Donald,Phillips,donnagallagher@example.com,IN,CHECKING,2025-10-24 06:42:57,CLOSED
CUST007065,John,Flowers,erikawest@example.com,NL,SAVINGS,2025-02-25 06:40:49,ACTIVE
CUST007066,Jerry,Scott,pughlisa@example.com,FR,BUSINESS,2022-07-04 22:15:34,ACTIVE
CUST007067,Monique,Turner,robert57@example.com,FR,CHECKING,2026-01-17 03:31:11,SUSPENDED
CUST007068,Carlos,Carter,ernest28@example.net,IT,SAVINGS,2026-03-11 23:44:34,ACTIVE
CUST007069,Elizabeth,Long,bstewart@example.net,GB,CHECKING,2023-08-07 23:54:21,ACTIVE
CUST007070,Patty,Wright,alvarezangela@example.org,AE,SAVINGS,2022-04-19 23:06:10,CLOSED
CUST007071,John,Carlson,kimberlywarner@example.net,IN,BUSINESS,2025-11-23 14:02:04,SUSPENDED
CUST007072,Matthew,Rose,tonywebb@example.org,FR,BUSINESS,2025-05-27 12:52:03,ACTIVE
CUST007073,Joan,Lutz,mary24@example.org,AE,BUSINESS,2023-01-17 12:31:16,ACTIVE
CUST007074,Wendy,Arellano,moranmelissa@example.net,US,BUSINESS,2023-06-10 16:02:12,ACTIVE
CUST007075,Joshua,Garcia,thomas23@example.com,CA,BUSINESS,2022-11-22 19:34:02,CLOSED
CUST007076,Bradley,Evans,greenemichael@example.com,NL,CHECKING,2022-01-25 15:06:26,ACTIVE
CUST007077,Sherry,Williams,pyoung@example.net,PK,SAVINGS,2026-05-22 03:37:28,CLOSED
CUST007078,Elizabeth,Peters,nhurley@example.org,SG,SAVINGS,2024-10-26 19:04:38,ACTIVE
CUST007079,Erik,Gay,sabrina37@example.com,CA,BUSINESS,2024-09-05 16:43:30,ACTIVE
CUST007080,Faith,Payne,tararaymond@example.org,FR,BUSINESS,2022-05-24 15:53:13,SUSPENDED
CUST007081,Allison,Campbell,natasha08@example.net,DE,SAVINGS,2024-08-06 12:30:36,ACTIVE
CUST007082,Kathy,Elliott,roserhonda@example.net,US,CHECKING,2023-12-13 03:57:45,ACTIVE
CUST007083,Howard,Wilson,justindeleon@example.org,ES,BUSINESS,2025-02-24 16:41:55,ACTIVE
CUST007084,Jonathan,Gonzalez,matthew43@example.org,ES,BUSINESS,2024-01-24 04:20:35,ACTIVE
CUST007085,Anne,Chavez,macksean@example.net,JP,SAVINGS,2021-10-03 13:23:46,SUSPENDED
CUST007086,Joseph,Poole,jacobhernandez@example.org,ES,SAVINGS,2021-12-02 16:29:36,ACTIVE
CUST007087,Michelle,Salazar,beckertammy@example.com,SG,CHECKING,2023-07-25 10:22:28,ACTIVE
CUST007088,Daniel,Lee,kellyperez@example.net,DE,SAVINGS,2026-01-13 21:55:45,ACTIVE
CUST007089,Diana,Ortega,kevincastillo@example.org,CA,BUSINESS,2026-07-10 05:03:52,CLOSED
CUST007090,Jillian,Livingston,huangchristopher@example.org,JP,CHECKING,2024-10-04 23:36:40,ACTIVE
CUST007091,Tyler,Shepherd,emichael@example.org,ES,CHECKING,2022-11-23 14:16:52,ACTIVE
CUST007092,Kevin,Rodriguez,thomasmartin@example.com,IT,CHECKING,2024-02-15 04:46:16,ACTIVE
CUST007093,Denise,Ward,alexanderashley@example.net,ES,CHECKING,2022-04-21 23:43:27,SUSPENDED
CUST007094,Michael,Cabrera,christophervilla@example.net,BE,CHECKING,2025-08-04 13:14:12,CLOSED
CUST007095,Trevor,Johnston,simmonsmichael@example.org,AE,BUSINESS,2022-07-22 14:42:17,SUSPENDED
CUST007096,Natasha,Williams,joshua02@example.com,CA,CHECKING,2025-05-15 23:23:12,SUSPENDED
CUST007097,Peter,Wilson,jeffreyprice@example.com,JP,BUSINESS,2025-08-28 21:41:12,ACTIVE
CUST007098,Micheal,Johnson,smithpaul@example.com,AE,CHECKING,2026-03-22 05:57:37,ACTIVE
CUST007099,Michael,Callahan,brendavelazquez@example.com,AE,CHECKING,2023-08-31 02:29:59,ACTIVE
CUST007100,Ana,Mathews,ymata@example.org,ES,SAVINGS,2026-04-20 06:29:00,ACTIVE
CUST007101,Joseph,Browning,glennjeremy@example.org,CA,SAVINGS,2023-02-24 09:25:58,ACTIVE
CUST007102,Daniel,Vargas,herrerajames@example.org,PK,BUSINESS,2025-09-07 22:26:49,ACTIVE
CUST007103,Teresa,Rivera,daviscaitlin@example.net,DE,CHECKING,2021-11-30 16:05:42,ACTIVE
CUST007104,Julie,Harris,brownoscar@example.org,BE,CHECKING,2025-05-25 13:21:03,CLOSED
CUST007105,Angel,Johnson,jnunez@example.net,IN,BUSINESS,2023-02-18 08:25:21,CLOSED
CUST007106,Erica,Moore,barbaranguyen@example.com,IT,SAVINGS,2024-07-06 10:55:10,ACTIVE
CUST007107,Stephanie,Campos,troy31@example.com,FR,SAVINGS,2022-06-08 01:21:29,SUSPENDED
CUST007108,Kenneth,Gomez,clarkmatthew@example.com,AE,SAVINGS,2024-01-19 00:56:11,ACTIVE
CUST007109,Eric,Velazquez,qmoore@example.com,AE,BUSINESS,2025-04-04 05:21:53,SUSPENDED
CUST007110,Shannon,Cruz,garybuck@example.com,IT,CHECKING,2024-12-18 15:53:00,ACTIVE
CUST007111,Charles,Torres,rchapman@example.com,AU,BUSINESS,2024-07-02 07:36:55,SUSPENDED
CUST007112,Sheila,Avila,jennifer20@example.com,AE,BUSINESS,2025-04-12 09:47:28,ACTIVE
CUST007113,Jose,Huerta,keith78@example.org,SG,CHECKING,2024-11-03 22:11:29,SUSPENDED
CUST007114,Joseph,Olson,pwilliams@example.org,CA,SAVINGS,2024-02-12 15:00:21,SUSPENDED
CUST007115,Melissa,Lara,ogaines@example.org,BE,BUSINESS,2022-07-28 15:38:01,ACTIVE
CUST007116,Ronnie,Martinez,psingleton@example.net,IT,CHECKING,2024-10-19 15:19:53,ACTIVE
CUST007117,Jacob,Davis,joshua24@example.org,US,CHECKING,2022-06-11 14:47:40,ACTIVE
CUST007118,Michael,Rhodes,jason79@example.org,AU,SAVINGS,2026-02-10 14:08:21,ACTIVE
CUST007119,Robert,Kelley,matthewhiggins@example.com,JP,SAVINGS,2024-08-24 00:05:05,ACTIVE
CUST007120,Valerie,Newman,ronaldflores@example.net,GB,BUSINESS,2026-06-06 00:48:42,ACTIVE
CUST007121,Shane,Cannon,xandrews@example.net,BE,SAVINGS,2025-10-04 10:57:52,ACTIVE
CUST007122,Jordan,Bailey,sandra90@example.net,ES,CHECKING,2024-03-24 14:25:54,CLOSED
CUST007123,Jason,Moreno,gnguyen@example.com,CA,BUSINESS,2026-08-17 14:20:22,ACTIVE
CUST007124,Tiffany,Mercado,bryan78@example.net,AU,CHECKING,2025-04-25 21:03:26,SUSPENDED
CUST007125,Rebecca,Olson,kathrynhall@example.net,US,BUSINESS,2022-07-23 21:11:33,CLOSED
CUST007126,Matthew,Smith,hrichmond@example.net,SG,SAVINGS,2023-11-16 01:02:45,ACTIVE
CUST007127,Nathan,Rodriguez,eringates@example.com,AU,CHECKING,2025-02-27 18:30:25,ACTIVE
CUST007128,Timothy,Brewer,stevenjackson@example.com,IT,SAVINGS,2022-07-19 06:00:24,CLOSED
CUST007129,Andrew,Smith,jessicadean@example.com,IN,SAVINGS,2024-12-05 15:31:09,ACTIVE
CUST007130,James,Jones,dbell@example.com,FR,CHECKING,2023-05-20 23:53:08,ACTIVE
CUST007131,Lisa,Williams,nicholaswalker@example.net,NL,BUSINESS,2021-10-27 00:26:45,ACTIVE
CUST007132,Calvin,Collins,ghill@example.net,SG,SAVINGS,2025-10-02 04:28:52,SUSPENDED
CUST007133,Eric,Elliott,chad03@example.com,ES,SAVINGS,2025-11-04 09:00:14,ACTIVE
CUST007134,Mark,Benton,ucarroll@example.org,IN,SAVINGS,2022-12-15 23:29:41,ACTIVE
CUST007135,Jenna,Ingram,bill17@example.org,CA,SAVINGS,2023-04-06 12:44:05,ACTIVE
CUST007136,Nicole,Christensen,djohnson@example.org,US,SAVINGS,2026-02-24 02:22:18,ACTIVE
CUST007137,Joseph,Bass,arnoldthomas@example.net,GB,CHECKING,2023-08-22 21:07:04,ACTIVE
CUST007138,Thomas,Maddox,villegaslaurie@example.org,NL,SAVINGS,2025-06-15 14:09:46,ACTIVE
CUST007139,Michael,Jackson,robert01@example.org,SG,CHECKING,2021-10-14 21:01:08,ACTIVE
CUST007140,Tara,Walsh,druiz@example.org,PK,BUSINESS,2025-07-30 16:42:55,CLOSED
CUST007141,Brian,Palmer,mitchelllowe@example.com,AU,CHECKING,2024-11-22 01:21:25,ACTIVE
CUST007142,Julia,Jones,grayaaron@example.com,DE,CHECKING,2023-09-21 12:56:27,ACTIVE
CUST007143,Lisa,Williams,bbrown@example.org,AE,SAVINGS,2021-09-13 15:25:01,ACTIVE
CUST007144,Samantha,Christensen,jennyjackson@example.com,PK,CHECKING,2026-05-30 02:17:00,ACTIVE
CUST007145,Maria,Sawyer,floresmegan@example.org,AU,CHECKING,2022-09-08 04:23:22,CLOSED
CUST007146,Sandra,Collier,grossashley@example.com,AE,CHECKING,2022-08-08 03:16:14,ACTIVE
CUST007147,Adam,Reyes,hgraham@example.com,FR,SAVINGS,2022-03-14 17:23:17,ACTIVE
CUST007148,Bernard,Pollard,christina11@example.com,IN,BUSINESS,2023-08-08 02:28:58,CLOSED
CUST007149,Mary,Hansen,michaelbradley@example.com,PK,CHECKING,2022-10-19 06:26:09,CLOSED
CUST007150,Rhonda,Stark,william61@example.com,PK,BUSINESS,2025-06-11 08:25:43,CLOSED
CUST007151,Dustin,Brown,ysmith@example.org,NL,BUSINESS,2024-06-05 16:17:42,ACTIVE
CUST007152,Jon,Turner,cstewart@example.org,DE,SAVINGS,2023-12-29 03:40:36,ACTIVE
CUST007153,Sandra,Moore,richardelizabeth@example.org,NL,SAVINGS,2024-06-02 01:43:42,ACTIVE
CUST007154,Martha,Baker,riverasteven@example.com,JP,SAVINGS,2024-06-11 15:47:07,ACTIVE
CUST007155,Aaron,Beard,donald42@example.com,SG,CHECKING,2023-06-25 06:55:27,ACTIVE
CUST007156,John,Brooks,darrellford@example.com,DE,CHECKING,2024-02-04 15:31:21,CLOSED
CUST007157,Wesley,Jimenez,anthonysuzanne@example.org,FR,CHECKING,2021-09-01 20:47:49,SUSPENDED
CUST007158,Eric,Morales,christinawalsh@example.org,FR,SAVINGS,2023-08-25 22:01:27,ACTIVE
CUST007159,Daniel,Warren,ucoleman@example.com,GB,BUSINESS,2024-01-12 15:08:26,ACTIVE
CUST007160,Kyle,Wilkerson,williamburns@example.org,NL,CHECKING,2025-11-22 19:14:57,CLOSED
CUST007161,Rhonda,Mendez,morserachel@example.net,CA,CHECKING,2025-04-29 21:14:49,ACTIVE
CUST007162,Jerry,Wolfe,cbutler@example.com,BE,CHECKING,2023-02-19 00:58:18,ACTIVE
CUST007163,Ashley,Johnson,staceyfletcher@example.com,JP,BUSINESS,2024-04-20 11:12:56,ACTIVE
CUST007164,Megan,George,scottjennifer@example.org,JP,CHECKING,2025-03-06 21:56:53,SUSPENDED
CUST007165,Kenneth,Cuevas,michelle58@example.com,IT,BUSINESS,2024-03-29 02:09:09,ACTIVE
CUST007166,Regina,Cooper,hlove@example.org,ES,BUSINESS,2025-06-24 04:51:09,CLOSED
CUST007167,Daniel,Gonzalez,stevenfrancis@example.org,IT,SAVINGS,2023-02-18 15:54:17,ACTIVE
CUST007168,Adriana,Sweeney,dustinlogan@example.org,JP,BUSINESS,2025-08-19 20:39:21,ACTIVE
CUST007169,Katrina,Simmons,jonathan84@example.org,AU,BUSINESS,2025-11-24 17:35:09,ACTIVE
CUST007170,Michelle,Mack,tina45@example.net,US,BUSINESS,2023-12-28 06:58:24,ACTIVE
CUST007171,Deborah,Lopez,cortezeric@example.org,FR,SAVINGS,2024-03-15 07:38:25,ACTIVE
CUST007172,Jesus,Perry,michael38@example.net,AU,BUSINESS,2023-02-11 11:30:30,SUSPENDED
CUST007173,Tonya,Lewis,kevinhuber@example.net,IT,BUSINESS,2023-09-24 17:08:11,ACTIVE
CUST007174,Jeffery,Hughes,valerieschroeder@example.net,BE,CHECKING,2025-03-08 01:12:55,SUSPENDED
CUST007175,Lisa,Townsend,kevin20@example.org,AU,SAVINGS,2026-04-21 11:52:43,CLOSED
CUST007176,Aaron,Harris,efowler@example.net,NL,SAVINGS,2022-04-24 18:30:45,ACTIVE
CUST007177,Rachel,Powers,garellano@example.com,AU,CHECKING,2022-05-29 10:27:57,SUSPENDED
CUST007178,Darius,Miller,fieldsmary@example.org,NL,BUSINESS,2022-03-28 06:14:18,CLOSED
CUST007179,Michael,Lynch,anawilson@example.net,US,CHECKING,2025-08-01 20:42:41,ACTIVE
CUST007180,Nancy,Calhoun,benjamin16@example.org,GB,BUSINESS,2025-06-18 21:00:14,ACTIVE
CUST007181,Nicole,Diaz,olivia92@example.org,SG,SAVINGS,2024-10-20 00:25:43,ACTIVE
CUST007182,Caleb,Rios,browndeanna@example.com,AU,CHECKING,2024-02-27 16:37:31,CLOSED
CUST007183,Jeffrey,Johnson,ifreeman@example.org,DE,BUSINESS,2024-11-02 18:32:02,ACTIVE
CUST007184,Matthew,Knight,seangutierrez@example.org,ES,BUSINESS,2026-05-11 11:20:08,ACTIVE
CUST007185,Alan,Chen,patrickgonzalez@example.org,IT,CHECKING,2024-12-30 06:23:16,ACTIVE
CUST007186,Lisa,Butler,heathergarcia@example.com,SG,CHECKING,2023-09-30 06:26:41,SUSPENDED
CUST007187,Christian,Brown,jeremy98@example.com,ES,CHECKING,2022-04-26 00:39:59,ACTIVE
CUST007188,Joshua,Adams,ryanwoodard@example.org,DE,BUSINESS,2023-07-12 06:55:04,ACTIVE
CUST007189,Anthony,Bennett,jessica14@example.org,JP,CHECKING,2025-12-15 05:10:08,ACTIVE
CUST007190,Jessica,Bass,gutierrezkevin@example.net,IN,BUSINESS,2022-10-16 22:10:39,ACTIVE
CUST007191,Hannah,Barber,rebekah05@example.net,GB,CHECKING,2024-01-26 00:37:49,ACTIVE
CUST007192,Diane,Green,tracy52@example.net,IT,SAVINGS,2025-10-08 04:57:37,ACTIVE
CUST007193,Laurie,Martin,matthew97@example.net,ES,BUSINESS,2026-05-18 10:38:57,ACTIVE
CUST007194,Sherri,Daniels,sararoberts@example.com,IN,SAVINGS,2024-02-28 07:19:16,ACTIVE
CUST007195,Anthony,Curtis,edward00@example.org,GB,SAVINGS,2024-03-15 04:17:57,CLOSED
CUST007196,Daisy,Carr,rodriguezmaria@example.com,JP,SAVINGS,2025-06-09 15:52:49,SUSPENDED
CUST007197,Alison,Mcbride,jason05@example.com,JP,CHECKING,2026-04-19 01:16:28,ACTIVE
CUST007198,Omar,Mahoney,ywheeler@example.org,IT,SAVINGS,2023-08-31 12:53:17,ACTIVE
CUST007199,Ashley,Solis,johnsonemily@example.org,IT,BUSINESS,2024-08-05 17:24:25,ACTIVE
CUST007200,Joanna,Dunlap,michelle25@example.com,US,SAVINGS,2023-05-27 22:33:20,ACTIVE
CUST007201,Shawn,Short,danielmontoya@example.org,GB,CHECKING,2024-04-19 03:02:16,ACTIVE
CUST007202,Michael,Ball,hroman@example.org,FR,SAVINGS,2022-06-16 12:49:07,SUSPENDED
CUST007203,Joann,Wilson,fbell@example.org,ES,CHECKING,2023-05-28 05:33:14,ACTIVE
CUST007204,Michael,Gonzalez,patriciacollier@example.net,SG,SAVINGS,2023-02-24 09:29:27,CLOSED
CUST007205,David,Miller,triley@example.org,NL,CHECKING,2026-05-10 04:26:42,SUSPENDED
CUST007206,Tyler,Kelley,elliscasey@example.com,DE,SAVINGS,2023-06-26 18:51:23,ACTIVE
CUST007207,Michael,Horton,durhamrobin@example.com,NL,SAVINGS,2026-03-25 14:00:05,ACTIVE
CUST007208,Peggy,Parsons,markmoore@example.com,GB,CHECKING,2023-06-18 00:04:22,SUSPENDED
CUST007209,Cheryl,Hartman,emilyharris@example.org,AE,BUSINESS,2025-04-23 20:46:00,ACTIVE
CUST007210,Christopher,Moore,sarahfisher@example.net,AU,SAVINGS,2025-09-11 05:55:21,ACTIVE
CUST007211,Angela,Hernandez,golson@example.com,NL,BUSINESS,2023-07-16 22:07:34,ACTIVE
CUST007212,Randy,Gonzales,brandonlawrence@example.net,US,CHECKING,2024-08-28 10:18:25,ACTIVE
CUST007213,Barry,Reyes,suttondarlene@example.net,IN,SAVINGS,2026-04-19 10:57:07,SUSPENDED
CUST007214,Lee,Wyatt,kholmes@example.com,NL,CHECKING,2024-02-16 12:52:16,SUSPENDED
CUST007215,Christian,Mitchell,jamiecannon@example.org,IT,SAVINGS,2022-05-23 05:42:22,ACTIVE
CUST007216,Luis,Sherman,larry02@example.com,FR,CHECKING,2022-09-18 09:30:31,SUSPENDED
CUST007217,Cory,Williams,baldwinkaren@example.com,GB,CHECKING,2023-10-10 15:25:07,CLOSED
CUST007218,Geoffrey,Cohen,piercemichelle@example.org,CA,BUSINESS,2022-05-28 21:07:29,ACTIVE
CUST007219,Ronald,Gomez,gonzalezpatty@example.com,DE,SAVINGS,2023-09-11 12:37:36,ACTIVE
CUST007220,Lauren,Robertson,qmiller@example.com,CA,SAVINGS,2025-12-30 14:46:00,ACTIVE
CUST007221,Keith,Morris,kyle30@example.org,NL,BUSINESS,2025-08-06 16:57:04,CLOSED
CUST007222,Debbie,Patton,erojas@example.com,AE,SAVINGS,2022-09-05 17:34:37,SUSPENDED
CUST007223,Deborah,Carter,vunderwood@example.com,FR,CHECKING,2022-07-03 00:27:54,CLOSED
CUST007224,Walter,Davis,jamesthompson@example.com,PK,CHECKING,2023-07-15 05:44:46,ACTIVE
CUST007225,Michele,Lynn,janicegonzalez@example.com,PK,SAVINGS,2025-07-14 13:39:35,ACTIVE
CUST007226,Jessica,Ford,dpowell@example.com,AE,CHECKING,2022-02-22 18:38:24,CLOSED
CUST007227,Jacob,Escobar,andrew66@example.com,IN,BUSINESS,2022-01-11 01:41:50,CLOSED
CUST007228,Sharon,Johnston,andrew52@example.com,AE,BUSINESS,2022-05-06 20:32:36,ACTIVE
CUST007229,Stacy,Fisher,vwatson@example.org,JP,SAVINGS,2022-10-21 20:03:47,CLOSED
CUST007230,Paul,Spence,gnelson@example.net,FR,CHECKING,2023-11-10 06:48:35,ACTIVE
CUST007231,Caleb,Chambers,craigmary@example.org,BE,BUSINESS,2026-06-27 16:25:01,CLOSED
CUST007232,Ryan,Campbell,lucascobb@example.com,GB,BUSINESS,2022-01-28 01:48:20,ACTIVE
CUST007233,Adrian,Macias,adrianpalmer@example.org,FR,SAVINGS,2024-12-11 07:41:19,ACTIVE
CUST007234,Crystal,Schmidt,vargasjennifer@example.net,ES,CHECKING,2022-11-19 06:22:52,ACTIVE
CUST007235,Thomas,Knight,angelicachase@example.net,SG,SAVINGS,2026-03-12 10:30:16,ACTIVE
CUST007236,Timothy,Munoz,gutierrezaaron@example.net,SG,SAVINGS,2022-04-12 09:39:37,CLOSED
CUST007237,Steven,Cox,ggarner@example.net,IT,BUSINESS,2021-12-02 20:15:53,SUSPENDED
CUST007238,Tammy,Jordan,usutton@example.net,JP,BUSINESS,2022-09-18 05:11:04,CLOSED
CUST007239,David,Anderson,cookgina@example.net,AU,SAVINGS,2023-07-25 00:58:27,ACTIVE
CUST007240,Gary,Rodriguez,vbrennan@example.net,GB,SAVINGS,2022-05-02 08:10:56,CLOSED
CUST007241,Tony,Burns,harrismegan@example.com,IT,CHECKING,2024-02-11 08:39:31,ACTIVE
CUST007242,Ashley,Wilson,devin76@example.org,FR,SAVINGS,2024-07-31 04:47:32,ACTIVE
CUST007243,Matthew,Wright,xhenderson@example.org,US,CHECKING,2022-06-09 21:00:13,CLOSED
CUST007244,Michelle,Humphrey,samuel65@example.org,BE,SAVINGS,2024-11-28 13:36:44,ACTIVE
CUST007245,Jason,Rodriguez,taylorsaunders@example.com,GB,BUSINESS,2026-03-14 00:58:10,ACTIVE
CUST007246,Heather,Gutierrez,oneillvalerie@example.org,SG,CHECKING,2024-02-04 03:46:10,ACTIVE
CUST007247,David,Mueller,lopezjustin@example.org,AU,CHECKING,2025-09-04 05:47:04,ACTIVE
CUST007248,Larry,Watkins,tnguyen@example.net,GB,CHECKING,2024-03-01 09:43:06,ACTIVE
CUST007249,Ronnie,Stewart,amber18@example.com,US,SAVINGS,2023-07-02 17:59:20,CLOSED
CUST007250,Christina,Grant,danielmartinez@example.com,SG,CHECKING,2024-06-03 06:09:24,ACTIVE
CUST007251,William,Ayers,cramirez@example.com,JP,BUSINESS,2022-02-21 22:19:40,SUSPENDED
CUST007252,Jeffery,Brown,clarkkathryn@example.com,SG,CHECKING,2024-10-28 15:12:52,ACTIVE
CUST007253,Brian,Bush,amorris@example.net,SG,CHECKING,2026-06-08 14:00:18,ACTIVE
CUST007254,Samantha,Norris,amymccormick@example.com,BE,CHECKING,2025-09-22 15:54:07,ACTIVE
CUST007255,Nicole,Miller,christopher53@example.net,NL,CHECKING,2026-01-22 19:24:45,CLOSED
CUST007256,Mary,Weeks,josephguerra@example.org,GB,CHECKING,2025-04-03 13:59:21,ACTIVE
CUST007257,Miguel,Ellis,cherylhardy@example.net,JP,BUSINESS,2025-06-09 16:47:15,SUSPENDED
CUST007258,Robert,Reyes,tduran@example.org,PK,CHECKING,2025-03-25 11:00:59,ACTIVE
CUST007259,Lisa,Welch,patriciahall@example.com,BE,CHECKING,2025-05-25 08:47:15,CLOSED
CUST007260,Melissa,Tucker,larry10@example.net,DE,CHECKING,2026-05-27 05:38:36,ACTIVE
CUST007261,Johnathan,Richards,currykathleen@example.net,AE,BUSINESS,2023-03-26 09:10:52,CLOSED
CUST007262,Valerie,Brown,robinsonsally@example.com,SG,BUSINESS,2021-12-12 17:58:21,ACTIVE
CUST007263,Cindy,Sanchez,thomassutton@example.com,FR,SAVINGS,2023-05-02 22:28:15,ACTIVE
CUST007264,Grace,Mccall,clarkelizabeth@example.com,CA,CHECKING,2025-01-11 02:10:15,ACTIVE
CUST007265,Ralph,Santana,colin84@example.com,PK,SAVINGS,2025-12-23 04:15:21,ACTIVE
CUST007266,Krystal,Jimenez,gfox@example.com,AE,SAVINGS,2024-08-15 19:31:32,ACTIVE
CUST007267,Melissa,Garrett,wharvey@example.com,DE,CHECKING,2026-08-04 11:53:15,CLOSED
CUST007268,Thomas,Garcia,ellissuzanne@example.com,AU,CHECKING,2025-03-12 05:23:22,CLOSED
CUST007269,Carl,Dillon,galvanbrianna@example.org,NL,CHECKING,2023-07-26 11:00:21,SUSPENDED
CUST007270,Danielle,Duncan,cole83@example.org,SG,SAVINGS,2025-11-04 16:57:36,ACTIVE
CUST007271,Ellen,Hayden,bmeyer@example.net,AE,SAVINGS,2026-07-05 10:36:59,CLOSED
CUST007272,Alicia,Thomas,perezsheri@example.com,SG,CHECKING,2022-03-01 08:16:29,ACTIVE
CUST007273,Darlene,Ferrell,ruth41@example.org,SG,CHECKING,2023-12-20 08:23:40,CLOSED
CUST007274,Kari,Williams,xcuevas@example.org,FR,BUSINESS,2023-07-19 04:00:35,ACTIVE
CUST007275,Jason,Thompson,caroline76@example.org,IT,CHECKING,2023-10-07 04:17:56,ACTIVE
CUST007276,Jennifer,Mccoy,eroy@example.org,IT,BUSINESS,2026-03-30 00:16:40,ACTIVE
CUST007277,Joseph,Villegas,karinagarza@example.org,SG,CHECKING,2024-03-17 17:12:02,ACTIVE
CUST007278,Kendra,Harris,zdaniels@example.org,IN,CHECKING,2022-11-14 05:43:26,ACTIVE
CUST007279,Heather,Bradley,jhenry@example.org,ES,SAVINGS,2023-04-26 22:02:56,SUSPENDED
CUST007280,Matthew,Welch,rchristensen@example.net,FR,BUSINESS,2023-07-30 17:43:58,SUSPENDED
CUST007281,Vanessa,Martinez,sarahhendricks@example.net,IT,BUSINESS,2023-04-11 09:51:23,ACTIVE
CUST007282,Gabriella,Torres,john12@example.org,FR,CHECKING,2021-12-02 12:51:29,ACTIVE
CUST007283,April,Rivera,collinsteresa@example.org,BE,BUSINESS,2023-02-21 07:48:10,ACTIVE
CUST007284,Joshua,Rowland,zjohnson@example.net,IN,BUSINESS,2023-10-15 22:34:59,SUSPENDED
CUST007285,Isaac,Sanchez,nsharp@example.org,ES,BUSINESS,2023-05-23 00:08:50,ACTIVE
CUST007286,Kerry,Schultz,bryan71@example.net,IN,CHECKING,2026-07-08 16:21:57,SUSPENDED
CUST007287,Rachel,Pitts,emartin@example.com,GB,CHECKING,2025-08-21 18:16:40,ACTIVE
CUST007288,Catherine,Ho,jessica92@example.org,BE,CHECKING,2021-12-12 09:44:57,CLOSED
CUST007289,Lisa,Simpson,istafford@example.org,ES,BUSINESS,2022-05-03 20:08:19,SUSPENDED
CUST007290,Jeanette,Barry,bwang@example.net,DE,CHECKING,2025-10-26 21:25:01,ACTIVE
CUST007291,Gabriela,Fisher,walkerjoshua@example.org,IT,CHECKING,2023-12-26 03:06:52,ACTIVE
CUST007292,Brenda,Velasquez,olyons@example.com,GB,CHECKING,2022-06-07 12:05:56,SUSPENDED
CUST007293,Cheryl,Myers,wdavis@example.com,IT,BUSINESS,2022-02-01 12:29:42,ACTIVE
CUST007294,Veronica,Stewart,bmaxwell@example.org,NL,BUSINESS,2023-06-21 21:37:12,CLOSED
CUST007295,Scott,Watson,rford@example.com,SG,BUSINESS,2022-09-11 13:10:56,CLOSED
CUST007296,Gregory,Johnston,melissarios@example.net,PK,BUSINESS,2022-05-20 20:53:50,CLOSED
CUST007297,Travis,Griffith,wsmith@example.com,BE,SAVINGS,2021-09-29 14:26:34,ACTIVE
CUST007298,Aaron,Jackson,bray@example.org,IN,BUSINESS,2024-01-01 23:38:37,CLOSED
CUST007299,Kevin,White,stacy00@example.org,JP,BUSINESS,2026-04-15 00:45:44,ACTIVE
CUST007300,Tyler,Walsh,fisherkrista@example.com,US,SAVINGS,2025-04-02 15:41:00,ACTIVE
CUST007301,Rachael,Peterson,joan18@example.com,AU,SAVINGS,2026-04-07 21:14:13,ACTIVE
CUST007302,Debbie,Colon,carolyn87@example.net,BE,SAVINGS,2023-12-17 17:47:48,CLOSED
CUST007303,Carrie,Lee,adriangriffith@example.org,IT,BUSINESS,2023-01-25 21:37:27,ACTIVE
CUST007304,Nicholas,Trevino,bmason@example.net,IT,SAVINGS,2023-05-30 15:31:42,ACTIVE
CUST007305,Thomas,Watson,yschmidt@example.com,GB,BUSINESS,2024-06-08 12:48:29,SUSPENDED
CUST007306,Timothy,Steele,neaton@example.org,PK,CHECKING,2026-08-01 10:23:59,CLOSED
CUST007307,Douglas,Burgess,broberts@example.net,DE,BUSINESS,2022-08-07 06:35:58,ACTIVE
CUST007308,Jeffrey,Hernandez,tiffany50@example.com,PK,CHECKING,2022-04-18 16:06:15,ACTIVE
CUST007309,Devin,Fisher,karen50@example.net,SG,BUSINESS,2024-01-16 06:26:44,CLOSED
CUST007310,Mary,Edwards,shall@example.net,IN,CHECKING,2022-12-06 15:40:11,CLOSED
CUST007311,Donna,Coleman,dustinsandoval@example.com,US,SAVINGS,2025-05-18 12:13:25,CLOSED
CUST007312,Ross,Harris,lindarasmussen@example.org,SG,BUSINESS,2025-09-28 18:30:34,ACTIVE
CUST007313,Suzanne,Brown,jonathanfox@example.net,FR,BUSINESS,2026-02-21 11:02:01,ACTIVE
CUST007314,Erica,Patterson,fullerdiana@example.org,CA,CHECKING,2024-12-16 11:44:19,ACTIVE
CUST007315,Cheyenne,Morrison,katelynsalazar@example.org,IT,CHECKING,2023-09-28 01:17:10,CLOSED
CUST007316,William,Ramsey,jfuentes@example.net,IN,BUSINESS,2023-06-09 16:43:15,CLOSED
CUST007317,Andrea,Hogan,michaelmartinez@example.com,PK,CHECKING,2023-06-10 03:20:54,ACTIVE
CUST007318,Angela,Cortez,bartlettnicholas@example.org,CA,BUSINESS,2022-11-09 19:20:02,ACTIVE
CUST007319,John,Johnson,timothyproctor@example.org,BE,BUSINESS,2024-09-16 16:02:03,CLOSED
CUST007320,Dean,Riley,bennettzachary@example.net,DE,SAVINGS,2025-01-31 06:22:55,ACTIVE
CUST007321,Anthony,Gonzalez,sarahthompson@example.net,BE,BUSINESS,2024-08-19 13:56:38,ACTIVE
CUST007322,Brian,Foster,whitneymoore@example.net,IN,CHECKING,2025-05-04 14:42:05,ACTIVE
CUST007323,Jacob,Davis,colescott@example.net,GB,SAVINGS,2025-06-05 18:54:18,ACTIVE
CUST007324,Lindsay,Medina,qnixon@example.net,ES,CHECKING,2023-08-06 16:48:32,ACTIVE
CUST007325,Jacqueline,Olson,lucerobrandon@example.net,CA,CHECKING,2026-07-20 17:50:32,CLOSED
CUST007326,Samuel,Solomon,jeffward@example.net,US,CHECKING,2025-10-13 03:09:53,SUSPENDED
CUST007327,Juan,Barnett,theresataylor@example.org,SG,BUSINESS,2022-02-13 09:08:11,CLOSED
CUST007328,Jenna,Allen,tracey77@example.org,DE,BUSINESS,2024-12-17 16:53:06,ACTIVE
CUST007329,Michael,Rice,kimberly19@example.net,US,CHECKING,2025-02-15 17:50:29,ACTIVE
CUST007330,Karen,Miller,bettysmith@example.org,IN,SAVINGS,2024-09-30 09:39:08,ACTIVE
CUST007331,Teresa,White,npowell@example.net,FR,CHECKING,2026-05-02 12:51:13,ACTIVE
CUST007332,Michael,Cannon,hguerrero@example.com,AE,BUSINESS,2021-12-10 17:17:42,ACTIVE
CUST007333,Alex,Taylor,megan85@example.net,IN,BUSINESS,2021-09-20 05:18:16,ACTIVE
CUST007334,Anthony,Howell,rhamilton@example.net,DE,SAVINGS,2026-06-26 13:28:53,ACTIVE
CUST007335,Eugene,Terry,deanna50@example.com,AE,BUSINESS,2022-03-14 18:48:19,CLOSED
CUST007336,Monica,Jensen,wesley73@example.com,DE,CHECKING,2025-10-18 22:19:47,ACTIVE
CUST007337,Nicholas,Perez,stephanie53@example.com,US,CHECKING,2024-02-23 21:28:31,SUSPENDED
CUST007338,Christine,Myers,freemanjennifer@example.net,AE,BUSINESS,2025-06-06 21:15:03,ACTIVE
CUST007339,Stephen,Hernandez,heidiparker@example.com,FR,BUSINESS,2022-05-15 05:31:33,CLOSED
CUST007340,Katelyn,Morris,joeljohnson@example.org,FR,BUSINESS,2025-11-15 21:43:27,ACTIVE
CUST007341,Alex,Stevens,judy76@example.net,BE,SAVINGS,2025-08-25 20:36:30,SUSPENDED
CUST007342,Kathryn,Schwartz,melissaholt@example.com,JP,CHECKING,2022-07-27 20:31:59,CLOSED
CUST007343,Johnny,Allen,rbanks@example.org,JP,SAVINGS,2022-08-24 00:36:28,ACTIVE
CUST007344,Sarah,Black,mooresue@example.org,NL,CHECKING,2025-11-19 13:46:53,ACTIVE
CUST007345,Matthew,Smith,powellmichele@example.net,CA,CHECKING,2022-05-03 17:56:41,CLOSED
CUST007346,Stephanie,Diaz,sarah39@example.net,JP,BUSINESS,2022-12-25 13:20:20,CLOSED
CUST007347,Michelle,Delacruz,luis65@example.org,US,SAVINGS,2023-06-15 12:38:51,SUSPENDED
CUST007348,Hunter,Davis,joshua13@example.net,CA,CHECKING,2026-07-07 00:31:35,ACTIVE
CUST007349,Autumn,Rios,mmorales@example.org,ES,SAVINGS,2023-06-04 14:19:02,CLOSED
CUST007350,Sharon,Allen,stewartbrandy@example.net,AU,CHECKING,2022-01-01 16:36:14,ACTIVE
CUST007351,Timothy,Bailey,tharper@example.org,GB,SAVINGS,2021-10-04 22:01:46,ACTIVE
CUST007352,Mary,Short,robertrodriguez@example.org,CA,SAVINGS,2022-11-03 23:45:01,SUSPENDED
CUST007353,April,Washington,bushwayne@example.org,FR,CHECKING,2022-03-11 20:00:23,CLOSED
CUST007354,Shawn,Lee,mcdanielbecky@example.net,FR,CHECKING,2023-08-07 13:47:37,ACTIVE
CUST007355,Marissa,Thomas,lee87@example.net,PK,CHECKING,2026-08-10 19:20:58,SUSPENDED
CUST007356,Carrie,Carpenter,ktaylor@example.org,BE,BUSINESS,2021-09-17 14:24:44,ACTIVE
CUST007357,Kimberly,Lopez,,DE,SAVINGS,2024-09-14 09:11:56,CLOSED
CUST007358,Brandon,Reyes,castrojames@example.org,NL,BUSINESS,2026-07-04 08:50:31,ACTIVE
CUST007359,Cody,Delgado,bakerjessica@example.com,GB,SAVINGS,2026-02-21 19:34:48,CLOSED
CUST007360,Ashley,Nguyen,kelleyjoseph@example.org,DE,CHECKING,2023-09-15 18:05:34,SUSPENDED
CUST007361,Amy,Shepard,tgomez@example.com,ES,SAVINGS,2022-03-29 00:54:00,CLOSED
CUST007362,Cindy,Lopez,dmay@example.net,IT,SAVINGS,2024-10-26 14:09:07,ACTIVE
CUST007363,Jon,Ellis,zjohnson@example.com,JP,CHECKING,2022-12-14 08:51:17,ACTIVE
CUST007364,Jeffrey,Hodge,bassphilip@example.org,NL,CHECKING,2026-08-15 04:12:37,CLOSED
CUST007365,Deborah,Parker,xsavage@example.org,GB,BUSINESS,2022-06-24 01:06:50,ACTIVE
CUST007366,Dillon,Preston,sallywilliams@example.com,CA,BUSINESS,2024-11-02 11:24:23,ACTIVE
CUST007367,Michele,Reynolds,mathismaria@example.org,JP,SAVINGS,2024-08-13 11:40:02,ACTIVE
CUST007368,Christina,Davenport,dawn76@example.com,GB,CHECKING,2025-10-09 09:07:41,ACTIVE
CUST007369,Amanda,Andrews,pberry@example.net,GB,BUSINESS,2022-06-20 09:55:08,CLOSED
CUST007370,Sara,Parker,jeremiah29@example.net,CA,SAVINGS,2022-01-01 22:10:59,CLOSED
CUST007371,Janet,Nguyen,christophergibbs@example.net,BE,CHECKING,2024-12-11 17:08:21,CLOSED
CUST007372,Lindsey,Smith,johnsonstanley@example.com,AE,BUSINESS,2025-11-16 20:58:41,CLOSED
CUST007373,Charles,Duran,jacob32@example.org,ES,CHECKING,2022-07-04 08:48:05,ACTIVE
CUST007374,Charles,Chen,andersondeborah@example.net,FR,SAVINGS,2022-10-14 17:33:05,ACTIVE
CUST007375,Jimmy,Cole,pattonstacy@example.org,PK,CHECKING,2021-09-17 13:44:04,SUSPENDED
CUST007376,Cheryl,Mcgrath,connorbaker@example.org,NL,BUSINESS,2023-10-10 20:27:16,ACTIVE
CUST007377,Travis,Morse,clarkpaul@example.org,PK,BUSINESS,2023-03-09 19:10:05,CLOSED
CUST007378,Zachary,Baker,lindabutler@example.com,SG,CHECKING,2026-05-07 21:51:44,ACTIVE
CUST007379,Philip,Hodges,adkinssusan@example.net,JP,BUSINESS,2021-12-30 00:44:31,ACTIVE
CUST007380,Anthony,Baldwin,samantha38@example.org,IN,BUSINESS,2024-06-08 08:51:03,ACTIVE
CUST007381,Taylor,Watson,durhammelissa@example.com,CA,SAVINGS,2023-07-12 16:38:08,SUSPENDED
CUST007382,Gabrielle,Archer,shawn18@example.net,PK,CHECKING,2022-01-25 17:05:10,CLOSED
CUST007383,Susan,Gibson,christine14@example.net,IT,SAVINGS,2026-01-25 20:44:54,ACTIVE
CUST007384,Monica,Wilson,friedmanjoseph@example.com,CA,BUSINESS,2022-06-09 08:15:10,ACTIVE
CUST007385,Pamela,Barrett,johnny71@example.org,GB,SAVINGS,2021-09-06 01:18:36,ACTIVE
CUST007386,Mikayla,Russell,robert26@example.com,ES,BUSINESS,2025-04-16 19:52:03,ACTIVE
CUST007387,Amanda,Cox,elizabeth36@example.org,ES,BUSINESS,2025-11-18 12:54:09,SUSPENDED
CUST007388,Sarah,Crawford,nward@example.com,AU,BUSINESS,2022-01-13 23:43:00,ACTIVE
CUST007389,Gary,Perez,sandra23@example.net,SG,CHECKING,2022-07-09 05:59:08,CLOSED
CUST007390,Mary,White,rpatterson@example.net,AU,BUSINESS,2024-04-13 18:02:22,ACTIVE
CUST007391,Christina,Rodriguez,ydavis@example.org,GB,SAVINGS,2026-04-26 02:50:40,ACTIVE
CUST007392,Zachary,Powell,amanda05@example.org,FR,CHECKING,2023-05-11 05:18:28,SUSPENDED
CUST007393,Christopher,Ward,chrisgood@example.com,AE,BUSINESS,2025-04-25 10:58:12,ACTIVE
CUST007394,Daniel,Rodriguez,kmosley@example.com,BE,BUSINESS,2025-12-16 21:42:16,CLOSED
CUST007395,Keith,Lopez,stephen93@example.com,GB,CHECKING,2023-02-07 03:50:19,ACTIVE
CUST007396,Kaitlin,Perez,olsonomar@example.net,NL,SAVINGS,2025-02-10 22:56:30,ACTIVE
CUST007397,Angela,Ibarra,alexa58@example.com,US,CHECKING,2023-04-29 14:48:04,SUSPENDED
CUST007398,David,Walters,heather74@example.org,NL,BUSINESS,2026-02-20 01:10:37,SUSPENDED
CUST007399,Seth,Griffin,grimesjames@example.com,ES,SAVINGS,2022-12-09 02:35:47,ACTIVE
CUST007400,Autumn,Barnes,vreed@example.com,AE,SAVINGS,2025-10-10 15:18:21,ACTIVE
CUST007401,Brittany,Patrick,cruzwilliam@example.org,ES,SAVINGS,2024-02-09 21:17:20,ACTIVE
CUST007402,Jose,Murphy,huntercarla@example.com,SG,BUSINESS,2024-06-27 08:55:41,ACTIVE
CUST007403,Lawrence,Richards,keithwood@example.org,BE,BUSINESS,2026-01-08 00:19:53,ACTIVE
CUST007404,Susan,Young,adam61@example.net,NL,CHECKING,2025-06-27 23:25:13,ACTIVE
CUST007405,Brandon,Collier,hking@example.com,JP,CHECKING,2024-04-01 23:36:18,SUSPENDED
CUST007406,Mark,Kidd,wnorris@example.org,GB,SAVINGS,2021-10-26 19:49:35,SUSPENDED
CUST007407,Cole,Howard,hillshelley@example.org,AE,SAVINGS,2024-11-16 20:14:35,ACTIVE
CUST007408,Gail,Evans,bellthomas@example.org,CA,BUSINESS,2025-09-09 18:31:52,CLOSED
CUST007409,Ronald,Bonilla,adrian91@example.org,CA,CHECKING,2023-12-03 09:54:00,ACTIVE
CUST007410,Charles,Henry,smithadam@example.org,SG,CHECKING,2026-07-13 08:18:21,ACTIVE
CUST007411,Nicholas,Day,rebecca14@example.net,IT,BUSINESS,2024-09-12 01:58:22,CLOSED
CUST007412,Corey,Aguilar,mark38@example.com,CA,CHECKING,2023-06-17 05:45:35,ACTIVE
CUST007413,Patrick,Johnson,zthompson@example.com,BE,BUSINESS,2022-04-24 10:47:06,ACTIVE
CUST007414,Megan,Holmes,john88@example.org,US,BUSINESS,2024-11-26 05:25:16,ACTIVE
CUST007415,Maria,Collins,miareeves@example.org,JP,BUSINESS,2021-11-05 12:57:34,ACTIVE
CUST007416,Madeline,Munoz,yreilly@example.com,FR,SAVINGS,2024-12-04 03:27:27,ACTIVE
CUST007417,Joshua,Peterson,andrewsmith@example.net,IN,SAVINGS,2021-09-02 11:40:33,ACTIVE
CUST007418,Jose,Reeves,craigchristina@example.net,IT,CHECKING,2022-05-12 08:12:44,ACTIVE
CUST007419,Mary,Mendoza,brianthompson@example.net,AE,SAVINGS,2024-11-10 16:17:30,ACTIVE
CUST007420,John,Vang,nwhite@example.com,IN,BUSINESS,2023-07-16 03:30:04,ACTIVE
CUST007421,Marissa,Austin,brian32@example.net,AU,SAVINGS,2024-12-06 05:29:35,ACTIVE
CUST007422,Pamela,Rivera,greenjesus@example.org,GB,BUSINESS,2024-06-07 13:49:46,ACTIVE
CUST007423,Megan,Martin,jorge30@example.com,AE,CHECKING,2023-06-06 11:40:32,ACTIVE
CUST007424,Susan,Elliott,kaylabridges@example.org,DE,CHECKING,2023-04-22 12:02:21,CLOSED
CUST007425,Erica,Reed,aphillips@example.org,US,BUSINESS,2024-11-17 14:32:19,SUSPENDED
CUST007426,Madison,Espinoza,qmoore@example.org,SG,CHECKING,2024-04-27 19:52:03,CLOSED
CUST007427,Christopher,Pena,dannyphelps@example.com,FR,BUSINESS,2022-06-04 14:14:41,ACTIVE
CUST007428,Kylie,Franklin,haynesryan@example.com,IT,BUSINESS,2024-04-16 01:38:02,ACTIVE
CUST007429,Jennifer,Mcpherson,helenglass@example.org,JP,BUSINESS,2025-04-16 06:34:24,ACTIVE
CUST007430,Billy,Gutierrez,garymeyer@example.org,US,CHECKING,2024-09-16 22:48:59,ACTIVE
CUST007431,Melissa,Lynch,amandacarlson@example.net,GB,BUSINESS,2024-03-16 10:31:22,ACTIVE
CUST007432,Michael,Conway,ericbrown@example.com,IT,CHECKING,2024-01-08 10:54:58,SUSPENDED
CUST007433,Michelle,Morris,cindy75@example.com,IN,CHECKING,2024-10-06 06:26:09,ACTIVE
CUST007434,Leroy,Martin,wanda38@example.org,DE,BUSINESS,2025-04-16 17:01:33,CLOSED
CUST007435,Tracy,Henderson,fbrown@example.net,US,SAVINGS,2021-09-04 13:49:19,SUSPENDED
CUST007436,Christian,Anderson,sanchezdawn@example.net,DE,SAVINGS,2026-01-14 02:45:40,CLOSED
CUST007437,Trevor,Hartman,gregory44@example.net,IN,SAVINGS,2025-12-31 02:29:43,CLOSED
CUST007438,Jason,Mcguire,erica57@example.com,SG,BUSINESS,2026-06-12 10:32:39,ACTIVE
CUST007439,William,Joseph,christineblackwell@example.org,FR,CHECKING,2026-06-06 07:38:05,ACTIVE
CUST007440,Heather,Cox,mikayla30@example.net,IN,CHECKING,2023-04-14 21:39:29,ACTIVE
CUST007441,Sharon,Norris,gerald15@example.org,AU,CHECKING,2025-10-26 10:16:00,ACTIVE
CUST007442,James,Mercer,bfisher@example.com,AE,SAVINGS,2026-03-07 02:43:15,ACTIVE
CUST007443,Jennifer,Bowman,teresascott@example.org,CA,CHECKING,2024-09-10 13:03:08,CLOSED
CUST007444,Thomas,Flores,smithbrandon@example.org,CA,CHECKING,2021-12-24 07:33:50,ACTIVE
CUST007445,Lauren,Fuentes,harrygarcia@example.org,SG,SAVINGS,2023-06-07 19:47:44,ACTIVE
CUST007446,Brandi,Woodward,whitemichelle@example.com,US,BUSINESS,2026-01-02 06:34:41,SUSPENDED
CUST007447,Jeffrey,Lee,rhonda14@example.org,NL,BUSINESS,2023-01-17 20:26:05,ACTIVE
CUST007448,Robert,Hall,robertkidd@example.org,IN,BUSINESS,2022-08-14 00:09:29,ACTIVE
CUST007449,Kenneth,Flores,prodriguez@example.org,SG,SAVINGS,2023-12-01 23:46:09,ACTIVE
CUST007450,Marc,Davenport,cfreeman@example.com,PK,BUSINESS,2026-05-01 15:42:39,ACTIVE
CUST007451,Vincent,Johnson,sheltondanielle@example.net,GB,SAVINGS,2022-07-03 11:02:10,CLOSED
CUST007452,Jared,Henderson,jacob26@example.org,AE,SAVINGS,2024-07-09 15:29:48,ACTIVE
CUST007453,Michael,Adams,clarkjennifer@example.net,PK,CHECKING,2026-06-08 12:01:04,ACTIVE
CUST007454,Janice,Miller,sean97@example.org,NL,BUSINESS,2023-02-23 05:54:35,ACTIVE
CUST007455,James,Kelley,kelly52@example.com,AE,CHECKING,2026-05-28 19:15:14,CLOSED
CUST007456,Jessica,Kim,crystalsmith@example.org,JP,BUSINESS,2023-06-25 06:48:25,ACTIVE
CUST007457,Mark,Mitchell,alexissalazar@example.net,DE,BUSINESS,2026-03-11 18:43:41,ACTIVE
CUST007458,Ryan,Lawson,greenenathan@example.com,IT,CHECKING,2026-06-02 10:48:03,SUSPENDED
CUST007459,Samuel,Hurley,mhudson@example.net,CA,SAVINGS,2023-07-01 16:10:34,ACTIVE
CUST007460,Elizabeth,Sampson,eatoncourtney@example.com,IN,CHECKING,2026-06-06 10:00:33,CLOSED
CUST007461,Tara,Pruitt,hnelson@example.org,ES,SAVINGS,2023-08-23 23:33:15,ACTIVE
CUST007462,Sylvia,Miller,johnsonkeith@example.com,ES,BUSINESS,2024-07-07 00:42:42,ACTIVE
CUST007463,Daniel,Charles,april63@example.com,IT,BUSINESS,2023-06-11 05:21:36,CLOSED
CUST007464,Mathew,Harris,gjohnson@example.net,CA,CHECKING,2025-01-24 22:04:29,ACTIVE
CUST007465,Ricky,Hamilton,ilamb@example.com,IT,SAVINGS,2026-03-28 03:10:27,ACTIVE
CUST007466,Martha,Adams,davisevan@example.org,BE,SAVINGS,2022-02-25 22:25:15,SUSPENDED
CUST007467,Jennifer,Benson,michelle14@example.net,DE,CHECKING,2023-10-20 16:40:39,ACTIVE
CUST007468,Megan,Clark,rgross@example.com,PK,CHECKING,2023-05-11 19:14:22,ACTIVE
CUST007469,Christian,Morgan,qsimpson@example.org,ES,BUSINESS,2023-05-24 02:14:35,CLOSED
CUST007470,Erin,Murillo,stevenberry@example.org,GB,BUSINESS,2026-05-22 16:56:43,ACTIVE
CUST007471,Samantha,Gardner,amy97@example.net,IN,SAVINGS,2023-04-04 20:01:02,ACTIVE
CUST007472,Vanessa,Dillon,james23@example.org,AE,SAVINGS,2023-11-16 16:19:42,ACTIVE
CUST007473,Ashley,Hammond,judyjackson@example.net,US,SAVINGS,2026-04-24 16:55:19,SUSPENDED
CUST007474,Ryan,Coleman,shermanpaula@example.org,GB,BUSINESS,2026-05-05 02:17:07,ACTIVE
CUST007475,Bradley,Nelson,stewartlauren@example.com,CA,BUSINESS,2022-07-14 01:15:45,ACTIVE
CUST007476,Kelly,Howard,grantalexis@example.org,DE,BUSINESS,2023-09-16 18:14:52,ACTIVE
CUST007477,Emily,Mendoza,jennifer96@example.org,GB,CHECKING,2025-03-05 17:11:34,ACTIVE
CUST007478,Jonathan,Small,lindaturner@example.org,IT,CHECKING,2024-05-16 12:13:29,CLOSED
CUST007479,Heather,Norris,justinlewis@example.net,PK,CHECKING,2025-01-12 12:07:20,ACTIVE
CUST007480,Alexander,Roberts,anthony17@example.com,GB,SAVINGS,2024-01-01 08:37:28,CLOSED
CUST007481,Devon,Chambers,vrice@example.net,DE,CHECKING,2023-03-25 13:21:51,SUSPENDED
CUST007482,Shannon,Li,lgordon@example.org,ES,BUSINESS,2026-06-26 09:32:31,SUSPENDED
CUST007483,Corey,Holland,martinkristopher@example.com,DE,SAVINGS,2024-12-18 13:04:51,ACTIVE
CUST007484,David,Green,kimberlyherrera@example.net,DE,CHECKING,2025-10-20 07:21:42,ACTIVE
CUST007485,Aaron,Smith,amatthews@example.net,NL,SAVINGS,2025-05-08 23:12:34,ACTIVE
CUST007486,Emily,Howard,guerragina@example.net,FR,SAVINGS,2022-04-22 23:18:08,CLOSED
CUST007487,Charles,Peterson,joegonzales@example.org,CA,CHECKING,2024-08-17 18:29:28,SUSPENDED
CUST007488,Paula,Allen,ysmith@example.org,AU,CHECKING,2024-04-09 13:44:01,SUSPENDED
CUST007489,Rachael,Young,jmccall@example.com,JP,SAVINGS,2023-03-07 22:19:56,SUSPENDED
CUST007490,Kayla,Gonzalez,vasquezaustin@example.org,AE,BUSINESS,2024-05-26 00:32:58,ACTIVE
CUST007491,Jerry,Perez,gonzalezmisty@example.com,AU,CHECKING,2024-11-26 18:50:13,CLOSED
CUST007492,Barbara,Morton,sean41@example.org,IN,SAVINGS,2023-08-28 08:35:30,ACTIVE
CUST007493,Chad,Garcia,larsonwesley@example.net,SG,CHECKING,2024-02-14 13:55:21,ACTIVE
CUST007494,Valerie,Christensen,eric66@example.org,IT,SAVINGS,2022-05-22 11:53:45,CLOSED
CUST007495,Micheal,Ware,watkinsmartha@example.org,FR,BUSINESS,2023-05-28 13:28:13,SUSPENDED
CUST007496,Dawn,Delgado,heather13@example.org,AE,CHECKING,2024-09-03 20:22:10,ACTIVE
CUST007497,Lori,Davidson,michelemckinney@example.com,NL,CHECKING,2025-11-13 22:05:48,SUSPENDED
CUST007498,Christopher,Morales,tkeith@example.org,IN,BUSINESS,2024-06-11 16:56:22,CLOSED
CUST007499,Christopher,Reilly,gary82@example.org,SG,BUSINESS,2022-10-31 23:11:43,ACTIVE
CUST007500,Nicole,Mcdaniel,william52@example.net,GB,CHECKING,2025-06-13 19:07:45,ACTIVE
CUST007501,Kathryn,Carroll,caitlin65@example.com,IT,BUSINESS,2025-07-12 10:44:20,ACTIVE
CUST007502,Leslie,Allen,michaelwilson@example.net,AU,BUSINESS,2025-11-14 02:29:17,ACTIVE
CUST007503,Aaron,Vega,adam64@example.org,FR,CHECKING,2022-11-14 19:49:34,ACTIVE
CUST007504,James,Holt,morrisblake@example.com,US,BUSINESS,2023-11-15 06:26:08,ACTIVE
CUST007505,Tina,Shaw,stephensonshaun@example.com,AU,CHECKING,2021-10-09 15:02:18,CLOSED
CUST007506,Daniel,Gonzalez,mwalters@example.net,BE,BUSINESS,2023-12-10 06:54:52,CLOSED
CUST007507,Ashley,King,lowedavid@example.net,SG,CHECKING,2025-01-09 11:44:28,ACTIVE
CUST007508,James,Mcfarland,gary21@example.org,NL,BUSINESS,2025-02-07 13:34:25,ACTIVE
CUST007509,Stacey,Green,shelley36@example.com,PK,CHECKING,2025-03-16 16:56:31,SUSPENDED
CUST007510,William,Blackburn,bcarr@example.com,NL,BUSINESS,2024-04-01 11:42:12,ACTIVE
CUST007511,Peter,Soto,paulpalmer@example.net,GB,BUSINESS,2023-04-21 16:58:11,CLOSED
CUST007512,Adam,French,jamieanderson@example.net,AU,BUSINESS,2026-06-03 06:10:02,SUSPENDED
CUST007513,Jill,Raymond,lisagallegos@example.org,AE,BUSINESS,2023-02-07 19:07:00,CLOSED
CUST007514,Danielle,Butler,kmartinez@example.com,AE,SAVINGS,2022-04-01 12:56:55,ACTIVE
CUST007515,Kenneth,Morrison,vincentmichael@example.com,IN,BUSINESS,2025-07-23 14:01:02,CLOSED
CUST007516,Michael,Tapia,ystevenson@example.org,AE,BUSINESS,2026-04-13 20:45:43,SUSPENDED
CUST007517,Justin,Fry,raymondfuentes@example.net,DE,BUSINESS,2023-03-19 21:39:46,ACTIVE
CUST007518,Mary,Arellano,tknight@example.com,ES,BUSINESS,2022-04-05 00:29:06,ACTIVE
CUST007519,Kurt,Miller,cunninghamomar@example.org,AU,SAVINGS,2024-10-13 16:48:49,CLOSED
CUST007520,Christina,Oliver,ericrogers@example.com,IT,CHECKING,2026-02-20 08:57:46,ACTIVE
CUST007521,Carol,Pruitt,laura06@example.net,AU,CHECKING,2021-10-10 20:43:12,ACTIVE
CUST007522,James,Cervantes,justingoodman@example.com,FR,BUSINESS,2022-04-03 15:41:47,ACTIVE
CUST007523,Christian,Williams,plewis@example.org,AU,BUSINESS,2023-08-23 14:07:11,ACTIVE
CUST007524,Morgan,Garrett,danielle51@example.net,ES,CHECKING,2022-11-01 05:53:37,ACTIVE
CUST007525,Brittany,Moore,marshalldylan@example.org,ES,CHECKING,2023-05-23 07:16:49,ACTIVE
CUST007526,John,Fitzgerald,jeffreyjohnston@example.net,AE,CHECKING,2024-09-15 00:08:45,SUSPENDED
CUST007527,Carlos,Hale,,GB,BUSINESS,2025-11-16 23:32:01,CLOSED
CUST007528,Kathryn,Harrison,amberstanley@example.net,FR,SAVINGS,2022-12-27 06:56:20,CLOSED
CUST007529,Scott,Esparza,ibaird@example.org,SG,CHECKING,2023-09-28 08:12:41,CLOSED
CUST007530,Peter,Walters,ian96@example.com,US,CHECKING,2024-06-12 17:51:20,SUSPENDED
CUST007531,Dalton,Scott,laura65@example.com,JP,CHECKING,2023-12-14 16:04:08,SUSPENDED
CUST007532,James,Villanueva,lorireyes@example.org,AE,SAVINGS,2024-04-12 19:38:17,ACTIVE
CUST007533,Erica,Beltran,lisa91@example.net,JP,SAVINGS,2025-12-13 17:52:11,ACTIVE
CUST007534,Jacqueline,Thomas,meganpalmer@example.org,SG,CHECKING,2023-06-04 05:07:19,ACTIVE
CUST007535,Alejandro,Smith,john39@example.org,CA,BUSINESS,2024-02-11 03:39:08,ACTIVE
CUST007536,Rachel,Riley,fischercharles@example.net,CA,BUSINESS,2025-05-17 07:57:23,ACTIVE
CUST007537,Brittany,Wright,andrewmorgan@example.org,BE,BUSINESS,2025-07-07 18:35:24,CLOSED
CUST007538,Karen,Ramirez,brian44@example.org,PK,SAVINGS,2023-02-07 03:40:16,ACTIVE
CUST007539,Scott,Petersen,ashleyeaton@example.org,PK,BUSINESS,2022-11-09 21:46:33,ACTIVE
CUST007540,Jasmin,Campbell,kathleen16@example.org,JP,BUSINESS,2024-11-11 03:27:48,ACTIVE
CUST007541,Brittany,Werner,rlamb@example.org,IN,SAVINGS,2026-01-25 21:20:29,ACTIVE
CUST007542,Joyce,Wang,blackburndiana@example.com,PK,SAVINGS,2023-08-18 06:26:16,SUSPENDED
CUST007543,David,Hunter,tracywerner@example.net,PK,BUSINESS,2024-05-16 02:16:11,ACTIVE
CUST007544,Timothy,Ortega,johnsonthomas@example.org,ES,BUSINESS,2023-02-20 20:03:19,CLOSED
CUST007545,Robert,Daniel,david52@example.com,AU,SAVINGS,2026-03-11 17:49:02,ACTIVE
CUST007546,Jason,Bell,fyoung@example.net,FR,BUSINESS,2022-04-10 02:45:53,ACTIVE
CUST007547,Victoria,Wilson,kristin46@example.com,GB,BUSINESS,2025-11-27 06:10:40,ACTIVE
CUST007548,Joshua,Mendoza,georgelozano@example.org,CA,BUSINESS,2022-07-03 14:27:28,ACTIVE
CUST007549,Kimberly,Clay,caseadrienne@example.net,GB,BUSINESS,2024-07-19 17:39:13,ACTIVE
CUST007550,Gina,Combs,alicia10@example.org,DE,BUSINESS,2024-01-28 16:03:47,SUSPENDED
CUST007551,Patrick,Anderson,john59@example.com,AU,SAVINGS,2025-12-25 00:47:32,ACTIVE
CUST007552,Frank,Vargas,,GB,BUSINESS,2022-08-13 16:25:44,ACTIVE
CUST007553,Melinda,Steele,roy16@example.com,PK,CHECKING,2024-11-26 00:01:14,ACTIVE
CUST007554,Randall,Thomas,sandersbrandy@example.com,CA,SAVINGS,2026-02-23 00:14:27,SUSPENDED
CUST007555,Paula,Peters,monica87@example.org,DE,BUSINESS,2026-04-15 14:25:43,ACTIVE
CUST007556,Chase,Gilbert,kylecaldwell@example.com,AE,CHECKING,2022-01-14 11:02:27,CLOSED
CUST007557,Michael,Davis,thomas08@example.org,BE,BUSINESS,2023-03-22 11:48:47,ACTIVE
CUST007558,Whitney,Martin,lewisjanet@example.net,PK,CHECKING,2024-03-08 12:38:21,ACTIVE
CUST007559,Mary,Thompson,guerrakevin@example.org,IN,CHECKING,2021-10-29 10:22:47,ACTIVE
CUST007560,Joshua,Phillips,ibradley@example.net,GB,BUSINESS,2024-03-04 04:43:56,ACTIVE
CUST007561,Dwayne,Murphy,lwalker@example.org,IT,BUSINESS,2021-10-30 14:47:00,ACTIVE
CUST007562,Sarah,Garza,ufox@example.net,IN,BUSINESS,2023-07-28 20:52:39,ACTIVE
CUST007563,John,Ward,greenchristine@example.org,JP,CHECKING,2022-05-21 16:18:38,ACTIVE
CUST007564,James,Williams,ramospaul@example.com,IN,CHECKING,2022-04-01 14:44:33,SUSPENDED
CUST007565,Thomas,Hughes,hughesjennifer@example.net,AE,CHECKING,2023-12-04 23:25:35,ACTIVE
CUST007566,Melissa,Collins,lauradickson@example.net,FR,BUSINESS,2026-02-02 21:50:17,CLOSED
CUST007567,Tracy,Schmidt,huntamanda@example.net,GB,BUSINESS,2024-12-29 02:04:25,SUSPENDED
CUST007568,Cassandra,Perez,jonathan40@example.com,PK,SAVINGS,2024-10-17 15:45:21,ACTIVE
CUST007569,Scott,Jefferson,vernon72@example.org,FR,CHECKING,2023-07-17 13:31:22,SUSPENDED
CUST007570,Kimberly,Ortiz,debrapowell@example.org,CA,CHECKING,2026-08-10 11:53:57,ACTIVE
CUST007571,Charles,Smith,breanna41@example.com,DE,BUSINESS,2022-12-28 00:34:00,ACTIVE
CUST007572,Michelle,Jones,brownbrian@example.com,IN,BUSINESS,2025-04-02 04:05:12,ACTIVE
CUST007573,Vanessa,Rose,csanchez@example.org,IN,CHECKING,2022-07-01 18:07:34,ACTIVE
CUST007574,Heidi,Leon,meganpalmer@example.com,DE,SAVINGS,2022-01-30 22:10:16,CLOSED
CUST007575,Lindsay,Torres,maxwellsarah@example.net,FR,BUSINESS,2025-07-14 01:35:54,ACTIVE
CUST007576,Christopher,Kemp,mariestewart@example.com,DE,SAVINGS,2024-11-30 19:43:44,CLOSED
CUST007577,Melody,Steele,beckerleslie@example.com,DE,BUSINESS,2025-03-21 02:24:18,ACTIVE
CUST007578,Stephen,Rogers,maddoxlynn@example.org,FR,SAVINGS,2021-12-24 13:54:02,SUSPENDED
CUST007579,Sharon,Smith,schwartzconnie@example.net,AE,CHECKING,2023-04-13 06:10:50,CLOSED
CUST007580,Kathy,Hudson,zwelch@example.org,IT,BUSINESS,2025-02-17 01:31:30,SUSPENDED
CUST007581,Ian,Griffith,derrick76@example.org,JP,SAVINGS,2024-08-15 03:20:48,ACTIVE
CUST007582,Anthony,Joseph,jacobwiggins@example.net,FR,BUSINESS,2026-01-06 03:03:03,ACTIVE
CUST007583,Debbie,Nichols,bjones@example.net,IT,BUSINESS,2026-01-16 06:36:46,ACTIVE
CUST007584,Joy,Lee,fuentesjames@example.org,NL,CHECKING,2023-01-07 20:07:15,SUSPENDED
CUST007585,Brittany,Sawyer,nfernandez@example.org,US,SAVINGS,2022-09-14 07:53:23,CLOSED
CUST007586,Hannah,Smith,jefferyaguilar@example.net,NL,SAVINGS,2023-07-01 07:48:50,ACTIVE
CUST007587,Alec,Smith,williamstracy@example.com,FR,BUSINESS,2024-07-31 09:36:21,SUSPENDED
CUST007588,Angela,Bass,rodriguezkevin@example.com,PK,CHECKING,2025-04-30 16:06:08,SUSPENDED
CUST007589,Marvin,Smith,shannon70@example.net,AE,SAVINGS,2022-01-16 18:18:02,ACTIVE
CUST007590,Cheryl,Bishop,evelynmurray@example.net,AU,CHECKING,2026-06-11 14:24:55,ACTIVE
CUST007591,Adam,Myers,ejacobs@example.net,FR,BUSINESS,2026-07-18 00:32:35,ACTIVE
CUST007592,Renee,Black,kaylafisher@example.com,SG,SAVINGS,2026-03-01 01:58:13,SUSPENDED
CUST007593,Karen,Lopez,rickyblankenship@example.com,PK,SAVINGS,2022-04-29 13:02:38,ACTIVE
CUST007594,Robert,Lee,epowers@example.org,ES,BUSINESS,2025-07-10 09:34:06,CLOSED
CUST007595,Sally,Ellis,carlabaldwin@example.net,DE,SAVINGS,2026-07-03 02:04:12,ACTIVE
CUST007596,Jasmine,Mahoney,haleydean@example.com,GB,BUSINESS,2023-12-18 17:46:48,CLOSED
CUST007597,Jasmine,Chen,ibuckley@example.net,NL,CHECKING,2022-05-25 15:45:57,ACTIVE
CUST007598,Emily,Baker,jonathancollier@example.com,IT,CHECKING,2025-08-31 21:30:41,SUSPENDED
CUST007599,Austin,Johnson,vmorgan@example.org,IT,CHECKING,2024-05-22 05:15:56,ACTIVE
CUST007600,Russell,Baker,stephensstephanie@example.net,PK,SAVINGS,2026-03-19 19:22:35,ACTIVE
CUST007601,Amanda,Nicholson,lramos@example.net,SG,CHECKING,2024-10-11 19:09:50,ACTIVE
CUST007602,Michelle,Garcia,morajames@example.com,BE,SAVINGS,2022-03-06 19:54:35,ACTIVE
CUST007603,Samuel,Ramirez,evansgary@example.org,US,BUSINESS,2023-09-12 11:37:42,ACTIVE
CUST007604,Joshua,Hanson,jason28@example.net,US,CHECKING,2022-04-15 23:39:27,ACTIVE
CUST007605,Selena,Collins,peter47@example.net,IN,CHECKING,2025-05-15 15:01:10,ACTIVE
CUST007606,Grace,Gonzalez,mary23@example.com,DE,BUSINESS,2023-01-12 12:29:08,ACTIVE
CUST007607,Timothy,Perez,masonashley@example.org,FR,SAVINGS,2024-04-01 14:01:32,ACTIVE
CUST007608,Lucas,Phillips,srios@example.org,IT,SAVINGS,2023-03-03 11:33:25,ACTIVE
CUST007609,Mary,Bray,grimesbrittney@example.com,IN,BUSINESS,2024-12-09 22:30:32,ACTIVE
CUST007610,Anna,Garcia,qpham@example.org,ES,SAVINGS,2022-02-19 07:14:58,SUSPENDED
CUST007611,Kimberly,Kennedy,berrycharles@example.net,CA,BUSINESS,2026-07-04 22:11:35,ACTIVE
CUST007612,Cheryl,Pennington,randy61@example.com,GB,CHECKING,2021-10-24 02:09:07,ACTIVE
CUST007613,Candice,Watson,goodwinjason@example.com,IT,SAVINGS,2025-01-31 13:17:53,ACTIVE
CUST007614,Jessica,Martin,isteele@example.org,PK,BUSINESS,2022-02-17 19:02:45,CLOSED
CUST007615,Tiffany,Barber,thomasanthony@example.com,NL,SAVINGS,2024-07-27 11:19:07,ACTIVE
CUST007616,Nathaniel,Johnson,hubbardkenneth@example.org,AU,CHECKING,2024-07-30 10:19:56,ACTIVE
CUST007617,Ronald,Cameron,cfrazier@example.com,IN,BUSINESS,2025-06-19 22:07:22,ACTIVE
CUST007618,Paula,Crawford,lmoore@example.org,FR,CHECKING,2023-01-16 06:25:35,SUSPENDED
CUST007619,Daniel,Flores,lynnhoffman@example.net,NL,BUSINESS,2021-11-01 11:07:46,ACTIVE
CUST007620,Luke,Stevens,garnerdawn@example.net,IN,CHECKING,2024-12-26 16:06:08,SUSPENDED
CUST007621,Jacqueline,Johnson,qlopez@example.org,NL,SAVINGS,2022-12-12 18:12:39,ACTIVE
CUST007622,Patricia,Ramirez,mariahtaylor@example.net,IT,SAVINGS,2025-08-10 18:05:40,ACTIVE
CUST007623,Patricia,Olson,robert79@example.com,JP,SAVINGS,2024-11-05 07:48:54,ACTIVE
CUST007624,Paul,Gardner,mariahramirez@example.com,GB,SAVINGS,2025-12-12 12:54:52,CLOSED
CUST007625,Justin,Barnes,clayscott@example.com,DE,CHECKING,2024-01-30 08:13:00,SUSPENDED
CUST007626,Samuel,Cooper,erica78@example.com,SG,SAVINGS,2025-01-02 01:37:39,CLOSED
CUST007627,Lorraine,Richardson,joshuawest@example.org,ES,CHECKING,2023-11-27 22:16:18,ACTIVE
CUST007628,Paul,Maldonado,christopher52@example.org,FR,CHECKING,2026-01-31 07:33:41,ACTIVE
CUST007629,Tracy,Dyer,daniel87@example.com,PK,SAVINGS,2026-02-28 00:55:17,CLOSED
CUST007630,Phillip,Green,hillanita@example.com,CA,CHECKING,2025-10-10 23:58:09,ACTIVE
CUST007631,Scott,Wallace,lstrickland@example.com,JP,CHECKING,2022-04-22 18:47:46,ACTIVE
CUST007632,Stephanie,Bright,carlosherrera@example.org,CA,SAVINGS,2025-11-17 13:03:58,ACTIVE
CUST007633,Tom,Carroll,aschmitt@example.net,AU,BUSINESS,2026-03-28 05:06:20,ACTIVE
CUST007634,William,Boyd,tkim@example.com,SG,SAVINGS,2023-02-19 07:06:17,CLOSED
CUST007635,Stephanie,Rivera,ortegamaureen@example.com,US,CHECKING,2026-03-14 14:51:48,SUSPENDED
CUST007636,Tammy,Powell,mackenziesullivan@example.com,IN,CHECKING,2025-02-09 20:44:18,CLOSED
CUST007637,Mark,Schmidt,xmathews@example.org,IT,CHECKING,2024-08-04 21:13:35,CLOSED
CUST007638,Jesse,Anderson,patricia38@example.org,ES,BUSINESS,2025-12-01 12:15:13,ACTIVE
CUST007639,Darlene,Washington,schmidtmariah@example.com,GB,CHECKING,2025-12-23 21:22:08,ACTIVE
CUST007640,Ronald,French,samuel60@example.org,IT,BUSINESS,2025-11-07 17:23:46,SUSPENDED
CUST007641,Alexis,Miranda,ashley96@example.com,SG,CHECKING,2021-12-18 09:44:07,SUSPENDED
CUST007642,Daniel,Merritt,mike22@example.com,AE,BUSINESS,2024-04-09 03:28:54,CLOSED
CUST007643,Christian,Anderson,xfrye@example.com,CA,BUSINESS,2022-12-17 11:27:59,SUSPENDED
CUST007644,Haley,Mcconnell,jennifer87@example.org,GB,BUSINESS,2024-05-06 20:56:39,ACTIVE
CUST007645,Danny,Daniels,adamvelasquez@example.org,US,SAVINGS,2025-08-03 08:22:59,ACTIVE
CUST007646,Jennifer,Miller,masonbrian@example.org,GB,SAVINGS,2024-01-06 06:04:39,ACTIVE
CUST007647,Caroline,Williams,scott55@example.com,PK,SAVINGS,2025-06-13 03:48:58,CLOSED
CUST007648,Gabrielle,Wright,edwardwhite@example.net,AE,CHECKING,2022-03-25 15:27:51,ACTIVE
CUST007649,Jacob,Gamble,piercemadeline@example.org,BE,CHECKING,2025-03-09 14:28:29,SUSPENDED
CUST007650,Peter,Cain,cindy35@example.net,CA,CHECKING,2026-01-05 04:42:49,ACTIVE
CUST007651,Danielle,Warren,wburke@example.com,JP,CHECKING,2023-05-28 11:11:13,ACTIVE
CUST007652,Devon,Hooper,gstafford@example.com,IT,BUSINESS,2024-06-30 23:27:17,ACTIVE
CUST007653,Ronald,Wells,stevengarrett@example.com,BE,BUSINESS,2024-03-10 23:40:57,ACTIVE
CUST007654,Philip,Bishop,michael89@example.net,DE,SAVINGS,2021-11-23 21:28:29,ACTIVE
CUST007655,Carolyn,Gray,berrytanner@example.org,FR,SAVINGS,2022-02-11 06:46:52,CLOSED
CUST007656,Lisa,Thomas,ucarter@example.com,US,CHECKING,2025-12-02 05:49:10,ACTIVE
CUST007657,Paula,Weeks,rthompson@example.com,GB,BUSINESS,2024-03-16 04:23:18,ACTIVE
CUST007658,Paul,Benjamin,christopherluna@example.net,SG,CHECKING,2024-01-12 20:44:16,CLOSED
CUST007659,Laura,Mcdaniel,rileygerald@example.com,JP,CHECKING,2026-08-19 19:50:56,ACTIVE
CUST007660,John,Bradley,chapmanchristopher@example.org,AU,CHECKING,2022-11-13 11:55:30,ACTIVE
CUST007661,Devon,White,petersoncole@example.org,AU,SAVINGS,2025-12-20 04:17:09,SUSPENDED
CUST007662,Michael,Clark,antonio41@example.net,AE,BUSINESS,2024-12-12 00:44:32,ACTIVE
CUST007663,Elizabeth,Martin,tracysmith@example.net,CA,BUSINESS,2025-06-29 20:30:58,CLOSED
CUST007664,Tyrone,Watson,potterjamie@example.org,AE,BUSINESS,2025-04-25 06:21:40,ACTIVE
CUST007665,Anthony,Allen,shicks@example.org,IT,SAVINGS,2023-01-06 22:43:54,CLOSED
CUST007666,Ronald,Friedman,robert31@example.org,AU,BUSINESS,2023-06-05 09:06:58,ACTIVE
CUST007667,Donald,Joyce,lisa37@example.net,AE,BUSINESS,2025-05-06 22:33:55,ACTIVE
CUST007668,Susan,Castillo,burgessamy@example.net,ES,CHECKING,2023-02-17 03:18:06,ACTIVE
CUST007669,Chris,Henderson,kathleen99@example.com,IN,SAVINGS,2026-04-16 08:43:34,ACTIVE
CUST007670,Eddie,Nelson,buckerin@example.org,AU,BUSINESS,2022-12-02 04:36:17,ACTIVE
CUST007671,Michael,Hooper,jilljackson@example.org,JP,BUSINESS,2021-10-29 14:10:49,SUSPENDED
CUST007672,Thomas,Wilson,andersonkimberly@example.com,SG,BUSINESS,2025-08-16 12:45:30,ACTIVE
CUST007673,Andrew,Gutierrez,ellismarie@example.net,CA,SAVINGS,2023-03-27 18:41:21,ACTIVE
CUST007674,Meagan,Evans,kevin75@example.net,NL,BUSINESS,2025-05-17 15:06:39,ACTIVE
CUST007675,Chad,Hall,brookskaren@example.com,IN,BUSINESS,2026-02-16 00:32:29,CLOSED
CUST007676,Martha,Clark,andersoneric@example.com,CA,BUSINESS,2024-05-07 06:21:34,ACTIVE
CUST007677,Carolyn,Lang,ashleyramirez@example.com,JP,CHECKING,2026-02-21 21:45:03,ACTIVE
CUST007678,Justin,Palmer,aguirrelauren@example.org,BE,SAVINGS,2023-04-15 03:52:33,CLOSED
CUST007679,Melody,Peters,wesley72@example.com,CA,SAVINGS,2023-04-09 00:50:22,ACTIVE
CUST007680,Erin,Neal,lbell@example.com,SG,BUSINESS,2022-04-02 21:19:34,SUSPENDED
CUST007681,Catherine,Price,danielsmith@example.org,DE,SAVINGS,2026-04-29 14:54:55,ACTIVE
CUST007682,Kimberly,Olsen,burnsryan@example.com,IT,BUSINESS,2024-04-07 00:55:48,SUSPENDED
CUST007683,Ashley,Snyder,uwong@example.net,US,SAVINGS,2021-09-02 16:13:18,SUSPENDED
CUST007684,Jessica,Vega,hartrichard@example.net,IT,BUSINESS,2023-12-03 07:30:06,ACTIVE
CUST007685,Jeffrey,Bates,michaelthomas@example.net,FR,BUSINESS,2024-06-26 00:40:41,SUSPENDED
CUST007686,Kristina,Jackson,atkinsnicole@example.net,NL,SAVINGS,2025-08-29 15:35:43,ACTIVE
CUST007687,Adam,Williams,williamsmonica@example.org,AU,CHECKING,2022-09-26 14:50:58,SUSPENDED
CUST007688,Vanessa,Howard,karawilliams@example.net,US,BUSINESS,2023-08-25 16:52:48,CLOSED
CUST007689,Barbara,Howard,riceallison@example.com,US,SAVINGS,2025-04-05 20:46:30,CLOSED
CUST007690,Patrick,Sweeney,houstonalexis@example.org,ES,BUSINESS,2024-01-31 01:36:07,CLOSED
CUST007691,Theodore,Herrera,lisa59@example.net,PK,SAVINGS,2022-06-30 23:39:57,CLOSED
CUST007692,Kayla,Conway,ashleygibbs@example.com,US,BUSINESS,2024-05-28 17:00:54,ACTIVE
CUST007693,Brian,Powell,steven60@example.org,IN,CHECKING,2025-08-08 16:35:01,ACTIVE
CUST007694,Stacy,Gonzalez,wsmith@example.org,CA,BUSINESS,2022-12-16 02:10:19,ACTIVE
CUST007695,Haley,Yoder,alexis32@example.net,US,BUSINESS,2025-08-03 00:19:21,ACTIVE
CUST007696,Kristen,Bean,eric41@example.net,AE,BUSINESS,2025-04-14 13:22:39,CLOSED
CUST007697,Charlene,Scott,ryan46@example.net,BE,BUSINESS,2025-03-08 22:51:15,CLOSED
CUST007698,Nicholas,Sanders,robert14@example.org,FR,SAVINGS,2025-12-11 12:50:13,ACTIVE
CUST007699,Kevin,Smith,hooddaniel@example.com,JP,BUSINESS,2023-11-20 20:51:00,ACTIVE
CUST007700,James,Dixon,bdennis@example.com,BE,CHECKING,2023-09-10 21:41:21,ACTIVE
CUST007701,William,Thompson,dylanboone@example.net,PK,CHECKING,2026-04-05 23:44:03,ACTIVE
CUST007702,Hannah,Walker,kdeleon@example.net,AE,SAVINGS,2022-11-07 10:17:57,SUSPENDED
CUST007703,Monica,Clark,josephwilliams@example.com,SG,BUSINESS,2023-12-30 19:04:19,ACTIVE
CUST007704,David,Snyder,steven66@example.org,JP,SAVINGS,2022-01-03 21:22:38,CLOSED
CUST007705,Holly,Williams,eatoncarmen@example.org,FR,CHECKING,2026-02-26 02:23:34,ACTIVE
CUST007706,Phyllis,Martin,victor39@example.org,ES,SAVINGS,2023-05-27 20:12:57,CLOSED
CUST007707,Susan,Romero,mitchelldavid@example.net,ES,BUSINESS,2024-12-15 18:37:16,ACTIVE
CUST007708,Tamara,Woodard,haleytara@example.com,IN,SAVINGS,2024-08-19 22:25:38,ACTIVE
CUST007709,Erica,Williams,gordonmitchell@example.com,NL,CHECKING,2025-07-27 12:32:09,CLOSED
CUST007710,Mark,Arroyo,danielhickman@example.org,GB,SAVINGS,2026-05-05 02:53:23,CLOSED
CUST007711,Derek,Lee,ortegaamanda@example.com,GB,CHECKING,2023-10-30 05:00:38,ACTIVE
CUST007712,Paul,Cantu,allen38@example.org,BE,BUSINESS,2023-09-24 06:27:11,ACTIVE
CUST007713,William,Espinoza,melissa84@example.org,ES,BUSINESS,2023-07-27 21:55:18,ACTIVE
CUST007714,Eugene,Powell,vicki70@example.org,JP,CHECKING,2025-08-24 12:14:11,CLOSED
CUST007715,Michelle,Chung,fwright@example.net,SG,BUSINESS,2021-12-21 13:51:03,ACTIVE
CUST007716,Carl,Henderson,richardreed@example.net,AE,SAVINGS,2026-06-15 18:36:38,ACTIVE
CUST007717,Tom,White,christianjohnson@example.org,IN,CHECKING,2024-12-13 03:42:16,CLOSED
CUST007718,Frederick,Wong,xedwards@example.net,PK,BUSINESS,2021-08-26 06:58:02,ACTIVE
CUST007719,Ryan,Johnson,wagnerchristina@example.com,BE,SAVINGS,2021-09-27 16:00:49,ACTIVE
CUST007720,Cheryl,Howard,gshields@example.org,NL,CHECKING,2026-05-19 06:57:56,ACTIVE
CUST007721,Jacob,Ray,mccarthyvalerie@example.com,ES,BUSINESS,2025-12-04 04:30:30,ACTIVE
CUST007722,Ryan,Robinson,andrewsnyder@example.org,SG,SAVINGS,2023-05-03 06:02:29,ACTIVE
CUST007723,Hannah,Gonzalez,belinda28@example.net,PK,SAVINGS,2025-02-13 06:36:47,SUSPENDED
CUST007724,Vanessa,Davis,ewilson@example.com,ES,BUSINESS,2025-01-02 17:43:43,ACTIVE
CUST007725,Amy,Robinson,donna96@example.com,GB,BUSINESS,2023-02-03 08:06:29,ACTIVE
CUST007726,Gerald,Perry,matthewcooper@example.org,IN,BUSINESS,2022-02-10 16:53:17,ACTIVE
CUST007727,Alex,Marsh,amanda87@example.com,BE,BUSINESS,2025-02-05 23:36:51,CLOSED
CUST007728,Connie,Finley,julie91@example.net,AE,BUSINESS,2021-12-25 05:20:04,ACTIVE
CUST007729,William,Bailey,kellygrant@example.net,DE,CHECKING,2023-09-10 02:46:07,CLOSED
CUST007730,Samantha,English,scotthinton@example.com,DE,BUSINESS,2025-05-31 05:28:06,SUSPENDED
CUST007731,William,Clark,crawfordmary@example.net,BE,SAVINGS,2023-04-01 06:58:12,ACTIVE
CUST007732,Devin,Bernard,mcmillanchristopher@example.net,JP,SAVINGS,2025-09-05 14:32:05,CLOSED
CUST007733,Christopher,Mccann,hwade@example.org,NL,SAVINGS,2023-07-28 08:08:51,CLOSED
CUST007734,Justin,Thompson,bwiggins@example.org,BE,CHECKING,2025-11-20 00:43:38,CLOSED
CUST007735,Larry,Gibson,daniel91@example.net,BE,SAVINGS,2023-12-18 12:39:50,ACTIVE
CUST007736,Danielle,Smith,johnsonalexis@example.org,IN,SAVINGS,2023-08-02 18:55:35,ACTIVE
CUST007737,John,Bass,jenniferhill@example.net,FR,CHECKING,2021-10-21 17:40:56,ACTIVE
CUST007738,Jonathan,Smith,barberphyllis@example.net,JP,BUSINESS,2026-07-03 15:07:38,ACTIVE
CUST007739,Evan,Kelly,carpentersteven@example.com,PK,BUSINESS,2022-11-25 23:27:04,CLOSED
CUST007740,Joseph,Wright,spage@example.com,IN,BUSINESS,2024-11-10 01:35:00,ACTIVE
CUST007741,Charles,Simon,ronald91@example.com,PK,CHECKING,2026-04-15 18:31:27,SUSPENDED
CUST007742,Julie,Gonzalez,nraymond@example.com,AU,SAVINGS,2024-04-13 06:24:33,ACTIVE
CUST007743,Tony,Williams,cartersteven@example.net,FR,CHECKING,2022-08-29 06:10:58,CLOSED
CUST007744,Carrie,Terry,glennkristina@example.org,IN,BUSINESS,2026-02-02 19:11:59,ACTIVE
CUST007745,Pamela,Cameron,hbailey@example.net,AU,CHECKING,2025-08-25 00:53:51,ACTIVE
CUST007746,Amanda,Pratt,estephens@example.org,AE,CHECKING,2024-11-08 18:09:31,ACTIVE
CUST007747,Richard,Vega,cruzmegan@example.net,IN,SAVINGS,2022-12-28 19:43:40,ACTIVE
CUST007748,Jessica,Spence,rcraig@example.net,GB,SAVINGS,2025-04-04 19:30:18,ACTIVE
CUST007749,Heather,Bennett,ymora@example.com,BE,SAVINGS,2026-03-27 04:02:47,SUSPENDED
CUST007750,Jessica,Watson,uramos@example.net,DE,SAVINGS,2025-08-06 00:01:03,ACTIVE
CUST007751,Tracy,Olson,williamssteven@example.org,IT,CHECKING,2025-02-23 21:09:35,ACTIVE
CUST007752,Alice,Lee,kimberlyyoung@example.org,SG,CHECKING,2026-06-18 18:12:44,ACTIVE
CUST007753,John,Mcdonald,hayley26@example.com,AU,CHECKING,2026-06-07 18:03:22,SUSPENDED
CUST007754,Vincent,Cabrera,pwilliams@example.net,US,BUSINESS,2026-04-13 13:23:21,CLOSED
CUST007755,Rebecca,Richardson,vsmith@example.com,DE,CHECKING,2022-12-21 07:28:53,SUSPENDED
CUST007756,Christopher,Stevens,derekwright@example.org,US,SAVINGS,2024-06-22 19:06:20,ACTIVE
CUST007757,Willie,Gonzales,laurenromero@example.org,FR,BUSINESS,2023-01-18 04:57:20,ACTIVE
CUST007758,Tonya,Rowe,briannamontoya@example.com,IN,CHECKING,2025-11-25 16:22:12,ACTIVE
CUST007759,Raymond,Sherman,huntamanda@example.com,NL,CHECKING,2021-12-02 12:36:17,ACTIVE
CUST007760,Samuel,Dennis,wallemily@example.net,AE,SAVINGS,2021-09-26 00:23:58,ACTIVE
CUST007761,Robert,Lopez,reedjulian@example.com,US,SAVINGS,2024-02-23 15:49:29,CLOSED
CUST007762,Colleen,Hart,dcollins@example.org,CA,CHECKING,2026-04-17 16:28:36,CLOSED
CUST007763,Teresa,Mitchell,hfreeman@example.net,CA,SAVINGS,2025-05-23 00:31:40,CLOSED
CUST007764,Karen,Moore,maria63@example.com,FR,BUSINESS,2023-05-15 04:26:18,ACTIVE
CUST007765,Roberto,Greer,bookerjohn@example.com,AE,SAVINGS,2022-11-07 09:34:36,ACTIVE
CUST007766,Crystal,Chan,lmaynard@example.com,NL,SAVINGS,2021-09-28 03:15:43,ACTIVE
CUST007767,William,Gray,tbrown@example.org,IT,BUSINESS,2022-11-11 18:02:16,CLOSED
CUST007768,Melanie,Watson,dcoleman@example.org,CA,SAVINGS,2022-04-20 12:42:11,SUSPENDED
CUST007769,William,Wilson,smithkristi@example.net,ES,CHECKING,2026-07-08 10:42:53,ACTIVE
CUST007770,Leah,Moore,alvarezchristian@example.net,CA,SAVINGS,2026-05-01 06:11:50,SUSPENDED
CUST007771,Sarah,Madden,geraldallen@example.net,FR,SAVINGS,2026-08-09 14:44:27,CLOSED
CUST007772,Deborah,Johnson,leelarry@example.org,CA,SAVINGS,2022-05-31 17:20:34,SUSPENDED
CUST007773,Thomas,Phillips,qnolan@example.org,CA,SAVINGS,2024-01-08 18:00:36,ACTIVE
CUST007774,Rickey,Raymond,kevin12@example.org,NL,CHECKING,2023-05-28 20:37:21,ACTIVE
CUST007775,Sarah,Peterson,perryvanessa@example.com,US,BUSINESS,2022-05-23 03:46:28,ACTIVE
CUST007776,Michael,Jenkins,andrewgonzalez@example.org,CA,SAVINGS,2023-08-18 10:15:18,ACTIVE
CUST007777,William,Espinoza,dcook@example.com,CA,BUSINESS,2024-02-26 15:10:31,ACTIVE
CUST007778,Jose,Nguyen,melanie01@example.net,SG,BUSINESS,2022-05-24 17:33:39,SUSPENDED
CUST007779,Robert,Hall,steven66@example.net,BE,SAVINGS,2025-04-13 02:54:48,CLOSED
CUST007780,Megan,Garrett,owashington@example.org,NL,CHECKING,2023-06-02 14:13:06,CLOSED
CUST007781,Joseph,Parker,edward48@example.com,ES,SAVINGS,2023-12-26 22:49:55,CLOSED
CUST007782,Kelli,Brown,jason09@example.org,PK,CHECKING,2023-11-28 07:24:54,ACTIVE
CUST007783,James,Bell,bassjoshua@example.com,AE,BUSINESS,2023-06-04 18:20:41,SUSPENDED
CUST007784,Carmen,Burke,dana65@example.org,BE,CHECKING,2023-05-22 16:30:30,ACTIVE
CUST007785,Duane,Bryant,johnsonchristine@example.net,PK,CHECKING,2022-07-13 16:18:05,ACTIVE
CUST007786,Michelle,Patterson,tiffany38@example.com,FR,CHECKING,2025-08-31 01:44:20,ACTIVE
CUST007787,Jennifer,Quinn,johnstoneric@example.org,BE,BUSINESS,2024-09-24 07:41:52,ACTIVE
CUST007788,Brandon,Obrien,ptrevino@example.net,AU,BUSINESS,2022-12-08 20:25:29,ACTIVE
CUST007789,Donna,Meyers,lmartinez@example.org,DE,CHECKING,2022-10-16 02:08:54,ACTIVE
CUST007790,Monica,Patterson,hfrancis@example.org,JP,CHECKING,2023-02-01 00:17:33,ACTIVE
CUST007791,Jeanette,Irwin,taylorkayla@example.org,IN,SAVINGS,2021-09-02 13:07:07,ACTIVE
CUST007792,Nicole,Patterson,katherinerodriguez@example.org,IT,CHECKING,2023-02-04 12:31:42,ACTIVE
CUST007793,Joseph,Wilson,fduncan@example.com,BE,SAVINGS,2025-01-19 04:00:32,ACTIVE
CUST007794,David,Espinoza,nsmith@example.org,CA,CHECKING,2022-06-16 06:32:25,SUSPENDED
CUST007795,Thomas,Austin,joelbautista@example.net,CA,BUSINESS,2024-06-04 03:47:19,ACTIVE
CUST007796,Annette,Wright,michaelmiller@example.com,JP,CHECKING,2023-10-02 14:35:38,ACTIVE
CUST007797,Michael,Jackson,tball@example.com,NL,SAVINGS,2024-08-29 11:04:26,CLOSED
CUST007798,Helen,Schultz,jennifer09@example.com,CA,BUSINESS,2022-07-13 03:02:03,SUSPENDED
CUST007799,Joseph,Griffin,bdavis@example.net,GB,BUSINESS,2023-01-22 13:37:06,CLOSED
CUST007800,Amanda,Bishop,chrissantos@example.com,SG,SAVINGS,2024-01-29 06:44:54,ACTIVE
CUST007801,Paul,Martin,rossnicholas@example.net,US,BUSINESS,2025-10-20 06:40:19,ACTIVE
CUST007802,Adam,Mills,dawn73@example.org,GB,SAVINGS,2023-01-11 23:07:23,SUSPENDED
CUST007803,Jeff,Taylor,johnnychase@example.org,SG,SAVINGS,2025-07-02 21:03:26,SUSPENDED
CUST007804,Traci,Hawkins,philipreese@example.org,ES,BUSINESS,2024-07-18 01:44:33,ACTIVE
CUST007805,John,Carter,sarahstrickland@example.net,ES,SAVINGS,2024-01-12 18:04:18,CLOSED
CUST007806,Thomas,Carr,jonathan41@example.com,SG,BUSINESS,2025-04-04 14:16:07,ACTIVE
CUST007807,Larry,Nelson,smithstephen@example.com,PK,SAVINGS,2021-12-07 22:53:26,ACTIVE
CUST007808,Paul,Morris,jay93@example.net,IT,CHECKING,2022-09-27 18:29:05,CLOSED
CUST007809,Joseph,Houston,joshuabrooks@example.net,IT,CHECKING,2026-08-23 22:09:26,CLOSED
CUST007810,Miguel,Ellison,zwebb@example.com,AE,CHECKING,2025-11-07 14:01:42,ACTIVE
CUST007811,Derek,Stephens,manningelizabeth@example.org,IT,CHECKING,2025-04-16 00:29:32,ACTIVE
CUST007812,Rodney,Reed,garciaroy@example.org,IT,BUSINESS,2023-03-30 01:52:46,ACTIVE
CUST007813,Anthony,Lee,hwallace@example.com,PK,BUSINESS,2024-01-28 17:41:17,ACTIVE
CUST007814,Amy,Alvarez,april92@example.com,JP,SAVINGS,2022-08-24 10:41:19,CLOSED
CUST007815,Michael,Frost,adamwalton@example.net,DE,CHECKING,2022-10-14 06:25:48,SUSPENDED
CUST007816,Jessica,Dalton,hicksandrew@example.com,SG,CHECKING,2025-12-02 20:06:26,ACTIVE
CUST007817,Melissa,Wheeler,georgejohnson@example.org,CA,CHECKING,2024-09-05 19:41:25,SUSPENDED
CUST007818,Gregory,Wilson,katrina35@example.net,NL,SAVINGS,2023-11-08 20:29:49,ACTIVE
CUST007819,Travis,Miller,blairtracy@example.net,IT,BUSINESS,2022-10-05 13:12:30,CLOSED
CUST007820,Briana,Chung,jacksonchristopher@example.org,US,SAVINGS,2023-01-28 21:12:05,ACTIVE
CUST007821,Gary,Harper,meganmonroe@example.net,CA,CHECKING,2026-07-03 08:19:13,SUSPENDED
CUST007822,Maria,Mccullough,masonsalazar@example.net,GB,BUSINESS,2023-10-13 04:48:27,ACTIVE
CUST007823,Sarah,Jackson,hallmary@example.com,JP,SAVINGS,2022-01-25 05:18:39,ACTIVE
CUST007824,Andrea,Foley,cwells@example.org,AE,CHECKING,2023-08-19 07:17:03,ACTIVE
CUST007825,Timothy,Ferguson,wrodriguez@example.org,US,SAVINGS,2024-11-17 10:24:47,ACTIVE
CUST007826,Amber,Hernandez,gsmith@example.net,NL,BUSINESS,2026-08-18 15:45:30,ACTIVE
CUST007827,Mike,Johnston,weaverdave@example.com,CA,BUSINESS,2022-05-14 06:23:38,ACTIVE
CUST007828,Kimberly,Taylor,chendricks@example.org,US,CHECKING,2026-07-09 06:47:35,SUSPENDED
CUST007829,Brandy,Higgins,becky11@example.com,ES,BUSINESS,2022-08-02 03:58:28,ACTIVE
CUST007830,Nathaniel,Aguilar,youngkenneth@example.net,BE,CHECKING,2025-10-20 17:10:00,CLOSED
CUST007831,John,Martinez,christina01@example.org,DE,BUSINESS,2024-05-03 12:30:03,SUSPENDED
CUST007832,Carrie,Simmons,adriana34@example.org,GB,BUSINESS,2022-10-19 20:38:17,CLOSED
CUST007833,Valerie,Velazquez,qweaver@example.com,IT,BUSINESS,2025-10-26 14:05:24,ACTIVE
CUST007834,Charles,Collins,lisadennis@example.net,GB,CHECKING,2024-07-16 02:02:26,CLOSED
CUST007835,Emily,Leblanc,linda19@example.com,IN,CHECKING,2025-05-21 09:06:24,SUSPENDED
CUST007836,Emily,Pena,williamstraci@example.net,DE,BUSINESS,2022-05-11 18:36:06,SUSPENDED
CUST007837,Judy,Bush,halljacob@example.com,ES,CHECKING,2023-07-18 14:24:33,SUSPENDED
CUST007838,Raven,Hanson,garretttheodore@example.org,JP,CHECKING,2023-11-28 23:45:38,ACTIVE
CUST007839,Alex,Morgan,watsonamanda@example.net,US,BUSINESS,2026-04-09 10:10:46,ACTIVE
CUST007840,Debbie,Hamilton,lisarodriguez@example.net,PK,BUSINESS,2023-12-18 19:40:36,CLOSED
CUST007841,Elizabeth,Weaver,bennettcaleb@example.com,ES,CHECKING,2022-11-21 09:06:55,ACTIVE
CUST007842,Michele,Murillo,anthonyheidi@example.net,ES,CHECKING,2024-07-10 14:44:10,ACTIVE
CUST007843,Cheryl,Harper,hansonjessica@example.com,AU,BUSINESS,2024-05-31 23:02:48,CLOSED
CUST007844,Emily,Rogers,zharris@example.net,IT,BUSINESS,2024-12-19 02:55:46,SUSPENDED
CUST007845,Rodney,Dunn,jeffrey37@example.com,PK,CHECKING,2021-11-05 12:50:53,ACTIVE
CUST007846,Vickie,Garner,knightbrian@example.org,SG,SAVINGS,2022-07-25 12:47:44,ACTIVE
CUST007847,Adam,Ortiz,howardmonroe@example.org,JP,BUSINESS,2023-01-01 04:37:20,ACTIVE
CUST007848,Patrick,Mejia,christopher89@example.net,JP,SAVINGS,2025-11-29 07:27:28,ACTIVE
CUST007849,David,Riley,michele17@example.net,CA,BUSINESS,2022-08-10 21:27:45,ACTIVE
CUST007850,Michael,Brennan,yriley@example.org,IT,CHECKING,2023-06-19 20:11:00,ACTIVE
CUST007851,Joseph,Morrison,amanda93@example.org,JP,SAVINGS,2024-01-23 16:13:19,ACTIVE
CUST007852,Christina,Williams,franklinchad@example.org,AE,BUSINESS,2025-03-11 04:14:08,CLOSED
CUST007853,Brenda,Morales,morrisonjacqueline@example.org,IT,SAVINGS,2023-04-09 20:23:57,CLOSED
CUST007854,Christopher,Ruiz,pedrocruz@example.org,NL,SAVINGS,2023-09-02 20:01:57,SUSPENDED
CUST007855,Jasmine,Griffin,rogerslori@example.net,DE,SAVINGS,2021-11-17 14:27:20,SUSPENDED
CUST007856,Diana,Jordan,blackbrian@example.com,SG,BUSINESS,2022-08-03 00:45:30,SUSPENDED
CUST007857,Brian,Garcia,bwood@example.com,IT,CHECKING,2023-01-11 11:02:36,SUSPENDED
CUST007858,Maria,Johnson,umurphy@example.com,NL,CHECKING,2024-02-10 07:17:03,ACTIVE
CUST007859,Beth,Gomez,jennifer39@example.org,AU,SAVINGS,2022-05-16 20:20:52,ACTIVE
CUST007860,Alicia,Dillon,tcruz@example.com,IN,SAVINGS,2023-10-30 02:21:53,CLOSED
CUST007861,Nicole,Oconnell,samantha81@example.org,AE,SAVINGS,2025-02-20 07:14:43,CLOSED
CUST007862,Zachary,Palmer,smithcourtney@example.net,SG,BUSINESS,2026-05-24 20:56:47,ACTIVE
CUST007863,Morgan,Holder,gregorymiller@example.com,ES,SAVINGS,2021-12-27 04:12:16,CLOSED
CUST007864,Courtney,Robinson,hburton@example.org,IN,BUSINESS,2025-08-06 19:11:50,SUSPENDED
CUST007865,Joanna,Anderson,markhardin@example.net,FR,CHECKING,2022-08-14 13:41:03,CLOSED
CUST007866,Christopher,Yang,martinscott@example.com,ES,SAVINGS,2022-06-27 12:01:09,ACTIVE
CUST007867,Nicole,York,colewesley@example.com,ES,CHECKING,2024-04-17 21:26:29,ACTIVE
CUST007868,David,Price,ylogan@example.org,IT,BUSINESS,2022-03-03 07:05:32,CLOSED
CUST007869,Jonathan,Barrett,lindareed@example.com,US,BUSINESS,2025-02-23 07:32:04,SUSPENDED
CUST007870,Leslie,Davis,jonathan58@example.com,SG,CHECKING,2025-05-24 21:00:10,ACTIVE
CUST007871,Ashley,Good,christopher61@example.com,US,BUSINESS,2026-07-12 17:36:05,ACTIVE
CUST007872,Melissa,Gilbert,downsdonna@example.com,ES,BUSINESS,2021-11-20 14:56:12,CLOSED
CUST007873,Heather,Matthews,cooksarah@example.com,PK,BUSINESS,2024-04-18 12:35:02,ACTIVE
CUST007874,Melissa,Henderson,duane16@example.com,ES,CHECKING,2023-09-29 06:33:07,ACTIVE
CUST007875,Andrea,Bryan,zvelasquez@example.net,AE,BUSINESS,2023-06-30 22:48:35,ACTIVE
CUST007876,Laura,Cherry,ellisrichard@example.net,ES,SAVINGS,2025-01-26 10:12:43,SUSPENDED
CUST007877,Todd,Miles,dawn20@example.org,SG,BUSINESS,2022-07-13 22:12:22,ACTIVE
CUST007878,Mary,Miranda,flawrence@example.org,CA,CHECKING,2025-02-01 20:10:31,ACTIVE
CUST007879,Samantha,Reed,garciadavid@example.com,FR,CHECKING,2022-02-22 21:06:07,ACTIVE
CUST007880,Laura,Kim,ryanmurphy@example.net,AE,BUSINESS,2025-03-27 01:18:12,SUSPENDED
CUST007881,Jessica,Williams,carrollvictoria@example.com,AU,BUSINESS,2022-09-01 13:23:04,SUSPENDED
CUST007882,Kathryn,Barnes,jamievelez@example.net,CA,BUSINESS,2023-08-06 17:46:32,CLOSED
CUST007883,Michael,Mckee,millerwendy@example.com,IN,BUSINESS,2023-02-15 04:56:16,SUSPENDED
CUST007884,Michele,Cooper,masseyjames@example.com,BE,BUSINESS,2022-06-27 18:32:36,ACTIVE
CUST007885,James,Rios,sharon70@example.org,SG,BUSINESS,2026-05-02 20:53:48,ACTIVE
CUST007886,David,Harris,dawnmeadows@example.org,JP,BUSINESS,2023-01-23 10:26:41,ACTIVE
CUST007887,Mark,Lowery,bradleygreer@example.net,ES,CHECKING,2025-01-16 07:04:39,CLOSED
CUST007888,Thomas,Parker,xdavis@example.net,GB,CHECKING,2024-10-24 20:22:59,ACTIVE
CUST007889,Jeffrey,Wilson,petersonkenneth@example.net,IT,CHECKING,2023-07-09 17:46:10,ACTIVE
CUST007890,Mario,Perry,rmorgan@example.org,NL,CHECKING,2025-12-24 01:11:46,SUSPENDED
CUST007891,Jonathan,Peck,johnroberts@example.org,JP,CHECKING,2022-08-04 13:56:18,CLOSED
CUST007892,Melvin,Hoover,hking@example.com,IN,BUSINESS,2022-03-09 14:35:08,ACTIVE
CUST007893,Nicholas,Lee,jenniferclark@example.org,DE,SAVINGS,2023-01-07 15:01:07,ACTIVE
CUST007894,Cody,Chang,owenscody@example.org,BE,CHECKING,2022-05-12 10:55:11,ACTIVE
CUST007895,Marie,Colon,matthew41@example.org,IN,BUSINESS,2024-10-10 19:16:29,CLOSED
CUST007896,Craig,Garcia,,PK,CHECKING,2021-10-11 17:54:49,ACTIVE
CUST007897,Melissa,Miller,watkinskevin@example.net,AE,CHECKING,2024-07-22 14:20:53,CLOSED
CUST007898,Crystal,Andrade,ldoyle@example.net,ES,BUSINESS,2024-11-08 04:50:22,CLOSED
CUST007899,Edward,Harris,gwhitaker@example.com,SG,SAVINGS,2022-09-11 02:57:12,ACTIVE
CUST007900,Kara,Williams,theresa74@example.org,DE,SAVINGS,2025-06-06 01:24:31,ACTIVE
CUST007901,Matthew,Cooper,jaredsmith@example.org,US,SAVINGS,2023-03-22 23:34:05,CLOSED
CUST007902,Kelly,Thompson,tammycole@example.com,IT,CHECKING,2024-12-03 19:13:38,CLOSED
CUST007903,Larry,Travis,jillphelps@example.net,IN,CHECKING,2024-09-03 06:18:39,ACTIVE
CUST007904,Sabrina,Shepherd,ksims@example.org,AU,SAVINGS,2022-03-18 17:09:53,SUSPENDED
CUST007905,Casey,Anderson,scottkirk@example.net,DE,CHECKING,2026-07-27 12:41:52,CLOSED
CUST007906,Jason,Brown,qpatterson@example.org,US,CHECKING,2022-01-19 22:40:13,CLOSED
CUST007907,Cynthia,Klein,lunaclarence@example.net,DE,CHECKING,2023-09-27 11:33:54,SUSPENDED
CUST007908,Charles,Miller,johnsonerin@example.com,FR,BUSINESS,2024-12-26 11:48:35,ACTIVE
CUST007909,Barry,Hoover,deborahwilliams@example.net,SG,CHECKING,2024-07-18 02:01:36,ACTIVE
CUST007910,Maria,Roach,fmckinney@example.org,IT,CHECKING,2023-05-09 13:57:18,ACTIVE
CUST007911,Amy,Harper,,IN,BUSINESS,2025-07-22 16:44:20,SUSPENDED
CUST007912,Kendra,Maxwell,margaretbullock@example.net,GB,SAVINGS,2021-09-19 19:44:59,ACTIVE
CUST007913,Garrett,Mccormick,kylerice@example.net,FR,CHECKING,2021-11-02 12:10:21,CLOSED
CUST007914,Travis,Osborn,ekelly@example.com,AE,BUSINESS,2024-04-28 10:52:08,ACTIVE
CUST007915,Larry,Armstrong,angelagarcia@example.com,DE,CHECKING,2023-08-28 19:09:35,SUSPENDED
CUST007916,Kathryn,Martin,matthew34@example.com,GB,CHECKING,2023-11-16 08:14:32,ACTIVE
CUST007917,Brandi,Becker,averyrichard@example.net,PK,CHECKING,2025-12-24 18:09:48,ACTIVE
CUST007918,Joseph,Drake,grantdustin@example.org,DE,BUSINESS,2023-12-01 16:01:38,ACTIVE
CUST007919,Erika,Walters,joshua48@example.com,US,CHECKING,2026-02-12 09:17:22,ACTIVE
CUST007920,Michael,Ortega,kevin51@example.net,JP,BUSINESS,2023-11-18 22:53:19,CLOSED
CUST007921,Gregory,Soto,vtaylor@example.net,AE,SAVINGS,2022-06-10 13:37:49,ACTIVE
CUST007922,Jonathan,Gray,castillojeffrey@example.net,IT,BUSINESS,2022-05-17 13:03:42,ACTIVE
CUST007923,Joseph,Berger,scottfloyd@example.net,FR,SAVINGS,2025-01-08 12:43:49,CLOSED
CUST007924,Darius,Miranda,jessicabell@example.com,IT,SAVINGS,2024-10-08 10:42:32,SUSPENDED
CUST007925,Jodi,Bean,paularamsey@example.org,BE,CHECKING,2023-06-02 16:47:26,CLOSED
CUST007926,Scott,Combs,hollowaylaura@example.com,FR,BUSINESS,2023-07-02 23:08:53,ACTIVE
CUST007927,Brian,Oliver,phoffman@example.net,US,BUSINESS,2023-06-20 21:36:21,ACTIVE
CUST007928,Jonathan,Hansen,brentmendoza@example.org,AE,BUSINESS,2026-06-10 03:56:35,ACTIVE
CUST007929,Darrell,Greene,anamoore@example.net,ES,SAVINGS,2026-06-14 02:23:01,ACTIVE
CUST007930,Madeline,Hicks,nicolecummings@example.org,DE,CHECKING,2025-05-30 23:53:59,ACTIVE
CUST007931,Joel,Mason,matthew50@example.com,FR,BUSINESS,2025-12-25 05:25:00,SUSPENDED
CUST007932,David,Davis,bakerdean@example.net,JP,BUSINESS,2024-06-27 03:24:36,ACTIVE
CUST007933,Randall,Baird,emartin@example.net,PK,SAVINGS,2024-12-27 11:20:21,ACTIVE
CUST007934,Sara,Leonard,kylemeyers@example.org,AU,BUSINESS,2024-03-30 03:14:18,ACTIVE
CUST007935,Joseph,Cox,christopher49@example.net,ES,CHECKING,2025-07-01 00:02:07,CLOSED
CUST007936,Matthew,Santos,phillipspaul@example.org,NL,SAVINGS,2023-09-22 21:34:40,ACTIVE
CUST007937,Amy,Morris,matthew01@example.org,FR,BUSINESS,2022-11-10 12:26:07,ACTIVE
CUST007938,Donald,Solomon,anita31@example.org,SG,SAVINGS,2022-02-08 05:01:43,ACTIVE
CUST007939,Susan,Liu,brianberry@example.net,SG,SAVINGS,2023-08-23 02:44:25,ACTIVE
CUST007940,Andrew,Knight,desireelopez@example.net,AE,BUSINESS,2021-12-26 10:44:03,ACTIVE
CUST007941,Frederick,Best,natalie76@example.com,AE,CHECKING,2025-05-19 08:42:54,CLOSED
CUST007942,Brandon,Lindsey,mharrell@example.net,AU,SAVINGS,2026-04-22 10:46:39,ACTIVE
CUST007943,Erik,Martin,dwest@example.net,AE,BUSINESS,2021-10-21 14:31:33,CLOSED
CUST007944,Elizabeth,George,ufreeman@example.net,US,CHECKING,2024-02-23 18:17:03,ACTIVE
CUST007945,Betty,Ortiz,elizabeth95@example.net,IT,SAVINGS,2021-10-21 02:00:00,ACTIVE
CUST007946,Jessica,Thomas,michaelrangel@example.org,ES,SAVINGS,2022-08-27 14:17:15,ACTIVE
CUST007947,Evan,Walker,ryangreen@example.com,GB,SAVINGS,2026-08-06 01:59:53,CLOSED
CUST007948,Jeffrey,Brown,bwalters@example.com,BE,BUSINESS,2024-02-13 22:18:01,ACTIVE
CUST007949,Andrew,Soto,zachary21@example.org,GB,SAVINGS,2023-11-12 09:36:19,ACTIVE
CUST007950,Renee,Rivera,wwhite@example.com,IT,CHECKING,2024-05-16 12:07:12,ACTIVE
CUST007951,Tina,Martin,vcochran@example.net,DE,BUSINESS,2026-05-05 04:54:51,ACTIVE
CUST007952,Mary,Suarez,logan26@example.net,FR,CHECKING,2024-01-28 08:56:42,SUSPENDED
CUST007953,Lauren,Smith,jessicabrown@example.org,PK,CHECKING,2022-11-30 18:17:57,SUSPENDED
CUST007954,Tricia,Shaw,susancarpenter@example.net,DE,SAVINGS,2026-03-05 13:42:01,CLOSED
CUST007955,Cynthia,Hansen,gwalter@example.net,ES,SAVINGS,2026-02-22 05:13:40,ACTIVE
CUST007956,Alexis,Johnson,shelia28@example.com,CA,SAVINGS,2024-01-28 05:36:44,ACTIVE
CUST007957,Stephanie,Navarro,edwardsdonna@example.net,FR,CHECKING,2025-04-07 16:00:07,CLOSED
CUST007958,Dakota,Scott,reynoldskristin@example.org,AU,CHECKING,2025-06-08 13:21:23,SUSPENDED
CUST007959,Andrew,Little,tbarr@example.org,SG,BUSINESS,2021-11-24 09:45:00,ACTIVE
CUST007960,Brandon,Werner,brian94@example.org,GB,SAVINGS,2025-05-31 10:00:50,CLOSED
CUST007961,Ashley,Forbes,jwells@example.net,FR,SAVINGS,2022-05-11 07:32:13,ACTIVE
CUST007962,Brandon,Baker,brenda59@example.org,ES,CHECKING,2024-09-13 03:50:16,ACTIVE
CUST007963,Michelle,Jackson,angela78@example.com,CA,BUSINESS,2022-01-09 07:31:26,ACTIVE
CUST007964,Kyle,Saunders,qfaulkner@example.org,BE,SAVINGS,2026-01-02 22:05:48,ACTIVE
CUST007965,Michele,Solomon,kfreeman@example.com,IN,CHECKING,2022-04-23 07:56:18,ACTIVE
CUST007966,Marcus,Pugh,denniswilson@example.net,IT,BUSINESS,2023-05-07 09:12:58,ACTIVE
CUST007967,Stephen,Tate,fullerraymond@example.net,FR,CHECKING,2024-01-18 11:07:53,ACTIVE
CUST007968,Emily,Parker,sbradford@example.org,DE,CHECKING,2023-08-09 07:12:51,CLOSED
CUST007969,Alexander,Dean,thomas91@example.com,BE,SAVINGS,2022-07-09 20:21:11,SUSPENDED
CUST007970,Rebecca,Pena,katiewu@example.com,AU,BUSINESS,2022-10-30 01:01:05,SUSPENDED
CUST007971,Tanner,Blackburn,dhenry@example.com,BE,SAVINGS,2022-07-09 19:34:49,ACTIVE
CUST007972,Ryan,Allen,aramirez@example.net,AU,CHECKING,2024-11-02 18:51:21,ACTIVE
CUST007973,Kathryn,Alexander,margaret37@example.org,US,BUSINESS,2024-11-11 14:24:16,ACTIVE
CUST007974,Kenneth,Sanders,davisrichard@example.net,BE,SAVINGS,2024-10-15 01:55:19,SUSPENDED
CUST007975,Briana,Watson,lancewhitehead@example.org,IN,CHECKING,2025-04-23 07:04:27,ACTIVE
CUST007976,Alexa,Turner,leonardlittle@example.com,NL,SAVINGS,2023-05-21 08:05:34,ACTIVE
CUST007977,Glen,Miller,christiananthony@example.net,ES,SAVINGS,2026-05-20 23:50:56,SUSPENDED
CUST007978,Alexandra,Steele,ashley14@example.org,GB,CHECKING,2022-02-06 20:06:28,ACTIVE
CUST007979,Christopher,Figueroa,drakedeborah@example.com,FR,BUSINESS,2025-08-16 16:17:08,ACTIVE
CUST007980,Jonathan,Castro,glenda96@example.org,AE,CHECKING,2023-12-25 01:01:02,CLOSED
CUST007981,Olivia,Lopez,lopezcarlos@example.com,DE,CHECKING,2024-05-22 05:46:18,ACTIVE
CUST007982,Linda,Ryan,melissa70@example.net,FR,BUSINESS,2021-11-11 09:02:06,SUSPENDED
CUST007983,Kara,Williams,stevenschneider@example.com,CA,CHECKING,2025-06-19 06:23:18,ACTIVE
CUST007984,Joseph,Lee,frank42@example.net,US,SAVINGS,2024-04-13 07:58:05,ACTIVE
CUST007985,Erika,Brown,paulhumphrey@example.net,AE,CHECKING,2024-05-10 17:15:25,SUSPENDED
CUST007986,Madison,Stanley,msullivan@example.net,ES,SAVINGS,2022-10-08 07:40:48,CLOSED
CUST007987,Sandra,Smith,ashleyhernandez@example.org,FR,BUSINESS,2022-08-21 06:56:17,ACTIVE
CUST007988,Jennifer,Mills,gbray@example.com,CA,CHECKING,2023-09-12 16:51:39,ACTIVE
CUST007989,Jared,Dickson,michael97@example.com,US,CHECKING,2022-01-17 20:46:25,ACTIVE
CUST007990,Ana,Hudson,wattsstephanie@example.net,AU,CHECKING,2024-05-22 10:33:51,ACTIVE
CUST007991,Pedro,Vincent,huberangela@example.com,BE,BUSINESS,2021-08-31 10:54:08,ACTIVE
CUST007992,Sarah,Hernandez,robertanderson@example.com,US,CHECKING,2026-05-07 00:52:58,ACTIVE
CUST007993,Tara,Robbins,christine41@example.net,CA,CHECKING,2024-02-22 18:54:14,SUSPENDED
CUST007994,Lindsey,Ellis,bakerstanley@example.org,US,CHECKING,2024-08-05 02:52:37,ACTIVE
CUST007995,Jimmy,Henry,richardlittle@example.com,FR,SAVINGS,2021-10-29 21:59:37,ACTIVE
CUST007996,Paula,Townsend,johnholmes@example.org,BE,CHECKING,2021-10-15 01:12:24,ACTIVE
CUST007997,Alexander,Fields,aherrera@example.net,IN,SAVINGS,2025-09-30 03:05:02,ACTIVE
CUST007998,Jessica,Tran,robert53@example.org,CA,SAVINGS,2022-11-26 13:30:09,SUSPENDED
CUST007999,Edward,Cisneros,andersonamy@example.com,NL,CHECKING,2021-10-29 08:05:27,SUSPENDED
CUST008000,Jamie,Bean,kimstein@example.net,ES,CHECKING,2022-12-02 21:13:10,ACTIVE
CUST008001,Jeremy,Simpson,kevintaylor@example.org,FR,CHECKING,2024-12-25 04:28:57,CLOSED
CUST008002,Melissa,Black,kingamy@example.net,GB,CHECKING,2023-12-15 12:26:02,ACTIVE
CUST008003,Amber,Caldwell,jasonsosa@example.org,CA,BUSINESS,2023-02-24 16:41:49,ACTIVE
CUST008004,Wayne,Acosta,zwebster@example.org,US,SAVINGS,2026-08-12 23:15:51,SUSPENDED
CUST008005,Ashley,Miller,mirandaricardo@example.org,AU,SAVINGS,2022-08-05 02:33:50,SUSPENDED
CUST008006,John,Perez,jennifer21@example.com,FR,CHECKING,2024-07-31 12:55:04,ACTIVE
CUST008007,Ebony,Bryan,sean27@example.org,CA,CHECKING,2022-01-31 18:17:13,ACTIVE
CUST008008,Morgan,Mooney,xpham@example.com,IT,BUSINESS,2023-01-21 00:54:58,ACTIVE
CUST008009,Regina,Sandoval,ngonzalez@example.com,AU,SAVINGS,2023-10-20 17:13:38,ACTIVE
CUST008010,Zachary,Shaffer,warrenkrista@example.com,IN,SAVINGS,2023-12-08 16:28:28,ACTIVE
CUST008011,Melanie,Thomas,waltonpamela@example.org,IN,SAVINGS,2025-01-19 17:10:51,SUSPENDED
CUST008012,Donna,Rivas,aarontapia@example.com,GB,CHECKING,2023-09-19 22:53:51,ACTIVE
CUST008013,Stephanie,Francis,xwebb@example.net,BE,BUSINESS,2024-09-03 16:20:16,ACTIVE
CUST008014,Bonnie,Alexander,ufriedman@example.net,CA,CHECKING,2024-05-06 21:54:31,ACTIVE
CUST008015,Taylor,Young,martinwalker@example.org,SG,SAVINGS,2025-11-22 05:45:20,ACTIVE
CUST008016,Katie,Lawrence,lopezamanda@example.net,FR,CHECKING,2024-02-15 15:26:04,ACTIVE
CUST008017,Kimberly,Brown,swheeler@example.net,GB,SAVINGS,2025-07-19 23:19:31,SUSPENDED
CUST008018,Noah,Garcia,stevenrodgers@example.net,DE,SAVINGS,2022-09-01 16:07:23,ACTIVE
CUST008019,Eric,Rhodes,murraycrystal@example.org,JP,BUSINESS,2024-01-11 23:25:04,ACTIVE
CUST008020,Amber,Suarez,eric42@example.com,AE,CHECKING,2024-06-08 16:04:08,ACTIVE
CUST008021,Ronald,Berg,rachaelgriffin@example.org,FR,SAVINGS,2022-04-27 12:16:01,CLOSED
CUST008022,Thomas,Acosta,brownsean@example.net,US,BUSINESS,2024-06-16 02:01:21,SUSPENDED
CUST008023,Mason,Myers,ebrennan@example.org,DE,SAVINGS,2024-10-12 23:09:11,ACTIVE
CUST008024,Daniel,Wu,tbaldwin@example.com,FR,BUSINESS,2025-12-21 01:21:11,ACTIVE
CUST008025,Anne,Williams,savery@example.com,AU,CHECKING,2025-10-20 06:09:25,CLOSED
CUST008026,Courtney,Stone,younglisa@example.com,AE,BUSINESS,2026-07-18 19:34:22,ACTIVE
CUST008027,Melinda,Robinson,goodalec@example.org,IN,BUSINESS,2023-07-23 12:27:02,CLOSED
CUST008028,Kevin,Villanueva,htrujillo@example.com,AE,BUSINESS,2024-04-23 20:48:12,ACTIVE
CUST008029,Kristy,Smith,christinalee@example.org,AU,CHECKING,2025-12-25 14:15:16,ACTIVE
CUST008030,Sherry,Boyle,karenadams@example.org,IT,BUSINESS,2023-10-08 23:28:15,ACTIVE
CUST008031,Scott,Robinson,sarahduncan@example.net,BE,CHECKING,2021-11-23 01:36:31,ACTIVE
CUST008032,Laura,Nelson,wiseamber@example.net,NL,BUSINESS,2024-10-02 10:08:57,CLOSED
CUST008033,Annette,Zhang,sperez@example.org,CA,CHECKING,2026-08-11 17:45:41,CLOSED
CUST008034,Dean,Bass,howelldouglas@example.net,NL,BUSINESS,2023-08-26 11:27:36,CLOSED
CUST008035,Nicole,Graves,kclark@example.org,IN,SAVINGS,2021-12-24 14:49:59,SUSPENDED
CUST008036,Robert,Johnson,jrivas@example.com,AE,BUSINESS,2023-04-28 00:57:29,CLOSED
CUST008037,Rebecca,Tate,yorkbeth@example.net,US,BUSINESS,2023-11-03 07:04:47,ACTIVE
CUST008038,Amy,Castillo,sbanks@example.net,JP,CHECKING,2026-03-23 08:15:50,ACTIVE
CUST008039,Kara,Bradford,joseph49@example.org,US,BUSINESS,2022-09-02 07:09:03,SUSPENDED
CUST008040,Amy,Miller,cooperelizabeth@example.com,JP,CHECKING,2023-02-21 01:33:13,SUSPENDED
CUST008041,Marcus,Barron,alexisgarcia@example.net,GB,BUSINESS,2022-01-16 19:50:18,CLOSED
CUST008042,Alicia,Taylor,gregory30@example.org,SG,SAVINGS,2023-01-08 19:18:11,ACTIVE
CUST008043,Danielle,Alvarez,toddescobar@example.com,GB,SAVINGS,2022-12-30 01:52:39,ACTIVE
CUST008044,Danny,Cooper,tonymoyer@example.net,ES,CHECKING,2022-11-25 18:36:15,SUSPENDED
CUST008045,John,Grimes,jeffrey16@example.com,NL,CHECKING,2023-08-22 00:58:55,SUSPENDED
CUST008046,Amber,Butler,ysherman@example.net,US,BUSINESS,2025-05-20 22:15:10,ACTIVE
CUST008047,David,Alexander,valdezwilliam@example.com,IT,CHECKING,2025-02-11 04:37:23,ACTIVE
CUST008048,Anthony,Lopez,stephanie57@example.com,AE,SAVINGS,2022-03-02 17:55:36,SUSPENDED
CUST008049,Christina,Sparks,jordanlucas@example.com,ES,CHECKING,2025-12-08 05:42:00,CLOSED
CUST008050,Tracy,Simmons,katherine62@example.net,JP,BUSINESS,2022-09-20 09:37:33,CLOSED
CUST008051,Annette,Hines,ywalton@example.org,NL,BUSINESS,2024-06-02 04:33:41,CLOSED
CUST008052,John,Wilcox,sloanveronica@example.org,PK,CHECKING,2022-05-17 18:29:24,CLOSED
CUST008053,Kimberly,Johnson,eatkinson@example.net,US,CHECKING,2023-08-30 02:40:54,ACTIVE
CUST008054,Teresa,Wilson,jessicaharris@example.net,SG,SAVINGS,2023-10-11 15:15:06,ACTIVE
CUST008055,Chad,Fernandez,clarkisaac@example.com,PK,SAVINGS,2022-02-17 03:57:10,ACTIVE
CUST008056,Jessica,Davis,jerrycraig@example.org,FR,CHECKING,2025-09-08 10:28:36,SUSPENDED
CUST008057,Teresa,Scott,morgan45@example.net,FR,BUSINESS,2024-01-23 13:28:51,SUSPENDED
CUST008058,Kayla,Barr,scottmcintyre@example.net,IN,BUSINESS,2023-02-19 05:24:15,ACTIVE
CUST008059,Kelly,Robles,enielsen@example.com,DE,CHECKING,2024-04-20 05:34:54,SUSPENDED
CUST008060,Andrew,Schaefer,xcole@example.net,FR,CHECKING,2023-11-13 21:34:59,ACTIVE
CUST008061,David,Smith,emartinez@example.com,JP,BUSINESS,2026-03-04 22:49:29,ACTIVE
CUST008062,Misty,Lee,jmiller@example.org,DE,BUSINESS,2024-05-06 19:37:01,ACTIVE
CUST008063,Tiffany,Jacobs,rhondastephens@example.net,IT,SAVINGS,2025-11-06 11:50:58,CLOSED
CUST008064,Anne,Greene,vincentjones@example.org,AU,BUSINESS,2023-01-08 18:49:11,CLOSED
CUST008065,Rachel,Robinson,diaztimothy@example.org,CA,BUSINESS,2023-02-13 21:53:30,SUSPENDED
CUST008066,Susan,Price,jennaavila@example.net,PK,CHECKING,2022-07-08 21:21:13,ACTIVE
CUST008067,Cathy,Lee,xanderson@example.net,DE,SAVINGS,2024-02-06 15:59:52,ACTIVE
CUST008068,Kelly,Freeman,laurenwhite@example.net,SG,BUSINESS,2023-10-24 01:25:00,CLOSED
CUST008069,Anthony,Kline,michaelterry@example.org,JP,BUSINESS,2022-01-06 11:13:06,ACTIVE
CUST008070,Joseph,Lopez,fernandezvincent@example.net,PK,BUSINESS,2022-08-26 03:45:32,CLOSED
CUST008071,Eric,Olson,bbarrett@example.net,FR,CHECKING,2025-08-13 19:14:12,CLOSED
CUST008072,William,Johnson,henrycandice@example.com,PK,SAVINGS,2022-01-28 10:40:53,ACTIVE
CUST008073,Christina,Robinson,nbell@example.com,NL,BUSINESS,2025-03-09 12:48:09,ACTIVE
CUST008074,Olivia,Fleming,alyssa41@example.net,ES,CHECKING,2024-11-20 13:22:44,SUSPENDED
CUST008075,Troy,Mendez,hawkinslisa@example.org,PK,SAVINGS,2022-12-14 22:54:35,CLOSED
CUST008076,Aaron,Griffith,victoria65@example.org,CA,BUSINESS,2026-01-04 19:20:44,ACTIVE
CUST008077,Matthew,Knox,benjamin68@example.com,AU,SAVINGS,2024-08-07 12:21:08,CLOSED
CUST008078,Cynthia,Gentry,heatherbrown@example.org,BE,SAVINGS,2022-01-18 12:30:37,ACTIVE
CUST008079,Mary,Cox,anazimmerman@example.net,CA,CHECKING,2025-09-05 15:38:35,ACTIVE
CUST008080,Franklin,Shields,,AE,CHECKING,2023-02-19 05:56:57,ACTIVE
CUST008081,Matthew,Wright,batesolivia@example.org,CA,CHECKING,2025-09-08 22:57:10,SUSPENDED
CUST008082,Gary,Adams,erica95@example.com,US,SAVINGS,2021-10-01 09:35:03,SUSPENDED
CUST008083,John,Smith,amy54@example.com,JP,CHECKING,2025-08-22 21:18:42,ACTIVE
CUST008084,Tammy,Hernandez,falexander@example.net,IN,CHECKING,2023-04-11 16:46:02,SUSPENDED
CUST008085,Anna,Moyer,patricia63@example.net,AU,CHECKING,2021-09-08 09:02:43,ACTIVE
CUST008086,Richard,White,thowell@example.org,AU,SAVINGS,2026-07-27 08:00:43,ACTIVE
CUST008087,Mary,Chung,uclark@example.org,AE,BUSINESS,2023-02-04 02:33:46,ACTIVE
CUST008088,Christina,Ramsey,iprice@example.org,PK,CHECKING,2023-07-02 05:35:41,CLOSED
CUST008089,Ricardo,Mitchell,kevin02@example.net,PK,SAVINGS,2022-04-30 12:24:57,CLOSED
CUST008090,Roberta,Carr,qcook@example.com,NL,CHECKING,2026-02-04 02:10:02,CLOSED
CUST008091,Juan,Turner,ashley28@example.org,JP,SAVINGS,2024-06-09 14:00:48,CLOSED
CUST008092,Jennifer,Johnson,denniswatkins@example.com,PK,BUSINESS,2022-03-12 10:29:04,ACTIVE
CUST008093,Christopher,Freeman,natalie86@example.org,US,BUSINESS,2025-03-08 10:56:44,SUSPENDED
CUST008094,Christy,Frost,belljon@example.org,AU,BUSINESS,2025-09-07 22:01:43,SUSPENDED
CUST008095,Adam,Dougherty,jeremy17@example.com,JP,BUSINESS,2023-04-12 07:38:10,ACTIVE
CUST008096,Christopher,Martin,beardarthur@example.net,NL,CHECKING,2023-11-19 20:08:05,CLOSED
CUST008097,Mark,Harris,camposjohn@example.net,BE,CHECKING,2025-01-10 02:53:36,ACTIVE
CUST008098,Dalton,White,brendan89@example.net,NL,CHECKING,2025-10-14 11:22:21,CLOSED
CUST008099,Michael,Rogers,james79@example.net,GB,CHECKING,2025-09-15 01:05:53,ACTIVE
CUST008100,Virginia,Fitzpatrick,simmonsrobert@example.net,GB,CHECKING,2022-01-06 12:27:28,SUSPENDED
CUST008101,Claire,Rivera,andrewssusan@example.net,PK,BUSINESS,2026-05-11 17:14:08,ACTIVE
CUST008102,Sean,Schneider,llee@example.org,ES,SAVINGS,2025-09-08 08:35:10,ACTIVE
CUST008103,Danielle,Mcknight,kelly74@example.com,JP,BUSINESS,2025-07-31 07:31:31,CLOSED
CUST008104,Andrew,Williams,joan88@example.net,CA,CHECKING,2023-04-10 07:16:04,ACTIVE
CUST008105,Larry,Moody,ucampbell@example.org,SG,SAVINGS,2023-01-25 04:15:40,ACTIVE
CUST008106,Melissa,Mccarthy,christopher15@example.com,DE,SAVINGS,2024-09-28 23:56:36,CLOSED
CUST008107,Edward,Gibson,ariasmax@example.com,AE,BUSINESS,2023-01-10 08:05:36,SUSPENDED
CUST008108,Peter,Barron,fernandezlynn@example.org,ES,SAVINGS,2025-06-25 09:59:23,ACTIVE
CUST008109,Valerie,Matthews,williamsmark@example.com,PK,BUSINESS,2023-09-04 09:47:55,SUSPENDED
CUST008110,Lisa,Henderson,sarah60@example.com,SG,BUSINESS,2025-01-24 22:01:48,ACTIVE
CUST008111,Cynthia,Elliott,michelleallen@example.com,IN,BUSINESS,2024-06-12 11:09:37,SUSPENDED
CUST008112,Heather,Ryan,jessicawalker@example.net,GB,BUSINESS,2022-05-28 15:57:52,ACTIVE
CUST008113,Joseph,Wright,michaelmitchell@example.com,SG,SAVINGS,2026-07-26 03:21:20,CLOSED
CUST008114,Gina,Shaw,julieeverett@example.com,GB,CHECKING,2025-04-21 07:17:39,ACTIVE
CUST008115,Ryan,Clark,sbishop@example.org,US,BUSINESS,2021-12-12 02:25:05,ACTIVE
CUST008116,Ashley,Smith,smithandrew@example.org,ES,CHECKING,2025-03-16 13:36:14,SUSPENDED
CUST008117,Raymond,Sweeney,gcastro@example.net,FR,CHECKING,2025-12-31 10:41:55,CLOSED
CUST008118,Mallory,Hogan,heather91@example.com,BE,CHECKING,2022-11-14 18:10:31,SUSPENDED
CUST008119,Stephanie,Neal,jreed@example.net,ES,CHECKING,2024-02-28 00:00:41,ACTIVE
CUST008120,Sarah,Martin,changeric@example.net,AU,CHECKING,2022-08-22 04:58:31,SUSPENDED
CUST008121,Michael,Harris,stephenhatfield@example.org,NL,BUSINESS,2025-09-28 08:21:15,CLOSED
CUST008122,Charles,Vargas,hmcgee@example.com,ES,CHECKING,2023-01-27 00:06:29,CLOSED
CUST008123,Keith,Obrien,jasonjohnson@example.net,AU,CHECKING,2022-01-23 00:03:53,ACTIVE
CUST008124,Kathryn,Wells,wilsonsteven@example.com,CA,SAVINGS,2024-04-09 23:17:45,CLOSED
CUST008125,Randy,Ryan,vicki64@example.net,SG,BUSINESS,2022-08-24 05:37:15,ACTIVE
CUST008126,Tony,Morris,mkelley@example.org,AU,CHECKING,2022-10-09 16:01:15,SUSPENDED
CUST008127,Susan,Walker,melissa34@example.net,ES,SAVINGS,2025-11-21 18:22:10,SUSPENDED
CUST008128,Nicholas,Garcia,omitchell@example.org,US,CHECKING,2023-07-13 23:09:36,CLOSED
CUST008129,Shaun,Garcia,jamesann@example.net,US,BUSINESS,2025-02-14 04:17:54,CLOSED
CUST008130,Heather,Rice,samanthalopez@example.net,DE,SAVINGS,2025-07-05 15:31:49,ACTIVE
CUST008131,Emily,Humphrey,seanlong@example.org,AU,CHECKING,2026-02-13 22:19:13,ACTIVE
CUST008132,Kelly,Weber,xlewis@example.com,NL,CHECKING,2024-09-03 21:34:03,ACTIVE
CUST008133,Diana,Lucero,thomasdiane@example.net,IN,CHECKING,2026-06-21 05:46:54,CLOSED
CUST008134,Lisa,Baker,david35@example.net,PK,BUSINESS,2024-10-03 11:56:34,ACTIVE
CUST008135,Joel,Smith,kdiaz@example.net,BE,BUSINESS,2025-10-19 16:01:15,CLOSED
CUST008136,Brian,Moody,tara59@example.net,JP,CHECKING,2022-07-02 21:09:11,ACTIVE
CUST008137,Jordan,Hernandez,smithbenjamin@example.org,SG,SAVINGS,2025-12-09 12:52:10,ACTIVE
CUST008138,Amy,Alvarez,vjones@example.net,IT,CHECKING,2025-04-20 23:15:39,SUSPENDED
CUST008139,Andrew,Roberts,carlhuber@example.org,SG,SAVINGS,2021-09-13 14:16:24,ACTIVE
CUST008140,Austin,Russell,wfranklin@example.org,BE,CHECKING,2022-05-03 16:41:30,ACTIVE
CUST008141,Billy,Brown,andrea54@example.org,FR,SAVINGS,2024-08-07 17:12:26,ACTIVE
CUST008142,Erica,Rivera,heverett@example.com,CA,BUSINESS,2022-11-10 05:54:32,ACTIVE
CUST008143,Ian,Williamson,lindsay41@example.com,GB,SAVINGS,2022-05-27 10:56:12,ACTIVE
CUST008144,Andrew,Richmond,mjimenez@example.net,PK,CHECKING,2022-11-14 12:17:29,ACTIVE
CUST008145,Christine,Wolfe,cwebster@example.com,PK,SAVINGS,2021-09-23 02:02:38,ACTIVE
CUST008146,Martha,King,pthomas@example.com,US,CHECKING,2026-02-09 21:50:49,ACTIVE
CUST008147,Sylvia,Esparza,staceychen@example.net,DE,BUSINESS,2024-06-27 11:56:29,ACTIVE
CUST008148,Christopher,Walter,brianmarshall@example.org,GB,SAVINGS,2021-12-27 04:37:58,ACTIVE
CUST008149,Kevin,Gonzalez,mcdanielsean@example.org,IN,CHECKING,2025-07-31 07:29:20,ACTIVE
CUST008150,Nancy,Rich,matthew82@example.com,NL,CHECKING,2024-04-05 04:36:29,CLOSED
CUST008151,Jason,Young,kfarmer@example.org,GB,SAVINGS,2024-07-08 10:14:22,ACTIVE
CUST008152,Brian,Wiggins,kevinclark@example.org,US,BUSINESS,2022-10-24 23:22:35,SUSPENDED
CUST008153,Paula,Hall,jonespaula@example.com,PK,BUSINESS,2023-10-31 17:33:52,ACTIVE
CUST008154,Roger,Cox,wrightbrian@example.net,AE,BUSINESS,2024-06-05 13:47:15,ACTIVE
CUST008155,Jodi,Nolan,weaverheather@example.org,SG,SAVINGS,2023-06-15 10:02:53,CLOSED
CUST008156,Brenda,Garcia,cervantesdavid@example.org,CA,BUSINESS,2023-12-31 17:59:11,CLOSED
CUST008157,Katelyn,Robinson,coxbradley@example.net,JP,CHECKING,2022-02-07 09:27:09,CLOSED
CUST008158,Lisa,Matthews,loriwilliams@example.net,CA,BUSINESS,2025-02-15 19:37:55,ACTIVE
CUST008159,Heidi,Brown,zwiley@example.net,IN,SAVINGS,2024-02-17 20:11:44,SUSPENDED
CUST008160,Elizabeth,Long,adrienne42@example.org,IN,BUSINESS,2024-08-21 16:15:34,ACTIVE
CUST008161,Jackson,Marshall,dmills@example.com,DE,SAVINGS,2024-10-06 06:05:08,ACTIVE
CUST008162,Heather,Skinner,larry29@example.org,US,SAVINGS,2025-11-08 02:01:10,SUSPENDED
CUST008163,Tristan,Johnson,dwayneward@example.net,CA,CHECKING,2025-02-12 12:20:40,ACTIVE
CUST008164,Mallory,Collins,devin22@example.org,IN,SAVINGS,2025-04-04 22:22:07,CLOSED
CUST008165,Paul,Austin,gregg81@example.com,ES,SAVINGS,2026-04-22 12:25:06,SUSPENDED
CUST008166,Shannon,Barker,juliesimon@example.net,NL,BUSINESS,2023-07-17 10:53:42,SUSPENDED
CUST008167,Elizabeth,Bryant,ocole@example.org,AU,BUSINESS,2023-02-25 19:42:22,CLOSED
CUST008168,Jon,Roberts,zacharydawson@example.org,AU,CHECKING,2024-11-02 14:30:21,CLOSED
CUST008169,Dwayne,Perez,gillespiematthew@example.com,GB,BUSINESS,2023-05-21 12:48:49,CLOSED
CUST008170,Jeffery,Owens,roberta76@example.org,CA,SAVINGS,2022-03-07 07:48:59,ACTIVE
CUST008171,Morgan,Love,iflores@example.com,PK,BUSINESS,2025-12-24 17:51:23,SUSPENDED
CUST008172,Douglas,Khan,tesparza@example.net,AU,SAVINGS,2024-12-14 02:59:12,ACTIVE
CUST008173,Melissa,Kerr,reeddana@example.net,BE,SAVINGS,2026-07-01 08:19:08,CLOSED
CUST008174,Tracy,Reid,jennifermullins@example.com,NL,SAVINGS,2026-02-19 10:12:10,ACTIVE
CUST008175,Sarah,Gillespie,dana29@example.net,DE,CHECKING,2023-05-07 01:03:33,CLOSED
CUST008176,Ricky,Mcdonald,hansonsteve@example.org,ES,BUSINESS,2024-05-05 20:52:09,CLOSED
CUST008177,Randy,Garcia,stacey55@example.org,JP,CHECKING,2022-01-07 05:02:28,ACTIVE
CUST008178,Tristan,Evans,hartrichard@example.net,IN,BUSINESS,2024-11-21 14:25:28,SUSPENDED
CUST008179,Nicole,Miller,browncharles@example.net,BE,CHECKING,2025-05-18 11:14:54,SUSPENDED
CUST008180,Mary,Watkins,colonjessica@example.com,PK,BUSINESS,2025-12-17 16:50:37,ACTIVE
CUST008181,Jason,Wilson,qjackson@example.org,BE,CHECKING,2022-02-28 16:48:42,ACTIVE
CUST008182,Peter,Brooks,stricklandrichard@example.com,US,CHECKING,2025-03-14 11:26:14,SUSPENDED
CUST008183,Chelsea,Cooper,matthewhernandez@example.com,JP,BUSINESS,2026-05-05 15:06:15,ACTIVE
CUST008184,Kristin,Navarro,jacobsnicole@example.net,IT,BUSINESS,2025-06-15 19:34:17,CLOSED
CUST008185,Christopher,Navarro,elizabeththompson@example.net,AE,BUSINESS,2022-07-18 19:59:35,SUSPENDED
CUST008186,Antonio,Cabrera,iharrington@example.com,IT,SAVINGS,2025-06-28 17:39:23,ACTIVE
CUST008187,Michael,Decker,maysjohn@example.org,IT,SAVINGS,2023-05-17 14:42:25,ACTIVE
CUST008188,Michelle,Hicks,nguyenjennifer@example.org,DE,BUSINESS,2022-05-06 02:48:44,CLOSED
CUST008189,Scott,Rowe,mclaughlindebbie@example.com,NL,SAVINGS,2025-01-04 00:11:24,ACTIVE
CUST008190,Jason,Hess,warrenpaul@example.net,AU,CHECKING,2025-07-08 18:25:42,SUSPENDED
CUST008191,Monica,Pearson,nnichols@example.com,US,CHECKING,2021-10-26 14:17:18,ACTIVE
CUST008192,Felicia,Turner,michael31@example.net,FR,BUSINESS,2022-07-22 16:10:54,CLOSED
CUST008193,Jeffrey,Davis,kelly70@example.net,NL,CHECKING,2026-08-01 23:53:03,ACTIVE
CUST008194,Victor,Scott,youngdenise@example.org,CA,BUSINESS,2024-07-23 02:12:09,ACTIVE
CUST008195,Joshua,Smith,eking@example.org,ES,CHECKING,2026-05-20 15:30:51,ACTIVE
CUST008196,Mary,Cruz,crystalnelson@example.com,PK,SAVINGS,2026-04-25 01:31:48,SUSPENDED
CUST008197,Hannah,Lopez,natalie39@example.com,JP,SAVINGS,2026-05-08 23:41:46,CLOSED
CUST008198,Debra,Osborne,kimberlycardenas@example.com,AU,SAVINGS,2026-03-05 06:14:49,SUSPENDED
CUST008199,Melissa,Daniel,elizabeth84@example.com,US,SAVINGS,2026-03-16 19:16:57,ACTIVE
CUST008200,Kevin,Thompson,scottwebb@example.com,BE,SAVINGS,2021-09-12 11:04:47,ACTIVE
CUST008201,David,Spencer,hendersonryan@example.com,ES,CHECKING,2022-09-22 11:28:20,ACTIVE
CUST008202,Matthew,West,karenblair@example.com,BE,SAVINGS,2023-10-24 23:18:18,ACTIVE
CUST008203,Rachel,Bell,josephbrianna@example.com,US,SAVINGS,2025-05-23 16:00:38,ACTIVE
CUST008204,Tracy,Davidson,oconnoralan@example.net,CA,CHECKING,2023-04-14 19:48:08,CLOSED
CUST008205,Alexis,Clark,kenneth71@example.org,US,SAVINGS,2026-01-23 10:06:21,ACTIVE
CUST008206,Jonathan,Rivera,whitney23@example.com,IT,CHECKING,2023-09-04 20:09:22,CLOSED
CUST008207,Matthew,Barker,tmartinez@example.net,AE,BUSINESS,2025-03-20 11:51:57,ACTIVE
CUST008208,Abigail,Burch,gabrielhurst@example.org,GB,CHECKING,2024-07-06 09:28:13,ACTIVE
CUST008209,Anthony,Krueger,sethgriffin@example.net,IN,SAVINGS,2025-01-05 09:04:43,ACTIVE
CUST008210,Danielle,Smith,aprilvasquez@example.org,AE,SAVINGS,2023-07-09 03:14:21,SUSPENDED
CUST008211,Sarah,Eaton,allison77@example.net,AE,CHECKING,2024-07-01 04:19:47,ACTIVE
CUST008212,Donald,White,sweeneypamela@example.net,AE,SAVINGS,2023-01-05 01:24:49,ACTIVE
CUST008213,Tiffany,Solomon,grossalexander@example.org,SG,SAVINGS,2023-06-23 19:39:04,ACTIVE
CUST008214,Dorothy,Campbell,lopezerica@example.net,DE,SAVINGS,2025-09-20 08:29:32,ACTIVE
CUST008215,Danielle,Tran,samantha35@example.org,AU,BUSINESS,2022-02-10 06:35:06,ACTIVE
CUST008216,David,Edwards,mallen@example.com,IT,CHECKING,2024-11-10 13:39:11,ACTIVE
CUST008217,Robert,Ramirez,richardmorgan@example.com,SG,BUSINESS,2024-03-27 13:47:07,SUSPENDED
CUST008218,Christina,Obrien,uweaver@example.net,ES,CHECKING,2022-08-15 07:35:37,ACTIVE
CUST008219,Mary,Mckinney,kelly55@example.org,ES,CHECKING,2023-01-09 13:50:18,ACTIVE
CUST008220,Candace,Jimenez,travisstewart@example.com,ES,SAVINGS,2022-12-23 15:45:00,SUSPENDED
CUST008221,Amber,Davis,arodriguez@example.com,PK,SAVINGS,2023-08-08 17:56:44,SUSPENDED
CUST008222,John,Evans,morrisonconnor@example.com,NL,SAVINGS,2022-08-09 17:01:05,ACTIVE
CUST008223,Nicholas,Jackson,wbryant@example.com,AE,SAVINGS,2023-11-08 15:12:10,CLOSED
CUST008224,Elizabeth,Wilson,nicole65@example.net,DE,SAVINGS,2023-12-13 03:43:35,ACTIVE
CUST008225,Vanessa,Sanders,rowlandsarah@example.com,DE,CHECKING,2025-10-02 11:28:12,ACTIVE
CUST008226,Gabrielle,Lang,theresa07@example.com,NL,BUSINESS,2023-07-27 12:35:16,ACTIVE
CUST008227,Michael,Gonzalez,jorgediaz@example.org,DE,SAVINGS,2026-06-16 16:49:40,CLOSED
CUST008228,Javier,Turner,robert51@example.com,IN,SAVINGS,2026-03-04 23:58:22,CLOSED
CUST008229,Eric,Bush,meghanwheeler@example.com,AE,BUSINESS,2025-10-16 08:01:51,SUSPENDED
CUST008230,Richard,Peterson,vwest@example.com,FR,CHECKING,2025-04-30 23:05:14,CLOSED
CUST008231,Christopher,Nelson,jerrymorse@example.com,FR,CHECKING,2022-06-24 18:29:08,SUSPENDED
CUST008232,Larry,Tucker,vperkins@example.org,AU,BUSINESS,2025-12-24 15:40:36,SUSPENDED
CUST008233,Brenda,Watson,melaniegarcia@example.com,US,BUSINESS,2023-07-21 13:28:18,SUSPENDED
CUST008234,Sara,Sosa,danielle29@example.org,CA,CHECKING,2026-01-24 17:08:41,ACTIVE
CUST008235,Sarah,Miller,mileshaley@example.net,IN,CHECKING,2025-03-27 23:42:05,ACTIVE
CUST008236,Seth,Baker,kimberly78@example.com,AU,BUSINESS,2026-02-13 22:22:41,ACTIVE
CUST008237,Sabrina,Gonzalez,ellisamanda@example.org,US,CHECKING,2025-01-31 10:01:23,ACTIVE
CUST008238,Christina,King,alvaradotracie@example.com,US,CHECKING,2025-11-20 00:51:47,SUSPENDED
CUST008239,Sheri,Caldwell,tparks@example.org,AE,SAVINGS,2024-07-25 14:49:16,ACTIVE
CUST008240,Jeremy,Duncan,badams@example.com,JP,SAVINGS,2023-12-18 03:05:24,ACTIVE
CUST008241,Chris,Brown,jennifer98@example.net,ES,BUSINESS,2024-05-10 15:28:39,ACTIVE
CUST008242,Diane,Martinez,hermankeith@example.com,PK,CHECKING,2022-04-30 16:49:24,ACTIVE
CUST008243,Larry,Thomas,scollins@example.com,IT,BUSINESS,2022-05-06 20:29:37,ACTIVE
CUST008244,Tricia,Davenport,melissa89@example.net,IT,BUSINESS,2023-07-05 19:45:46,SUSPENDED
CUST008245,Debra,Johnson,williamsjoe@example.com,BE,CHECKING,2023-12-31 05:53:32,SUSPENDED
CUST008246,Jeffrey,Miller,johnsonlarry@example.net,BE,BUSINESS,2023-03-05 22:57:36,CLOSED
CUST008247,Jonathan,Johnson,smalltabitha@example.net,SG,SAVINGS,2024-09-13 03:03:52,CLOSED
CUST008248,Jordan,Pena,zsantana@example.org,FR,SAVINGS,2022-07-02 19:55:30,CLOSED
CUST008249,Denise,Williams,smithryan@example.com,BE,BUSINESS,2022-02-05 11:18:08,ACTIVE
CUST008250,Joseph,Lowe,johoward@example.net,BE,SAVINGS,2025-06-20 07:43:35,CLOSED
CUST008251,Carol,Kaufman,joshua06@example.com,ES,SAVINGS,2022-12-03 14:31:59,ACTIVE
CUST008252,Julie,Rice,melissacarroll@example.net,DE,BUSINESS,2024-01-12 02:18:47,CLOSED
CUST008253,Lindsey,Shaw,nross@example.net,SG,CHECKING,2022-04-26 23:18:57,CLOSED
CUST008254,Amanda,Marsh,tammy84@example.org,BE,SAVINGS,2023-02-22 10:07:42,ACTIVE
CUST008255,Christopher,Young,mjohnson@example.net,AE,SAVINGS,2023-05-22 00:35:46,ACTIVE
CUST008256,Katherine,Williams,jthomas@example.org,FR,BUSINESS,2024-06-28 09:58:06,SUSPENDED
CUST008257,Donald,Nelson,patrickrodriguez@example.net,NL,SAVINGS,2026-03-10 15:24:42,ACTIVE
CUST008258,Thomas,Zimmerman,bgarcia@example.org,NL,BUSINESS,2025-12-17 09:02:43,SUSPENDED
CUST008259,Joshua,Oconnor,william00@example.net,BE,BUSINESS,2025-04-24 09:30:29,ACTIVE
CUST008260,Jonathan,Wilson,rberry@example.net,IN,CHECKING,2023-09-25 01:45:37,ACTIVE
CUST008261,Tracey,Conner,richard01@example.com,DE,CHECKING,2025-03-30 19:17:09,ACTIVE
CUST008262,Wesley,Spencer,ygibson@example.com,ES,BUSINESS,2026-02-16 22:03:21,SUSPENDED
CUST008263,Carrie,Hall,kurthayes@example.com,NL,BUSINESS,2023-06-25 14:39:45,CLOSED
CUST008264,Christie,Williams,nfrederick@example.net,AE,BUSINESS,2026-06-10 02:21:42,SUSPENDED
CUST008265,Jason,Gray,wrightamber@example.net,JP,BUSINESS,2025-01-10 03:29:36,ACTIVE
CUST008266,Tracey,Chen,ykoch@example.com,US,SAVINGS,2022-10-11 00:58:12,SUSPENDED
CUST008267,Michelle,Franco,michellenichols@example.com,AE,CHECKING,2026-02-09 23:32:42,ACTIVE
CUST008268,Alan,Robinson,mcdonaldandrea@example.com,JP,SAVINGS,2026-03-24 10:52:08,ACTIVE
CUST008269,Nicole,Smith,stephanie12@example.org,US,CHECKING,2023-10-15 08:22:05,ACTIVE
CUST008270,Mary,Morgan,nicholas66@example.org,IT,BUSINESS,2024-12-05 02:21:12,CLOSED
CUST008271,Kara,Clark,theresaarnold@example.org,GB,BUSINESS,2023-06-05 08:32:48,ACTIVE
CUST008272,Sabrina,Thomas,nicoleclark@example.org,IN,CHECKING,2024-01-25 08:06:12,SUSPENDED
CUST008273,Tammy,White,hallbrooke@example.net,BE,BUSINESS,2026-04-27 02:45:49,ACTIVE
CUST008274,Lisa,Mckee,dawn79@example.net,JP,BUSINESS,2023-06-24 04:04:17,ACTIVE
CUST008275,Tyrone,Williams,thompsonjames@example.com,AE,CHECKING,2026-06-27 21:47:23,CLOSED
CUST008276,Lisa,Garner,tsoto@example.net,AE,SAVINGS,2024-08-07 15:43:11,ACTIVE
CUST008277,Carla,Miller,brittanyfrazier@example.org,IN,CHECKING,2022-12-19 07:44:09,ACTIVE
CUST008278,Pamela,Jones,scottmanning@example.com,BE,BUSINESS,2025-09-07 01:34:49,ACTIVE
CUST008279,Nicole,Reeves,brandon74@example.net,FR,SAVINGS,2022-04-25 16:08:40,CLOSED
CUST008280,Sara,Miller,cassandraryan@example.org,AE,CHECKING,2025-02-23 21:51:19,ACTIVE
CUST008281,Bethany,Goodman,amyhernandez@example.com,SG,BUSINESS,2026-06-03 07:55:56,CLOSED
CUST008282,Jeffrey,Allen,wattsjennifer@example.org,IN,CHECKING,2023-10-10 09:25:23,ACTIVE
CUST008283,Anna,Rivas,vbrady@example.org,AU,CHECKING,2025-02-02 11:24:07,ACTIVE
CUST008284,Chad,Ball,campbellemily@example.org,IN,CHECKING,2024-02-07 23:09:20,ACTIVE
CUST008285,Nicole,Oneal,qmiller@example.net,FR,CHECKING,2024-05-14 07:42:25,ACTIVE
CUST008286,Amanda,Wagner,smithholly@example.net,CA,CHECKING,2024-02-07 16:11:17,SUSPENDED
CUST008287,Doris,Hernandez,frankyoung@example.net,US,SAVINGS,2025-10-27 04:27:24,CLOSED
CUST008288,Julia,Riley,jennifer89@example.org,NL,BUSINESS,2022-11-25 18:16:13,ACTIVE
CUST008289,Bobby,Knox,forbesanita@example.net,IN,SAVINGS,2022-04-15 14:53:05,ACTIVE
CUST008290,Samantha,Castillo,dylansalinas@example.net,ES,SAVINGS,2025-11-18 19:43:55,ACTIVE
CUST008291,Kevin,Yang,laurendavis@example.com,NL,BUSINESS,2023-12-04 10:45:41,ACTIVE
CUST008292,David,Hicks,kurtbentley@example.com,NL,SAVINGS,2022-12-09 01:43:50,SUSPENDED
CUST008293,Matthew,Tucker,josephchang@example.org,FR,BUSINESS,2025-11-13 06:25:46,ACTIVE
CUST008294,Walter,Dunn,cgoodman@example.org,IN,BUSINESS,2023-06-24 21:36:34,ACTIVE
CUST008295,Brandy,Hunter,christophermorrison@example.com,SG,CHECKING,2025-05-20 22:21:02,SUSPENDED
CUST008296,Roberta,Harper,smithdanielle@example.net,AU,BUSINESS,2025-06-06 21:41:51,ACTIVE
CUST008297,Kayla,Padilla,sarahallen@example.com,US,BUSINESS,2022-06-03 06:48:03,CLOSED
CUST008298,Anthony,Burgess,tonyaturner@example.com,DE,CHECKING,2022-01-15 14:11:20,ACTIVE
CUST008299,Marc,Mcdaniel,danielstark@example.org,IT,BUSINESS,2025-04-03 03:51:23,CLOSED
CUST008300,Mary,Carter,bautistataylor@example.com,DE,CHECKING,2025-04-28 09:13:26,CLOSED
CUST008301,Mary,Mccall,emiller@example.com,US,BUSINESS,2026-03-09 04:18:46,CLOSED
CUST008302,Samuel,Lopez,bmartinez@example.com,JP,SAVINGS,2023-02-05 01:57:17,CLOSED
CUST008303,Kayla,Vasquez,brownclayton@example.com,SG,SAVINGS,2022-03-10 08:00:30,CLOSED
CUST008304,Brandon,Johnson,mauricevargas@example.org,AU,BUSINESS,2023-06-13 21:14:56,SUSPENDED
CUST008305,Brandon,Cooper,mendozaangela@example.com,AU,BUSINESS,2022-08-29 18:42:03,CLOSED
CUST008306,Luis,Hernandez,gallowaykyle@example.com,AE,CHECKING,2021-11-09 23:35:51,CLOSED
CUST008307,Madison,Hill,brooksbradley@example.com,FR,SAVINGS,2026-08-22 18:57:38,ACTIVE
CUST008308,Joy,Barrett,wellssabrina@example.com,US,BUSINESS,2022-09-20 04:50:08,ACTIVE
CUST008309,Lindsay,Malone,bclark@example.net,IN,SAVINGS,2025-05-23 13:19:33,ACTIVE
CUST008310,Angelica,Short,sarah63@example.org,NL,SAVINGS,2023-01-21 08:38:18,ACTIVE
CUST008311,Monica,Boyd,kenneth33@example.net,NL,SAVINGS,2023-04-14 01:06:08,ACTIVE
CUST008312,Marc,Pearson,francesjones@example.org,FR,CHECKING,2025-09-25 18:24:37,CLOSED
CUST008313,Kaitlin,Smith,johnlewis@example.net,CA,BUSINESS,2022-11-01 13:22:48,SUSPENDED
CUST008314,James,Ballard,kimtaylor@example.net,SG,SAVINGS,2022-05-09 08:20:26,ACTIVE
CUST008315,Judith,Wall,thomas08@example.net,NL,CHECKING,2023-05-14 01:35:25,ACTIVE
CUST008316,Gary,Carney,bakeroscar@example.com,IN,BUSINESS,2023-07-24 17:53:55,ACTIVE
CUST008317,Matthew,Ramirez,brenda18@example.net,AU,SAVINGS,2022-12-08 07:54:00,ACTIVE
CUST008318,Mary,Summers,shaun46@example.net,CA,CHECKING,2024-02-28 07:05:29,ACTIVE
CUST008319,Jennifer,Gonzalez,brianvelasquez@example.org,AU,CHECKING,2022-01-09 11:18:54,ACTIVE
CUST008320,Elizabeth,Kirby,amy18@example.org,DE,BUSINESS,2024-09-17 22:45:45,CLOSED
CUST008321,Elaine,Duke,matthewbond@example.com,US,CHECKING,2022-09-19 04:06:51,SUSPENDED
CUST008322,Carrie,Ward,grosscandace@example.net,PK,CHECKING,2023-12-30 22:45:20,CLOSED
CUST008323,Cheryl,Hanna,kim73@example.org,IT,CHECKING,2023-06-20 12:58:52,CLOSED
CUST008324,Carlos,Olsen,heidijames@example.com,IN,BUSINESS,2024-07-05 04:50:20,ACTIVE
CUST008325,Richard,Arnold,foleypatricia@example.org,SG,BUSINESS,2026-03-03 10:07:50,CLOSED
CUST008326,Andrew,Lee,karla92@example.com,PK,CHECKING,2024-10-16 16:44:56,ACTIVE
CUST008327,Cameron,Garrison,randy18@example.org,ES,CHECKING,2024-10-17 02:58:46,ACTIVE
CUST008328,Natalie,Wheeler,ryan20@example.org,IN,CHECKING,2023-11-27 22:00:35,ACTIVE
CUST008329,Billy,Chavez,joshuasmith@example.com,ES,CHECKING,2022-04-16 22:15:57,ACTIVE
CUST008330,Laurie,Pearson,garciaanthony@example.net,PK,CHECKING,2023-07-11 06:31:22,ACTIVE
CUST008331,Kimberly,Dickerson,ttrujillo@example.net,DE,BUSINESS,2026-06-15 11:25:14,CLOSED
CUST008332,Russell,Thompson,michael39@example.com,GB,SAVINGS,2024-05-17 02:18:43,SUSPENDED
CUST008333,James,Snyder,david86@example.org,GB,CHECKING,2023-03-23 00:35:42,ACTIVE
CUST008334,Savannah,Moore,hurstdanielle@example.org,PK,CHECKING,2021-12-05 16:55:49,CLOSED
CUST008335,Dennis,Berry,vcombs@example.net,IN,BUSINESS,2022-05-12 07:17:00,CLOSED
CUST008336,Amanda,Cooper,lopezann@example.net,JP,BUSINESS,2023-12-04 03:28:56,SUSPENDED
CUST008337,Alexander,Lambert,pwatson@example.com,SG,SAVINGS,2026-01-17 02:46:24,ACTIVE
CUST008338,Jennifer,Kane,michaelfuller@example.net,FR,BUSINESS,2021-12-21 15:35:34,ACTIVE
CUST008339,Jasmine,Moore,hcollins@example.net,IN,SAVINGS,2024-03-19 10:29:09,ACTIVE
CUST008340,Brenda,Savage,charles34@example.com,BE,SAVINGS,2025-10-29 14:17:35,ACTIVE
CUST008341,Taylor,Vargas,toddhowell@example.net,NL,CHECKING,2023-05-04 21:43:02,ACTIVE
CUST008342,Christine,Garrison,adamwood@example.org,PK,BUSINESS,2024-10-08 04:04:33,ACTIVE
CUST008343,Joyce,Marshall,lisa33@example.org,PK,SAVINGS,2024-02-10 18:15:31,ACTIVE
CUST008344,Jeffery,Hanson,wardashley@example.net,JP,CHECKING,2022-11-12 17:49:31,CLOSED
CUST008345,Hannah,Black,kelly37@example.org,CA,CHECKING,2022-08-06 13:23:12,SUSPENDED
CUST008346,Theresa,Mccoy,thomasandrew@example.org,NL,SAVINGS,2022-01-29 20:07:40,CLOSED
CUST008347,Amy,Gibbs,walkerchristopher@example.org,JP,CHECKING,2024-03-13 11:54:32,ACTIVE
CUST008348,Alexander,Cooper,bmedina@example.org,BE,SAVINGS,2022-04-05 17:09:54,SUSPENDED
CUST008349,Melissa,Escobar,william43@example.org,IN,BUSINESS,2024-06-26 21:08:39,ACTIVE
CUST008350,Jason,House,wcompton@example.org,IN,BUSINESS,2026-01-10 19:54:31,ACTIVE
CUST008351,Dylan,Perez,allisonferguson@example.org,FR,CHECKING,2025-01-01 01:00:08,ACTIVE
CUST008352,Christopher,Meza,perkinsmark@example.net,SG,CHECKING,2026-03-15 20:08:12,SUSPENDED
CUST008353,Melissa,Johnson,kyliecardenas@example.com,IN,SAVINGS,2022-09-08 15:16:00,ACTIVE
CUST008354,Kyle,Walker,kelly84@example.com,FR,SAVINGS,2026-01-26 07:51:46,ACTIVE
CUST008355,Lisa,Lewis,nthompson@example.org,BE,BUSINESS,2023-05-07 00:05:49,CLOSED
CUST008356,Alicia,Duran,timothycollins@example.com,GB,SAVINGS,2023-09-07 05:18:34,ACTIVE
CUST008357,Nancy,Taylor,anthony65@example.com,BE,CHECKING,2026-04-29 03:27:51,ACTIVE
CUST008358,Mario,White,anita02@example.org,GB,SAVINGS,2023-10-04 12:32:21,SUSPENDED
CUST008359,David,Romero,deborah80@example.com,GB,SAVINGS,2022-06-10 03:15:08,ACTIVE
CUST008360,Jon,Hopkins,thomasfreeman@example.com,DE,CHECKING,2026-07-26 21:25:34,SUSPENDED
CUST008361,Brandon,Berry,tyler18@example.net,PK,SAVINGS,2022-03-18 11:31:14,ACTIVE
CUST008362,Jennifer,Serrano,kennethjohnson@example.org,IN,CHECKING,2022-04-05 05:02:22,ACTIVE
CUST008363,Jennifer,Montes,hallmichael@example.com,SG,CHECKING,2023-04-05 02:13:10,ACTIVE
CUST008364,Laura,Wright,jacksonkatrina@example.com,FR,SAVINGS,2024-08-07 22:34:48,CLOSED
CUST008365,Kari,Christensen,olee@example.net,BE,CHECKING,2022-09-01 06:00:31,SUSPENDED
CUST008366,Rachel,Wilson,steven71@example.net,AU,BUSINESS,2022-02-17 01:32:06,ACTIVE
CUST008367,Julie,Herman,douglasstanley@example.org,AE,BUSINESS,2025-04-18 15:21:49,SUSPENDED
CUST008368,Robert,Taylor,jacqueline41@example.net,FR,BUSINESS,2021-08-25 19:08:46,CLOSED
CUST008369,William,Anthony,katrinawest@example.com,FR,SAVINGS,2025-07-01 17:00:59,CLOSED
CUST008370,Joshua,Jenkins,wendysmith@example.com,AE,CHECKING,2023-04-08 17:56:46,SUSPENDED
CUST008371,Tonya,Alvarez,robertbradford@example.org,GB,BUSINESS,2024-10-29 17:26:38,ACTIVE
CUST008372,Katelyn,Hall,whitekelly@example.org,NL,BUSINESS,2022-02-06 05:58:53,ACTIVE
CUST008373,Victor,Banks,franklinmark@example.org,GB,BUSINESS,2021-10-28 21:19:03,CLOSED
CUST008374,Jonathan,Wise,probinson@example.org,AU,BUSINESS,2022-01-26 20:55:29,SUSPENDED
CUST008375,Gregory,Howard,sherri74@example.com,ES,SAVINGS,2023-11-24 07:33:00,CLOSED
CUST008376,Felicia,Morrison,olong@example.com,US,CHECKING,2022-11-15 00:28:09,CLOSED
CUST008377,Cory,Smith,kennethjackson@example.net,IT,BUSINESS,2025-07-12 12:05:49,SUSPENDED
CUST008378,Linda,Deleon,kathyparks@example.org,CA,BUSINESS,2023-12-01 12:34:49,CLOSED
CUST008379,Renee,Austin,zramirez@example.net,PK,BUSINESS,2023-04-27 14:01:38,CLOSED
CUST008380,Michael,Oliver,miranda21@example.net,DE,SAVINGS,2024-05-30 03:40:02,CLOSED
CUST008381,Kelly,Bush,aanderson@example.com,JP,BUSINESS,2022-05-04 08:13:09,SUSPENDED
CUST008382,Stephanie,Ryan,sarahnavarro@example.org,AE,BUSINESS,2022-05-31 12:33:20,ACTIVE
CUST008383,Jason,Jones,gutierrezscott@example.org,BE,CHECKING,2022-11-10 22:43:16,ACTIVE
CUST008384,David,Doyle,cbanks@example.com,AE,BUSINESS,2024-01-02 22:53:16,SUSPENDED
CUST008385,Lisa,Evans,lmendoza@example.org,ES,SAVINGS,2024-01-12 15:00:09,SUSPENDED
CUST008386,Matthew,Snow,ysimon@example.net,IN,CHECKING,2025-07-13 08:36:18,CLOSED
CUST008387,Carly,Dominguez,stevehernandez@example.com,US,SAVINGS,2023-09-24 16:29:11,ACTIVE
CUST008388,Barbara,Barrett,mullinsjeffrey@example.org,SG,BUSINESS,2025-08-11 08:38:52,ACTIVE
CUST008389,Bridget,Gould,jaredrobinson@example.net,ES,CHECKING,2026-05-17 12:46:16,ACTIVE
CUST008390,Bonnie,Jones,qfischer@example.net,ES,SAVINGS,2024-10-02 10:37:47,ACTIVE
CUST008391,Michelle,Walker,charlesgordon@example.com,US,BUSINESS,2026-05-13 01:37:09,CLOSED
CUST008392,Rachael,Garcia,pthomas@example.net,AU,BUSINESS,2026-02-14 12:56:09,ACTIVE
CUST008393,Thomas,Robinson,mcfarlandmichael@example.net,GB,CHECKING,2025-07-31 15:59:33,ACTIVE
CUST008394,Jason,Evans,zmills@example.org,DE,BUSINESS,2021-12-17 22:07:16,ACTIVE
CUST008395,Christine,West,stephen92@example.net,AE,BUSINESS,2023-08-22 18:13:14,ACTIVE
CUST008396,Melissa,Ross,hughesrobert@example.org,PK,CHECKING,2021-12-29 12:37:06,ACTIVE
CUST008397,Amy,Berry,ashleyfernandez@example.com,AE,SAVINGS,2023-08-17 06:38:40,ACTIVE
CUST008398,Deborah,Macias,bchavez@example.org,BE,BUSINESS,2024-11-03 01:34:02,ACTIVE
CUST008399,Paul,Boyer,thomaspowell@example.org,DE,SAVINGS,2025-07-02 08:31:02,SUSPENDED
CUST008400,Michael,Smith,curtisjoshua@example.net,US,SAVINGS,2023-04-25 15:20:26,ACTIVE
CUST008401,Stephanie,Hall,davisstephen@example.org,JP,BUSINESS,2026-04-11 17:20:11,ACTIVE
CUST008402,Debbie,Smith,fharper@example.com,US,SAVINGS,2026-08-03 16:43:04,SUSPENDED
CUST008403,Diane,Barber,hmartinez@example.org,AU,CHECKING,2024-10-29 10:33:41,ACTIVE
CUST008404,Robert,Jones,kgreen@example.net,DE,BUSINESS,2021-09-05 20:34:26,CLOSED
CUST008405,David,Leblanc,thomasrebecca@example.org,ES,SAVINGS,2024-03-17 07:46:36,ACTIVE
CUST008406,Kelly,Hughes,comptonrobert@example.org,AU,BUSINESS,2025-09-02 22:44:06,CLOSED
CUST008407,Holly,Howard,lsanders@example.com,GB,CHECKING,2024-08-31 23:55:37,SUSPENDED
CUST008408,Teresa,Olsen,rebecca88@example.org,NL,CHECKING,2023-04-29 22:04:07,ACTIVE
CUST008409,Karen,Thompson,anthony91@example.org,ES,BUSINESS,2025-01-04 21:13:33,SUSPENDED
CUST008410,Pamela,Jones,kmiranda@example.net,BE,BUSINESS,2024-10-03 13:32:33,CLOSED
CUST008411,Seth,Cantrell,gary35@example.net,DE,SAVINGS,2026-05-09 03:13:30,ACTIVE
CUST008412,Stephanie,Bean,ujohnson@example.com,AE,BUSINESS,2025-08-19 23:06:14,ACTIVE
CUST008413,Eric,Mullins,ryancharles@example.com,SG,BUSINESS,2024-06-07 14:43:56,ACTIVE
CUST008414,Lindsay,Matthews,mstevens@example.com,NL,CHECKING,2025-08-28 19:51:50,ACTIVE
CUST008415,Daniel,Munoz,milesrobert@example.org,IN,BUSINESS,2025-10-26 05:02:34,ACTIVE
CUST008416,Jesse,Espinoza,johnsonchristian@example.com,JP,SAVINGS,2026-06-28 12:36:27,ACTIVE
CUST008417,Thomas,Morales,williamsethan@example.org,US,CHECKING,2023-10-11 02:03:31,ACTIVE
CUST008418,Haley,Jordan,jeffjackson@example.org,GB,BUSINESS,2024-07-28 04:18:47,ACTIVE
CUST008419,Luis,Thomas,craig45@example.net,FR,BUSINESS,2025-01-23 15:19:15,ACTIVE
CUST008420,Jacob,Garrett,joyceshannon@example.org,ES,SAVINGS,2024-09-20 04:46:38,SUSPENDED
CUST008421,Jonathan,Li,raydaniel@example.org,IN,CHECKING,2026-06-28 21:06:11,CLOSED
CUST008422,Kristin,Cook,erik51@example.com,FR,BUSINESS,2024-12-17 13:07:14,ACTIVE
CUST008423,Luis,Moran,robertcharles@example.com,DE,BUSINESS,2021-11-14 14:42:14,SUSPENDED
CUST008424,Maria,Pena,rickdixon@example.net,IT,BUSINESS,2025-10-01 05:17:30,ACTIVE
CUST008425,Nathan,Kaufman,briandaniel@example.net,GB,SAVINGS,2023-04-12 17:45:50,ACTIVE
CUST008426,Jennifer,Garcia,melissasullivan@example.com,US,CHECKING,2023-08-29 17:27:21,ACTIVE
CUST008427,Lisa,Dixon,shelley99@example.com,IN,CHECKING,2025-07-02 06:28:15,ACTIVE
CUST008428,Benjamin,Hopkins,perrybarbara@example.net,IN,SAVINGS,2026-04-21 11:04:30,ACTIVE
CUST008429,Daniel,Knight,kristinkennedy@example.org,CA,CHECKING,2023-11-04 14:13:31,CLOSED
CUST008430,Kevin,Brown,sandovaljeffrey@example.com,AU,SAVINGS,2023-10-23 07:49:42,ACTIVE
CUST008431,Rodney,Huber,mcdowellpaul@example.net,FR,CHECKING,2026-02-20 09:12:35,ACTIVE
CUST008432,Stuart,Edwards,lopezcraig@example.net,US,BUSINESS,2025-07-26 12:33:59,CLOSED
CUST008433,Laura,Webb,rogerssuzanne@example.net,ES,CHECKING,2025-11-24 14:00:21,ACTIVE
CUST008434,Marvin,Ball,jason42@example.net,SG,SAVINGS,2025-06-28 07:29:02,ACTIVE
CUST008435,Danielle,Brown,ydennis@example.com,DE,CHECKING,2023-05-18 08:50:41,SUSPENDED
CUST008436,Jesse,Palmer,kingchristopher@example.net,DE,SAVINGS,2023-04-19 06:35:17,CLOSED
CUST008437,Frederick,Velez,pdaniel@example.net,PK,SAVINGS,2024-04-22 03:00:33,ACTIVE
CUST008438,Cynthia,Martinez,carsonkathy@example.org,US,CHECKING,2022-11-06 17:15:46,ACTIVE
CUST008439,Sarah,Johnson,ydiaz@example.org,AE,SAVINGS,2023-04-07 16:45:05,CLOSED
CUST008440,Sheila,Green,nwarren@example.org,JP,BUSINESS,2024-03-09 11:11:30,ACTIVE
CUST008441,Michele,Merritt,nolansamuel@example.com,DE,CHECKING,2025-01-09 05:16:19,CLOSED
CUST008442,Taylor,Hodge,srobinson@example.com,BE,CHECKING,2022-05-15 06:32:36,CLOSED
CUST008443,Jeanette,Wright,nicole17@example.org,ES,SAVINGS,2022-05-20 06:25:24,ACTIVE
CUST008444,Gregory,Perez,danielstephen@example.org,IN,BUSINESS,2023-10-19 13:04:29,ACTIVE
CUST008445,Tina,Patrick,dewing@example.com,BE,CHECKING,2022-01-23 04:25:05,SUSPENDED
CUST008446,Jeremy,Fields,jasminewilliams@example.com,DE,BUSINESS,2024-11-29 04:09:41,ACTIVE
CUST008447,Abigail,Nelson,nmoore@example.com,SG,SAVINGS,2022-02-14 17:55:23,ACTIVE
CUST008448,Peter,Copeland,qpatrick@example.org,IN,SAVINGS,2023-08-01 06:50:09,ACTIVE
CUST008449,Veronica,White,jennifersmith@example.net,IN,BUSINESS,2022-07-10 20:54:43,ACTIVE
CUST008450,Linda,Whitaker,bartlettandrea@example.net,IT,CHECKING,2026-07-28 08:59:20,ACTIVE
CUST008451,David,Austin,bradleyhernandez@example.org,US,CHECKING,2023-07-23 23:08:23,SUSPENDED
CUST008452,Jamie,Marshall,elizabeth03@example.net,AU,SAVINGS,2026-01-09 05:27:07,ACTIVE
CUST008453,Robert,Smith,christinelee@example.com,FR,SAVINGS,2022-11-01 22:27:23,ACTIVE
CUST008454,William,Lopez,matthew29@example.com,PK,BUSINESS,2022-08-23 11:06:38,ACTIVE
CUST008455,Christina,Craig,amandarogers@example.net,PK,BUSINESS,2024-11-29 09:28:34,CLOSED
CUST008456,Victor,Le,graynancy@example.net,AE,SAVINGS,2022-12-18 05:56:22,CLOSED
CUST008457,Thomas,Coleman,amanda76@example.com,SG,SAVINGS,2024-12-25 10:41:56,ACTIVE
CUST008458,Tiffany,Reese,alyssabrown@example.com,IT,BUSINESS,2024-08-12 13:06:52,ACTIVE
CUST008459,Sarah,Mueller,nicolegarcia@example.net,AE,BUSINESS,2024-06-19 01:48:57,CLOSED
CUST008460,Jason,Sanders,cooklisa@example.com,US,SAVINGS,2026-05-11 08:11:08,CLOSED
CUST008461,Gail,Austin,clarkcharles@example.org,CA,BUSINESS,2022-11-26 10:43:37,ACTIVE
CUST008462,Crystal,Cohen,smithgary@example.org,IN,SAVINGS,2026-05-03 05:34:14,ACTIVE
CUST008463,Crystal,Nguyen,jonharvey@example.com,ES,BUSINESS,2024-09-09 18:49:00,ACTIVE
CUST008464,Kelly,Kelly,marcus88@example.com,NL,SAVINGS,2026-01-09 05:47:17,ACTIVE
CUST008465,Melissa,Sampson,hughesbrent@example.org,GB,BUSINESS,2026-07-30 23:45:20,ACTIVE
CUST008466,Kristen,Alvarez,christy84@example.com,AU,BUSINESS,2021-08-28 21:17:28,CLOSED
CUST008467,Randall,Thomas,criley@example.net,PK,CHECKING,2024-10-04 22:26:48,SUSPENDED
CUST008468,Caitlin,Williams,danielknight@example.net,IT,SAVINGS,2021-10-21 20:56:02,CLOSED
CUST008469,Jacob,Smith,mmarshall@example.org,DE,CHECKING,2026-03-08 21:20:44,ACTIVE
CUST008470,Stephanie,Shaw,riveraandrew@example.net,FR,SAVINGS,2023-07-11 06:13:38,ACTIVE
CUST008471,Jamie,Ashley,wcole@example.org,FR,CHECKING,2026-06-13 21:03:38,ACTIVE
CUST008472,Trevor,Taylor,ambergarcia@example.org,AE,BUSINESS,2025-06-20 01:49:37,CLOSED
CUST008473,Brianna,Garcia,douglasrobinson@example.org,GB,CHECKING,2022-11-03 03:07:45,ACTIVE
CUST008474,Jacqueline,Meyer,kaylee04@example.org,DE,SAVINGS,2025-03-29 22:25:45,ACTIVE
CUST008475,Gerald,Hill,coltonpowers@example.org,IT,BUSINESS,2022-05-26 20:18:15,ACTIVE
CUST008476,Julie,Farmer,kevin44@example.net,US,SAVINGS,2026-01-09 06:10:21,CLOSED
CUST008477,Karen,Smith,katherine10@example.net,AE,CHECKING,2022-04-01 15:42:43,ACTIVE
CUST008478,Paul,Ferguson,simpsonjohn@example.com,IN,CHECKING,2025-10-09 01:54:18,SUSPENDED
CUST008479,Erika,Singleton,nhall@example.net,CA,CHECKING,2024-06-30 19:57:03,SUSPENDED
CUST008480,Shelby,Thornton,msmith@example.com,IN,SAVINGS,2023-02-10 15:51:09,CLOSED
CUST008481,Brian,Williams,shelleykramer@example.org,GB,CHECKING,2024-01-24 03:35:35,SUSPENDED
CUST008482,Kevin,Smith,charlespeters@example.com,US,CHECKING,2023-05-25 02:54:24,CLOSED
CUST008483,Rachel,Avila,ricardohill@example.com,CA,CHECKING,2021-12-04 20:56:29,ACTIVE
CUST008484,Christopher,Greene,john28@example.com,PK,SAVINGS,2026-03-18 05:00:38,CLOSED
CUST008485,Monica,Patterson,sreed@example.com,CA,CHECKING,2025-11-30 20:45:48,CLOSED
CUST008486,Kelsey,Harris,jamielutz@example.org,NL,CHECKING,2026-06-27 01:46:30,ACTIVE
CUST008487,Justin,Manning,wromero@example.org,AE,CHECKING,2022-05-17 18:33:43,SUSPENDED
CUST008488,Nicole,Roach,wattsthomas@example.org,PK,BUSINESS,2022-03-22 09:10:08,ACTIVE
CUST008489,Katelyn,James,dandrade@example.net,GB,CHECKING,2023-01-15 18:04:52,CLOSED
CUST008490,Thomas,Underwood,josephprice@example.net,FR,SAVINGS,2023-08-13 19:53:23,ACTIVE
CUST008491,Christopher,Costa,vramirez@example.org,FR,SAVINGS,2025-12-21 07:01:50,SUSPENDED
CUST008492,Lisa,Gross,donaldbaker@example.org,PK,SAVINGS,2025-02-22 02:52:51,ACTIVE
CUST008493,Mary,Reynolds,terri77@example.org,GB,SAVINGS,2022-11-29 21:15:44,SUSPENDED
CUST008494,John,Moore,cassandrabanks@example.org,AU,SAVINGS,2023-08-11 15:29:22,ACTIVE
CUST008495,Devon,Vaughan,zjones@example.net,DE,SAVINGS,2024-02-08 01:48:10,SUSPENDED
CUST008496,Richard,Howard,rhondaking@example.com,ES,CHECKING,2021-11-17 07:45:54,CLOSED
CUST008497,Sandra,Griffith,qwilliamson@example.net,ES,BUSINESS,2023-01-29 03:54:22,ACTIVE
CUST008498,Patrick,Knox,gdoyle@example.org,AU,CHECKING,2024-01-01 14:25:25,CLOSED
CUST008499,Tammy,Fuller,moorematthew@example.org,PK,SAVINGS,2023-03-24 12:01:15,ACTIVE
CUST008500,Luke,Myers,greenejoseph@example.com,DE,CHECKING,2022-01-20 03:04:20,SUSPENDED
CUST008501,Kevin,Phillips,dylan14@example.org,JP,BUSINESS,2025-03-11 11:17:24,ACTIVE
CUST008502,Leslie,Moore,pittsbrian@example.com,SG,CHECKING,2024-03-04 21:22:47,CLOSED
CUST008503,John,Johns,gonzaleskevin@example.com,DE,CHECKING,2024-12-09 17:23:44,ACTIVE
CUST008504,Teresa,Smith,kimberly31@example.org,DE,CHECKING,2025-09-26 20:01:49,SUSPENDED
CUST008505,Katherine,Clark,tim69@example.org,AE,BUSINESS,2025-11-04 01:25:27,SUSPENDED
CUST008506,Thomas,Olson,kevinmcgee@example.com,DE,BUSINESS,2023-02-01 03:26:36,ACTIVE
CUST008507,Timothy,Collins,thompsonamber@example.com,ES,SAVINGS,2025-02-26 04:50:59,ACTIVE
CUST008508,Kaylee,Donaldson,andersonjill@example.org,SG,SAVINGS,2025-04-12 01:24:57,SUSPENDED
CUST008509,Theresa,Moore,kwest@example.net,FR,BUSINESS,2024-02-01 19:23:27,ACTIVE
CUST008510,Donna,Guerra,aguilarheather@example.org,ES,BUSINESS,2025-02-10 03:21:18,ACTIVE
CUST008511,Jasmine,Martinez,freed@example.net,GB,BUSINESS,2021-09-27 16:12:28,CLOSED
CUST008512,Kelly,Johnson,mkennedy@example.org,BE,CHECKING,2024-05-26 22:21:21,ACTIVE
CUST008513,Kylie,Zuniga,abigail06@example.org,IN,SAVINGS,2023-12-30 16:05:21,ACTIVE
CUST008514,Steve,Dunlap,zreed@example.net,JP,CHECKING,2023-04-20 22:11:27,ACTIVE
CUST008515,Cristina,Sherman,estafford@example.org,PK,CHECKING,2021-11-13 01:12:41,ACTIVE
CUST008516,Matthew,Rodriguez,waynedaniel@example.net,ES,SAVINGS,2025-03-25 17:36:36,ACTIVE
CUST008517,Nicole,Evans,asmith@example.net,AE,BUSINESS,2024-11-03 13:43:30,ACTIVE
CUST008518,Yolanda,Calhoun,elizabethlee@example.org,IN,CHECKING,2025-10-30 18:01:33,ACTIVE
CUST008519,Victoria,Ross,emilyjones@example.com,ES,SAVINGS,2026-03-30 08:36:58,ACTIVE
CUST008520,Brittany,Landry,sharonmurphy@example.org,DE,SAVINGS,2024-10-03 19:06:02,ACTIVE
CUST008521,Debra,Jones,collinsamy@example.net,BE,CHECKING,2025-03-08 16:10:22,ACTIVE
CUST008522,Jeffery,Arnold,devin05@example.org,PK,SAVINGS,2022-02-19 02:21:04,CLOSED
CUST008523,Joshua,Stewart,francisstacy@example.net,NL,SAVINGS,2025-01-16 14:31:47,CLOSED
CUST008524,Dawn,Duran,brookswilliam@example.net,BE,CHECKING,2024-05-02 08:59:23,SUSPENDED
CUST008525,Ashley,Davidson,bethbenjamin@example.net,NL,CHECKING,2022-05-17 05:53:51,SUSPENDED
CUST008526,Matthew,Rose,frankarroyo@example.com,DE,SAVINGS,2022-02-15 17:01:31,ACTIVE
CUST008527,Gary,Rodriguez,qpowell@example.org,IN,CHECKING,2023-01-06 18:30:02,SUSPENDED
CUST008528,Lisa,Lynch,aliciaphelps@example.com,AU,BUSINESS,2025-12-14 05:14:55,ACTIVE
CUST008529,Catherine,Barr,ldalton@example.net,PK,SAVINGS,2022-06-15 01:27:49,CLOSED
CUST008530,Margaret,Olson,blevinssavannah@example.com,JP,SAVINGS,2023-11-05 12:56:09,ACTIVE
CUST008531,Emma,Tran,tammypratt@example.net,PK,CHECKING,2022-03-27 16:03:15,ACTIVE
CUST008532,Leslie,Grant,stacyprice@example.net,FR,CHECKING,2024-03-31 22:53:29,SUSPENDED
CUST008533,Justin,Gonzalez,ohaynes@example.org,NL,BUSINESS,2023-08-18 16:37:12,CLOSED
CUST008534,Kelly,Thomas,xkelley@example.com,IT,SAVINGS,2024-07-20 10:41:32,ACTIVE
CUST008535,Laurie,Hamilton,rodriguezmark@example.com,IT,BUSINESS,2025-01-15 23:02:50,CLOSED
CUST008536,Anna,Jones,mmora@example.com,DE,CHECKING,2024-04-06 10:32:52,ACTIVE
CUST008537,Emily,Wood,aatkinson@example.org,BE,CHECKING,2022-04-19 00:38:03,ACTIVE
CUST008538,Thomas,Gardner,scastaneda@example.net,PK,CHECKING,2025-08-28 00:52:50,SUSPENDED
CUST008539,Jeremy,Chavez,hernandezcarmen@example.net,FR,BUSINESS,2022-10-15 07:43:41,CLOSED
CUST008540,Shirley,Orr,alexandercolon@example.net,SG,SAVINGS,2025-04-14 04:22:38,ACTIVE
CUST008541,Colleen,Oneill,randall52@example.org,DE,BUSINESS,2025-09-09 22:12:01,ACTIVE
CUST008542,Kelly,Watson,ledwards@example.net,JP,BUSINESS,2026-04-18 02:59:30,ACTIVE
CUST008543,Amanda,Lee,thart@example.org,IT,BUSINESS,2026-05-23 09:40:33,ACTIVE
CUST008544,Andrew,Myers,daniel45@example.com,PK,BUSINESS,2026-07-18 13:11:47,CLOSED
CUST008545,Michael,Reed,egonzalez@example.com,PK,CHECKING,2025-04-04 05:13:34,CLOSED
CUST008546,Jennifer,Lane,hday@example.org,BE,SAVINGS,2024-07-28 12:37:54,ACTIVE
CUST008547,Sarah,Miller,martinezkristine@example.org,PK,SAVINGS,2023-01-08 02:44:18,CLOSED
CUST008548,Krista,Salas,flewis@example.com,BE,CHECKING,2024-01-25 00:29:40,ACTIVE
CUST008549,Kimberly,Porter,dlong@example.net,BE,SAVINGS,2024-11-28 14:20:52,ACTIVE
CUST008550,Michael,Solomon,traci71@example.net,FR,CHECKING,2022-05-01 14:23:45,SUSPENDED
CUST008551,Emily,Olson,josephcarpenter@example.org,US,BUSINESS,2026-07-14 15:37:05,CLOSED
CUST008552,Rebecca,Williamson,daniel75@example.com,FR,BUSINESS,2023-07-04 05:52:40,ACTIVE
CUST008553,Lydia,Campbell,brian02@example.org,GB,BUSINESS,2021-12-11 17:01:03,SUSPENDED
CUST008554,Brianna,Mercado,ryanperry@example.com,PK,BUSINESS,2025-09-26 01:10:08,ACTIVE
CUST008555,Francisco,Rowe,jasonpacheco@example.org,DE,BUSINESS,2024-11-15 20:29:45,SUSPENDED
CUST008556,Sandra,Hester,camerongutierrez@example.net,SG,SAVINGS,2023-02-18 01:34:20,SUSPENDED
CUST008557,Kevin,Fisher,websterpaige@example.org,NL,CHECKING,2025-04-24 01:54:58,ACTIVE
CUST008558,Thomas,Barker,dmoore@example.org,US,BUSINESS,2024-10-19 10:55:27,ACTIVE
CUST008559,Tammy,Richards,jennifer70@example.org,SG,BUSINESS,2022-12-28 08:47:45,ACTIVE
CUST008560,Christine,Arroyo,stephaniesaunders@example.net,SG,CHECKING,2023-10-28 09:27:15,ACTIVE
CUST008561,Gina,Carter,bhill@example.com,AU,SAVINGS,2022-07-25 11:55:35,ACTIVE
CUST008562,Michael,Smith,kreed@example.net,AU,BUSINESS,2024-06-20 19:21:29,ACTIVE
CUST008563,Rebecca,Williams,mark78@example.com,IN,CHECKING,2026-03-11 10:44:04,ACTIVE
CUST008564,Michelle,Rogers,edwardhuffman@example.net,FR,SAVINGS,2022-02-03 19:23:05,SUSPENDED
CUST008565,Andrew,Cruz,jennifer97@example.net,US,SAVINGS,2025-06-29 02:33:18,ACTIVE
CUST008566,Kevin,Wilson,derek01@example.net,BE,SAVINGS,2021-09-02 06:15:07,ACTIVE
CUST008567,Jason,Mitchell,aarongray@example.net,IT,CHECKING,2026-04-28 13:15:44,ACTIVE
CUST008568,Tanner,Nielsen,glassanthony@example.net,IN,CHECKING,2025-04-19 11:59:44,ACTIVE
CUST008569,Robert,Gamble,haleylinda@example.net,US,CHECKING,2026-05-25 05:21:41,SUSPENDED
CUST008570,David,Burns,fthomas@example.com,BE,SAVINGS,2025-10-05 09:00:16,ACTIVE
CUST008571,Daniel,Young,perry58@example.org,PK,SAVINGS,2025-01-10 15:55:15,ACTIVE
CUST008572,Lindsay,Munoz,adkinsemily@example.net,NL,CHECKING,2022-06-19 21:22:42,SUSPENDED
CUST008573,Richard,Perry,deckerrobert@example.com,CA,SAVINGS,2023-01-16 01:08:41,ACTIVE
CUST008574,Gary,Moyer,danielsmichelle@example.net,AU,CHECKING,2021-11-19 03:24:05,ACTIVE
CUST008575,Donald,Young,fletchermichael@example.net,JP,BUSINESS,2024-11-21 01:03:34,ACTIVE
CUST008576,Maria,Guzman,todd34@example.net,IT,CHECKING,2026-04-21 04:29:03,ACTIVE
CUST008577,Charles,Adams,toddtracey@example.net,BE,CHECKING,2022-11-20 08:51:25,ACTIVE
CUST008578,Jordan,Wallace,rittertaylor@example.net,FR,BUSINESS,2024-03-22 07:07:39,ACTIVE
CUST008579,Sara,Collins,lauren75@example.com,AU,CHECKING,2025-04-20 01:59:41,SUSPENDED
CUST008580,Melanie,Davis,olopez@example.org,IN,BUSINESS,2023-08-28 03:53:50,ACTIVE
CUST008581,Brandy,White,alejandro97@example.com,BE,CHECKING,2022-05-07 13:43:57,ACTIVE
CUST008582,Bill,Lee,myersmelissa@example.net,JP,BUSINESS,2021-09-08 17:43:59,CLOSED
CUST008583,Teresa,Stevens,rcaldwell@example.org,PK,SAVINGS,2024-06-21 21:56:21,CLOSED
CUST008584,Donna,Daniel,megannichols@example.net,NL,CHECKING,2022-03-05 12:32:12,ACTIVE
CUST008585,Carrie,Nelson,fosterpatricia@example.org,ES,CHECKING,2022-05-08 15:25:37,ACTIVE
CUST008586,Caroline,Sanchez,david01@example.net,GB,SAVINGS,2024-10-04 11:36:29,SUSPENDED
CUST008587,Brenda,Ingram,timothyrodriguez@example.net,IT,CHECKING,2025-05-18 21:08:32,CLOSED
CUST008588,Natalie,Bell,lhenry@example.org,PK,CHECKING,2023-12-26 15:49:59,ACTIVE
CUST008589,Daniel,Dixon,jessica38@example.com,PK,BUSINESS,2022-09-17 09:28:23,ACTIVE
CUST008590,Brian,Crosby,linda99@example.net,PK,SAVINGS,2023-03-28 17:17:09,ACTIVE
CUST008591,Erik,Baker,hannahnelson@example.com,AE,BUSINESS,2021-11-18 12:39:54,CLOSED
CUST008592,Jennifer,Ross,christianashley@example.org,AE,BUSINESS,2022-09-27 00:34:13,SUSPENDED
CUST008593,Dennis,Liu,swilcox@example.net,BE,BUSINESS,2024-01-04 11:07:00,ACTIVE
CUST008594,Lori,Hughes,kaitlyncastro@example.com,DE,CHECKING,2024-07-08 22:04:07,CLOSED
CUST008595,Haley,Wilson,gregoryjones@example.org,SG,BUSINESS,2025-10-02 23:58:10,SUSPENDED
CUST008596,George,Bell,chanchris@example.org,NL,CHECKING,2022-02-13 18:13:28,SUSPENDED
CUST008597,Alison,Johnson,cwilson@example.net,FR,CHECKING,2021-08-31 23:58:10,ACTIVE
CUST008598,Alicia,Sellers,matthewali@example.net,GB,BUSINESS,2024-04-05 01:11:02,ACTIVE
CUST008599,Scott,Gonzalez,eric05@example.com,AE,CHECKING,2022-02-25 07:55:17,ACTIVE
CUST008600,Julie,Jordan,betty57@example.org,US,SAVINGS,2025-11-02 14:24:35,ACTIVE
CUST008601,Jessica,Clarke,vwilkinson@example.net,CA,CHECKING,2022-12-26 15:50:49,ACTIVE
CUST008602,Carolyn,Lyons,vreese@example.net,NL,SAVINGS,2026-03-24 04:42:46,SUSPENDED
CUST008603,Katelyn,Lamb,mosleypamela@example.org,PK,CHECKING,2025-05-15 18:47:53,CLOSED
CUST008604,Douglas,Miller,timothywhite@example.com,ES,CHECKING,2022-04-04 01:53:18,SUSPENDED
CUST008605,Patrick,Davis,fwhite@example.org,DE,CHECKING,2022-12-07 19:54:07,ACTIVE
CUST008606,Dustin,Carter,floydrobert@example.org,IN,CHECKING,2021-10-15 21:42:35,ACTIVE
CUST008607,Amanda,Smith,marysmith@example.net,SG,BUSINESS,2022-05-21 16:47:42,ACTIVE
CUST008608,Kevin,Perez,hoodjohn@example.com,ES,CHECKING,2022-03-20 01:01:13,SUSPENDED
CUST008609,Kimberly,Owen,veronicabyrd@example.net,SG,CHECKING,2026-01-15 01:19:04,ACTIVE
CUST008610,Brooke,Hall,fshort@example.org,JP,BUSINESS,2025-08-01 21:14:05,ACTIVE
CUST008611,Douglas,Weaver,hvelasquez@example.com,DE,SAVINGS,2025-07-28 17:18:45,CLOSED
CUST008612,Charles,Rocha,turnermelissa@example.net,AE,CHECKING,2025-08-21 16:46:31,CLOSED
CUST008613,Ellen,Gordon,harmonadam@example.net,AU,SAVINGS,2025-10-07 15:14:36,ACTIVE
CUST008614,Lisa,Rodgers,tcampbell@example.com,JP,SAVINGS,2025-07-14 12:37:44,CLOSED
CUST008615,Jillian,Obrien,xmoreno@example.org,DE,SAVINGS,2024-10-27 15:25:25,ACTIVE
CUST008616,John,Ponce,lopezalexandra@example.com,AE,CHECKING,2022-03-25 01:21:41,CLOSED
CUST008617,Jeremiah,Hensley,qburton@example.com,GB,CHECKING,2026-03-21 09:22:32,CLOSED
CUST008618,Emily,Rogers,popemichael@example.com,BE,SAVINGS,2023-02-06 00:41:33,CLOSED
CUST008619,Emily,Harris,blake58@example.net,CA,CHECKING,2025-12-15 09:13:30,CLOSED
CUST008620,Stephanie,Mcguire,smithalicia@example.org,PK,SAVINGS,2022-07-12 19:27:21,CLOSED
CUST008621,Scott,Barajas,uhill@example.org,SG,SAVINGS,2022-05-01 14:55:43,SUSPENDED
CUST008622,Matthew,Conley,zmitchell@example.net,ES,BUSINESS,2021-09-29 00:07:32,ACTIVE
CUST008623,Angie,West,madisonmorgan@example.com,GB,BUSINESS,2025-11-13 04:28:49,CLOSED
CUST008624,Teresa,Rivera,garnerlaura@example.net,FR,BUSINESS,2023-07-24 14:31:20,ACTIVE
CUST008625,Miguel,Anderson,zwarren@example.net,AE,SAVINGS,2022-08-08 08:22:02,ACTIVE
CUST008626,Alexander,Knapp,mcguireedward@example.net,US,BUSINESS,2026-01-27 17:07:11,CLOSED
CUST008627,Ashley,Clarke,kimberly46@example.net,IN,CHECKING,2023-05-13 14:33:44,ACTIVE
CUST008628,Christopher,Castro,drakemonica@example.net,CA,SAVINGS,2024-08-01 05:11:57,CLOSED
CUST008629,Erica,Jones,christina90@example.com,ES,BUSINESS,2022-01-18 23:42:15,CLOSED
CUST008630,Cynthia,Mckee,darren64@example.net,US,CHECKING,2023-03-10 05:11:30,CLOSED
CUST008631,John,Johnson,zbrown@example.net,NL,SAVINGS,2021-10-06 22:58:04,ACTIVE
CUST008632,Danny,Delgado,frank52@example.com,IN,CHECKING,2025-02-16 12:40:43,ACTIVE
CUST008633,Megan,Nielsen,greenebryan@example.net,CA,CHECKING,2024-03-03 11:19:18,ACTIVE
CUST008634,Mallory,Freeman,gracejohnson@example.net,SG,SAVINGS,2025-09-22 14:10:07,ACTIVE
CUST008635,Michael,Peterson,fernandonelson@example.org,FR,CHECKING,2024-06-13 22:41:56,ACTIVE
CUST008636,Elizabeth,Reilly,ruth13@example.org,CA,CHECKING,2023-07-29 22:59:30,CLOSED
CUST008637,Chad,Baldwin,xnewton@example.com,NL,BUSINESS,2023-04-27 13:58:02,ACTIVE
CUST008638,Dennis,White,wbradley@example.com,JP,CHECKING,2022-09-12 13:33:52,ACTIVE
CUST008639,Robert,Crawford,dianecrawford@example.com,JP,CHECKING,2025-09-30 17:07:54,ACTIVE
CUST008640,Laura,Wolf,jerry97@example.org,NL,CHECKING,2025-12-02 06:01:40,ACTIVE
CUST008641,William,Shelton,stevenrodriguez@example.com,NL,SAVINGS,2025-04-08 08:34:48,ACTIVE
CUST008642,Leslie,Campbell,michael39@example.org,JP,CHECKING,2026-01-30 00:19:17,ACTIVE
CUST008643,Jose,Marks,tony96@example.com,PK,BUSINESS,2024-10-21 00:39:46,CLOSED
CUST008644,Heather,Conrad,aaron68@example.net,SG,CHECKING,2024-03-14 00:08:56,ACTIVE
CUST008645,Edward,Robinson,randyhall@example.net,GB,SAVINGS,2026-05-10 13:33:13,CLOSED
CUST008646,Anthony,Garcia,pthompson@example.org,AU,BUSINESS,2026-06-24 07:27:44,ACTIVE
CUST008647,Amy,Lopez,morabarry@example.org,SG,CHECKING,2024-08-28 21:35:10,ACTIVE
CUST008648,Tammy,Burton,seth23@example.net,SG,BUSINESS,2025-04-18 18:27:15,ACTIVE
CUST008649,Elizabeth,Russell,joneslori@example.org,ES,CHECKING,2026-08-06 08:35:36,ACTIVE
CUST008650,Daniel,Phelps,dbyrd@example.net,FR,SAVINGS,2025-02-28 22:49:41,ACTIVE
CUST008651,Brittany,Bautista,caseymichael@example.org,IT,CHECKING,2026-01-02 09:35:33,ACTIVE
CUST008652,Lori,Williams,podonnell@example.com,SG,SAVINGS,2021-12-14 18:09:45,SUSPENDED
CUST008653,Joe,Martinez,brenda41@example.com,BE,CHECKING,2023-07-21 12:05:16,ACTIVE
CUST008654,Ian,Bird,michael33@example.com,IT,SAVINGS,2025-02-11 22:14:58,ACTIVE
CUST008655,Margaret,Beasley,finleynancy@example.org,FR,CHECKING,2024-07-03 03:53:07,CLOSED
CUST008656,Dylan,Lam,jimenezaudrey@example.org,DE,SAVINGS,2022-07-19 14:33:15,ACTIVE
CUST008657,David,Grant,wrightlisa@example.com,PK,CHECKING,2022-04-12 23:45:10,SUSPENDED
CUST008658,Andrew,Chavez,belldanielle@example.org,NL,SAVINGS,2023-11-27 13:30:42,ACTIVE
CUST008659,Steve,Camacho,tcontreras@example.com,FR,BUSINESS,2024-11-08 17:23:50,ACTIVE
CUST008660,Donald,Davila,austinscott@example.net,BE,BUSINESS,2025-06-24 14:25:14,CLOSED
CUST008661,Richard,Robertson,jessica34@example.net,IT,SAVINGS,2024-12-05 04:01:44,SUSPENDED
CUST008662,Lauren,Poole,william95@example.com,US,SAVINGS,2025-01-28 06:15:19,SUSPENDED
CUST008663,Mary,Burch,oclark@example.org,PK,BUSINESS,2022-01-02 10:41:53,ACTIVE
CUST008664,Jeffrey,Smith,qgarcia@example.com,AU,BUSINESS,2022-12-09 09:39:51,ACTIVE
CUST008665,Joe,Bright,michaelmcgee@example.org,ES,CHECKING,2022-09-05 00:10:19,ACTIVE
CUST008666,Regina,Schultz,watkinsalexander@example.org,JP,CHECKING,2022-07-28 21:53:06,CLOSED
CUST008667,Christopher,Matthews,brettbeck@example.net,DE,SAVINGS,2022-07-08 17:08:15,ACTIVE
CUST008668,Amanda,Gross,connor65@example.com,US,SAVINGS,2025-03-14 22:06:27,SUSPENDED
CUST008669,Denise,Hayes,qjohnson@example.net,IN,BUSINESS,2023-08-27 18:21:00,ACTIVE
CUST008670,Danielle,Wells,fpadilla@example.com,IN,CHECKING,2023-08-28 17:14:41,CLOSED
CUST008671,Nathaniel,Allen,michael46@example.net,SG,BUSINESS,2023-01-21 04:57:56,ACTIVE
CUST008672,David,Becker,stephen66@example.org,DE,CHECKING,2022-02-16 16:12:00,ACTIVE
CUST008673,Cheryl,Parker,johnstonrobin@example.org,IT,BUSINESS,2022-12-17 08:17:15,CLOSED
CUST008674,Oscar,Obrien,angela51@example.com,IN,SAVINGS,2022-06-21 12:29:16,ACTIVE
CUST008675,Amy,Oneill,brian48@example.net,AU,SAVINGS,2025-01-24 05:43:59,SUSPENDED
CUST008676,Matthew,Smith,paul54@example.net,ES,CHECKING,2023-12-18 23:08:30,CLOSED
CUST008677,Carla,Edwards,kgarner@example.com,DE,CHECKING,2025-08-01 01:04:32,ACTIVE
CUST008678,Michael,Patterson,martinkelly@example.org,GB,SAVINGS,2022-05-06 22:17:16,ACTIVE
CUST008679,Kari,Murphy,cherylkhan@example.org,CA,CHECKING,2022-05-30 13:36:26,ACTIVE
CUST008680,Michael,Webb,brittneypatrick@example.org,GB,BUSINESS,2021-11-05 16:33:39,ACTIVE
CUST008681,Corey,Mcgee,ltaylor@example.org,IN,SAVINGS,2024-03-16 06:36:16,SUSPENDED
CUST008682,Jeffrey,Thompson,holmesderrick@example.org,US,CHECKING,2026-04-22 15:37:32,SUSPENDED
CUST008683,Destiny,Ford,hclark@example.net,IT,BUSINESS,2023-09-08 09:55:01,SUSPENDED
CUST008684,Susan,Hernandez,robbinsstephen@example.com,PK,CHECKING,2025-11-04 05:43:36,ACTIVE
CUST008685,Cory,Lewis,masonsteven@example.net,AU,BUSINESS,2025-11-17 18:08:58,SUSPENDED
CUST008686,Willie,Mathis,jason52@example.com,BE,SAVINGS,2026-03-10 00:50:24,ACTIVE
CUST008687,Luis,Wright,mario99@example.com,NL,BUSINESS,2022-09-02 01:24:25,ACTIVE
CUST008688,Leslie,Garcia,john04@example.org,AE,SAVINGS,2026-04-22 19:32:24,ACTIVE
CUST008689,Trevor,Wu,aaronfernandez@example.com,JP,CHECKING,2026-05-26 08:37:16,SUSPENDED
CUST008690,Katherine,Cross,prosales@example.org,GB,SAVINGS,2024-03-09 14:23:23,ACTIVE
CUST008691,Kevin,Moore,bradleyerica@example.net,JP,SAVINGS,2023-04-14 07:39:19,CLOSED
CUST008692,John,Crawford,dberry@example.org,AE,CHECKING,2024-06-04 13:25:19,ACTIVE
CUST008693,Stephanie,Krueger,parrishjames@example.com,AU,SAVINGS,2026-01-28 20:40:09,ACTIVE
CUST008694,Keith,Nelson,burtonpenny@example.net,FR,SAVINGS,2023-03-10 11:32:24,CLOSED
CUST008695,Tanya,Morrison,john04@example.com,GB,CHECKING,2025-02-22 03:01:48,SUSPENDED
CUST008696,Jessica,Tanner,stacey68@example.org,IT,CHECKING,2024-04-23 10:28:20,ACTIVE
CUST008697,Brian,Davis,joshuaduarte@example.org,GB,CHECKING,2025-07-17 18:00:58,SUSPENDED
CUST008698,Michael,Green,hrhodes@example.com,PK,CHECKING,2023-02-27 15:55:26,ACTIVE
CUST008699,Nicole,Lawrence,allenjames@example.net,NL,CHECKING,2023-09-24 12:44:18,ACTIVE
CUST008700,Oscar,Walker,moorecurtis@example.org,IT,SAVINGS,2023-12-08 16:21:50,ACTIVE
CUST008701,Michael,Goodwin,burtonmartha@example.net,PK,BUSINESS,2024-02-05 08:46:58,ACTIVE
CUST008702,Paul,Foster,rebeccawalters@example.org,JP,BUSINESS,2021-10-28 10:58:18,ACTIVE
CUST008703,Christine,Jenkins,mbuck@example.com,NL,BUSINESS,2022-09-15 14:38:05,ACTIVE
CUST008704,Robert,Cline,julia77@example.org,DE,BUSINESS,2026-07-16 21:43:51,CLOSED
CUST008705,Bill,Howard,james23@example.org,IN,BUSINESS,2022-05-02 22:53:39,ACTIVE
CUST008706,Caroline,Sims,charlesmoore@example.org,CA,BUSINESS,2022-01-18 01:02:16,SUSPENDED
CUST008707,Angela,Wilson,robinsontracy@example.org,AU,BUSINESS,2026-04-24 10:28:52,CLOSED
CUST008708,Anthony,Johnson,yyang@example.net,DE,BUSINESS,2026-01-16 05:47:20,CLOSED
CUST008709,Clifford,Duncan,carnold@example.org,PK,SAVINGS,2025-03-10 21:49:15,ACTIVE
CUST008710,Michelle,Pugh,sarah31@example.com,JP,CHECKING,2024-05-17 01:14:23,ACTIVE
CUST008711,Antonio,Daniels,racheljones@example.org,PK,BUSINESS,2025-10-27 00:39:42,ACTIVE
CUST008712,Donald,Carter,rodriguezroberta@example.org,JP,BUSINESS,2024-09-16 17:53:53,CLOSED
CUST008713,Kevin,Forbes,joshuamccarty@example.net,JP,SAVINGS,2026-01-30 16:11:44,ACTIVE
CUST008714,Joseph,Douglas,john53@example.com,IT,CHECKING,2023-03-01 07:08:28,CLOSED
CUST008715,Tiffany,Griffith,davisrobin@example.org,BE,CHECKING,2024-10-14 00:54:04,ACTIVE
CUST008716,Adriana,Duncan,michellejohnson@example.org,SG,SAVINGS,2023-07-24 09:29:12,SUSPENDED
CUST008717,Austin,Smith,noahherrera@example.com,ES,SAVINGS,2022-03-01 13:32:25,ACTIVE
CUST008718,Megan,Henry,marcus55@example.com,BE,BUSINESS,2022-01-25 16:47:41,ACTIVE
CUST008719,Michael,Garrett,petersensarah@example.com,IT,CHECKING,2024-11-08 11:01:01,ACTIVE
CUST008720,Shari,Davis,paulbarnes@example.com,IT,CHECKING,2024-04-01 04:17:41,ACTIVE
CUST008721,Jeremy,Simpson,wilcoxcrystal@example.net,DE,CHECKING,2022-05-31 10:42:24,ACTIVE
CUST008722,Christopher,Mason,welchguy@example.com,IN,BUSINESS,2023-12-29 12:32:41,CLOSED
CUST008723,Christine,Harris,diana74@example.net,US,SAVINGS,2024-09-14 05:24:30,ACTIVE
CUST008724,Sherry,Adams,edward53@example.org,BE,BUSINESS,2025-06-02 06:53:14,ACTIVE
CUST008725,Tracy,Silva,smithkimberly@example.com,BE,SAVINGS,2023-02-19 21:27:07,SUSPENDED
CUST008726,Victoria,Ortiz,nwalker@example.com,PK,BUSINESS,2023-05-02 08:29:26,CLOSED
CUST008727,Stephanie,Lee,amy91@example.net,JP,SAVINGS,2022-03-01 12:24:19,SUSPENDED
CUST008728,Anthony,Guerra,glassgary@example.org,BE,SAVINGS,2021-11-02 09:25:30,SUSPENDED
CUST008729,Robin,Jones,,AU,BUSINESS,2024-12-16 09:56:07,ACTIVE
CUST008730,Suzanne,Ewing,nathanielperkins@example.com,SG,BUSINESS,2026-04-11 17:48:28,ACTIVE
CUST008731,Thomas,Evans,andersonwesley@example.net,IT,SAVINGS,2024-02-03 06:23:34,ACTIVE
CUST008732,Greg,Webb,,GB,SAVINGS,2022-11-30 00:32:43,CLOSED
CUST008733,Christian,Mckinney,brian47@example.net,US,SAVINGS,2026-06-10 15:39:54,SUSPENDED
CUST008734,Melinda,Powers,ryanrodriguez@example.org,GB,BUSINESS,2025-03-14 17:51:36,CLOSED
CUST008735,Alicia,Phillips,chenpatrick@example.org,AE,BUSINESS,2026-03-02 13:39:57,SUSPENDED
CUST008736,Hailey,Martinez,christopher55@example.org,AE,CHECKING,2025-08-11 01:22:10,SUSPENDED
CUST008737,John,Hubbard,patriciamorrison@example.net,IT,SAVINGS,2025-09-14 04:47:37,ACTIVE
CUST008738,Brandon,Bond,janetrandall@example.net,DE,CHECKING,2026-04-19 19:12:51,ACTIVE
CUST008739,Michael,Moore,cartersean@example.net,NL,SAVINGS,2023-08-14 04:44:14,ACTIVE
CUST008740,Joshua,Browning,zkoch@example.net,CA,BUSINESS,2024-02-26 14:17:33,ACTIVE
CUST008741,Patrick,Castillo,kyork@example.org,AU,SAVINGS,2023-10-09 08:04:51,CLOSED
CUST008742,Corey,Smith,david21@example.net,PK,SAVINGS,2026-03-02 15:53:02,CLOSED
CUST008743,Christopher,Ware,sharon81@example.org,DE,SAVINGS,2023-04-24 13:59:25,ACTIVE
CUST008744,Ronald,Villegas,gcruz@example.net,AE,SAVINGS,2026-05-08 12:28:45,CLOSED
CUST008745,Tiffany,Hall,sheilagarcia@example.org,ES,SAVINGS,2026-08-19 01:27:53,ACTIVE
CUST008746,Mark,Martin,jennifer94@example.com,AU,SAVINGS,2025-06-22 06:58:54,SUSPENDED
CUST008747,Andrew,Miller,ggardner@example.org,NL,SAVINGS,2022-05-21 14:43:22,ACTIVE
CUST008748,Victoria,Valdez,joshuabrown@example.com,DE,CHECKING,2023-04-01 15:07:34,ACTIVE
CUST008749,Brian,Garcia,ramirezstacy@example.com,US,SAVINGS,2024-09-11 00:50:12,ACTIVE
CUST008750,Samuel,Hill,erin51@example.com,IT,SAVINGS,2023-08-15 15:44:43,CLOSED
CUST008751,Katherine,Lee,russellheidi@example.com,DE,SAVINGS,2025-12-20 01:34:34,ACTIVE
CUST008752,Stanley,Wood,mullennathan@example.net,GB,CHECKING,2022-04-10 23:42:37,ACTIVE
CUST008753,Robert,Huynh,matthew17@example.org,FR,BUSINESS,2026-05-24 05:49:00,ACTIVE
CUST008754,Paul,Moore,ryanmacdonald@example.com,JP,BUSINESS,2022-06-10 13:12:35,CLOSED
CUST008755,Kevin,Webb,nicholethompson@example.net,IT,CHECKING,2022-09-19 10:11:33,ACTIVE
CUST008756,Catherine,Mercer,mark19@example.com,GB,CHECKING,2024-05-07 12:42:14,ACTIVE
CUST008757,Christopher,Campbell,natasha18@example.net,AE,SAVINGS,2021-10-12 22:16:01,ACTIVE
CUST008758,Kimberly,Adams,johnsonmark@example.org,IT,BUSINESS,2026-01-19 23:52:23,ACTIVE
CUST008759,Jill,Ballard,kayla07@example.net,US,BUSINESS,2025-01-12 15:01:43,SUSPENDED
CUST008760,Heather,Horton,valenciachristina@example.net,IT,BUSINESS,2026-04-05 04:58:16,SUSPENDED
CUST008761,Laura,Simmons,perezdaniel@example.com,IT,CHECKING,2021-11-01 22:27:27,ACTIVE
CUST008762,Tiffany,Alvarado,estone@example.com,FR,BUSINESS,2025-06-16 07:09:53,ACTIVE
CUST008763,Rebekah,Benson,hendersontodd@example.com,US,BUSINESS,2024-05-17 09:14:31,ACTIVE
CUST008764,Ryan,Williams,zjordan@example.net,PK,CHECKING,2026-03-14 12:55:34,ACTIVE
CUST008765,Mark,Simon,andrewsanford@example.com,PK,CHECKING,2022-11-21 22:22:51,ACTIVE
CUST008766,Diana,Diaz,lindsey15@example.com,BE,BUSINESS,2022-05-11 13:06:27,CLOSED
CUST008767,Elizabeth,Bentley,lpalmer@example.net,US,CHECKING,2024-07-16 14:21:43,CLOSED
CUST008768,Christopher,Daniels,millererika@example.com,NL,SAVINGS,2026-03-14 22:21:04,ACTIVE
CUST008769,Tracy,Nelson,hansenluke@example.net,IT,SAVINGS,2023-10-18 14:23:37,ACTIVE
CUST008770,Christina,Powell,dchavez@example.net,SG,CHECKING,2022-07-02 13:28:37,SUSPENDED
CUST008771,Heather,James,kelly23@example.org,PK,BUSINESS,2023-05-11 08:08:28,SUSPENDED
CUST008772,Kathleen,Mitchell,ginacastro@example.net,NL,SAVINGS,2024-11-26 06:00:11,SUSPENDED
CUST008773,Briana,Cooper,sheppardlisa@example.net,FR,CHECKING,2024-08-26 19:54:27,SUSPENDED
CUST008774,Steven,Williams,spayne@example.com,IT,BUSINESS,2022-03-17 15:59:51,ACTIVE
CUST008775,Connie,Jackson,nicole02@example.org,IN,BUSINESS,2026-01-24 11:31:27,ACTIVE
CUST008776,Kathleen,Stokes,bradleymedina@example.com,SG,BUSINESS,2025-08-10 10:48:58,SUSPENDED
CUST008777,Philip,Summers,aaron62@example.net,AE,SAVINGS,2025-03-30 02:49:45,ACTIVE
CUST008778,Douglas,Elliott,edwardnorman@example.net,IT,SAVINGS,2024-09-07 11:29:54,SUSPENDED
CUST008779,James,Simmons,mathewsjennifer@example.net,US,CHECKING,2024-09-15 22:08:20,CLOSED
CUST008780,James,Baldwin,scotttaylor@example.org,GB,SAVINGS,2025-04-30 04:05:32,ACTIVE
CUST008781,Randy,Richardson,nicole05@example.net,GB,CHECKING,2025-11-18 23:23:32,ACTIVE
CUST008782,Jason,Smith,pmorris@example.com,US,CHECKING,2023-10-28 01:01:43,ACTIVE
CUST008783,Nicholas,Kramer,vaughankatrina@example.net,NL,CHECKING,2023-05-20 11:41:10,ACTIVE
CUST008784,Adam,Morales,anneblack@example.com,PK,BUSINESS,2022-02-01 18:09:42,ACTIVE
CUST008785,Joshua,Riley,lfreeman@example.com,IN,CHECKING,2022-10-20 20:15:43,SUSPENDED
CUST008786,Sean,Harvey,kentsharon@example.com,PK,BUSINESS,2023-06-15 19:35:11,ACTIVE
CUST008787,Shannon,Gilbert,johnsonkari@example.com,FR,SAVINGS,2022-11-22 13:55:23,ACTIVE
CUST008788,Aaron,Schwartz,veronicalane@example.net,JP,BUSINESS,2025-10-20 06:47:03,ACTIVE
CUST008789,Aaron,Hoffman,ealvarez@example.com,FR,CHECKING,2023-01-30 00:57:48,ACTIVE
CUST008790,Patricia,Evans,traceycampbell@example.org,US,BUSINESS,2022-01-10 12:09:56,ACTIVE
CUST008791,Sandra,Martinez,lisadavis@example.org,SG,CHECKING,2025-01-31 12:52:04,ACTIVE
CUST008792,Thomas,Castaneda,johnsonjack@example.net,NL,CHECKING,2024-07-18 21:51:56,ACTIVE
CUST008793,Mackenzie,Estrada,dylan09@example.net,US,BUSINESS,2023-06-25 04:57:09,ACTIVE
CUST008794,Daniel,Huffman,raymondbruce@example.com,DE,SAVINGS,2023-04-01 19:03:58,ACTIVE
CUST008795,Anthony,Bryant,mackenzie83@example.org,AU,SAVINGS,2024-06-17 09:17:35,ACTIVE
CUST008796,Julie,Parker,clarkekrystal@example.org,AU,BUSINESS,2025-11-07 11:53:33,ACTIVE
CUST008797,Dana,Jennings,jstone@example.org,AE,CHECKING,2025-11-04 20:58:34,SUSPENDED
CUST008798,Joshua,Arnold,robert74@example.net,CA,BUSINESS,2022-12-23 21:57:15,ACTIVE
CUST008799,George,Jackson,qwaller@example.org,US,CHECKING,2024-06-30 07:57:54,ACTIVE
CUST008800,Alan,Russell,sdavis@example.net,IT,CHECKING,2025-10-11 13:10:22,ACTIVE
CUST008801,Kelly,Hughes,robin66@example.org,GB,BUSINESS,2022-12-04 21:46:41,ACTIVE
CUST008802,Joseph,Johnson,hamiltonbenjamin@example.org,BE,BUSINESS,2022-12-26 03:43:40,ACTIVE
CUST008803,Lauren,Nelson,bassdaniel@example.net,CA,SAVINGS,2025-02-17 13:24:51,ACTIVE
CUST008804,Brian,Sanders,johnsonsharon@example.com,PK,BUSINESS,2023-01-13 20:33:49,ACTIVE
CUST008805,Riley,White,ehoffman@example.org,AU,BUSINESS,2021-10-22 03:11:03,ACTIVE
CUST008806,Eric,James,bowerscarlos@example.org,AU,BUSINESS,2022-10-05 19:35:15,SUSPENDED
CUST008807,Juan,Lewis,julie40@example.net,AE,CHECKING,2024-07-29 08:32:11,ACTIVE
CUST008808,Laura,Garrison,kmitchell@example.com,ES,BUSINESS,2022-09-12 21:04:42,ACTIVE
CUST008809,Jean,Vasquez,lacey72@example.com,AU,SAVINGS,2023-06-04 17:52:32,ACTIVE
CUST008810,Carlos,Hensley,djohnson@example.com,PK,CHECKING,2023-12-03 16:28:32,ACTIVE
CUST008811,Paul,Smith,scampbell@example.net,ES,CHECKING,2024-08-28 19:54:45,SUSPENDED
CUST008812,Thomas,Ray,estradaerin@example.org,IT,BUSINESS,2024-01-17 06:43:46,CLOSED
CUST008813,Holly,Farrell,kingstephanie@example.org,IT,BUSINESS,2024-01-07 12:44:06,CLOSED
CUST008814,Angel,Douglas,boyertammy@example.net,AU,CHECKING,2024-11-19 09:08:50,ACTIVE
CUST008815,Lori,Harper,simpsonjames@example.org,NL,SAVINGS,2026-06-11 21:14:23,SUSPENDED
CUST008816,Kelly,Ford,jessicathomas@example.com,SG,BUSINESS,2022-02-17 19:24:18,ACTIVE
CUST008817,Robert,Yoder,davidanderson@example.net,AE,SAVINGS,2025-06-08 08:03:03,ACTIVE
CUST008818,Lauren,Wolf,sramsey@example.org,ES,CHECKING,2021-11-21 08:04:09,SUSPENDED
CUST008819,Joshua,Mason,lynn41@example.com,GB,CHECKING,2023-07-16 11:43:47,CLOSED
CUST008820,Dana,Buchanan,roy66@example.org,BE,CHECKING,2025-09-28 03:51:13,SUSPENDED
CUST008821,Christopher,Mason,taylorsamantha@example.com,GB,CHECKING,2023-05-31 16:18:03,ACTIVE
CUST008822,John,Villa,lkelly@example.net,CA,SAVINGS,2025-09-16 05:07:20,ACTIVE
CUST008823,Christine,Harper,patricia75@example.com,CA,CHECKING,2024-01-13 09:14:07,SUSPENDED
CUST008824,Nicholas,Henderson,csanders@example.com,AU,SAVINGS,2026-07-16 23:42:37,ACTIVE
CUST008825,Jennifer,Robinson,longbreanna@example.net,AE,BUSINESS,2024-01-07 05:15:04,ACTIVE
CUST008826,Regina,Lewis,kimberly21@example.com,IN,CHECKING,2023-10-29 08:59:51,SUSPENDED
CUST008827,Julia,Gonzalez,monicacampbell@example.com,FR,CHECKING,2022-10-13 07:48:56,ACTIVE
CUST008828,David,Ross,smithashley@example.org,US,CHECKING,2024-05-01 08:19:22,ACTIVE
CUST008829,Sheryl,Williams,cookwayne@example.net,GB,CHECKING,2026-06-02 00:45:50,ACTIVE
CUST008830,James,Diaz,richard05@example.net,JP,BUSINESS,2022-05-18 10:28:48,ACTIVE
CUST008831,Amanda,Perez,ngomez@example.com,PK,BUSINESS,2026-07-22 01:56:53,CLOSED
CUST008832,Karen,Johnson,nmooney@example.com,JP,CHECKING,2022-06-04 22:28:18,ACTIVE
CUST008833,Andre,Williams,barry95@example.org,IN,SAVINGS,2023-06-14 02:07:27,SUSPENDED
CUST008834,Yolanda,Nelson,daniel64@example.org,PK,BUSINESS,2022-09-20 06:32:52,ACTIVE
CUST008835,Jessica,Lawson,gregory20@example.net,CA,SAVINGS,2026-06-03 05:51:31,SUSPENDED
CUST008836,Marvin,Morris,vickigarcia@example.net,US,CHECKING,2022-06-22 04:18:40,ACTIVE
CUST008837,Michael,Lozano,autumn59@example.org,US,SAVINGS,2023-12-06 02:04:47,ACTIVE
CUST008838,Chad,Neal,hamiltonmatthew@example.org,ES,CHECKING,2024-11-15 05:24:31,ACTIVE
CUST008839,Lisa,Wilson,rodriguezthomas@example.org,SG,CHECKING,2023-05-23 05:12:37,ACTIVE
CUST008840,David,Williams,edwardkelly@example.net,ES,BUSINESS,2023-05-08 03:07:12,CLOSED
CUST008841,Randy,Walter,theresa91@example.com,FR,BUSINESS,2026-07-31 01:14:41,ACTIVE
CUST008842,Eric,Jones,tmorgan@example.net,AE,BUSINESS,2022-09-04 08:03:14,ACTIVE
CUST008843,Nancy,Garcia,priscilla68@example.com,NL,CHECKING,2023-02-28 16:18:50,ACTIVE
CUST008844,Nicolas,Wilson,timothythompson@example.com,CA,BUSINESS,2023-06-05 17:50:32,CLOSED
CUST008845,Amy,Gallagher,michael35@example.com,ES,BUSINESS,2026-08-14 00:23:06,ACTIVE
CUST008846,Carol,Mcintosh,christopherbeck@example.org,ES,BUSINESS,2022-08-24 16:23:26,ACTIVE
CUST008847,James,Atkins,cordovapriscilla@example.org,GB,CHECKING,2024-04-15 13:35:07,SUSPENDED
CUST008848,James,Erickson,ygray@example.org,ES,BUSINESS,2022-08-06 03:19:01,ACTIVE
CUST008849,Susan,Weeks,fdudley@example.com,IT,SAVINGS,2023-07-31 17:00:31,ACTIVE
CUST008850,Brittany,Best,alexis60@example.org,PK,SAVINGS,2024-02-16 22:45:22,ACTIVE
CUST008851,Robert,Rodriguez,alberthiggins@example.net,IN,BUSINESS,2023-12-28 13:25:57,SUSPENDED
CUST008852,Caitlin,Campbell,nwatson@example.org,IN,CHECKING,2025-04-08 22:46:42,ACTIVE
CUST008853,Rebecca,Johnson,zachary33@example.com,IN,BUSINESS,2023-08-27 08:18:02,ACTIVE
CUST008854,Jason,Benson,rkerr@example.org,CA,CHECKING,2025-06-02 03:16:55,ACTIVE
CUST008855,Michael,Mason,westmichael@example.com,GB,BUSINESS,2026-03-15 13:38:21,SUSPENDED
CUST008856,Donald,Benjamin,william38@example.com,NL,CHECKING,2026-05-26 21:58:43,ACTIVE
CUST008857,Julie,Stout,mdavis@example.net,FR,SAVINGS,2024-07-17 22:41:57,ACTIVE
CUST008858,Katrina,Tucker,nielsenadam@example.org,IT,BUSINESS,2022-01-02 16:27:17,ACTIVE
CUST008859,Jacqueline,Carlson,kglenn@example.com,AE,CHECKING,2026-02-23 12:34:41,CLOSED
CUST008860,Lee,Good,paulpowell@example.org,BE,CHECKING,2022-06-25 09:28:26,ACTIVE
CUST008861,Roberta,Lewis,sgoodman@example.net,PK,BUSINESS,2025-01-08 10:26:10,ACTIVE
CUST008862,John,Gardner,fcook@example.org,IT,SAVINGS,2022-08-26 21:12:56,ACTIVE
CUST008863,Elizabeth,White,james59@example.net,GB,BUSINESS,2023-04-10 06:54:55,ACTIVE
CUST008864,Paula,Perez,evan72@example.net,CA,SAVINGS,2022-12-01 16:32:44,SUSPENDED
CUST008865,Renee,Patel,macknicole@example.com,IT,BUSINESS,2024-11-24 02:28:20,SUSPENDED
CUST008866,Alexander,Brown,dcampbell@example.com,JP,SAVINGS,2021-10-22 09:29:13,SUSPENDED
CUST008867,Patrick,Daniels,johnporter@example.org,DE,SAVINGS,2022-12-20 20:16:50,ACTIVE
CUST008868,Joseph,Reese,jessenguyen@example.org,AE,SAVINGS,2025-02-06 16:12:49,ACTIVE
CUST008869,Amy,Collins,brittanywalker@example.net,BE,SAVINGS,2024-12-17 05:21:50,ACTIVE
CUST008870,Anthony,Graves,tgonzalez@example.org,AU,CHECKING,2023-08-10 09:45:50,ACTIVE
CUST008871,Christine,Greene,thomas87@example.com,PK,BUSINESS,2024-09-01 00:40:04,ACTIVE
CUST008872,Kristy,Ballard,tmoran@example.org,BE,CHECKING,2023-04-14 07:35:35,SUSPENDED
CUST008873,Elizabeth,Banks,ygordon@example.com,SG,SAVINGS,2026-08-09 05:24:21,ACTIVE
CUST008874,Isaac,Harper,sara12@example.net,DE,BUSINESS,2025-02-26 06:36:11,ACTIVE
CUST008875,Kenneth,Maddox,april27@example.com,BE,SAVINGS,2022-09-17 15:07:37,ACTIVE
CUST008876,Ashlee,Acosta,lynndavid@example.net,FR,BUSINESS,2026-08-24 07:36:47,ACTIVE
CUST008877,Jose,Poole,reginaldcollins@example.com,AU,BUSINESS,2025-08-26 23:06:25,SUSPENDED
CUST008878,Eugene,Davis,michelle01@example.com,AU,CHECKING,2025-06-14 19:35:43,CLOSED
CUST008879,Kimberly,Smith,tammymiller@example.net,BE,SAVINGS,2024-11-08 18:58:45,CLOSED
CUST008880,Daniel,Banks,william82@example.net,US,SAVINGS,2026-01-15 01:45:29,ACTIVE
CUST008881,Jonathan,Baker,stephaniedudley@example.net,FR,SAVINGS,2025-12-17 18:01:45,ACTIVE
CUST008882,Meghan,Baker,cheryl12@example.net,AE,CHECKING,2026-06-17 03:51:34,ACTIVE
CUST008883,Nathan,Martin,worr@example.net,NL,CHECKING,2024-04-09 08:56:37,SUSPENDED
CUST008884,Lisa,Spears,vchristensen@example.org,ES,BUSINESS,2024-12-23 22:19:49,ACTIVE
CUST008885,Matthew,Phelps,kristenharrison@example.com,DE,BUSINESS,2025-07-20 15:31:38,SUSPENDED
CUST008886,Bobby,Martin,pgallagher@example.net,DE,CHECKING,2023-01-14 03:40:06,ACTIVE
CUST008887,Michael,Bennett,danielhuber@example.org,ES,SAVINGS,2023-07-06 20:44:10,ACTIVE
CUST008888,Tiffany,Riggs,deleonteresa@example.net,IT,BUSINESS,2025-06-06 13:23:55,ACTIVE
CUST008889,Valerie,Harvey,christopher62@example.net,AE,BUSINESS,2023-11-23 13:36:41,SUSPENDED
CUST008890,Nicholas,Baker,michael97@example.org,PK,BUSINESS,2023-08-19 06:24:02,SUSPENDED
CUST008891,Lori,Cox,tylerashley@example.net,US,BUSINESS,2026-01-04 18:34:08,CLOSED
CUST008892,Linda,Coffey,eric29@example.org,JP,SAVINGS,2025-05-20 00:15:41,SUSPENDED
CUST008893,Timothy,Johnson,crystal84@example.com,FR,BUSINESS,2026-06-01 06:30:40,CLOSED
CUST008894,Lisa,Gentry,derek05@example.com,US,CHECKING,2025-12-02 02:22:58,ACTIVE
CUST008895,Jessica,Hayes,maryoneill@example.net,ES,SAVINGS,2022-08-04 04:51:46,SUSPENDED
CUST008896,Jacob,Gordon,pwest@example.net,PK,SAVINGS,2024-10-05 18:51:54,ACTIVE
CUST008897,Erica,Mcdaniel,ojohnson@example.com,DE,BUSINESS,2023-06-26 00:38:20,ACTIVE
CUST008898,Dustin,Williams,alexandercharlene@example.net,ES,SAVINGS,2024-08-28 20:05:26,SUSPENDED
CUST008899,Tammy,Kelly,mnorton@example.org,JP,CHECKING,2024-10-31 01:00:27,SUSPENDED
CUST008900,Debra,Wilson,wmartinez@example.net,BE,BUSINESS,2025-04-01 03:38:37,CLOSED
CUST008901,Cynthia,Monroe,laura63@example.com,CA,BUSINESS,2024-01-20 16:16:17,CLOSED
CUST008902,Lisa,Williams,lewisphillip@example.net,US,BUSINESS,2025-04-14 13:15:39,CLOSED
CUST008903,Elizabeth,Brown,dsims@example.org,GB,SAVINGS,2025-07-13 09:22:16,ACTIVE
CUST008904,Matthew,Shaw,cooktammy@example.org,IN,BUSINESS,2026-03-03 13:27:05,ACTIVE
CUST008905,Courtney,Russell,ian88@example.net,JP,BUSINESS,2025-08-21 20:13:09,CLOSED
CUST008906,Peter,Martinez,steventanner@example.org,PK,BUSINESS,2021-09-26 22:08:36,ACTIVE
CUST008907,John,Phillips,farmermichelle@example.net,IT,CHECKING,2023-02-12 15:49:22,CLOSED
CUST008908,Linda,Hayes,nathanwoods@example.net,DE,BUSINESS,2023-12-09 23:11:35,SUSPENDED
CUST008909,Emily,Schwartz,ascott@example.org,BE,SAVINGS,2025-09-14 15:39:03,ACTIVE
CUST008910,Brandon,Adams,brent71@example.net,FR,BUSINESS,2023-02-15 22:05:25,CLOSED
CUST008911,Erin,Perez,tammy11@example.com,JP,SAVINGS,2024-06-11 10:11:47,ACTIVE
CUST008912,Connie,White,crystal27@example.net,IT,CHECKING,2023-03-21 16:58:14,ACTIVE
CUST008913,Brian,Cox,wilsonsandy@example.net,FR,CHECKING,2023-08-05 00:22:55,ACTIVE
CUST008914,Brooke,Lee,tatedana@example.com,AU,CHECKING,2022-09-12 19:38:00,ACTIVE
CUST008915,Michael,Anderson,joseconner@example.org,IN,CHECKING,2026-05-01 20:19:26,ACTIVE
CUST008916,Annette,Johnson,vglover@example.org,US,SAVINGS,2025-10-20 08:54:49,ACTIVE
CUST008917,Michaela,Saunders,amorton@example.net,NL,BUSINESS,2026-06-02 10:06:06,SUSPENDED
CUST008918,Nancy,Cruz,pattersonsarah@example.net,AE,SAVINGS,2022-02-27 14:43:53,SUSPENDED
CUST008919,Jennifer,Roberts,cody83@example.org,FR,BUSINESS,2026-05-05 10:44:22,ACTIVE
CUST008920,Jessica,Johnson,hopkinsjessica@example.org,FR,CHECKING,2025-07-07 01:04:03,SUSPENDED
CUST008921,Christine,Hill,manuelgarcia@example.org,CA,SAVINGS,2022-11-23 10:29:02,SUSPENDED
CUST008922,Michelle,Hamilton,rachel52@example.org,NL,SAVINGS,2024-02-13 10:01:23,CLOSED
CUST008923,Debra,Miller,sarahmiller@example.net,JP,SAVINGS,2022-07-14 12:52:21,SUSPENDED
CUST008924,Devon,Dennis,morgancruz@example.net,GB,SAVINGS,2023-07-07 07:51:52,CLOSED
CUST008925,Mark,Fields,nallen@example.net,US,BUSINESS,2025-02-19 05:28:12,SUSPENDED
CUST008926,Kristin,Payne,ajohnson@example.net,PK,SAVINGS,2023-12-07 06:52:39,ACTIVE
CUST008927,Mark,Sullivan,scott93@example.org,GB,CHECKING,2024-11-01 22:41:54,SUSPENDED
CUST008928,Travis,Wade,grivera@example.org,PK,SAVINGS,2023-09-22 22:08:41,SUSPENDED
CUST008929,Brooke,King,lori94@example.net,SG,CHECKING,2023-07-02 17:38:43,ACTIVE
CUST008930,Adam,Pearson,mark84@example.com,IN,SAVINGS,2022-03-05 23:05:34,ACTIVE
CUST008931,Jill,Jackson,brianvelasquez@example.com,FR,SAVINGS,2022-08-16 06:23:16,ACTIVE
CUST008932,Natalie,Mueller,rholloway@example.org,BE,SAVINGS,2022-12-03 01:05:54,ACTIVE
CUST008933,Angela,Smith,murillowilliam@example.com,US,CHECKING,2025-02-14 21:47:45,ACTIVE
CUST008934,Mary,Cooke,dixonkristen@example.net,AU,BUSINESS,2026-03-29 04:52:52,SUSPENDED
CUST008935,Colton,Wong,thomasbrown@example.org,NL,BUSINESS,2022-01-09 00:08:36,SUSPENDED
CUST008936,Justin,Smith,joshua44@example.com,AU,CHECKING,2023-08-10 23:49:00,SUSPENDED
CUST008937,Kim,Cameron,michaelharrison@example.org,US,CHECKING,2022-03-13 05:49:14,ACTIVE
CUST008938,Anna,Floyd,rubiochristopher@example.net,PK,BUSINESS,2023-12-20 04:49:36,CLOSED
CUST008939,Michael,Parks,richardvillanueva@example.net,JP,SAVINGS,2022-10-11 22:27:21,ACTIVE
CUST008940,Chad,Peterson,evansryan@example.net,AU,BUSINESS,2021-09-28 11:39:59,SUSPENDED
CUST008941,Melissa,Smith,tmay@example.net,IT,SAVINGS,2022-07-23 07:40:59,ACTIVE
CUST008942,Kyle,Ellis,lmartin@example.net,FR,BUSINESS,2024-10-14 00:11:55,ACTIVE
CUST008943,Mark,Bean,christiancampos@example.net,AU,SAVINGS,2023-08-15 03:53:53,ACTIVE
CUST008944,Michael,Herrera,bowenjennifer@example.com,ES,SAVINGS,2023-05-11 09:27:27,ACTIVE
CUST008945,Douglas,Butler,garzatina@example.net,DE,CHECKING,2021-12-30 03:50:24,CLOSED
CUST008946,Joel,Bernard,gwright@example.org,ES,SAVINGS,2023-02-04 15:29:42,SUSPENDED
CUST008947,Lisa,Flores,kimberlyterrell@example.com,JP,CHECKING,2026-08-03 02:42:09,SUSPENDED
CUST008948,Jeffrey,Rivera,danny51@example.net,NL,CHECKING,2024-03-01 00:21:36,ACTIVE
CUST008949,Autumn,Williams,simpsonsandra@example.com,IN,SAVINGS,2025-09-02 23:18:52,CLOSED
CUST008950,Dennis,Matthews,garciatanya@example.org,NL,BUSINESS,2022-06-20 12:43:39,CLOSED
CUST008951,Katherine,Goodman,gonzalesmelissa@example.net,IN,BUSINESS,2021-12-03 06:17:48,CLOSED
CUST008952,Mario,Petty,patricia87@example.org,AE,SAVINGS,2023-10-16 15:15:19,CLOSED
CUST008953,Douglas,Walker,astout@example.net,GB,SAVINGS,2025-02-08 08:00:09,ACTIVE
CUST008954,Timothy,Wright,pamela96@example.com,GB,BUSINESS,2021-11-26 23:57:00,SUSPENDED
CUST008955,Rachel,Schaefer,thompsoncynthia@example.org,IT,SAVINGS,2025-11-11 20:47:19,ACTIVE
CUST008956,Mary,Clark,warddarryl@example.org,AE,SAVINGS,2022-08-20 11:02:38,ACTIVE
CUST008957,Richard,Skinner,ywhite@example.net,SG,CHECKING,2024-12-06 23:09:01,ACTIVE
CUST008958,Alexandra,Tate,timbaker@example.net,SG,SAVINGS,2026-06-12 01:30:27,ACTIVE
CUST008959,Misty,Valdez,george85@example.net,AE,SAVINGS,2024-02-16 07:14:52,CLOSED
CUST008960,Kelly,Colon,hosborn@example.net,DE,SAVINGS,2024-06-21 08:57:48,CLOSED
CUST008961,Sharon,Bonilla,traceyjones@example.org,PK,BUSINESS,2023-08-08 08:00:00,CLOSED
CUST008962,Jacob,Johnson,kenneth17@example.net,IT,BUSINESS,2024-06-01 06:08:56,ACTIVE
CUST008963,Wendy,Evans,robert50@example.com,IN,BUSINESS,2024-04-21 10:01:01,ACTIVE
CUST008964,Robert,Scott,gail41@example.com,NL,BUSINESS,2023-06-26 17:09:07,SUSPENDED
CUST008965,Christopher,Hardy,state@example.org,NL,CHECKING,2025-10-16 05:57:04,CLOSED
CUST008966,Brian,Brown,scottsmith@example.com,PK,SAVINGS,2023-11-29 03:51:22,SUSPENDED
CUST008967,Lauren,Wilson,simmonsmorgan@example.com,NL,CHECKING,2021-10-31 04:48:09,CLOSED
CUST008968,Nicholas,Craig,steeleamanda@example.com,AE,BUSINESS,2025-03-18 13:51:44,CLOSED
CUST008969,Brittney,Smith,jenniferestrada@example.org,ES,CHECKING,2025-11-19 09:09:13,ACTIVE
CUST008970,Brett,Beard,gonzalesdonald@example.org,FR,BUSINESS,2022-03-06 03:59:03,ACTIVE
CUST008971,Thomas,Young,jpitts@example.org,CA,SAVINGS,2024-11-15 16:49:09,ACTIVE
CUST008972,Mary,Henderson,ogalvan@example.com,AU,BUSINESS,2024-04-30 11:10:12,SUSPENDED
CUST008973,Pamela,Boyd,fbeltran@example.net,SG,CHECKING,2024-05-30 09:51:30,CLOSED
CUST008974,Jennifer,Williams,kristina54@example.net,JP,BUSINESS,2022-03-22 21:31:18,CLOSED
CUST008975,Jennifer,Norris,carlos79@example.org,AU,SAVINGS,2022-08-03 17:35:56,ACTIVE
CUST008976,Douglas,Brown,donald17@example.org,IT,CHECKING,2026-01-05 23:52:36,ACTIVE
CUST008977,Robert,Brown,swagner@example.net,FR,BUSINESS,2025-09-07 21:34:01,SUSPENDED
CUST008978,Donald,Johnson,ingramjonathan@example.net,ES,CHECKING,2024-04-29 23:53:24,ACTIVE
CUST008979,Shelley,Ford,jefferywade@example.net,DE,SAVINGS,2022-06-06 01:26:32,ACTIVE
CUST008980,Jacqueline,Bush,jonkeith@example.org,US,SAVINGS,2021-10-20 19:05:47,ACTIVE
CUST008981,Megan,Torres,nicolejohns@example.com,PK,BUSINESS,2024-12-22 03:07:02,ACTIVE
CUST008982,Ashley,Barnett,stephanieschneider@example.net,IT,SAVINGS,2023-09-08 18:53:11,SUSPENDED
CUST008983,Adrian,Hawkins,wallsvictor@example.com,BE,SAVINGS,2023-01-21 00:03:57,SUSPENDED
CUST008984,Samantha,Smith,bgray@example.org,AE,BUSINESS,2021-12-11 23:27:29,ACTIVE
CUST008985,Ryan,Parks,armstrongjulia@example.org,IN,CHECKING,2024-11-04 20:46:28,ACTIVE
CUST008986,Christopher,Salazar,audreyweaver@example.com,IT,CHECKING,2023-04-17 00:41:25,ACTIVE
CUST008987,Whitney,Ritter,evansandre@example.org,NL,SAVINGS,2026-05-10 21:33:50,CLOSED
CUST008988,Charles,Mendoza,nancy37@example.com,GB,SAVINGS,2023-05-17 13:11:17,SUSPENDED
CUST008989,Paul,Jones,cameron26@example.org,PK,CHECKING,2026-02-13 10:26:31,ACTIVE
CUST008990,Tamara,Rhodes,larrymurphy@example.net,SG,BUSINESS,2023-01-04 08:39:36,ACTIVE
CUST008991,Carl,Miller,krystallewis@example.com,AU,CHECKING,2023-05-30 00:51:31,ACTIVE
CUST008992,Andre,Vega,hogandebra@example.net,ES,BUSINESS,2025-06-04 14:02:35,ACTIVE
CUST008993,Carolyn,Brandt,stacey37@example.net,DE,CHECKING,2025-07-29 16:15:53,ACTIVE
CUST008994,Michael,Dodson,dawn08@example.net,IT,BUSINESS,2024-04-08 11:02:20,SUSPENDED
CUST008995,Mitchell,Johnson,tanyarogers@example.com,BE,SAVINGS,2021-09-13 19:13:12,ACTIVE
CUST008996,James,Cruz,heather33@example.org,CA,BUSINESS,2026-01-03 20:32:53,CLOSED
CUST008997,Michelle,Proctor,michael25@example.com,GB,CHECKING,2024-02-13 13:31:37,ACTIVE
CUST008998,Susan,Howell,lisa28@example.com,AU,SAVINGS,2022-04-03 08:13:25,SUSPENDED
CUST008999,Jonathon,Orozco,jdoyle@example.com,FR,BUSINESS,2024-05-01 01:34:24,SUSPENDED
CUST009000,Allison,Reynolds,youngjessica@example.net,AE,CHECKING,2023-06-19 23:21:21,CLOSED
CUST009001,Alex,Patterson,danielmartinez@example.net,AU,CHECKING,2023-09-22 22:42:28,ACTIVE
CUST009002,Travis,Mcmahon,sharrison@example.net,NL,BUSINESS,2022-02-09 14:40:59,ACTIVE
CUST009003,William,Newton,landryjudith@example.com,CA,SAVINGS,2023-02-23 00:51:23,ACTIVE
CUST009004,Jody,Hernandez,joneszachary@example.org,NL,BUSINESS,2026-07-08 20:17:15,ACTIVE
CUST009005,Andrea,Bates,romerobrenda@example.org,GB,SAVINGS,2023-07-06 16:54:18,ACTIVE
CUST009006,Jamie,Burke,lopezlinda@example.net,DE,CHECKING,2022-05-08 15:47:43,ACTIVE
CUST009007,Crystal,Lawson,bshort@example.org,PK,BUSINESS,2021-10-20 00:28:55,CLOSED
CUST009008,Michele,Carson,annarussell@example.net,BE,CHECKING,2025-12-15 23:59:10,ACTIVE
CUST009009,Cynthia,Gardner,joel58@example.com,NL,CHECKING,2023-03-05 08:07:28,ACTIVE
CUST009010,Tracey,Wright,william80@example.com,IN,SAVINGS,2026-04-07 17:40:20,ACTIVE
CUST009011,Alicia,Ayala,lhopkins@example.com,PK,BUSINESS,2025-11-26 16:15:41,ACTIVE
CUST009012,Barry,Russell,lcarroll@example.com,FR,CHECKING,2024-01-23 22:01:00,ACTIVE
CUST009013,Robert,Hill,dianadonovan@example.net,NL,SAVINGS,2024-11-23 00:14:47,ACTIVE
CUST009014,Joseph,Nelson,ginaruiz@example.org,ES,SAVINGS,2026-07-22 13:31:43,SUSPENDED
CUST009015,Billy,Washington,jonathan22@example.net,IT,BUSINESS,2023-11-22 11:46:18,ACTIVE
CUST009016,Angela,Tran,turnerpaul@example.net,FR,SAVINGS,2026-04-30 12:36:08,ACTIVE
CUST009017,Kimberly,Briggs,rlee@example.net,JP,SAVINGS,2022-07-26 06:45:54,CLOSED
CUST009018,Matthew,Dean,kathy66@example.net,GB,BUSINESS,2026-02-11 00:05:35,SUSPENDED
CUST009019,Jennifer,Rodriguez,deleonmary@example.net,AE,BUSINESS,2023-10-17 20:43:50,ACTIVE
CUST009020,Paige,Richmond,john79@example.org,FR,BUSINESS,2023-02-11 23:10:31,ACTIVE
CUST009021,Rebecca,Lee,melvin70@example.net,SG,BUSINESS,2022-04-01 01:54:47,ACTIVE
CUST009022,Charles,Wells,frussell@example.net,AU,SAVINGS,2024-02-16 18:11:29,SUSPENDED
CUST009023,Kevin,Coleman,april49@example.org,AE,BUSINESS,2026-02-10 09:36:44,ACTIVE
CUST009024,Heather,Owen,thomas07@example.org,ES,BUSINESS,2024-11-30 23:20:27,ACTIVE
CUST009025,Darren,Scott,mcmillangarrett@example.org,JP,BUSINESS,2024-07-14 22:26:53,SUSPENDED
CUST009026,Patricia,Herman,wsmith@example.net,US,SAVINGS,2024-06-30 11:15:49,ACTIVE
CUST009027,Melissa,Thompson,andrew44@example.org,US,SAVINGS,2025-05-07 16:21:17,ACTIVE
CUST009028,Andrew,Moss,amanda61@example.net,FR,SAVINGS,2022-07-31 04:39:09,ACTIVE
CUST009029,Tyler,Morris,scott82@example.com,IN,SAVINGS,2023-06-20 02:52:56,ACTIVE
CUST009030,Laura,George,reidrhonda@example.net,ES,CHECKING,2025-09-13 16:26:09,CLOSED
CUST009031,Sherry,Crane,walkermichael@example.net,AE,SAVINGS,2021-12-12 07:37:59,ACTIVE
CUST009032,Steven,Hill,qpacheco@example.org,ES,CHECKING,2023-04-23 20:26:40,CLOSED
CUST009033,Kenneth,Smith,vbrown@example.com,AU,SAVINGS,2021-11-25 19:31:14,SUSPENDED
CUST009034,Daniel,Villegas,jamieochoa@example.com,GB,SAVINGS,2023-08-01 19:31:15,ACTIVE
CUST009035,Julie,Holden,rhardy@example.com,US,SAVINGS,2024-02-08 12:09:28,ACTIVE
CUST009036,Cindy,Henderson,colinpetty@example.com,IT,CHECKING,2023-08-23 16:39:10,ACTIVE
CUST009037,Julie,Smith,petermartinez@example.net,CA,CHECKING,2022-01-23 10:08:51,CLOSED
CUST009038,David,Mcgee,tammy26@example.org,AE,CHECKING,2023-02-02 05:28:39,ACTIVE
CUST009039,Jared,Miller,ypark@example.net,ES,CHECKING,2024-07-05 17:22:23,ACTIVE
CUST009040,Terry,Robertson,robert05@example.com,BE,SAVINGS,2022-10-17 04:46:17,CLOSED
CUST009041,Andrew,Terry,stonephilip@example.net,DE,CHECKING,2023-02-13 21:41:39,ACTIVE
CUST009042,Terry,Ross,brandon88@example.org,PK,CHECKING,2024-01-21 03:00:43,ACTIVE
CUST009043,Annette,Cochran,gsharp@example.net,FR,CHECKING,2022-04-14 04:08:44,ACTIVE
CUST009044,Lorraine,Barker,stevenlucas@example.net,NL,SAVINGS,2022-07-12 05:58:24,SUSPENDED
CUST009045,Kim,Brady,alicia88@example.org,US,CHECKING,2025-08-15 00:48:45,ACTIVE
CUST009046,Robert,Robinson,,JP,SAVINGS,2024-10-21 12:26:46,SUSPENDED
CUST009047,Sean,Garcia,wwalsh@example.org,BE,CHECKING,2024-05-07 10:02:57,SUSPENDED
CUST009048,Vicki,Kennedy,marymitchell@example.com,IN,SAVINGS,2022-08-05 11:17:08,ACTIVE
CUST009049,Larry,Schwartz,qlopez@example.net,AE,SAVINGS,2025-07-10 01:54:11,CLOSED
CUST009050,Caitlin,Harris,ramosdavid@example.org,AU,SAVINGS,2025-04-03 15:50:23,ACTIVE
CUST009051,Scott,Garcia,jenniferrivera@example.com,IT,BUSINESS,2023-01-03 13:47:54,ACTIVE
CUST009052,Mariah,Gonzales,shayes@example.org,ES,SAVINGS,2023-12-15 17:48:48,ACTIVE
CUST009053,Erica,King,samantha88@example.com,IT,CHECKING,2022-05-12 19:20:36,ACTIVE
CUST009054,Jay,Nelson,johnelliott@example.org,PK,CHECKING,2025-01-14 12:20:45,ACTIVE
CUST009055,John,Wu,whayes@example.com,SG,BUSINESS,2023-11-11 08:49:21,CLOSED
CUST009056,Jennifer,Mason,cameronjustin@example.org,AE,SAVINGS,2021-09-06 04:51:34,SUSPENDED
CUST009057,Tiffany,Patton,hgarza@example.net,ES,CHECKING,2024-06-27 13:04:44,ACTIVE
CUST009058,Stephen,Mckinney,sheltonrichard@example.com,IT,SAVINGS,2024-12-20 09:41:20,ACTIVE
CUST009059,Gloria,Armstrong,trevormedina@example.org,FR,CHECKING,2024-12-14 20:14:04,CLOSED
CUST009060,Danielle,Johnson,mperkins@example.org,NL,SAVINGS,2026-06-22 02:33:33,ACTIVE
CUST009061,Tommy,Frazier,lisaporter@example.net,AE,BUSINESS,2026-07-21 10:14:09,ACTIVE
CUST009062,William,Young,abigailhobbs@example.org,DE,SAVINGS,2023-04-05 09:53:34,ACTIVE
CUST009063,Richard,Anderson,hunterjames@example.net,ES,BUSINESS,2024-06-29 02:30:43,ACTIVE
CUST009064,Kristy,Hernandez,zgreen@example.com,NL,CHECKING,2024-01-30 18:08:21,ACTIVE
CUST009065,Nancy,Howe,mvazquez@example.net,FR,SAVINGS,2023-03-01 15:04:42,SUSPENDED
CUST009066,Duane,Newman,andrew46@example.com,PK,SAVINGS,2026-02-03 10:28:10,CLOSED
CUST009067,Michelle,Gallegos,vincent80@example.com,US,BUSINESS,2026-07-26 15:10:24,ACTIVE
CUST009068,Mark,Mendoza,adriananderson@example.net,IN,SAVINGS,2022-12-02 01:20:34,SUSPENDED
CUST009069,Jeffrey,Yates,dorothyglenn@example.org,BE,SAVINGS,2024-03-02 15:45:45,SUSPENDED
CUST009070,Michelle,Rosales,james88@example.org,DE,BUSINESS,2022-09-10 19:59:47,CLOSED
CUST009071,John,Le,donnalawson@example.net,PK,CHECKING,2026-05-06 23:56:20,ACTIVE
CUST009072,Michelle,Serrano,alawson@example.com,FR,SAVINGS,2025-10-31 02:47:02,ACTIVE
CUST009073,Jeffrey,Mcdaniel,jesus75@example.org,JP,BUSINESS,2023-02-22 16:07:07,ACTIVE
CUST009074,Savannah,Smith,christopherwyatt@example.net,CA,SAVINGS,2026-04-09 23:18:47,ACTIVE
CUST009075,Cynthia,Williams,lsmith@example.org,AE,BUSINESS,2023-12-09 10:56:17,SUSPENDED
CUST009076,Tyler,Johnson,danielleshea@example.org,JP,CHECKING,2023-08-31 05:02:30,ACTIVE
CUST009077,Kimberly,Daniel,stevenwalter@example.org,CA,CHECKING,2022-02-26 12:53:02,ACTIVE
CUST009078,Paul,Parker,jramirez@example.net,ES,SAVINGS,2023-08-12 12:54:00,CLOSED
CUST009079,Ann,Rosales,michael79@example.org,FR,BUSINESS,2023-02-20 23:46:42,ACTIVE
CUST009080,Kimberly,Cline,johnsonjasmine@example.net,GB,SAVINGS,2022-10-13 21:17:28,CLOSED
CUST009081,Dominique,Solis,joseph91@example.org,NL,BUSINESS,2021-12-26 05:42:58,ACTIVE
CUST009082,Courtney,Bridges,huntlouis@example.com,PK,BUSINESS,2022-02-11 12:44:33,ACTIVE
CUST009083,Joshua,Riley,zscott@example.com,IT,SAVINGS,2023-12-25 04:19:48,ACTIVE
CUST009084,Tiffany,Brooks,donaldsondavid@example.org,JP,CHECKING,2023-03-12 20:54:01,SUSPENDED
CUST009085,George,Rodriguez,julieray@example.org,AU,CHECKING,2022-04-24 12:51:53,ACTIVE
CUST009086,Anthony,Sanchez,nataliemoore@example.org,DE,CHECKING,2023-07-01 13:16:35,ACTIVE
CUST009087,Ashley,Walsh,sarafernandez@example.net,DE,CHECKING,2022-09-03 11:21:10,ACTIVE
CUST009088,Justin,Lopez,loganjackson@example.org,CA,SAVINGS,2023-12-08 13:17:18,CLOSED
CUST009089,Kimberly,Morton,longchristopher@example.net,FR,CHECKING,2022-05-14 15:47:37,ACTIVE
CUST009090,Carol,Boone,jeffrey21@example.org,SG,BUSINESS,2024-06-11 11:18:43,SUSPENDED
CUST009091,Cheryl,Shaw,zoe28@example.org,AE,BUSINESS,2024-02-22 17:09:32,CLOSED
CUST009092,Sarah,Hancock,mary94@example.net,FR,BUSINESS,2022-09-09 00:31:59,ACTIVE
CUST009093,Colleen,Duncan,washingtonjohn@example.net,US,CHECKING,2022-07-21 03:03:15,SUSPENDED
CUST009094,Brooke,Rios,rodriguezjoshua@example.org,NL,BUSINESS,2022-08-14 13:28:47,ACTIVE
CUST009095,Lisa,Vazquez,millerkelly@example.org,AE,BUSINESS,2024-03-19 15:37:30,ACTIVE
CUST009096,Emily,Winters,lisarussell@example.net,AU,CHECKING,2024-08-10 11:17:33,ACTIVE
CUST009097,Omar,Thomas,sotochristina@example.org,DE,BUSINESS,2023-02-24 15:07:04,CLOSED
CUST009098,Janice,Lee,dustin93@example.net,AU,SAVINGS,2025-07-11 00:07:01,ACTIVE
CUST009099,David,Andersen,brettlutz@example.com,ES,BUSINESS,2024-11-14 03:47:44,ACTIVE
CUST009100,Michael,Watts,gmontgomery@example.com,SG,CHECKING,2025-06-07 00:47:50,SUSPENDED
CUST009101,Sophia,Jones,stevenaguirre@example.net,DE,CHECKING,2024-04-16 19:26:15,ACTIVE
CUST009102,Linda,Thornton,perezmichael@example.net,ES,SAVINGS,2025-06-25 05:58:45,SUSPENDED
CUST009103,David,Salinas,deborahmartin@example.net,SG,SAVINGS,2026-08-11 17:46:45,ACTIVE
CUST009104,Shawn,Williams,allenhawkins@example.net,IT,BUSINESS,2025-12-25 15:38:09,SUSPENDED
CUST009105,Thomas,Arnold,kcarey@example.org,ES,CHECKING,2022-03-02 04:15:18,ACTIVE
CUST009106,Jennifer,Ashley,lorithomas@example.net,BE,SAVINGS,2024-07-31 05:05:21,ACTIVE
CUST009107,Keith,Adams,richarddavis@example.com,ES,CHECKING,2026-01-26 15:50:07,SUSPENDED
CUST009108,Diane,Flores,garcialaura@example.net,ES,SAVINGS,2022-10-03 08:44:41,ACTIVE
CUST009109,Gabriel,Salinas,april90@example.com,JP,SAVINGS,2021-10-05 07:29:01,CLOSED
CUST009110,Kelly,Poole,jasminedunn@example.com,PK,BUSINESS,2025-09-05 09:40:31,SUSPENDED
CUST009111,Theresa,Peterson,xturner@example.com,IN,CHECKING,2022-06-20 00:10:56,ACTIVE
CUST009112,Megan,Thomas,jacksonanna@example.org,SG,BUSINESS,2024-04-25 20:13:43,ACTIVE
CUST009113,Madison,Walker,jeremiah84@example.org,SG,BUSINESS,2021-10-29 10:57:52,ACTIVE
CUST009114,Cheryl,Taylor,pwagner@example.org,IT,SAVINGS,2023-06-06 22:13:13,ACTIVE
CUST009115,David,Zavala,reneedunlap@example.net,NL,SAVINGS,2024-07-19 10:31:25,ACTIVE
CUST009116,Grace,Williams,ricardo59@example.net,NL,BUSINESS,2021-09-24 18:27:58,CLOSED
CUST009117,Tina,Scott,petersonlindsey@example.com,US,BUSINESS,2024-09-05 22:41:34,CLOSED
CUST009118,Jessica,Olsen,silvathomas@example.com,AU,SAVINGS,2023-09-21 14:31:30,ACTIVE
CUST009119,Kimberly,Townsend,kingnancy@example.net,NL,SAVINGS,2024-03-16 23:50:41,ACTIVE
CUST009120,Michelle,Bush,karismith@example.com,AE,CHECKING,2024-01-12 11:04:06,ACTIVE
CUST009121,Luke,Nelson,whitealicia@example.org,IN,SAVINGS,2022-06-25 15:08:41,CLOSED
CUST009122,Linda,Oneal,sarah94@example.com,JP,SAVINGS,2022-10-07 15:08:10,CLOSED
CUST009123,Isaiah,Palmer,claireberry@example.net,JP,SAVINGS,2025-11-28 19:46:15,ACTIVE
CUST009124,Pamela,Fritz,eric96@example.net,AU,SAVINGS,2023-07-08 14:10:09,ACTIVE
CUST009125,Adam,Ramirez,madison50@example.net,AE,BUSINESS,2024-03-27 12:40:16,SUSPENDED
CUST009126,Teresa,Schmidt,emckinney@example.com,US,SAVINGS,2023-04-30 06:17:32,CLOSED
CUST009127,Amy,Decker,smithjennifer@example.com,SG,CHECKING,2026-06-11 19:16:07,SUSPENDED
CUST009128,Katherine,Bailey,danielpitts@example.net,GB,BUSINESS,2024-01-19 16:06:06,ACTIVE
CUST009129,Patrick,Sanchez,nixonryan@example.com,ES,BUSINESS,2024-10-15 12:12:59,ACTIVE
CUST009130,Maria,Massey,owalker@example.com,GB,CHECKING,2023-07-18 00:33:34,ACTIVE
CUST009131,Aaron,Donovan,lori33@example.com,ES,SAVINGS,2026-08-04 10:53:11,SUSPENDED
CUST009132,Melissa,Williams,randy40@example.com,US,SAVINGS,2024-10-02 23:11:39,ACTIVE
CUST009133,Mary,Sherman,fbradley@example.com,ES,SAVINGS,2024-12-18 20:16:02,CLOSED
CUST009134,Theresa,Stout,matthewfriedman@example.org,ES,CHECKING,2025-12-09 16:57:11,SUSPENDED
CUST009135,James,Shelton,xburnett@example.com,DE,SAVINGS,2025-07-15 23:51:46,ACTIVE
CUST009136,Jose,Garcia,bmartinez@example.com,CA,CHECKING,2025-03-10 11:12:12,ACTIVE
CUST009137,Grace,Potter,amorales@example.com,AE,BUSINESS,2023-06-17 01:51:54,ACTIVE
CUST009138,John,Howard,hwilson@example.org,FR,BUSINESS,2022-02-14 10:55:15,ACTIVE
CUST009139,Roberto,Colon,mduncan@example.org,AU,BUSINESS,2023-03-19 03:05:25,ACTIVE
CUST009140,Juan,Richards,ohickman@example.com,ES,BUSINESS,2024-01-22 21:48:54,ACTIVE
CUST009141,James,Burke,wesleystewart@example.com,DE,CHECKING,2025-03-08 13:49:40,ACTIVE
CUST009142,Jacob,Rose,sgeorge@example.com,PK,SAVINGS,2025-06-15 07:12:21,ACTIVE
CUST009143,Crystal,Jones,jeffreywright@example.net,FR,CHECKING,2022-02-14 19:59:30,CLOSED
CUST009144,Darrell,Sosa,xwoods@example.net,BE,SAVINGS,2022-01-12 15:41:08,CLOSED
CUST009145,Michael,Campbell,benjamin58@example.net,GB,CHECKING,2022-07-01 14:16:42,SUSPENDED
CUST009146,Ronnie,Stevenson,samantha98@example.net,IT,SAVINGS,2022-02-13 12:43:49,ACTIVE
CUST009147,Courtney,Long,patrick87@example.com,JP,SAVINGS,2021-09-13 19:00:34,ACTIVE
CUST009148,Tammy,Barnett,melissa64@example.com,IN,BUSINESS,2021-11-13 03:38:22,ACTIVE
CUST009149,James,Bennett,donnakeith@example.org,JP,CHECKING,2026-03-21 23:23:05,ACTIVE
CUST009150,Kimberly,Sullivan,victorsexton@example.net,GB,SAVINGS,2022-11-08 19:20:56,ACTIVE
CUST009151,Christopher,Walker,vadkins@example.com,BE,BUSINESS,2025-03-18 13:29:49,ACTIVE
CUST009152,Stephen,Cooke,grayerin@example.org,AU,BUSINESS,2025-10-21 10:29:38,ACTIVE
CUST009153,Rebecca,Jimenez,ytodd@example.net,JP,BUSINESS,2023-04-24 03:35:41,CLOSED
CUST009154,Robert,Marquez,qjones@example.com,BE,CHECKING,2025-04-30 03:29:39,ACTIVE
CUST009155,Robert,Schwartz,afuller@example.com,IT,BUSINESS,2021-11-20 12:15:03,ACTIVE
CUST009156,Rachael,Moore,pottsdonna@example.org,IT,BUSINESS,2023-04-25 17:18:42,CLOSED
CUST009157,Jonathan,Melendez,lisa57@example.org,AE,CHECKING,2023-12-01 23:19:19,ACTIVE
CUST009158,Hannah,Wheeler,gibsonjoseph@example.net,NL,BUSINESS,2023-03-19 17:26:54,CLOSED
CUST009159,Roberto,Turner,johnsoncaitlin@example.com,IN,CHECKING,2025-09-19 13:30:08,ACTIVE
CUST009160,William,Jones,jameslittle@example.org,DE,BUSINESS,2025-10-29 06:51:58,ACTIVE
CUST009161,Wanda,Walker,kaitlynbell@example.com,ES,CHECKING,2025-10-05 00:50:05,ACTIVE
CUST009162,Albert,Lee,deborahconley@example.org,IN,CHECKING,2026-03-07 19:20:01,ACTIVE
CUST009163,Kimberly,Miller,amycruz@example.com,BE,BUSINESS,2026-06-27 05:04:36,ACTIVE
CUST009164,Richard,White,robert91@example.org,CA,BUSINESS,2022-01-05 18:58:25,ACTIVE
CUST009165,Megan,Smith,hbaxter@example.com,SG,SAVINGS,2023-06-17 22:58:22,CLOSED
CUST009166,Angela,Rios,fitzpatrickbrian@example.com,ES,SAVINGS,2023-12-05 21:30:49,CLOSED
CUST009167,Connor,Price,psullivan@example.net,GB,BUSINESS,2022-06-25 00:03:50,SUSPENDED
CUST009168,James,Smith,markfox@example.org,GB,SAVINGS,2026-07-11 23:53:43,ACTIVE
CUST009169,Shari,Davis,robertszachary@example.org,DE,BUSINESS,2026-01-11 11:34:50,ACTIVE
CUST009170,Anna,Smith,rjacobson@example.net,CA,SAVINGS,2026-02-04 16:47:09,ACTIVE
CUST009171,Jenna,Washington,kimberly02@example.com,CA,BUSINESS,2023-09-22 00:16:05,ACTIVE
CUST009172,Walter,Jones,amandageorge@example.org,GB,SAVINGS,2025-07-19 20:20:55,ACTIVE
CUST009173,Ashley,Hall,katelyn44@example.com,AE,CHECKING,2026-04-03 14:35:18,ACTIVE
CUST009174,Rebecca,Koch,petersonjessica@example.org,FR,SAVINGS,2022-03-06 16:00:11,ACTIVE
CUST009175,Suzanne,Vargas,david14@example.net,AU,BUSINESS,2024-08-24 20:25:14,SUSPENDED
CUST009176,Laura,Wallace,mariarichardson@example.net,US,BUSINESS,2025-01-24 23:33:28,CLOSED
CUST009177,Roger,Hamilton,howarddevon@example.org,US,CHECKING,2025-02-23 01:31:12,ACTIVE
CUST009178,James,Kim,fperez@example.com,CA,SAVINGS,2023-09-17 10:12:08,SUSPENDED
CUST009179,James,Howe,randy36@example.net,JP,SAVINGS,2024-06-26 09:16:39,ACTIVE
CUST009180,Seth,Dennis,leonmark@example.org,IN,SAVINGS,2023-09-17 15:18:59,ACTIVE
CUST009181,Joseph,Wilson,lhernandez@example.org,AE,BUSINESS,2024-05-21 01:16:15,ACTIVE
CUST009182,Richard,Martinez,joselee@example.com,AU,SAVINGS,2025-06-13 17:16:44,ACTIVE
CUST009183,Christopher,Hogan,prestonmarcus@example.com,IT,SAVINGS,2022-09-29 13:22:15,ACTIVE
CUST009184,Lori,Robinson,gsmith@example.org,DE,BUSINESS,2026-03-01 11:28:03,ACTIVE
CUST009185,Cheryl,Miranda,qjohnson@example.com,SG,SAVINGS,2025-01-23 12:20:03,ACTIVE
CUST009186,Kyle,Watts,pamelalowe@example.org,ES,CHECKING,2025-08-26 00:02:32,ACTIVE
CUST009187,Raymond,Richards,woodsalexis@example.net,ES,CHECKING,2026-07-23 14:47:54,ACTIVE
CUST009188,Paul,Dunn,qmarshall@example.org,SG,CHECKING,2024-05-24 16:04:15,ACTIVE
CUST009189,Tonya,Willis,joshuabenton@example.com,NL,CHECKING,2022-04-03 02:05:20,CLOSED
CUST009190,Richard,Chambers,natasha63@example.org,NL,BUSINESS,2024-12-17 01:00:16,ACTIVE
CUST009191,Andrew,Shelton,smithheather@example.org,AE,CHECKING,2023-09-18 03:10:58,ACTIVE
CUST009192,Gina,Lewis,jamesperez@example.com,SG,SAVINGS,2025-11-16 14:26:28,CLOSED
CUST009193,Erik,Gordon,cperez@example.net,PK,BUSINESS,2022-05-20 18:15:30,ACTIVE
CUST009194,Robert,Irwin,matthewclark@example.net,DE,SAVINGS,2023-12-18 00:18:01,CLOSED
CUST009195,Tara,Williams,williambishop@example.net,US,CHECKING,2026-02-18 13:58:36,SUSPENDED
CUST009196,Julie,Hill,patricia85@example.org,AU,BUSINESS,2022-04-20 22:44:41,CLOSED
CUST009197,Donna,Fox,brendajones@example.org,AU,SAVINGS,2024-04-22 04:54:28,CLOSED
CUST009198,Kristine,Schultz,hpierce@example.com,SG,BUSINESS,2023-08-21 13:58:28,ACTIVE
CUST009199,James,Lang,paul76@example.net,JP,CHECKING,2025-01-16 19:51:11,CLOSED
CUST009200,Amanda,Gilbert,riddlejodi@example.org,SG,CHECKING,2025-08-30 10:41:54,ACTIVE
CUST009201,Alexis,Lester,snorton@example.com,SG,BUSINESS,2023-12-08 10:56:51,ACTIVE
CUST009202,Jesse,Alvarado,warrenmelissa@example.com,FR,CHECKING,2025-06-26 13:09:36,SUSPENDED
CUST009203,Anthony,Baker,kimberly42@example.net,GB,SAVINGS,2023-09-27 22:34:57,ACTIVE
CUST009204,Michael,Hunt,lfuller@example.org,SG,BUSINESS,2022-01-18 11:03:47,ACTIVE
CUST009205,Bonnie,Hall,baileyjuan@example.com,SG,CHECKING,2023-11-23 15:46:51,ACTIVE
CUST009206,Julie,Lawrence,adamwilson@example.com,FR,SAVINGS,2022-01-26 08:40:10,ACTIVE
CUST009207,Renee,Johnson,trichardson@example.org,SG,CHECKING,2026-07-12 05:49:13,CLOSED
CUST009208,Jerome,Warner,katie76@example.org,BE,CHECKING,2021-11-23 01:29:47,CLOSED
CUST009209,Michelle,Padilla,timothylawrence@example.org,GB,CHECKING,2025-02-23 00:16:12,ACTIVE
CUST009210,Karen,Rogers,crystal38@example.net,FR,SAVINGS,2021-09-20 05:09:59,ACTIVE
CUST009211,Robin,Richardson,chall@example.net,BE,CHECKING,2022-04-29 13:49:29,ACTIVE
CUST009212,Shari,Barker,qshaw@example.com,IT,BUSINESS,2026-05-12 23:34:30,ACTIVE
CUST009213,Bryan,Mccoy,john29@example.org,CA,BUSINESS,2024-10-19 23:56:59,ACTIVE
CUST009214,Xavier,Blackburn,mitchelladam@example.com,PK,SAVINGS,2023-11-07 20:00:08,CLOSED
CUST009215,Mark,Thompson,connorjoseph@example.com,SG,CHECKING,2026-01-30 23:09:23,SUSPENDED
CUST009216,Pamela,Price,uaguirre@example.com,IN,BUSINESS,2024-11-17 20:14:07,ACTIVE
CUST009217,Cameron,Mahoney,cruzjessica@example.org,JP,BUSINESS,2023-11-11 13:44:19,CLOSED
CUST009218,Dale,Porter,xhines@example.net,FR,CHECKING,2022-08-28 05:59:36,SUSPENDED
CUST009219,Anthony,Morales,nicholejenkins@example.org,GB,BUSINESS,2024-01-01 18:33:15,SUSPENDED
CUST009220,Rodney,Frederick,whitekatrina@example.net,ES,SAVINGS,2025-11-03 21:24:16,SUSPENDED
CUST009221,Amy,Perry,matthewarnold@example.com,PK,CHECKING,2024-12-22 12:59:33,ACTIVE
CUST009222,Steve,Lewis,robinsondustin@example.org,ES,BUSINESS,2022-08-05 23:44:17,ACTIVE
CUST009223,Danielle,Love,marc61@example.com,PK,BUSINESS,2023-12-27 00:04:32,CLOSED
CUST009224,Timothy,Lane,rachel18@example.net,PK,SAVINGS,2024-08-10 22:12:38,ACTIVE
CUST009225,Carl,Wheeler,hannahcastillo@example.com,IT,SAVINGS,2022-11-06 22:21:19,SUSPENDED
CUST009226,Kristine,Hardin,dixonruth@example.com,PK,BUSINESS,2022-07-31 23:45:23,ACTIVE
CUST009227,Anthony,Vargas,villegasjames@example.net,CA,SAVINGS,2025-12-25 17:12:30,ACTIVE
CUST009228,Andrew,Griffin,edwinhenry@example.org,PK,BUSINESS,2022-09-29 22:27:31,CLOSED
CUST009229,Joseph,Hale,ileblanc@example.net,PK,SAVINGS,2022-06-25 13:20:01,ACTIVE
CUST009230,Curtis,Anderson,nellison@example.net,GB,SAVINGS,2025-06-11 20:22:18,ACTIVE
CUST009231,Shelly,Gordon,wilsonelizabeth@example.com,IT,SAVINGS,2025-05-28 08:13:13,CLOSED
CUST009232,Steven,Wilson,,NL,CHECKING,2026-02-07 06:31:50,ACTIVE
CUST009233,Brent,Bauer,debraorr@example.net,DE,CHECKING,2025-01-01 22:04:03,ACTIVE
CUST009234,Nicole,Rodriguez,knightangelica@example.net,JP,BUSINESS,2024-01-13 22:38:39,ACTIVE
CUST009235,Kendra,Everett,benjamin26@example.net,IT,CHECKING,2022-01-13 16:01:58,CLOSED
CUST009236,Elizabeth,Eaton,marvinpeters@example.net,ES,CHECKING,2026-04-05 23:14:54,CLOSED
CUST009237,Julie,Marshall,nicholastorres@example.net,IN,BUSINESS,2024-04-30 06:42:56,ACTIVE
CUST009238,Kimberly,Dunn,melanieevans@example.com,BE,CHECKING,2023-10-14 10:15:35,SUSPENDED
CUST009239,Sandra,White,dprice@example.net,SG,BUSINESS,2024-07-13 19:01:39,ACTIVE
CUST009240,Ryan,Stewart,hortiz@example.org,CA,SAVINGS,2024-04-20 10:37:30,ACTIVE
CUST009241,Tara,Kidd,karipetersen@example.net,SG,BUSINESS,2024-04-04 07:14:07,ACTIVE
CUST009242,Lisa,Mercer,juliaharris@example.org,GB,SAVINGS,2023-04-01 20:56:48,SUSPENDED
CUST009243,Leah,Stuart,mary81@example.net,GB,CHECKING,2024-03-12 02:40:59,ACTIVE
CUST009244,Kyle,Hart,tatedustin@example.net,GB,BUSINESS,2024-03-04 02:36:12,ACTIVE
CUST009245,Donald,Mcdonald,chelsey19@example.org,IN,BUSINESS,2022-06-10 15:10:02,ACTIVE
CUST009246,Leslie,Mayo,qmontoya@example.net,FR,BUSINESS,2023-12-31 04:37:34,CLOSED
CUST009247,Jennifer,Wilcox,annehamilton@example.org,CA,CHECKING,2021-10-03 14:55:58,ACTIVE
CUST009248,Kristine,Edwards,hjohnson@example.net,IT,CHECKING,2022-01-20 13:24:25,CLOSED
CUST009249,Nicholas,Mayo,xcuevas@example.org,ES,SAVINGS,2022-03-17 13:13:31,CLOSED
CUST009250,Courtney,Floyd,michaelhernandez@example.com,US,SAVINGS,2023-07-06 13:26:36,ACTIVE
CUST009251,Steven,Marsh,jenniferhardin@example.com,US,BUSINESS,2025-03-18 04:26:49,ACTIVE
CUST009252,Sandra,Green,okeith@example.com,BE,BUSINESS,2025-11-11 13:45:56,SUSPENDED
CUST009253,Brian,Lopez,gonzalescarlos@example.org,AU,BUSINESS,2026-06-18 21:26:16,ACTIVE
CUST009254,Rebecca,Hester,teresa57@example.com,CA,BUSINESS,2023-08-21 08:51:08,ACTIVE
CUST009255,Rebekah,Beard,tonyarowe@example.com,BE,BUSINESS,2026-05-17 18:10:05,SUSPENDED
CUST009256,Jonathan,Harris,hesterthomas@example.org,ES,BUSINESS,2026-05-19 21:12:18,ACTIVE
CUST009257,Michael,Fitzpatrick,swilliamson@example.org,SG,BUSINESS,2025-09-01 06:31:38,ACTIVE
CUST009258,Meagan,Payne,ysolis@example.net,SG,SAVINGS,2022-05-27 04:10:37,SUSPENDED
CUST009259,Michael,Lawrence,ricerebecca@example.org,BE,BUSINESS,2023-08-28 05:27:17,SUSPENDED
CUST009260,Carolyn,Owens,brian71@example.net,CA,SAVINGS,2024-09-29 12:56:55,ACTIVE
CUST009261,Thomas,Cooper,lhatfield@example.org,AU,SAVINGS,2021-09-24 04:45:30,CLOSED
CUST009262,Stephanie,Poole,rebecca19@example.com,IN,CHECKING,2022-01-10 21:49:55,ACTIVE
CUST009263,Ryan,Murphy,zblack@example.net,BE,SAVINGS,2021-12-22 22:19:33,ACTIVE
CUST009264,Lisa,Lee,idorsey@example.com,NL,BUSINESS,2022-03-09 23:43:45,CLOSED
CUST009265,Sara,Turner,briannabrown@example.com,AU,BUSINESS,2024-02-23 02:02:25,ACTIVE
CUST009266,Glenn,Ruiz,seanbanks@example.org,BE,SAVINGS,2023-08-31 19:26:25,ACTIVE
CUST009267,Daniel,Dillon,thomas12@example.com,AU,SAVINGS,2021-10-20 09:42:55,SUSPENDED
CUST009268,Julie,Ware,whitneyanderson@example.com,JP,BUSINESS,2023-01-11 22:28:53,ACTIVE
CUST009269,Patricia,Hughes,dukevictoria@example.org,AE,SAVINGS,2024-02-09 16:26:29,ACTIVE
CUST009270,Donald,Garcia,bkim@example.org,PK,CHECKING,2025-11-27 13:02:40,CLOSED
CUST009271,Phillip,Anderson,millerandrew@example.org,IN,BUSINESS,2024-12-21 02:24:42,ACTIVE
CUST009272,Grace,Daniels,michaeljones@example.net,US,SAVINGS,2024-08-14 05:36:16,SUSPENDED
CUST009273,Sara,Lopez,uwright@example.com,ES,BUSINESS,2025-06-13 01:37:56,SUSPENDED
CUST009274,Alicia,Mills,kennethjennings@example.org,GB,BUSINESS,2026-01-29 06:51:21,ACTIVE
CUST009275,Tyrone,Rodriguez,jasonmartinez@example.com,DE,SAVINGS,2022-11-30 02:18:40,CLOSED
CUST009276,James,Anderson,dawnwalker@example.org,AU,SAVINGS,2025-07-16 15:41:02,SUSPENDED
CUST009277,Luis,Davis,nicolekennedy@example.com,FR,BUSINESS,2024-05-12 05:57:28,ACTIVE
CUST009278,Justin,Campbell,hannah75@example.com,CA,BUSINESS,2023-04-14 11:44:02,SUSPENDED
CUST009279,Ian,Baird,robertflowers@example.org,NL,BUSINESS,2025-09-14 20:56:56,SUSPENDED
CUST009280,Austin,Atkinson,brandy14@example.net,NL,BUSINESS,2022-07-18 03:43:10,ACTIVE
CUST009281,Alexander,Harrison,kennedyandrea@example.net,JP,BUSINESS,2026-06-15 18:06:57,CLOSED
CUST009282,Robert,Potter,haleyherman@example.org,NL,SAVINGS,2023-12-30 19:55:48,ACTIVE
CUST009283,Martha,Crane,matthew94@example.org,DE,BUSINESS,2025-11-14 05:25:27,ACTIVE
CUST009284,Michelle,Hall,shawnmartin@example.com,AE,BUSINESS,2026-07-18 11:07:33,CLOSED
CUST009285,Morgan,Harris,jonathanhill@example.com,IN,SAVINGS,2022-09-03 13:15:57,ACTIVE
CUST009286,Frank,Moore,shari43@example.com,GB,SAVINGS,2023-01-11 09:18:02,ACTIVE
CUST009287,Sandra,Williams,frankvickie@example.net,NL,SAVINGS,2025-12-29 22:16:10,CLOSED
CUST009288,Nathaniel,Boyer,taylortodd@example.org,JP,SAVINGS,2025-12-20 18:44:37,ACTIVE
CUST009289,Sandra,Gomez,bjohnson@example.net,GB,BUSINESS,2023-11-11 04:33:25,CLOSED
CUST009290,Austin,Harris,kadams@example.com,CA,BUSINESS,2025-11-25 03:45:44,ACTIVE
CUST009291,Angela,Anderson,rebeccajames@example.org,GB,SAVINGS,2023-11-20 06:37:27,CLOSED
CUST009292,Raymond,Smith,danielvelez@example.com,CA,CHECKING,2024-03-14 21:34:28,ACTIVE
CUST009293,Kimberly,Lynch,murphylaura@example.net,NL,SAVINGS,2024-06-09 20:27:56,ACTIVE
CUST009294,Kristen,Cook,cassie60@example.org,AE,BUSINESS,2024-06-16 01:01:01,ACTIVE
CUST009295,Robert,Bowers,stevensmith@example.com,JP,BUSINESS,2022-04-16 19:24:57,CLOSED
CUST009296,Andrew,Cox,hintoncarol@example.com,AE,SAVINGS,2022-07-17 08:57:29,ACTIVE
CUST009297,Teresa,Harvey,john28@example.org,BE,CHECKING,2025-07-28 10:44:58,ACTIVE
CUST009298,Timothy,Reese,grantangela@example.com,IN,CHECKING,2025-09-04 09:25:44,ACTIVE
CUST009299,Barbara,Cox,charlesbecker@example.org,GB,CHECKING,2024-09-24 20:10:04,SUSPENDED
CUST009300,Joan,Roberts,fisherjason@example.org,FR,SAVINGS,2026-02-23 03:32:07,SUSPENDED
CUST009301,David,Nichols,drichard@example.org,NL,BUSINESS,2021-12-29 09:34:10,CLOSED
CUST009302,Brittany,King,hornandrea@example.com,PK,CHECKING,2026-05-04 17:33:39,ACTIVE
CUST009303,Kristen,Hammond,fcross@example.org,IN,BUSINESS,2026-08-25 01:37:27,ACTIVE
CUST009304,Emily,Weaver,omorrow@example.net,NL,BUSINESS,2023-04-18 06:38:03,ACTIVE
CUST009305,Brett,Gonzales,maria86@example.net,BE,BUSINESS,2022-06-13 21:46:00,ACTIVE
CUST009306,Noah,Heath,craig30@example.org,AE,CHECKING,2023-05-22 07:33:26,ACTIVE
CUST009307,Sarah,Martin,lcarter@example.org,CA,BUSINESS,2025-03-22 12:14:25,CLOSED
CUST009308,Debra,Freeman,robertmiller@example.net,CA,CHECKING,2024-03-30 18:58:36,ACTIVE
CUST009309,Jennifer,Cummings,whitewesley@example.net,BE,SAVINGS,2023-02-28 02:38:12,ACTIVE
CUST009310,Candice,Harris,thompsonlarry@example.net,JP,BUSINESS,2022-12-15 21:43:31,CLOSED
CUST009311,Martha,Cannon,hallmichael@example.net,IT,BUSINESS,2023-01-08 05:57:42,CLOSED
CUST009312,Geoffrey,Jordan,gravesscott@example.org,SG,SAVINGS,2026-08-06 07:56:36,ACTIVE
CUST009313,Susan,Brewer,taylor36@example.org,IN,BUSINESS,2025-03-08 01:25:21,ACTIVE
CUST009314,Amanda,Anderson,nguyenjeffrey@example.com,CA,SAVINGS,2022-10-29 10:25:48,SUSPENDED
CUST009315,Ronald,Williams,ryandaniel@example.org,IN,CHECKING,2023-09-23 21:26:15,ACTIVE
CUST009316,Samantha,Castillo,michaelcharles@example.org,ES,SAVINGS,2023-01-24 15:18:29,ACTIVE
CUST009317,Christopher,Baker,juliechang@example.com,PK,CHECKING,2024-08-17 09:43:31,ACTIVE
CUST009318,Sheryl,Herring,brownanthony@example.net,FR,CHECKING,2023-12-20 21:16:03,ACTIVE
CUST009319,Marvin,Velez,swansonjane@example.org,JP,SAVINGS,2026-07-21 23:32:40,SUSPENDED
CUST009320,Christopher,Franklin,gwilson@example.org,AE,BUSINESS,2025-12-28 23:58:03,SUSPENDED
CUST009321,Linda,Burton,bonillabryan@example.com,DE,BUSINESS,2021-11-05 16:53:47,CLOSED
CUST009322,Elizabeth,Turner,margaretswanson@example.com,BE,BUSINESS,2022-02-26 15:10:02,ACTIVE
CUST009323,Mary,Wilson,rebeccabryant@example.com,FR,SAVINGS,2022-02-27 18:58:50,SUSPENDED
CUST009324,Vanessa,White,mpham@example.net,NL,CHECKING,2022-02-12 07:11:54,CLOSED
CUST009325,Brianna,Sanchez,gonzalesbridget@example.com,NL,BUSINESS,2023-09-12 00:51:14,ACTIVE
CUST009326,Trevor,Barry,burkeanthony@example.com,IN,SAVINGS,2022-08-04 19:17:52,CLOSED
CUST009327,Kevin,Scott,frenchlouis@example.com,JP,SAVINGS,2022-03-12 23:22:44,SUSPENDED
CUST009328,Bobby,Bailey,lauraphillips@example.net,US,BUSINESS,2023-09-08 07:50:03,ACTIVE
CUST009329,Matthew,Carlson,taylorliu@example.com,CA,SAVINGS,2023-03-22 20:03:30,ACTIVE
CUST009330,Kevin,Dillon,gomezkathy@example.net,JP,CHECKING,2023-04-16 19:54:37,CLOSED
CUST009331,Shelly,Guerrero,thomas09@example.org,US,CHECKING,2025-10-07 06:53:40,SUSPENDED
CUST009332,Andrea,Kelly,plee@example.com,PK,BUSINESS,2023-12-12 18:24:35,ACTIVE
CUST009333,Megan,Duke,allison58@example.net,FR,CHECKING,2022-04-09 10:58:46,ACTIVE
CUST009334,Craig,Watson,ealvarez@example.org,GB,SAVINGS,2025-05-31 07:05:27,ACTIVE
CUST009335,Megan,Ward,bshea@example.org,FR,CHECKING,2025-07-30 11:58:48,ACTIVE
CUST009336,Charles,Rosales,cgarcia@example.com,PK,SAVINGS,2023-02-12 13:08:28,ACTIVE
CUST009337,Kimberly,Johnson,kennedysamantha@example.net,NL,CHECKING,2024-08-13 12:06:16,CLOSED
CUST009338,Jim,Myers,michelejones@example.net,AU,CHECKING,2025-08-15 02:23:31,SUSPENDED
CUST009339,Amanda,Smith,pgalvan@example.net,US,SAVINGS,2024-11-30 22:18:18,ACTIVE
CUST009340,Pamela,Ellison,djacobs@example.net,GB,BUSINESS,2024-05-08 06:33:30,SUSPENDED
CUST009341,John,Klein,leonard74@example.net,IN,SAVINGS,2022-06-30 11:15:22,ACTIVE
CUST009342,Jonathan,House,kathrynbaker@example.com,NL,CHECKING,2023-01-29 20:57:10,SUSPENDED
CUST009343,Ricardo,Thompson,candicecooper@example.net,ES,CHECKING,2026-02-03 05:09:38,ACTIVE
CUST009344,Daniel,Summers,jacobsloan@example.net,BE,SAVINGS,2024-03-27 17:47:58,CLOSED
CUST009345,Stacy,Flores,rachel99@example.org,AU,SAVINGS,2025-07-31 07:43:26,SUSPENDED
CUST009346,Steven,Chaney,xdavis@example.net,ES,SAVINGS,2025-02-24 05:46:45,SUSPENDED
CUST009347,David,Pacheco,brownjamie@example.org,AE,CHECKING,2023-09-17 21:27:33,ACTIVE
CUST009348,Lynn,Benitez,emason@example.net,IN,CHECKING,2025-08-29 12:15:00,ACTIVE
CUST009349,Dominique,Floyd,ashleyallen@example.net,AU,CHECKING,2022-02-20 03:47:25,ACTIVE
CUST009350,Sandra,Hayes,utaylor@example.net,IT,CHECKING,2024-03-10 19:20:57,ACTIVE
CUST009351,Brandon,Moody,chasesheryl@example.net,US,CHECKING,2024-06-19 09:32:58,ACTIVE
CUST009352,Anthony,Osborn,ricky66@example.org,US,SAVINGS,2024-06-29 00:54:05,SUSPENDED
CUST009353,Nicole,Grimes,bblack@example.org,PK,SAVINGS,2024-09-27 10:23:36,ACTIVE
CUST009354,Joyce,Gross,ogonzalez@example.net,CA,SAVINGS,2023-11-21 14:20:41,ACTIVE
CUST009355,Anthony,Hopkins,nicole90@example.org,BE,BUSINESS,2023-12-06 20:22:11,ACTIVE
CUST009356,Lynn,Jenkins,simpsonyolanda@example.org,AU,SAVINGS,2025-11-20 21:35:19,ACTIVE
CUST009357,Ashley,Alexander,antoniosingleton@example.com,ES,CHECKING,2023-07-23 11:20:33,ACTIVE
CUST009358,Lisa,Lee,wilsonbrittany@example.com,CA,CHECKING,2022-09-15 16:55:50,ACTIVE
CUST009359,Melanie,Rose,bcampbell@example.com,FR,SAVINGS,2026-02-21 15:14:42,ACTIVE
CUST009360,Nathan,Frank,jacksonchristopher@example.com,ES,SAVINGS,2024-02-24 03:01:45,ACTIVE
CUST009361,Jenna,Roberson,wyattrobin@example.com,SG,SAVINGS,2022-02-02 08:05:08,ACTIVE
CUST009362,Jeffery,Kennedy,tammy00@example.com,DE,CHECKING,2023-10-31 20:35:25,CLOSED
CUST009363,Angela,Walker,ryanthomas@example.org,FR,CHECKING,2022-05-06 20:56:54,ACTIVE
CUST009364,Douglas,Thomas,lozanolindsay@example.com,GB,CHECKING,2023-02-15 14:51:29,ACTIVE
CUST009365,Brandon,Hopkins,kjennings@example.com,DE,CHECKING,2025-11-02 06:32:27,SUSPENDED
CUST009366,Lawrence,Ford,ydyer@example.com,IT,BUSINESS,2022-11-05 13:40:17,ACTIVE
CUST009367,Michael,Roman,datkinson@example.org,JP,SAVINGS,2025-04-03 05:08:20,SUSPENDED
CUST009368,Matthew,Kramer,plang@example.net,ES,SAVINGS,2026-08-10 04:01:27,ACTIVE
CUST009369,Jose,Horton,davidreed@example.org,CA,BUSINESS,2021-09-19 06:55:37,CLOSED
CUST009370,Nancy,Barajas,drakewilliam@example.org,SG,CHECKING,2023-08-04 04:24:40,CLOSED
CUST009371,Mark,Ellis,garzajames@example.com,BE,BUSINESS,2025-04-07 19:20:04,ACTIVE
CUST009372,Jennifer,Webb,gward@example.org,SG,BUSINESS,2026-02-14 03:30:41,ACTIVE
CUST009373,Kimberly,Mercado,lindaflowers@example.org,CA,SAVINGS,2025-03-25 07:52:56,ACTIVE
CUST009374,Carlos,Park,andersonmichael@example.net,ES,BUSINESS,2022-02-13 08:25:37,ACTIVE
CUST009375,Patricia,Cooper,ashley91@example.net,ES,BUSINESS,2025-09-20 14:57:17,ACTIVE
CUST009376,Sue,Moore,dadams@example.net,ES,BUSINESS,2023-04-30 05:09:12,ACTIVE
CUST009377,Joseph,Stanley,jamie02@example.net,DE,SAVINGS,2026-02-02 01:32:29,ACTIVE
CUST009378,Matthew,Davila,brittney10@example.net,CA,SAVINGS,2025-07-14 09:52:24,SUSPENDED
CUST009379,Shaun,Freeman,rgray@example.org,BE,BUSINESS,2024-04-25 07:35:14,ACTIVE
CUST009380,Tracy,Smith,mariaromero@example.net,US,CHECKING,2025-04-04 02:48:30,ACTIVE
CUST009381,Kathleen,Harris,smithsuzanne@example.org,BE,CHECKING,2026-05-11 06:35:13,CLOSED
CUST009382,Jessica,Long,jesus01@example.org,IN,BUSINESS,2022-10-10 04:06:07,ACTIVE
CUST009383,Tamara,Burnett,aliciastevens@example.org,BE,SAVINGS,2022-10-13 23:36:35,CLOSED
CUST009384,Jose,Mora,ndavis@example.net,DE,SAVINGS,2023-07-07 04:18:38,SUSPENDED
CUST009385,Kyle,Nichols,yschneider@example.org,US,SAVINGS,2022-06-21 18:33:36,ACTIVE
CUST009386,Jeffrey,Johnson,xanderson@example.org,US,CHECKING,2022-04-28 23:02:31,ACTIVE
CUST009387,Samantha,Sloan,irodriguez@example.com,JP,CHECKING,2024-07-03 03:44:51,ACTIVE
CUST009388,Dennis,Cline,holtrichard@example.com,AE,CHECKING,2025-02-16 19:29:50,ACTIVE
CUST009389,Rodney,Cline,ahoward@example.com,US,BUSINESS,2026-04-04 13:56:20,ACTIVE
CUST009390,John,Campbell,newmanjason@example.com,DE,SAVINGS,2023-12-03 02:20:57,ACTIVE
CUST009391,Brandy,Hayes,aevans@example.com,BE,BUSINESS,2022-04-11 08:58:22,ACTIVE
CUST009392,Erik,Miller,kevintran@example.com,SG,BUSINESS,2025-04-30 11:16:56,SUSPENDED
CUST009393,Danielle,Turner,michael21@example.net,IT,SAVINGS,2023-10-05 02:08:21,ACTIVE
CUST009394,Susan,Cherry,wrighttina@example.net,IN,BUSINESS,2023-09-15 12:47:19,ACTIVE
CUST009395,Leah,Pitts,jacksonlauren@example.org,FR,SAVINGS,2026-07-22 09:29:47,ACTIVE
CUST009396,Shannon,Tucker,guysmith@example.org,US,BUSINESS,2022-04-20 22:18:24,CLOSED
CUST009397,Jason,Diaz,jacobgutierrez@example.net,FR,CHECKING,2024-02-04 07:27:53,ACTIVE
CUST009398,Lori,Roberts,troyharris@example.com,DE,BUSINESS,2025-09-28 19:08:07,ACTIVE
CUST009399,Joshua,Henry,susanrivera@example.org,GB,CHECKING,2026-07-08 12:17:06,ACTIVE
CUST009400,Rebecca,Farley,joseph68@example.com,SG,CHECKING,2025-09-11 03:55:30,ACTIVE
CUST009401,Eric,Bryant,ewilliams@example.net,IN,BUSINESS,2023-02-17 05:41:42,CLOSED
CUST009402,Rachel,Davis,frodriguez@example.com,PK,BUSINESS,2026-08-19 20:29:38,ACTIVE
CUST009403,Brittany,Kirby,joseph28@example.org,GB,CHECKING,2026-08-09 10:27:56,CLOSED
CUST009404,Nicholas,Bentley,josephwilliams@example.org,US,BUSINESS,2024-04-15 11:17:44,CLOSED
CUST009405,Gary,Maldonado,tanya47@example.org,PK,CHECKING,2023-01-20 19:07:51,CLOSED
CUST009406,Brandon,Alexander,reyesbrad@example.org,DE,SAVINGS,2024-11-20 01:57:59,ACTIVE
CUST009407,Latoya,White,johnwalters@example.com,US,BUSINESS,2025-05-16 20:02:17,SUSPENDED
CUST009408,Peter,Olson,james99@example.net,IT,CHECKING,2026-03-19 00:26:40,ACTIVE
CUST009409,Jeffrey,Garcia,vhaynes@example.net,IN,BUSINESS,2026-07-12 18:01:49,SUSPENDED
CUST009410,Brett,Shaw,shelly94@example.net,ES,SAVINGS,2023-03-18 06:27:42,ACTIVE
CUST009411,Joshua,Mckenzie,jonesallison@example.org,BE,CHECKING,2023-08-17 06:40:18,ACTIVE
CUST009412,Jessica,Morales,parkroberto@example.com,US,BUSINESS,2023-06-23 15:25:49,ACTIVE
CUST009413,Amber,Baker,williamjohnson@example.net,GB,SAVINGS,2025-01-07 18:59:10,ACTIVE
CUST009414,John,Atkinson,jjackson@example.com,PK,SAVINGS,2021-12-17 05:46:15,ACTIVE
CUST009415,Ann,Taylor,rosskristopher@example.com,US,BUSINESS,2024-01-18 08:05:59,ACTIVE
CUST009416,Peter,Carr,veronica90@example.org,DE,BUSINESS,2025-09-12 11:26:35,CLOSED
CUST009417,Michael,Jackson,bruce01@example.com,IN,CHECKING,2024-10-05 21:41:45,ACTIVE
CUST009418,Michael,Carter,markkelley@example.com,GB,BUSINESS,2022-06-12 08:01:59,SUSPENDED
CUST009419,Edward,Ruiz,yjohnson@example.net,IT,SAVINGS,2024-09-19 05:29:01,ACTIVE
CUST009420,John,Haley,iharper@example.net,IN,SAVINGS,2026-03-26 13:25:28,SUSPENDED
CUST009421,John,Willis,odonnellmadison@example.net,DE,BUSINESS,2022-09-14 00:54:52,SUSPENDED
CUST009422,Jessica,Miller,pramirez@example.org,US,BUSINESS,2022-02-13 10:35:34,SUSPENDED
CUST009423,Kirsten,King,paulherrera@example.net,PK,CHECKING,2023-10-18 21:50:50,CLOSED
CUST009424,Jason,Haley,ucruz@example.net,AE,SAVINGS,2023-06-18 02:10:34,CLOSED
CUST009425,Luis,Wells,brittanyhill@example.org,PK,CHECKING,2024-01-30 04:33:23,ACTIVE
CUST009426,Lori,Jackson,ericcoleman@example.com,IT,CHECKING,2022-12-02 03:03:42,SUSPENDED
CUST009427,Walter,Wright,jeffreyfrancis@example.org,ES,BUSINESS,2024-11-14 06:32:53,CLOSED
CUST009428,Bradley,Blackwell,henryhernandez@example.com,AU,SAVINGS,2024-06-16 17:30:24,SUSPENDED
CUST009429,Nicholas,Porter,allison44@example.net,JP,SAVINGS,2022-04-04 23:18:59,ACTIVE
CUST009430,Lori,Robinson,simonzachary@example.org,PK,SAVINGS,2026-07-14 18:38:44,ACTIVE
CUST009431,Jenna,Pineda,jessica24@example.org,AU,BUSINESS,2023-02-06 09:16:06,CLOSED
CUST009432,Carol,Zavala,lisa75@example.org,AU,CHECKING,2022-10-26 05:57:01,ACTIVE
CUST009433,William,Romero,anthonyharvey@example.net,DE,CHECKING,2025-10-26 01:59:22,CLOSED
CUST009434,Kayla,Williamson,rothlori@example.net,AU,BUSINESS,2023-02-23 22:01:47,ACTIVE
CUST009435,Cheryl,Russell,fferguson@example.com,US,CHECKING,2024-08-15 10:18:27,CLOSED
CUST009436,Matthew,Carrillo,justin42@example.net,FR,BUSINESS,2025-08-03 18:56:23,ACTIVE
CUST009437,Sandra,Burns,khart@example.org,IN,BUSINESS,2023-05-21 21:22:22,ACTIVE
CUST009438,Theresa,King,jamesnunez@example.com,ES,CHECKING,2025-06-15 11:11:46,ACTIVE
CUST009439,Dana,Atkinson,travispeterson@example.org,CA,BUSINESS,2023-04-26 02:24:59,SUSPENDED
CUST009440,Tiffany,Jones,hrivera@example.org,JP,BUSINESS,2025-03-22 17:05:57,ACTIVE
CUST009441,Johnny,Hurley,wwallace@example.com,PK,SAVINGS,2021-12-11 23:14:21,ACTIVE
CUST009442,Michael,Rodriguez,ndavis@example.net,JP,SAVINGS,2022-05-22 07:28:32,SUSPENDED
CUST009443,Denise,Walker,kristinaperez@example.com,NL,BUSINESS,2025-01-05 03:20:04,CLOSED
CUST009444,Garrett,Chen,matthew13@example.com,AE,BUSINESS,2026-05-03 12:01:15,ACTIVE
CUST009445,Kevin,Hodges,mannjohn@example.com,AU,BUSINESS,2022-05-10 20:26:03,CLOSED
CUST009446,Christian,Hall,lydiataylor@example.net,SG,SAVINGS,2022-09-27 09:15:35,CLOSED
CUST009447,David,Miller,iperez@example.org,BE,SAVINGS,2022-09-21 05:18:53,ACTIVE
CUST009448,Crystal,Hampton,nixonrandy@example.com,CA,SAVINGS,2026-05-19 18:52:29,SUSPENDED
CUST009449,Heather,Day,whall@example.com,BE,BUSINESS,2021-10-15 17:05:19,CLOSED
CUST009450,Colleen,Bonilla,amy86@example.org,BE,BUSINESS,2025-12-25 19:11:20,ACTIVE
CUST009451,Melissa,Edwards,gcastro@example.net,CA,BUSINESS,2023-02-01 16:51:51,ACTIVE
CUST009452,Colleen,Juarez,millerandrew@example.net,IN,BUSINESS,2026-02-13 02:32:44,ACTIVE
CUST009453,Kevin,Santos,luisochoa@example.org,ES,CHECKING,2022-11-23 06:47:07,ACTIVE
CUST009454,Sarah,Wood,christineprice@example.com,US,BUSINESS,2025-11-27 21:31:31,CLOSED
CUST009455,Julie,Lee,brianhowe@example.org,US,BUSINESS,2021-10-05 02:20:18,CLOSED
CUST009456,Melanie,Hood,jamesyoung@example.net,AU,BUSINESS,2024-12-25 10:16:54,ACTIVE
CUST009457,Robin,Burch,petersendoris@example.com,IN,CHECKING,2024-11-18 14:16:24,ACTIVE
CUST009458,Kyle,Fleming,pollardmatthew@example.net,CA,BUSINESS,2024-12-04 16:47:29,ACTIVE
CUST009459,Kelly,Miles,sandra59@example.org,JP,BUSINESS,2023-04-13 14:33:26,SUSPENDED
CUST009460,Christy,Waters,bhoffman@example.net,PK,CHECKING,2021-10-22 20:49:10,SUSPENDED
CUST009461,Brett,Smith,spencer32@example.org,FR,SAVINGS,2025-03-10 13:21:40,CLOSED
CUST009462,Billy,Smith,michele39@example.org,CA,SAVINGS,2023-05-12 14:35:01,ACTIVE
CUST009463,Heather,Adams,bsanchez@example.com,PK,SAVINGS,2023-06-17 04:50:52,ACTIVE
CUST009464,Anna,Rice,craigmartin@example.net,AE,SAVINGS,2021-09-19 19:18:21,ACTIVE
CUST009465,Larry,Johns,evan23@example.net,GB,SAVINGS,2025-03-25 05:43:56,ACTIVE
CUST009466,David,Johnson,smithtara@example.com,CA,SAVINGS,2022-11-29 03:53:03,CLOSED
CUST009467,Julie,Randall,jenniferjackson@example.org,DE,CHECKING,2022-06-15 01:56:58,ACTIVE
CUST009468,Benjamin,Rasmussen,smithrobert@example.org,SG,CHECKING,2025-10-26 07:24:10,ACTIVE
CUST009469,Lindsey,Turner,srhodes@example.net,IT,BUSINESS,2022-12-18 05:58:29,CLOSED
CUST009470,Holly,Perkins,zbass@example.com,BE,SAVINGS,2023-09-13 10:54:15,CLOSED
CUST009471,Curtis,Johnson,matthew19@example.net,DE,CHECKING,2024-01-07 14:14:52,CLOSED
CUST009472,Donald,Melendez,zmurphy@example.org,IT,BUSINESS,2023-01-18 08:19:45,SUSPENDED
CUST009473,Thomas,Green,lrowe@example.net,IN,BUSINESS,2024-08-04 17:07:42,ACTIVE
CUST009474,Alexander,Acevedo,jamesweiss@example.com,NL,SAVINGS,2024-10-25 14:10:28,CLOSED
CUST009475,Benjamin,Bates,lisa48@example.org,FR,CHECKING,2022-05-10 20:55:48,CLOSED
CUST009476,Tyler,Livingston,julie36@example.org,JP,BUSINESS,2022-04-10 20:38:01,CLOSED
CUST009477,Raymond,Graham,yshah@example.net,JP,CHECKING,2024-11-28 20:53:26,ACTIVE
CUST009478,Jeffrey,Johnson,kgonzalez@example.org,US,SAVINGS,2024-05-03 14:54:13,CLOSED
CUST009479,Timothy,Gardner,richardgreene@example.com,FR,SAVINGS,2021-12-04 21:54:25,ACTIVE
CUST009480,Curtis,Lewis,smithashley@example.com,ES,BUSINESS,2026-05-16 09:02:25,SUSPENDED
CUST009481,April,Thompson,sarahhall@example.com,PK,SAVINGS,2026-02-26 10:17:06,CLOSED
CUST009482,Ruben,Lewis,dianeperez@example.com,IT,CHECKING,2022-10-06 20:48:34,ACTIVE
CUST009483,Douglas,Turner,martinezcynthia@example.org,DE,BUSINESS,2023-04-14 22:24:46,ACTIVE
CUST009484,Patricia,Cox,wbowers@example.com,SG,BUSINESS,2025-06-29 18:24:06,CLOSED
CUST009485,Robert,Luna,orodriguez@example.org,AE,CHECKING,2024-09-08 03:16:22,SUSPENDED
CUST009486,Tonya,Tucker,kevinmartinez@example.net,SG,CHECKING,2024-04-18 06:00:55,ACTIVE
CUST009487,Jimmy,Williamson,helenbradley@example.org,IT,CHECKING,2022-07-03 00:26:31,SUSPENDED
CUST009488,Ryan,Jenkins,hreynolds@example.org,FR,BUSINESS,2022-12-04 12:43:33,ACTIVE
CUST009489,Margaret,Long,jcarter@example.com,DE,BUSINESS,2022-08-05 03:46:34,ACTIVE
CUST009490,Crystal,Garcia,talvarado@example.net,AE,BUSINESS,2025-04-13 04:38:06,ACTIVE
CUST009491,Danny,Ramirez,jmorse@example.com,FR,CHECKING,2026-08-19 06:10:36,CLOSED
CUST009492,Stephen,Simmons,belliott@example.com,ES,BUSINESS,2021-12-28 04:18:27,SUSPENDED
CUST009493,Isaac,Finley,dskinner@example.net,NL,CHECKING,2024-03-06 12:30:57,ACTIVE
CUST009494,Robert,Hester,victoria82@example.com,BE,CHECKING,2024-02-15 10:06:55,ACTIVE
CUST009495,Linda,Mcdonald,kellyshepherd@example.net,SG,SAVINGS,2026-05-26 15:33:13,ACTIVE
CUST009496,Wendy,Williams,leeelizabeth@example.net,AU,CHECKING,2023-10-02 08:55:20,CLOSED
CUST009497,Michael,Mccullough,tarafigueroa@example.net,BE,BUSINESS,2022-04-22 17:34:28,ACTIVE
CUST009498,Jimmy,Anderson,gerald04@example.com,IN,BUSINESS,2024-10-07 17:18:03,ACTIVE
CUST009499,Jeremy,Hutchinson,carlvasquez@example.org,FR,SAVINGS,2024-07-08 22:05:36,ACTIVE
CUST009500,Lisa,Petersen,nicholassimpson@example.net,FR,CHECKING,2026-05-02 04:31:04,ACTIVE
CUST009501,James,Williams,thomasjulie@example.org,IT,BUSINESS,2021-12-23 02:36:03,SUSPENDED
CUST009502,Joseph,Gonzalez,bford@example.net,IT,SAVINGS,2021-11-20 07:00:53,ACTIVE
CUST009503,Dana,Anderson,larsennicole@example.org,PK,SAVINGS,2023-09-29 03:52:08,CLOSED
CUST009504,Wayne,Parker,mitchell06@example.org,US,CHECKING,2025-10-11 23:05:24,SUSPENDED
CUST009505,David,Martinez,mgonzalez@example.net,AE,SAVINGS,2024-10-06 10:20:40,ACTIVE
CUST009506,Justin,Reese,reynoldsshannon@example.net,PK,SAVINGS,2024-11-22 09:06:08,ACTIVE
CUST009507,Joseph,Ponce,danapope@example.org,IT,BUSINESS,2025-03-28 02:06:17,ACTIVE
CUST009508,Marcus,Ross,andersonrichard@example.com,CA,BUSINESS,2025-09-13 17:37:31,CLOSED
CUST009509,Maureen,Olson,frank14@example.org,GB,BUSINESS,2024-09-27 06:26:51,ACTIVE
CUST009510,Drew,Peters,wdunlap@example.net,IT,SAVINGS,2025-11-03 12:35:18,ACTIVE
CUST009511,Lauren,Wang,bradleymatthew@example.com,AE,BUSINESS,2022-02-15 11:28:14,ACTIVE
CUST009512,Richard,Harper,colleen63@example.net,SG,CHECKING,2023-05-30 10:57:39,ACTIVE
CUST009513,Zachary,Pena,jamesnguyen@example.com,CA,SAVINGS,2023-04-18 22:52:37,SUSPENDED
CUST009514,Tara,Delgado,zwilliams@example.org,DE,SAVINGS,2021-09-12 04:53:32,ACTIVE
CUST009515,Jamie,Rowland,andersonleah@example.net,US,BUSINESS,2025-11-20 00:11:11,ACTIVE
CUST009516,Antonio,Wright,rachelbarnes@example.net,DE,BUSINESS,2022-01-07 03:45:44,ACTIVE
CUST009517,John,Hamilton,cgraham@example.net,IN,SAVINGS,2021-10-08 07:30:32,SUSPENDED
CUST009518,Joseph,Cruz,vjohnson@example.com,IT,BUSINESS,2023-08-30 03:20:37,SUSPENDED
CUST009519,Jodi,Silva,ashley34@example.com,AU,CHECKING,2022-03-23 05:56:56,ACTIVE
CUST009520,Denise,Price,christina28@example.com,BE,CHECKING,2026-06-04 15:04:41,ACTIVE
CUST009521,Nicole,Butler,donaldnguyen@example.com,GB,SAVINGS,2025-06-09 11:13:26,ACTIVE
CUST009522,Pamela,Ibarra,harveyjose@example.com,GB,BUSINESS,2022-01-07 12:35:19,CLOSED
CUST009523,Adrienne,Cisneros,hamiltonangel@example.com,FR,BUSINESS,2023-08-19 04:28:33,ACTIVE
CUST009524,Joseph,Perkins,mckinneyoscar@example.org,IN,BUSINESS,2025-03-10 01:31:24,ACTIVE
CUST009525,Ariel,Martinez,johngonzalez@example.com,US,SAVINGS,2023-02-12 15:07:11,ACTIVE
CUST009526,Amanda,Adams,jacobyang@example.com,US,CHECKING,2023-11-04 06:41:21,ACTIVE
CUST009527,Joshua,Olsen,sullivanbrenda@example.com,CA,BUSINESS,2025-03-09 08:21:38,SUSPENDED
CUST009528,Renee,Gibbs,cynthiaortiz@example.org,AE,BUSINESS,2024-06-09 01:51:26,SUSPENDED
CUST009529,Tiffany,Salazar,robert40@example.net,GB,CHECKING,2025-10-15 15:44:33,ACTIVE
CUST009530,Hannah,Matthews,gonzalesheather@example.net,PK,CHECKING,2021-11-24 03:36:02,ACTIVE
CUST009531,Rodney,Caldwell,taylorscott@example.org,ES,BUSINESS,2024-12-28 05:01:50,ACTIVE
CUST009532,Anthony,Horton,stephaniebaker@example.net,GB,SAVINGS,2026-08-15 10:41:00,ACTIVE
CUST009533,Patricia,Kim,thomas67@example.com,DE,BUSINESS,2024-12-27 02:21:50,SUSPENDED
CUST009534,Lisa,Johnson,rowedonna@example.org,DE,CHECKING,2022-08-12 01:02:25,ACTIVE
CUST009535,Erin,Mcgee,whull@example.net,AU,BUSINESS,2025-03-26 19:15:01,SUSPENDED
CUST009536,Kevin,Brewer,curtishannah@example.com,BE,BUSINESS,2021-11-22 16:21:56,ACTIVE
CUST009537,Christopher,Peterson,thomassamuel@example.org,BE,BUSINESS,2024-06-22 16:46:39,ACTIVE
CUST009538,Robert,Perkins,taylornathan@example.com,GB,SAVINGS,2022-10-20 09:36:26,ACTIVE
CUST009539,Warren,Soto,patrickrodriguez@example.com,BE,CHECKING,2023-03-04 17:52:28,ACTIVE
CUST009540,Samantha,Hess,victor69@example.com,IT,BUSINESS,2026-01-31 14:26:25,CLOSED
CUST009541,Maurice,Martinez,ehorne@example.net,CA,CHECKING,2023-12-25 02:04:53,ACTIVE
CUST009542,Rachel,Ryan,joseph63@example.com,US,CHECKING,2026-04-30 21:17:22,ACTIVE
CUST009543,Susan,Cardenas,sarahcole@example.org,NL,CHECKING,2022-06-12 04:07:02,SUSPENDED
CUST009544,Sean,Adams,andersontara@example.net,GB,CHECKING,2021-12-29 20:02:41,SUSPENDED
CUST009545,Tiffany,Reed,carlos36@example.net,ES,BUSINESS,2023-01-30 16:05:21,ACTIVE
CUST009546,Nicholas,Wyatt,christopherwalker@example.net,NL,BUSINESS,2024-03-18 22:22:29,ACTIVE
CUST009547,Brenda,Coleman,uhunt@example.net,JP,SAVINGS,2023-01-04 21:35:36,SUSPENDED
CUST009548,Claire,Raymond,daniellawrence@example.org,DE,BUSINESS,2026-04-11 22:52:44,CLOSED
CUST009549,Stephanie,Martin,sandrarobinson@example.org,IT,BUSINESS,2024-04-18 00:37:40,ACTIVE
CUST009550,Savannah,Allison,millermonique@example.com,AE,CHECKING,2025-10-04 12:13:27,ACTIVE
CUST009551,Lisa,Perkins,asoto@example.com,AU,SAVINGS,2026-07-06 01:03:49,CLOSED
CUST009552,Kayla,Bates,christianatkins@example.org,AE,CHECKING,2021-10-18 05:20:20,SUSPENDED
CUST009553,Nicholas,Johnson,brandiwiggins@example.com,US,SAVINGS,2023-09-24 02:16:39,ACTIVE
CUST009554,Katherine,Jackson,michael12@example.net,SG,BUSINESS,2026-06-11 19:09:04,CLOSED
CUST009555,Jason,Ellis,james07@example.com,JP,BUSINESS,2026-07-07 07:39:31,ACTIVE
CUST009556,Rachael,Baker,rperry@example.org,AU,CHECKING,2025-05-29 05:25:13,ACTIVE
CUST009557,Jay,Wiley,brettmullins@example.net,CA,BUSINESS,2026-06-04 21:58:36,ACTIVE
CUST009558,Natalie,Brown,mwalsh@example.net,AU,BUSINESS,2026-04-11 23:45:32,SUSPENDED
CUST009559,James,Christensen,lisabrown@example.org,AE,SAVINGS,2024-11-10 00:33:23,ACTIVE
CUST009560,Gerald,Hicks,millerrobert@example.org,AE,SAVINGS,2025-08-07 02:07:10,ACTIVE
CUST009561,John,Jackson,briggssteven@example.com,IN,BUSINESS,2021-12-02 21:13:55,ACTIVE
CUST009562,Shawn,Hernandez,jordanrebecca@example.com,IN,SAVINGS,2022-02-15 03:35:01,CLOSED
CUST009563,Elizabeth,Simmons,jesus00@example.org,SG,SAVINGS,2025-05-09 08:36:51,ACTIVE
CUST009564,Felicia,Snyder,ijones@example.com,IN,SAVINGS,2025-06-07 23:56:41,ACTIVE
CUST009565,Lonnie,Leonard,jonathon31@example.net,US,SAVINGS,2025-04-15 10:15:05,ACTIVE
CUST009566,Clifford,Jones,hgarza@example.com,FR,BUSINESS,2023-02-11 09:24:45,SUSPENDED
CUST009567,Denise,Wilson,barbara93@example.org,AE,BUSINESS,2021-11-10 21:36:13,CLOSED
CUST009568,Natasha,Lowe,catherine29@example.com,DE,CHECKING,2025-02-27 16:16:30,SUSPENDED
CUST009569,Laura,Arnold,gmorales@example.com,IN,SAVINGS,2025-02-22 17:20:35,ACTIVE
CUST009570,Kimberly,Wilson,steven01@example.org,IT,SAVINGS,2026-07-12 08:56:19,ACTIVE
CUST009571,Eric,Arias,jhall@example.net,AU,BUSINESS,2025-05-13 03:33:11,CLOSED
CUST009572,Richard,Howard,mvance@example.com,PK,CHECKING,2024-06-19 23:00:25,CLOSED
CUST009573,Timothy,Bradley,josephdelgado@example.net,US,CHECKING,2025-03-16 21:50:01,CLOSED
CUST009574,Lisa,Jones,rvillegas@example.net,US,SAVINGS,2023-08-10 05:33:10,ACTIVE
CUST009575,Deborah,Hernandez,ljackson@example.net,CA,CHECKING,2021-11-21 18:22:12,ACTIVE
CUST009576,Raymond,Lee,davidingram@example.net,IT,SAVINGS,2024-09-16 11:18:04,ACTIVE
CUST009577,Charles,Noble,obrienteresa@example.org,AE,SAVINGS,2023-02-19 03:02:58,SUSPENDED
CUST009578,Colleen,Lawrence,tonyabriggs@example.net,FR,SAVINGS,2025-04-30 07:23:33,ACTIVE
CUST009579,Clifford,Sutton,smithnicole@example.net,IT,BUSINESS,2021-11-15 01:18:41,ACTIVE
CUST009580,Shawn,Parrish,brownbrittany@example.org,AU,CHECKING,2022-02-21 06:10:03,CLOSED
CUST009581,Sharon,King,maureen93@example.net,PK,CHECKING,2025-09-11 13:03:41,ACTIVE
CUST009582,Cathy,Lynch,qperez@example.com,IT,BUSINESS,2024-05-22 13:59:53,SUSPENDED
CUST009583,John,Swanson,hpayne@example.net,FR,CHECKING,2025-03-14 02:51:15,CLOSED
CUST009584,Patrick,Wilcox,smithmichelle@example.org,ES,SAVINGS,2024-12-22 02:43:36,ACTIVE
CUST009585,James,Chan,timothy08@example.org,BE,SAVINGS,2024-06-19 12:56:34,ACTIVE
CUST009586,Bryce,Medina,shepardkristina@example.com,FR,SAVINGS,2026-04-01 19:37:53,ACTIVE
CUST009587,Jeremy,Wise,robertroberts@example.net,JP,CHECKING,2024-03-23 09:47:19,ACTIVE
CUST009588,Randy,Valenzuela,sydney75@example.org,PK,CHECKING,2022-03-20 05:16:08,CLOSED
CUST009589,Bryan,Williams,victoriacline@example.net,FR,BUSINESS,2025-06-03 04:26:50,ACTIVE
CUST009590,Kyle,Pace,eflores@example.com,US,SAVINGS,2026-02-06 13:38:18,ACTIVE
CUST009591,Caitlin,Brown,michael91@example.net,FR,SAVINGS,2025-02-05 03:29:20,ACTIVE
CUST009592,Michael,Casey,rbradley@example.com,DE,CHECKING,2023-10-15 20:51:22,ACTIVE
CUST009593,Alec,Estrada,andrea66@example.net,SG,BUSINESS,2024-01-20 07:34:51,SUSPENDED
CUST009594,Sara,Velasquez,xpham@example.com,SG,BUSINESS,2024-06-18 18:14:31,ACTIVE
CUST009595,Melanie,Jackson,marycummings@example.org,DE,BUSINESS,2023-12-25 22:40:36,ACTIVE
CUST009596,Anthony,Nash,antonioboyd@example.net,ES,SAVINGS,2022-04-09 06:53:55,ACTIVE
CUST009597,Derek,Ibarra,james71@example.net,AE,CHECKING,2024-04-23 19:17:44,CLOSED
CUST009598,Tonya,Rodriguez,marypowers@example.net,JP,CHECKING,2024-03-09 19:36:03,ACTIVE
CUST009599,Darren,Alvarado,brownashley@example.org,AU,SAVINGS,2022-09-07 02:50:16,CLOSED
CUST009600,Scott,Webb,claire19@example.org,NL,CHECKING,2025-12-25 02:56:14,ACTIVE
CUST009601,James,Phillips,loretta10@example.net,ES,SAVINGS,2025-04-12 06:37:46,CLOSED
CUST009602,Olivia,Monroe,zjohnson@example.org,US,CHECKING,2024-03-02 10:59:18,CLOSED
CUST009603,Cindy,Jones,mlane@example.org,SG,BUSINESS,2024-03-09 23:00:53,CLOSED
CUST009604,Jennifer,Schneider,jford@example.net,US,CHECKING,2025-08-31 05:20:19,SUSPENDED
CUST009605,Joshua,Herman,alawson@example.net,NL,BUSINESS,2025-07-30 06:11:00,SUSPENDED
CUST009606,Dylan,Donovan,lbridges@example.org,IT,CHECKING,2026-08-19 20:57:19,ACTIVE
CUST009607,Jaclyn,Hahn,bmunoz@example.net,BE,CHECKING,2022-02-14 02:14:51,SUSPENDED
CUST009608,Richard,Palmer,stephanie64@example.org,IN,SAVINGS,2026-03-08 07:25:07,ACTIVE
CUST009609,Victor,Wright,doris63@example.net,ES,SAVINGS,2024-10-03 08:32:55,ACTIVE
CUST009610,William,Daniel,coltonmiller@example.org,NL,BUSINESS,2024-10-04 23:47:14,ACTIVE
CUST009611,Keith,Salazar,anna74@example.com,ES,SAVINGS,2025-02-12 08:37:52,ACTIVE
CUST009612,Laura,Rangel,yvonne13@example.org,DE,BUSINESS,2026-03-19 02:05:01,CLOSED
CUST009613,Daniel,Reese,amiller@example.net,FR,CHECKING,2023-03-25 05:59:04,ACTIVE
CUST009614,Jeffrey,Young,cindyjohnson@example.com,NL,SAVINGS,2025-04-24 05:30:54,CLOSED
CUST009615,Adam,Holmes,paul74@example.org,GB,CHECKING,2025-08-25 07:07:48,SUSPENDED
CUST009616,Dean,Li,changdaniel@example.com,IT,CHECKING,2025-10-04 19:35:58,SUSPENDED
CUST009617,Curtis,Randolph,fernandezjonathan@example.org,FR,CHECKING,2024-05-11 14:00:29,CLOSED
CUST009618,Sarah,Zhang,ghayes@example.org,GB,SAVINGS,2024-09-13 16:11:28,ACTIVE
CUST009619,Jessica,Martin,jacqueline73@example.com,FR,CHECKING,2022-05-09 18:42:38,ACTIVE
CUST009620,Melissa,Serrano,austinbrown@example.com,FR,BUSINESS,2023-10-10 22:11:06,ACTIVE
CUST009621,Kim,Franco,paulday@example.org,AE,CHECKING,2026-08-05 22:56:41,SUSPENDED
CUST009622,Lindsay,Bryant,marshkristina@example.org,PK,SAVINGS,2021-11-15 07:34:53,ACTIVE
CUST009623,Thomas,Ewing,wdavis@example.net,DE,BUSINESS,2025-02-03 12:27:26,ACTIVE
CUST009624,Stephen,Rodriguez,blawrence@example.net,IT,SAVINGS,2025-05-18 07:16:33,CLOSED
CUST009625,Alice,James,gjames@example.com,AU,CHECKING,2022-03-12 15:53:14,ACTIVE
CUST009626,Ryan,Gardner,xbeck@example.net,BE,SAVINGS,2025-11-04 02:56:52,SUSPENDED
CUST009627,Blake,Wallace,veronicabartlett@example.org,AU,SAVINGS,2025-06-29 21:32:20,ACTIVE
CUST009628,Charles,Barber,christophergomez@example.net,FR,CHECKING,2025-06-05 10:06:17,SUSPENDED
CUST009629,Pamela,Rubio,dwebster@example.org,IT,CHECKING,2022-07-30 21:53:48,ACTIVE
CUST009630,Laura,Wells,tamara92@example.net,AE,BUSINESS,2023-11-07 21:03:56,ACTIVE
CUST009631,Drew,Freeman,cmoss@example.net,FR,SAVINGS,2024-01-11 14:33:10,ACTIVE
CUST009632,Albert,Evans,sara12@example.org,AU,SAVINGS,2025-02-12 06:31:21,ACTIVE
CUST009633,Daniel,Doyle,ewalter@example.org,IT,CHECKING,2022-07-22 00:13:31,SUSPENDED
CUST009634,Joseph,Montgomery,swebb@example.net,ES,CHECKING,2024-10-08 17:35:01,ACTIVE
CUST009635,Alicia,Garrison,katherinekent@example.com,DE,CHECKING,2026-05-15 01:48:21,CLOSED
CUST009636,Lauren,Kaufman,gracecarlson@example.org,IN,SAVINGS,2023-06-24 02:59:17,CLOSED
CUST009637,Jennifer,Elliott,garzapaige@example.net,FR,BUSINESS,2026-07-26 17:10:52,CLOSED
CUST009638,Jason,Mason,erik51@example.org,US,CHECKING,2022-10-14 15:10:14,SUSPENDED
CUST009639,Jasmine,Myers,matthewscarl@example.org,US,CHECKING,2026-02-19 05:23:58,ACTIVE
CUST009640,Jennifer,Mendoza,nicholas53@example.net,DE,CHECKING,2026-06-21 11:23:03,ACTIVE
CUST009641,Laura,Warner,opatterson@example.net,BE,BUSINESS,2025-08-15 20:14:08,ACTIVE
CUST009642,Jeremy,Solis,twebster@example.org,SG,SAVINGS,2025-05-10 00:28:37,ACTIVE
CUST009643,Donna,Wise,flewis@example.com,US,CHECKING,2022-10-12 13:35:35,CLOSED
CUST009644,Lori,Peterson,toddaustin@example.com,ES,BUSINESS,2023-09-08 02:49:07,ACTIVE
CUST009645,Justin,Cuevas,vjones@example.net,US,CHECKING,2025-02-07 03:45:50,SUSPENDED
CUST009646,Donald,Swanson,egraham@example.net,NL,SAVINGS,2024-04-07 02:23:15,ACTIVE
CUST009647,Aimee,Johnson,patrick13@example.org,GB,CHECKING,2021-11-05 22:27:39,ACTIVE
CUST009648,Richard,Long,ramseychloe@example.com,IN,CHECKING,2022-11-14 09:57:18,ACTIVE
CUST009649,Christina,Cook,tinakelly@example.com,NL,CHECKING,2021-09-14 08:35:32,ACTIVE
CUST009650,Carolyn,Williams,laura06@example.net,BE,CHECKING,2022-04-05 07:43:42,ACTIVE
CUST009651,Brian,Patterson,michelle50@example.org,JP,SAVINGS,2025-01-16 22:36:19,ACTIVE
CUST009652,Mary,Fleming,russellpetty@example.com,ES,SAVINGS,2024-05-23 01:16:05,ACTIVE
CUST009653,Andrew,Osborn,jason26@example.org,IT,BUSINESS,2022-12-30 10:45:45,ACTIVE
CUST009654,Timothy,Hill,lraymond@example.com,AE,CHECKING,2022-02-14 06:10:06,ACTIVE
CUST009655,Nicholas,Watts,stephaniecervantes@example.net,SG,BUSINESS,2023-11-07 18:00:36,ACTIVE
CUST009656,Jennifer,Fox,salinasjason@example.org,AU,SAVINGS,2025-08-27 23:51:34,ACTIVE
CUST009657,Danielle,Brown,nicholas00@example.com,SG,SAVINGS,2025-06-24 03:14:22,SUSPENDED
CUST009658,Shelly,Rodriguez,usimpson@example.net,PK,CHECKING,2022-10-06 19:07:01,SUSPENDED
CUST009659,Justin,Johnson,gmiles@example.com,AU,CHECKING,2024-10-17 08:10:47,ACTIVE
CUST009660,Vanessa,Smith,travis64@example.com,JP,CHECKING,2026-07-26 06:07:15,SUSPENDED
CUST009661,Nicholas,Wright,codypeters@example.org,JP,BUSINESS,2026-07-01 17:16:32,ACTIVE
CUST009662,Phillip,Martin,jennifer04@example.org,BE,CHECKING,2025-01-20 23:11:53,ACTIVE
CUST009663,Michael,Garner,garzacharles@example.com,PK,CHECKING,2022-01-28 18:21:57,SUSPENDED
CUST009664,Brent,Thompson,edwardmaldonado@example.com,GB,CHECKING,2025-03-28 12:42:42,SUSPENDED
CUST009665,Trevor,Carlson,roberttaylor@example.org,AU,SAVINGS,2024-01-06 06:33:49,CLOSED
CUST009666,Rachel,Daniel,wukristin@example.net,FR,BUSINESS,2022-03-15 13:42:44,ACTIVE
CUST009667,Melinda,Mills,medinajanet@example.com,NL,SAVINGS,2024-09-18 17:28:34,ACTIVE
CUST009668,Suzanne,Santos,agarcia@example.net,AU,BUSINESS,2022-12-10 19:18:02,ACTIVE
CUST009669,Diane,Rasmussen,holtmelanie@example.org,DE,SAVINGS,2024-11-22 15:02:10,ACTIVE
CUST009670,Amanda,Christensen,fhill@example.org,ES,CHECKING,2023-02-16 02:21:54,ACTIVE
CUST009671,Jennifer,Kennedy,qsmith@example.com,AU,BUSINESS,2024-04-09 08:27:01,ACTIVE
CUST009672,Sara,Pratt,qcunningham@example.org,BE,BUSINESS,2023-08-02 04:33:40,CLOSED
CUST009673,Paula,Williams,fernandezwilliam@example.com,PK,CHECKING,2022-11-05 03:11:31,ACTIVE
CUST009674,Jennifer,Meyer,logangraves@example.net,AE,SAVINGS,2025-09-29 19:20:52,CLOSED
CUST009675,Craig,White,willissandra@example.net,PK,SAVINGS,2022-05-11 00:33:55,ACTIVE
CUST009676,Jessica,Spears,hernandezkristi@example.net,SG,BUSINESS,2024-07-01 05:51:16,CLOSED
CUST009677,Jermaine,Rogers,jenniferroberts@example.org,PK,SAVINGS,2025-04-03 22:56:41,ACTIVE
CUST009678,Robert,Terry,simmonspatricia@example.com,US,BUSINESS,2025-02-26 19:11:04,SUSPENDED
CUST009679,Kimberly,Lowery,kirbykaren@example.org,AE,BUSINESS,2022-12-11 12:17:44,SUSPENDED
CUST009680,Zachary,Rivera,casey11@example.net,ES,CHECKING,2022-10-08 09:47:58,SUSPENDED
CUST009681,Anthony,Howard,kimberlyrich@example.com,GB,CHECKING,2024-10-16 07:57:03,ACTIVE
CUST009682,Monique,King,stevenho@example.com,CA,BUSINESS,2022-06-04 14:14:19,ACTIVE
CUST009683,Debbie,Brown,collinsmichael@example.net,NL,SAVINGS,2026-03-18 03:37:08,ACTIVE
CUST009684,Thomas,Roberts,ghunter@example.org,FR,BUSINESS,2021-11-12 02:57:52,ACTIVE
CUST009685,Jean,King,eric05@example.net,US,BUSINESS,2022-07-30 23:42:00,CLOSED
CUST009686,Tara,Figueroa,marie64@example.org,DE,BUSINESS,2023-05-14 21:10:45,ACTIVE
CUST009687,Todd,Briggs,garciagary@example.org,AU,CHECKING,2024-03-23 16:18:10,SUSPENDED
CUST009688,Jose,Ferguson,robertgordon@example.org,NL,BUSINESS,2024-05-08 07:07:11,CLOSED
CUST009689,Michael,Mccall,karina99@example.com,ES,CHECKING,2024-06-13 09:33:40,SUSPENDED
CUST009690,Lydia,Michael,zreed@example.com,NL,CHECKING,2021-12-21 14:55:14,ACTIVE
CUST009691,Madeline,Reed,alexandriaroberts@example.org,GB,BUSINESS,2022-11-22 03:22:29,CLOSED
CUST009692,Christy,Johnson,mccarthyronald@example.net,PK,CHECKING,2025-02-22 09:32:33,SUSPENDED
CUST009693,Gregory,Jennings,jessica61@example.org,AU,BUSINESS,2024-11-24 15:52:17,ACTIVE
CUST009694,Christopher,Mcguire,orradrian@example.com,IN,CHECKING,2023-11-04 17:49:38,ACTIVE
CUST009695,Courtney,Rosales,davidhernandez@example.org,IT,SAVINGS,2025-03-20 12:28:05,CLOSED
CUST009696,Sarah,Schaefer,sjohnson@example.net,NL,BUSINESS,2025-11-13 21:27:07,SUSPENDED
CUST009697,Steven,Sutton,xfrost@example.com,NL,SAVINGS,2024-06-17 11:57:33,ACTIVE
CUST009698,Paul,Vang,barbaracampbell@example.com,CA,CHECKING,2024-04-10 12:17:15,ACTIVE
CUST009699,Patricia,Abbott,doylemary@example.com,IT,BUSINESS,2025-12-27 16:42:39,CLOSED
CUST009700,Laura,Harvey,rileydavid@example.net,GB,SAVINGS,2026-05-02 16:11:15,ACTIVE
CUST009701,Sandra,Johnson,candace05@example.com,GB,CHECKING,2021-10-19 10:28:28,ACTIVE
CUST009702,Melissa,Underwood,zlarsen@example.org,SG,CHECKING,2024-07-17 02:15:35,ACTIVE
CUST009703,Jessica,Brown,diazjohn@example.net,DE,CHECKING,2025-08-18 21:43:30,ACTIVE
CUST009704,Lisa,Allen,charlesfrancis@example.com,SG,BUSINESS,2025-10-07 08:36:06,SUSPENDED
CUST009705,Sandy,Barnes,jspencer@example.com,JP,BUSINESS,2021-09-10 22:24:11,ACTIVE
CUST009706,Roger,Carter,romerotonya@example.net,IN,CHECKING,2022-03-19 17:39:10,ACTIVE
CUST009707,Adrian,Rios,lsimpson@example.com,PK,SAVINGS,2026-02-18 09:07:40,ACTIVE
CUST009708,Matthew,Wilson,mjohnson@example.com,PK,CHECKING,2023-05-18 04:53:08,ACTIVE
CUST009709,Vanessa,Mcguire,gonzalesnicole@example.net,FR,CHECKING,2022-01-27 23:05:34,ACTIVE
CUST009710,Brian,Delgado,lisa05@example.net,FR,BUSINESS,2023-07-31 13:36:36,CLOSED
CUST009711,Denise,Maynard,mary43@example.net,GB,CHECKING,2025-10-18 21:45:30,ACTIVE
CUST009712,Justin,Brooks,jclark@example.com,SG,BUSINESS,2023-06-04 15:14:10,SUSPENDED
CUST009713,Anne,Villarreal,williamgriffith@example.com,US,CHECKING,2026-08-08 17:43:58,CLOSED
CUST009714,Denise,Sexton,johnathancraig@example.org,DE,BUSINESS,2024-09-29 00:11:40,ACTIVE
CUST009715,Derrick,Barnes,santosmichael@example.org,FR,BUSINESS,2025-04-27 00:40:26,CLOSED
CUST009716,Stacy,Phillips,marilynjohnson@example.com,AU,BUSINESS,2022-03-02 22:28:43,ACTIVE
CUST009717,Karen,Powell,rwood@example.net,DE,SAVINGS,2022-11-06 00:02:16,ACTIVE
CUST009718,Paul,Savage,stephenmorgan@example.org,GB,CHECKING,2023-10-04 02:18:38,ACTIVE
CUST009719,Benjamin,Perkins,patriciamoore@example.org,AU,CHECKING,2022-06-05 07:10:38,SUSPENDED
CUST009720,Thomas,Wilson,jane67@example.org,AU,BUSINESS,2022-08-10 10:53:21,ACTIVE
CUST009721,Jasmine,Leon,kristengarcia@example.org,IN,CHECKING,2022-07-08 23:38:58,ACTIVE
CUST009722,Katie,Sparks,lorireese@example.org,JP,SAVINGS,2025-03-21 19:54:30,ACTIVE
CUST009723,Adrian,Matthews,harrisonmichelle@example.net,PK,SAVINGS,2024-10-20 16:46:37,CLOSED
CUST009724,Michael,Hall,salinascrystal@example.net,JP,BUSINESS,2026-03-25 16:27:29,CLOSED
CUST009725,Ross,Weaver,mlee@example.com,SG,SAVINGS,2022-07-03 10:18:08,CLOSED
CUST009726,Donald,Smith,yparrish@example.com,FR,SAVINGS,2024-03-19 21:10:25,ACTIVE
CUST009727,Larry,Owens,zjohnson@example.com,CA,BUSINESS,2022-12-21 23:36:11,ACTIVE
CUST009728,Derrick,Gutierrez,carlos03@example.org,NL,BUSINESS,2022-12-18 01:16:14,ACTIVE
CUST009729,Bryce,Harvey,evansdavid@example.org,IN,BUSINESS,2026-04-02 12:48:13,SUSPENDED
CUST009730,Sandra,Collins,brian27@example.net,US,SAVINGS,2023-12-18 00:22:22,SUSPENDED
CUST009731,Curtis,Scott,isaac55@example.net,IT,CHECKING,2022-11-01 04:44:38,ACTIVE
CUST009732,Monica,Porter,theresasmith@example.com,FR,BUSINESS,2023-12-27 07:50:39,CLOSED
CUST009733,Christian,Garcia,qmartin@example.net,CA,SAVINGS,2025-10-16 03:33:29,ACTIVE
CUST009734,William,Lopez,danatanner@example.com,IT,SAVINGS,2023-04-15 08:37:12,ACTIVE
CUST009735,Abigail,Todd,bullockryan@example.org,PK,CHECKING,2023-12-10 19:47:02,ACTIVE
CUST009736,Heather,Merritt,rojasangela@example.org,US,CHECKING,2025-03-31 13:16:32,ACTIVE
CUST009737,Amber,Cole,harrisoncharles@example.com,CA,CHECKING,2022-05-22 04:23:47,ACTIVE
CUST009738,Amanda,Baker,sestes@example.com,DE,BUSINESS,2022-01-02 00:35:41,CLOSED
CUST009739,Bryan,Stewart,dawnmccann@example.net,CA,BUSINESS,2023-01-10 02:17:12,ACTIVE
CUST009740,David,Marquez,levans@example.org,SG,SAVINGS,2022-12-21 16:56:28,ACTIVE
CUST009741,Scott,Phillips,kimberly50@example.org,CA,CHECKING,2025-12-07 07:00:45,CLOSED
CUST009742,Becky,Clark,rcoleman@example.net,AE,SAVINGS,2026-08-15 22:48:20,ACTIVE
CUST009743,Malik,Mckinney,edwardflores@example.net,FR,CHECKING,2025-09-02 19:43:24,ACTIVE
CUST009744,Thomas,Phillips,ericjenkins@example.com,AE,BUSINESS,2022-03-09 14:25:10,ACTIVE
CUST009745,Omar,Kelley,kathleenmartinez@example.com,DE,SAVINGS,2024-02-01 18:25:07,ACTIVE
CUST009746,Jessica,Sullivan,vwilliams@example.org,BE,CHECKING,2025-12-05 23:22:53,ACTIVE
CUST009747,Stephanie,Barry,amber59@example.net,GB,SAVINGS,2022-06-26 12:19:36,ACTIVE
CUST009748,Jessica,Bruce,robinsonjoseph@example.com,US,SAVINGS,2023-10-17 13:24:12,SUSPENDED
CUST009749,Joshua,Jensen,kristen85@example.org,AU,BUSINESS,2022-07-17 10:22:33,CLOSED
CUST009750,David,Boyer,walkerbrian@example.net,NL,SAVINGS,2023-06-01 15:48:43,CLOSED
CUST009751,Dustin,Huff,,PK,BUSINESS,2022-07-05 21:16:14,ACTIVE
CUST009752,Patricia,Escobar,wbarnes@example.org,IN,SAVINGS,2026-07-15 20:51:42,SUSPENDED
CUST009753,Stanley,Larsen,fowlerearl@example.net,US,CHECKING,2026-01-18 16:58:56,ACTIVE
CUST009754,Cynthia,Wright,thomasmark@example.org,DE,CHECKING,2025-11-27 18:49:10,CLOSED
CUST009755,Cody,Riddle,wcampbell@example.net,ES,SAVINGS,2026-04-19 09:13:30,ACTIVE
CUST009756,Amy,Valdez,ajones@example.com,AE,CHECKING,2023-10-29 02:39:31,CLOSED
CUST009757,Alexandra,Johnson,moniquestokes@example.org,PK,CHECKING,2022-02-19 08:52:13,CLOSED
CUST009758,Amber,James,privera@example.org,ES,CHECKING,2024-04-28 18:25:27,ACTIVE
CUST009759,Melinda,Howell,pmoore@example.org,CA,SAVINGS,2023-06-11 11:51:47,CLOSED
CUST009760,Paul,Ayala,joseph46@example.com,PK,SAVINGS,2026-06-09 22:06:44,ACTIVE
CUST009761,Rebecca,Thomas,kevin88@example.com,ES,SAVINGS,2022-02-01 05:16:35,ACTIVE
CUST009762,Taylor,Lewis,steven16@example.org,FR,BUSINESS,2022-02-18 09:20:32,ACTIVE
CUST009763,Misty,Lam,robertanderson@example.org,CA,CHECKING,2023-06-08 22:52:34,SUSPENDED
CUST009764,Sandra,Williams,cbutler@example.org,NL,BUSINESS,2024-07-16 23:23:19,ACTIVE
CUST009765,Kristina,Tucker,taylorbenjamin@example.net,PK,CHECKING,2024-01-25 14:56:39,SUSPENDED
CUST009766,Brandon,Diaz,davidmendoza@example.net,IT,SAVINGS,2024-04-22 00:36:46,ACTIVE
CUST009767,William,Watkins,nicolesimpson@example.com,GB,SAVINGS,2025-12-11 15:27:24,ACTIVE
CUST009768,Thomas,Carson,dharris@example.com,PK,CHECKING,2023-08-18 22:17:11,ACTIVE
CUST009769,Amber,Lozano,agonzales@example.net,US,CHECKING,2023-04-03 00:58:59,ACTIVE
CUST009770,Nancy,Preston,scottmontoya@example.com,NL,CHECKING,2022-11-08 08:16:27,ACTIVE
CUST009771,Angela,Williams,hramos@example.net,AU,CHECKING,2026-07-17 01:02:16,CLOSED
CUST009772,Sara,Ray,cfigueroa@example.org,ES,BUSINESS,2023-03-27 06:53:30,ACTIVE
CUST009773,James,Rogers,susangonzalez@example.net,DE,BUSINESS,2023-12-17 22:22:12,ACTIVE
CUST009774,Terri,Carr,imcconnell@example.org,JP,SAVINGS,2024-04-02 10:06:34,ACTIVE
CUST009775,Brandon,Hernandez,claudialowe@example.com,JP,CHECKING,2024-04-22 03:56:05,ACTIVE
CUST009776,Kyle,Nelson,cnorton@example.net,BE,BUSINESS,2024-02-22 16:47:56,ACTIVE
CUST009777,Matthew,Oconnor,david83@example.com,NL,BUSINESS,2026-01-12 18:01:44,SUSPENDED
CUST009778,Katherine,Smith,willisjames@example.org,DE,CHECKING,2025-05-19 22:33:16,ACTIVE
CUST009779,Carmen,Mitchell,alvarezmichael@example.com,US,BUSINESS,2022-10-02 01:27:42,ACTIVE
CUST009780,Lisa,Conley,carolinejones@example.org,IT,CHECKING,2024-08-20 22:25:44,ACTIVE
CUST009781,Marc,Sexton,santanakatherine@example.org,GB,SAVINGS,2022-01-30 06:09:04,ACTIVE
CUST009782,Amy,Barker,unielsen@example.com,FR,CHECKING,2025-02-18 02:23:12,ACTIVE
CUST009783,Brent,Thompson,mbrown@example.org,CA,CHECKING,2022-10-13 10:42:21,CLOSED
CUST009784,Nicole,Wilson,nancy83@example.net,ES,SAVINGS,2025-02-01 04:58:05,ACTIVE
CUST009785,Jared,Gonzalez,williamcooper@example.net,FR,CHECKING,2025-04-19 18:54:27,ACTIVE
CUST009786,Steven,Nelson,gjohnson@example.net,IT,CHECKING,2026-03-01 20:53:33,CLOSED
CUST009787,Abigail,Allen,jillparks@example.org,SG,BUSINESS,2025-05-19 17:05:18,SUSPENDED
CUST009788,Jessica,Stewart,czuniga@example.net,DE,SAVINGS,2024-02-23 10:47:41,ACTIVE
CUST009789,Jennifer,Marshall,fergusonwilliam@example.org,ES,CHECKING,2024-12-18 13:26:21,ACTIVE
CUST009790,Emily,May,charles31@example.net,CA,BUSINESS,2022-09-07 19:12:15,ACTIVE
CUST009791,Norma,Hill,mwest@example.org,FR,SAVINGS,2025-06-13 10:16:39,SUSPENDED
CUST009792,Johnny,Mcbride,isingh@example.com,GB,SAVINGS,2024-03-03 14:52:53,ACTIVE
CUST009793,Paul,Jones,wdunn@example.org,IN,BUSINESS,2023-02-10 05:10:52,ACTIVE
CUST009794,Shannon,Atkinson,christine76@example.com,NL,SAVINGS,2024-05-15 10:27:17,ACTIVE
CUST009795,Stephanie,Mcclain,jeffreygreene@example.com,PK,SAVINGS,2022-11-18 22:20:07,ACTIVE
CUST009796,Timothy,Carter,mitchelldanielle@example.net,PK,CHECKING,2024-09-26 16:01:01,SUSPENDED
CUST009797,Robert,Anderson,ravenpatel@example.net,GB,CHECKING,2023-08-30 17:03:16,ACTIVE
CUST009798,Daniel,Jimenez,johnsonshaun@example.net,GB,CHECKING,2024-04-04 14:25:57,ACTIVE
CUST009799,Darlene,Parrish,david95@example.org,AU,CHECKING,2023-04-25 04:21:31,ACTIVE
CUST009800,Brian,Evans,dylan90@example.net,IT,CHECKING,2021-09-19 10:12:26,ACTIVE
CUST009801,James,Mendez,daniellehuber@example.com,US,BUSINESS,2021-12-09 10:06:00,ACTIVE
CUST009802,Melissa,Gonzalez,margaretmoore@example.org,SG,SAVINGS,2021-09-01 05:59:41,SUSPENDED
CUST009803,Shelby,Harris,wwagner@example.org,IN,CHECKING,2025-11-16 12:41:55,ACTIVE
CUST009804,Carl,May,dylan94@example.net,IT,SAVINGS,2025-01-27 17:01:30,CLOSED
CUST009805,Craig,Mccoy,debbie79@example.net,GB,CHECKING,2022-09-11 01:09:12,SUSPENDED
CUST009806,Megan,Martin,kimberlywilson@example.com,GB,BUSINESS,2021-11-23 14:32:23,ACTIVE
CUST009807,Margaret,Williams,erikacraig@example.com,ES,SAVINGS,2023-09-11 20:10:12,ACTIVE
CUST009808,Patricia,Miller,carterandrew@example.org,SG,BUSINESS,2022-06-14 06:46:18,ACTIVE
CUST009809,Michael,Holder,mortonbrian@example.com,IN,SAVINGS,2025-02-27 21:58:52,ACTIVE
CUST009810,Charles,Mcclain,jacksonhannah@example.net,GB,SAVINGS,2023-10-10 20:24:51,ACTIVE
CUST009811,John,Robinson,jonathan23@example.net,CA,SAVINGS,2022-05-17 10:15:36,SUSPENDED
CUST009812,Julie,Becker,frostgregory@example.org,SG,SAVINGS,2023-12-25 14:08:25,ACTIVE
CUST009813,Stephanie,Alvarez,denise57@example.org,PK,BUSINESS,2025-09-17 19:03:07,SUSPENDED
CUST009814,Roger,Jones,nicole63@example.com,ES,CHECKING,2022-02-12 09:48:47,ACTIVE
CUST009815,Erika,Brown,christopherjohnson@example.net,DE,BUSINESS,2022-09-03 03:32:18,SUSPENDED
CUST009816,David,Baker,zavalajulie@example.com,PK,SAVINGS,2024-01-22 02:08:22,CLOSED
CUST009817,Marc,Dodson,adamvega@example.com,US,BUSINESS,2022-03-13 07:24:17,ACTIVE
CUST009818,Heather,Buchanan,michael61@example.net,AE,BUSINESS,2024-04-06 02:18:14,ACTIVE
CUST009819,Lisa,Cook,jsmith@example.org,US,SAVINGS,2025-12-31 21:53:53,ACTIVE
CUST009820,Elizabeth,Franklin,lindawhite@example.org,JP,CHECKING,2023-02-03 02:59:36,CLOSED
CUST009821,Karen,Franco,cproctor@example.org,FR,BUSINESS,2026-05-04 04:14:09,ACTIVE
CUST009822,Ashley,Wood,valerie51@example.com,BE,CHECKING,2022-02-27 21:51:50,ACTIVE
CUST009823,David,Patrick,vincent12@example.org,GB,CHECKING,2024-10-28 13:51:38,CLOSED
CUST009824,Neil,Wolf,wendy48@example.net,NL,BUSINESS,2023-10-10 06:58:38,CLOSED
CUST009825,Michelle,Golden,amartinez@example.org,US,SAVINGS,2025-02-01 10:18:11,ACTIVE
CUST009826,Christopher,Peters,parkersherri@example.org,ES,CHECKING,2022-07-13 07:47:35,ACTIVE
CUST009827,Jacqueline,White,guerreropaul@example.org,IN,SAVINGS,2021-09-08 12:47:29,ACTIVE
CUST009828,Ronald,Wilson,jessicawaters@example.com,NL,CHECKING,2025-08-29 18:03:06,ACTIVE
CUST009829,Joseph,Barnes,bgonzales@example.org,SG,SAVINGS,2024-01-25 09:17:51,SUSPENDED
CUST009830,Ashley,Lee,ulindsey@example.net,CA,CHECKING,2023-06-24 21:08:51,ACTIVE
CUST009831,Heather,Torres,michaelalexander@example.net,ES,CHECKING,2021-11-25 04:44:58,ACTIVE
CUST009832,Amber,Gonzales,cmiller@example.org,AE,BUSINESS,2024-05-14 22:57:27,SUSPENDED
CUST009833,Matthew,Carter,jking@example.org,IN,SAVINGS,2023-11-16 20:00:10,CLOSED
CUST009834,Kimberly,Matthews,danielferguson@example.net,SG,SAVINGS,2022-07-04 06:50:19,ACTIVE
CUST009835,Mark,Patel,nsmith@example.org,BE,SAVINGS,2023-01-03 01:42:18,CLOSED
CUST009836,Paul,King,georgeryan@example.org,AE,CHECKING,2024-01-21 02:20:54,ACTIVE
CUST009837,William,King,shaffermichael@example.org,GB,BUSINESS,2025-06-25 02:26:50,ACTIVE
CUST009838,Katie,Fernandez,jonesalejandra@example.net,AE,SAVINGS,2025-06-07 01:45:53,ACTIVE
CUST009839,John,Harris,justinwoods@example.com,AE,CHECKING,2023-01-12 01:46:11,ACTIVE
CUST009840,Matthew,Fry,osaunders@example.net,JP,BUSINESS,2022-03-01 02:24:18,CLOSED
CUST009841,James,Fischer,hstrickland@example.org,US,CHECKING,2026-03-28 12:23:02,CLOSED
CUST009842,Kim,Hicks,benjamin34@example.org,CA,CHECKING,2022-05-10 02:55:35,CLOSED
CUST009843,Ashley,Pruitt,courtney34@example.com,ES,SAVINGS,2026-01-13 14:51:07,ACTIVE
CUST009844,Natasha,Graham,jmorgan@example.net,FR,BUSINESS,2025-09-05 08:48:44,SUSPENDED
CUST009845,Bruce,Riggs,sandra27@example.org,IT,SAVINGS,2024-10-11 01:11:48,ACTIVE
CUST009846,Nicholas,Gibson,austinhodge@example.org,BE,BUSINESS,2024-05-19 05:25:37,CLOSED
CUST009847,Heather,Perry,spencerryan@example.org,AE,SAVINGS,2024-04-25 09:38:12,CLOSED
CUST009848,Robin,Goodwin,meaganthompson@example.org,IN,BUSINESS,2026-03-28 09:55:03,ACTIVE
CUST009849,Taylor,Gutierrez,martinkristen@example.com,SG,CHECKING,2023-10-18 06:55:44,CLOSED
CUST009850,Jessica,Snow,jeffrey09@example.org,CA,SAVINGS,2022-12-03 14:53:39,CLOSED
CUST009851,Jacqueline,Hardy,ylee@example.com,AE,SAVINGS,2023-03-03 10:23:17,CLOSED
CUST009852,Brett,Church,tylergreen@example.com,FR,SAVINGS,2025-07-06 18:32:22,SUSPENDED
CUST009853,Sarah,Bryan,xruiz@example.org,NL,CHECKING,2025-07-04 11:21:17,ACTIVE
CUST009854,Calvin,Thomas,patriciakelly@example.com,IN,CHECKING,2024-08-08 10:07:05,ACTIVE
CUST009855,Emily,Diaz,cbautista@example.com,FR,CHECKING,2026-01-08 02:27:03,ACTIVE
CUST009856,David,Martin,johnsonmichael@example.com,ES,SAVINGS,2024-05-04 21:28:55,ACTIVE
CUST009857,Michael,Sanchez,andrew43@example.net,IT,BUSINESS,2023-05-21 03:42:39,ACTIVE
CUST009858,Alyssa,Moore,ehodge@example.net,DE,BUSINESS,2024-09-21 11:17:17,ACTIVE
CUST009859,Catherine,Lewis,christine24@example.org,IT,CHECKING,2023-04-23 05:05:16,ACTIVE
CUST009860,Angelica,King,johnhernandez@example.net,SG,SAVINGS,2021-10-03 13:41:31,ACTIVE
CUST009861,Collin,Ruiz,sanderstommy@example.org,NL,BUSINESS,2022-09-09 02:34:31,CLOSED
CUST009862,Amy,Boyd,amysilva@example.net,GB,CHECKING,2024-07-27 20:29:00,ACTIVE
CUST009863,Kayla,Lee,shelly71@example.org,US,CHECKING,2026-05-27 05:41:39,ACTIVE
CUST009864,Justin,Lamb,karen58@example.net,SG,BUSINESS,2025-08-05 19:33:44,CLOSED
CUST009865,Krista,King,bradleylisa@example.net,GB,CHECKING,2025-07-28 20:53:14,ACTIVE
CUST009866,Jeffrey,Hall,markbradley@example.com,IT,CHECKING,2022-02-02 14:20:25,ACTIVE
CUST009867,Christina,Maynard,maureentorres@example.org,SG,CHECKING,2024-09-28 23:59:19,ACTIVE
CUST009868,Tammy,Goodman,sherrytran@example.net,AU,SAVINGS,2026-04-11 15:43:51,CLOSED
CUST009869,Jimmy,Rasmussen,seanboyd@example.org,IN,BUSINESS,2023-08-09 07:20:07,CLOSED
CUST009870,Mark,Warren,marissa82@example.net,AU,CHECKING,2026-08-19 14:33:29,ACTIVE
CUST009871,Sarah,Guzman,ashley81@example.com,DE,SAVINGS,2026-01-19 04:31:08,ACTIVE
CUST009872,Amanda,Morris,carl56@example.com,FR,CHECKING,2023-12-25 07:41:51,ACTIVE
CUST009873,Richard,Anderson,stevenwilliams@example.com,PK,SAVINGS,2023-09-09 01:50:44,ACTIVE
CUST009874,Peter,Ford,linda70@example.com,IT,CHECKING,2022-11-05 02:00:37,SUSPENDED
CUST009875,Alyssa,Sims,sara89@example.org,SG,CHECKING,2022-11-06 05:46:38,CLOSED
CUST009876,Christine,Berger,scott33@example.net,IN,SAVINGS,2025-07-10 02:39:09,CLOSED
CUST009877,Tracy,Morrison,williamspears@example.com,GB,CHECKING,2021-12-30 00:59:21,ACTIVE
CUST009878,Daniel,Larsen,veronicajordan@example.org,PK,BUSINESS,2023-12-13 10:24:58,SUSPENDED
CUST009879,Brittany,Willis,mclaughlinbrooke@example.com,PK,CHECKING,2021-10-30 18:52:58,ACTIVE
CUST009880,Kristi,Gibson,brobinson@example.net,JP,BUSINESS,2022-02-03 15:30:49,CLOSED
CUST009881,Jessica,Freeman,spencestephanie@example.org,AE,CHECKING,2023-03-14 02:57:49,CLOSED
CUST009882,Rebecca,Richardson,charles90@example.org,NL,CHECKING,2022-11-30 06:24:54,CLOSED
CUST009883,David,Jones,makaylahunter@example.com,JP,SAVINGS,2022-03-24 18:45:05,SUSPENDED
CUST009884,Angela,Hamilton,gilmorealexis@example.com,IN,BUSINESS,2022-04-30 10:28:42,ACTIVE
CUST009885,Hannah,Perkins,qmoore@example.org,IN,SAVINGS,2025-02-22 11:39:04,ACTIVE
CUST009886,Angela,Harmon,michael36@example.net,JP,CHECKING,2025-12-22 12:53:28,ACTIVE
CUST009887,Tiffany,Jones,bonillamichael@example.net,IT,SAVINGS,2024-04-11 21:45:44,ACTIVE
CUST009888,Albert,Walker,kskinner@example.org,IT,SAVINGS,2023-06-15 14:39:12,CLOSED
CUST009889,Bob,Fernandez,ruizcindy@example.org,ES,BUSINESS,2023-12-13 05:03:10,ACTIVE
CUST009890,Michael,Howard,brittanyjohnson@example.com,FR,SAVINGS,2023-01-30 23:07:13,ACTIVE
CUST009891,Paul,Greer,megan39@example.com,CA,BUSINESS,2022-10-09 01:23:47,SUSPENDED
CUST009892,Logan,Berry,alexanderandrea@example.org,CA,BUSINESS,2023-03-14 18:36:37,ACTIVE
CUST009893,Timothy,Stewart,shaunolson@example.net,US,CHECKING,2023-01-08 14:58:47,SUSPENDED
CUST009894,Jessica,Bartlett,rachelbender@example.com,AU,CHECKING,2022-08-07 08:19:05,ACTIVE
CUST009895,Sarah,Mcdonald,mhart@example.net,US,CHECKING,2023-04-06 04:07:25,SUSPENDED
CUST009896,Matthew,Garcia,bhunter@example.com,DE,SAVINGS,2022-12-15 00:02:57,ACTIVE
CUST009897,Kenneth,Jarvis,lopezshawn@example.net,CA,BUSINESS,2026-03-15 05:53:26,CLOSED
CUST009898,Jason,Collins,pottersavannah@example.org,DE,BUSINESS,2024-07-10 21:18:51,SUSPENDED
CUST009899,Thomas,Conner,collinsjose@example.org,IN,CHECKING,2022-03-01 07:50:46,ACTIVE
CUST009900,Mark,Silva,tmunoz@example.org,PK,CHECKING,2022-05-09 16:21:48,CLOSED
CUST009901,Nicole,Jackson,npage@example.org,PK,BUSINESS,2022-08-02 20:55:52,SUSPENDED
CUST009902,Alexander,Owens,cbell@example.com,NL,SAVINGS,2024-10-16 10:20:28,SUSPENDED
CUST009903,Kathryn,Young,destinydelacruz@example.org,AE,CHECKING,2025-04-02 08:09:06,CLOSED
CUST009904,Amanda,Sullivan,denise32@example.org,IT,SAVINGS,2024-03-24 15:20:06,ACTIVE
CUST009905,Derek,Johnson,erik47@example.org,IN,CHECKING,2023-11-16 06:16:51,ACTIVE
CUST009906,Eric,Hurley,walter50@example.org,US,SAVINGS,2023-05-12 11:29:34,CLOSED
CUST009907,Richard,Taylor,andrew93@example.org,IN,CHECKING,2022-02-07 10:12:38,ACTIVE
CUST009908,Meghan,Rice,emorris@example.net,ES,SAVINGS,2023-07-29 05:05:34,CLOSED
CUST009909,Ernest,Obrien,donna43@example.org,FR,BUSINESS,2021-10-25 09:53:26,CLOSED
CUST009910,David,Wilson,anthonyburns@example.net,BE,SAVINGS,2024-07-21 14:31:40,SUSPENDED
CUST009911,Samantha,Lewis,trevor78@example.com,IN,BUSINESS,2022-10-22 00:42:12,ACTIVE
CUST009912,Alexander,Yang,stephenray@example.net,FR,CHECKING,2023-04-13 18:57:48,ACTIVE
CUST009913,John,Lewis,april74@example.org,JP,SAVINGS,2025-01-25 17:18:03,ACTIVE
CUST009914,Wesley,Smith,gbell@example.com,AE,CHECKING,2025-09-18 01:37:40,ACTIVE
CUST009915,Michael,Hayes,antonio16@example.net,PK,SAVINGS,2026-01-11 21:56:51,ACTIVE
CUST009916,David,Ellis,upatterson@example.org,ES,CHECKING,2025-03-13 23:28:01,SUSPENDED
CUST009917,Ann,Wilson,smithashlee@example.net,AU,CHECKING,2022-09-08 13:13:57,SUSPENDED
CUST009918,Jacqueline,Murray,lambertscott@example.com,AU,BUSINESS,2024-06-22 17:57:55,SUSPENDED
CUST009919,Kenneth,Farley,hansenangela@example.com,CA,SAVINGS,2021-09-27 20:42:58,SUSPENDED
CUST009920,James,Henry,rangelashley@example.org,NL,SAVINGS,2024-04-05 10:24:56,SUSPENDED
CUST009921,Michelle,Peters,meyerkenneth@example.org,FR,SAVINGS,2026-08-20 14:25:40,SUSPENDED
CUST009922,Kayla,Smith,robert08@example.com,JP,BUSINESS,2023-08-16 02:03:54,ACTIVE
CUST009923,Melissa,Torres,garydiaz@example.com,DE,SAVINGS,2023-08-11 23:58:04,CLOSED
CUST009924,Kristina,Phillips,tinakeith@example.com,SG,CHECKING,2025-03-24 11:07:56,ACTIVE
CUST009925,Melissa,Thomas,david38@example.org,AU,SAVINGS,2024-07-25 23:03:17,ACTIVE
CUST009926,Katie,Kennedy,janeclarke@example.net,DE,SAVINGS,2024-09-05 10:44:51,ACTIVE
CUST009927,Susan,Aguirre,lawrence83@example.com,SG,CHECKING,2021-11-30 12:16:47,SUSPENDED
CUST009928,Ryan,Cooper,charles90@example.com,PK,SAVINGS,2023-12-25 04:52:56,ACTIVE
CUST009929,Monica,Wright,scarroll@example.org,GB,CHECKING,2023-03-25 14:54:06,ACTIVE
CUST009930,Patricia,Maddox,davidthomas@example.net,US,CHECKING,2025-07-02 07:59:40,ACTIVE
CUST009931,Patricia,Smith,ericbriggs@example.net,IT,SAVINGS,2022-10-28 05:05:03,ACTIVE
CUST009932,Alicia,Beltran,rpope@example.org,IN,BUSINESS,2025-05-04 07:45:58,CLOSED
CUST009933,Anthony,Reid,brucebradford@example.org,AE,SAVINGS,2021-11-28 05:16:16,ACTIVE
CUST009934,Karen,Warren,kochlisa@example.com,NL,CHECKING,2026-08-11 21:01:28,ACTIVE
CUST009935,Renee,Vazquez,dmcdaniel@example.com,AU,BUSINESS,2023-04-01 23:05:50,ACTIVE
CUST009936,Patricia,Allen,olee@example.com,AU,CHECKING,2025-08-26 08:31:37,ACTIVE
CUST009937,Jamie,Powell,dustin78@example.com,CA,SAVINGS,2025-08-28 18:33:23,CLOSED
CUST009938,Ethan,Jackson,lijoseph@example.net,DE,CHECKING,2023-07-20 16:57:57,ACTIVE
CUST009939,Randy,Davis,stephanie23@example.net,FR,SAVINGS,2022-02-06 04:26:31,ACTIVE
CUST009940,Katherine,Banks,fmorrison@example.net,SG,SAVINGS,2022-05-09 04:31:09,CLOSED
CUST009941,Alexandra,Berry,blankenshipkevin@example.com,AE,CHECKING,2022-10-06 06:23:37,ACTIVE
CUST009942,Jennifer,Barton,tylersmith@example.org,BE,CHECKING,2023-10-15 09:55:40,ACTIVE
CUST009943,Sarah,Rangel,jessicarobinson@example.com,ES,CHECKING,2023-01-04 23:45:19,ACTIVE
CUST009944,Anna,Mitchell,jonesnicole@example.org,PK,CHECKING,2025-10-28 04:27:53,SUSPENDED
CUST009945,Thomas,Williams,ericajones@example.org,US,BUSINESS,2025-04-14 06:11:43,ACTIVE
CUST009946,Diana,Perkins,ryanmurphy@example.org,AE,BUSINESS,2025-04-02 01:04:37,CLOSED
CUST009947,Allison,Harper,brittanywalker@example.net,GB,BUSINESS,2021-11-26 19:16:13,ACTIVE
CUST009948,Charles,Mcintyre,susan40@example.com,GB,BUSINESS,2025-10-09 23:08:42,ACTIVE
CUST009949,Karen,Mitchell,oharrell@example.net,IT,BUSINESS,2022-05-19 03:42:14,CLOSED
CUST009950,Heather,Crawford,ecabrera@example.com,IN,SAVINGS,2021-11-02 16:48:41,ACTIVE
CUST009951,Laura,Townsend,johnfox@example.org,NL,BUSINESS,2023-08-24 16:31:41,ACTIVE
CUST009952,Pamela,Wright,jamesschwartz@example.com,DE,CHECKING,2025-01-23 05:53:22,ACTIVE
CUST009953,Edward,Schaefer,warnersteven@example.com,FR,CHECKING,2025-02-07 18:26:20,ACTIVE
CUST009954,Loretta,Morrison,gilmorejennifer@example.net,PK,SAVINGS,2024-07-15 12:20:16,SUSPENDED
CUST009955,Glen,Warner,bentleyryan@example.com,NL,CHECKING,2023-07-15 06:51:05,SUSPENDED
CUST009956,Carolyn,Reilly,biancadavid@example.net,CA,BUSINESS,2025-11-01 01:22:23,SUSPENDED
CUST009957,Julian,Anderson,jessicarichards@example.net,IN,CHECKING,2023-05-11 15:57:51,ACTIVE
CUST009958,Lauren,Thomas,robertmcdowell@example.com,US,CHECKING,2023-10-25 17:11:53,CLOSED
CUST009959,Kevin,Clark,daniel05@example.com,BE,SAVINGS,2024-07-08 09:16:36,ACTIVE
CUST009960,Diana,Friedman,msmith@example.org,ES,BUSINESS,2025-07-04 08:35:24,ACTIVE
CUST009961,Tracy,Liu,uhinton@example.net,PK,SAVINGS,2025-05-04 20:21:31,SUSPENDED
CUST009962,Richard,Medina,clarkejames@example.com,BE,CHECKING,2025-07-22 08:03:43,ACTIVE
CUST009963,Marilyn,Johnson,ellisandrew@example.com,IT,BUSINESS,2024-05-27 04:23:25,ACTIVE
CUST009964,Meghan,Jackson,thomas23@example.org,AE,BUSINESS,2023-11-15 17:18:42,SUSPENDED
CUST009965,Olivia,Becker,brandonsmith@example.com,CA,CHECKING,2025-01-02 05:48:15,ACTIVE
CUST009966,Michael,Freeman,wrosario@example.com,BE,SAVINGS,2024-08-13 22:36:53,ACTIVE
CUST009967,Alexa,Vazquez,jeremy44@example.com,GB,BUSINESS,2025-05-29 04:52:37,ACTIVE
CUST009968,Mary,James,jessemccarthy@example.net,AE,BUSINESS,2024-12-02 23:48:50,CLOSED
CUST009969,Ricky,Wright,awilson@example.com,US,CHECKING,2024-08-27 16:58:24,ACTIVE
CUST009970,Traci,Snyder,uolson@example.net,SG,SAVINGS,2023-10-19 05:26:17,ACTIVE
CUST009971,Brian,Harvey,fostersherry@example.net,ES,SAVINGS,2023-01-25 04:26:13,ACTIVE
CUST009972,Michael,Miller,millerdonna@example.com,GB,BUSINESS,2024-07-27 07:04:44,ACTIVE
CUST009973,Tara,Pham,christinataylor@example.net,AE,SAVINGS,2026-05-16 05:29:27,SUSPENDED
CUST009974,David,Lopez,jonathandunn@example.net,AE,SAVINGS,2023-11-30 15:20:11,SUSPENDED
CUST009975,Ryan,Harrison,rachelhawkins@example.net,ES,CHECKING,2024-07-15 18:50:51,ACTIVE
CUST009976,Kristin,Brown,qcastro@example.org,DE,SAVINGS,2024-12-04 12:45:34,ACTIVE
CUST009977,James,Lowe,bakerchristopher@example.com,FR,SAVINGS,2021-12-09 05:57:21,ACTIVE
CUST009978,James,Franco,uwarren@example.org,FR,BUSINESS,2024-03-13 19:41:51,SUSPENDED
CUST009979,Lisa,Thompson,jonesbonnie@example.com,DE,SAVINGS,2025-11-06 06:58:34,SUSPENDED
CUST009980,Stacy,Hall,lstephens@example.net,AE,SAVINGS,2023-08-27 03:13:16,SUSPENDED
CUST009981,Shawn,Hammond,sara76@example.org,CA,BUSINESS,2022-08-19 15:01:19,ACTIVE
CUST009982,Matthew,Schmidt,breanna73@example.net,US,BUSINESS,2024-03-25 04:46:58,ACTIVE
CUST009983,Alec,Stone,claytonmichael@example.org,IT,CHECKING,2022-06-04 10:19:46,SUSPENDED
CUST009984,Gary,Smith,ahenderson@example.com,BE,SAVINGS,2026-02-04 21:34:37,ACTIVE
CUST009985,Nicholas,French,yhodges@example.com,CA,CHECKING,2024-08-27 06:25:01,ACTIVE
CUST009986,James,Black,hperez@example.org,PK,SAVINGS,2025-05-20 06:43:07,ACTIVE
CUST009987,Mackenzie,Wilcox,mross@example.org,IN,CHECKING,2021-12-27 17:51:25,ACTIVE
CUST009988,Terry,Ellis,john96@example.com,CA,SAVINGS,2022-04-28 11:20:53,SUSPENDED
CUST009989,Joseph,Parker,timothyfarmer@example.com,JP,CHECKING,2026-06-27 16:28:52,SUSPENDED
CUST009990,Amanda,Smith,dmolina@example.net,FR,CHECKING,2023-04-30 07:49:28,CLOSED
CUST009991,Mark,Barrera,moorestephanie@example.net,ES,SAVINGS,2025-07-05 05:16:32,ACTIVE
CUST009992,Vanessa,Howard,sarah67@example.net,AE,SAVINGS,2022-02-16 09:43:14,CLOSED
CUST009993,Alex,Wells,gwilliams@example.org,GB,CHECKING,2026-01-23 09:14:48,SUSPENDED
CUST009994,Andrew,Hoffman,leecory@example.org,ES,BUSINESS,2024-12-25 00:30:19,CLOSED
CUST009995,James,Barnes,davisalyssa@example.org,IN,SAVINGS,2022-07-12 11:08:47,ACTIVE
CUST009996,Nathan,Cooper,michellecole@example.net,US,SAVINGS,2021-11-01 12:52:09,SUSPENDED
CUST009997,Brandon,Acosta,gorozco@example.net,NL,CHECKING,2025-02-12 14:19:52,ACTIVE
CUST009998,James,Grant,christopher62@example.net,US,BUSINESS,2024-04-20 05:40:16,SUSPENDED
CUST009999,Lisa,Patrick,jose46@example.net,JP,CHECKING,2021-11-23 12:12:38,ACTIVE
CUST010000,Jennifer,Simpson,johnbates@example.org,US,CHECKING,2026-04-06 12:24:22,ACTIVE
CUST006253,Jennifer,Ballard,robertjones@example.net,IN,CHECKING,2024-02-02 23:49:17,CLOSED
CUST004685,Beth,Blake,xkirk@example.org,NL,CHECKING,2021-11-26 13:25:39,ACTIVE
CUST001732,Krista,Rosario,baldwincatherine@example.net,CA,BUSINESS,2021-11-07 03:57:51,CLOSED
CUST004743,Kelly,Ramirez,bparker@example.com,NL,CHECKING,2025-08-03 06:30:17,CLOSED
CUST004522,Crystal,Ramirez,yfrey@example.org,FR,BUSINESS,2021-11-05 13:50:38,SUSPENDED
CUST006341,Howard,Russell,hnavarro@example.com,NL,BUSINESS,2022-03-30 22:58:12,SUSPENDED
CUST000577,Andre,Nunez,maychristine@example.net,BE,SAVINGS,2026-08-18 21:21:42,ACTIVE
CUST005203,Jordan,Singh,johnsonwesley@example.org,NL,SAVINGS,2023-10-14 06:44:14,ACTIVE
CUST006364,Crystal,Maynard,imartinez@example.net,BE,BUSINESS,2025-03-31 04:13:16,SUSPENDED
CUST000440,Robert,Day,crystalpham@example.org,US,SAVINGS,2024-11-25 20:23:14,ACTIVE
